{
  "type": "FeatureCollection",
  "features": [
    {
      "type": "Feature",
      "properties": {
        "class": "parcel",
        "raw_confidence": 0.2981,
        "source_tile_id": "tile_0007"
      },
      "geometry": {
        "type": "Polygon",
        "coordinates": [
          [
            [
              85.31261814453966,
              23.344339877669036
            ],
            [
              85.31260809847998,
              23.3443789019262
            ],
            [
              85.31260202976995,
              23.344418738928102
            ],
            [
              85.3126,
              23.344458984375
            ],
            [
              85.3126,
              23.34525
            ],
            [
              85.31260193979864,
              23.345289345598133
            ],
            [
              85.31260774038047,
              23.34532830958358
            ],
            [
              85.31261734548566,
              23.345366514044905
            ],
            [
              85.3126306619544,
              23.3454035884373
            ],
            [
              85.31264756063032,
              23.34543917317649
            ],
            [
              85.31266787761331,
              23.34547292312633
            ],
            [
              85.31269141584905,
              23.34550451094628
            ],
            [
              85.31271794704037,
              23.3455336302663
            ],
            [
              85.31274721386143,
              23.345559998658292
            ],
            [
              85.31277893245353,
              23.345583360375407
            ],
            [
              85.31281279517825,
              23.345603488832513
            ],
            [
              85.31284847360126,
              23.345620188803835
            ],
            [
              85.3128856216778,
              23.345633298316468
            ],
            [
              85.31292387910888,
              23.34564269022134
            ],
            [
              85.31296287483599,
              23.345648273426427
            ],
            [
              85.3130022306398,
              23.34564999378026
            ],
            [
              85.31304156480866,
              23.34564783459714
            ],
            [
              85.31375305721015,
              23.34557349957012
            ],
            [
              85.31371813045855,
              23.34558685850565
            ],
            [
              85.31368354119151,
              23.34560407988269
            ],
            [
              85.31365077491638,
              23.345624558272192
            ],
            [
              85.3136201373821,
              23.34564810258605
            ],
            [
              85.31359191447386,
              23.34567449312739
            ],
            [
              85.31356636954548,
              23.345703483640587
            ],
            [
              85.31354374096198,
              23.345734803609144
            ],
            [
              85.31352423987536,
              23.34576816077993
            ],
            [
              85.31350804825433,
              23.345803243890256
            ],
            [
              85.31349531718628,
              23.34583972557234
            ],
            [
              85.31348616546741,
              23.345877265408028
            ],
            [
              85.31348067849433,
              23.34591551310532
            ],
            [
              85.31347890746713,
              23.345954111767014
            ],
            [
              85.31348086891163,
              23.345992701220975
            ],
            [
              85.31348654452518,
              23.346030921381004
            ],
            [
              85.31349588134745,
              23.34606841560685
            ],
            [
              85.31350879225461,
              23.3461048340321
            ],
            [
              85.31352515677231,
              23.346139836828876
            ],
            [
              85.31354482219984,
              23.346173097378806
            ],
            [
              85.31356760503502,
              23.346204305320796
            ],
            [
              85.31359329268646,
              23.34623316944706
            ],
            [
              85.31362164545737,
              23.34625942042044
            ],
            [
              85.31365239878217,
              23.346282813287655
            ],
            [
              85.31368526569516,
              23.346303129765
            ],
            [
              85.31371993950837,
              23.34632018027521
            ],
            [
              85.31375609667327,
              23.346333805716437
            ],
            [
              85.31379339979983,
              23.34634387894685
            ],
            [
              85.31383150080482,
              23.346350305971058
            ],
            [
              85.31387004415987,
              23.346353026817148
            ],
            [
              85.31598527853488,
              23.346399901817147
            ],
            [
              85.31602507073774,
              23.346398802367254
            ],
            [
              85.31606455661102,
              23.34639375320813
            ],
            [
              85.3161033450896,
              23.34638480434628
            ],
            [
              85.3161410520152,
              23.346372044410565
            ],
            [
              85.31617730394123,
              23.34635559977445
            ],
            [
              85.3162117418313,
              23.346335633304403
            ],
            [
              85.31624402461506,
              23.346312342746863
            ],
            [
              85.31627383256621,
              23.3462859587698
            ],
            [
              85.31630087046902,
              23.34625674267817
            ],
            [
              85.31632487054208,
              23.346224983825998
            ],
            [
              85.31634559509043,
              23.346190996750607
            ],
            [
              85.31636283885966,
              23.34615511805749
            ],
            [
              85.3163764310688,
              23.34611770308657
            ],
            [
              85.31638623710157,
              23.34607912239296
            ],
            [
              85.31639215983976,
              23.346039758077012
            ],
            [
              85.31639414062501,
              23.346
            ],
            [
              85.31639414062501,
              23.343005859375
            ],
            [
              85.31639221451567,
              23.342966652518868
            ],
            [
              85.31638645473717,
              23.342927823246196
            ],
            [
              85.3163769167593,
              23.3428897455041
            ],
            [
              85.31636369243802,
              23.342852786002055
            ],
            [
              85.31634690913074,
              23.34281730068027
            ],
            [
              85.31632672846993,
              23.342783631281794
            ],
            [
              85.31630334480636,
              23.342752102061336
            ],
            [
              85.31627698333749,
              23.342723016662525
            ],
            [
              85.31624789793868,
              23.342696655193656
            ],
            [
              85.31621636871822,
              23.34267327153008
            ],
            [
              85.31618269931974,
              23.342653090869263
            ],
            [
              85.31614721399795,
              23.342636307561996
            ],
            [
              85.31611025449591,
              23.34262308324071
            ],
            [
              85.31607217675382,
              23.34261354526284
            ],
            [
              85.31603334748114,
              23.342607785484333
            ],
            [
              85.31599414062501,
              23.342605859375002
            ],
            [
              85.3154609375,
              23.342605859375002
            ],
            [
              85.31542210132027,
              23.342607749150133
            ],
            [
              85.31538363209877,
              23.342613400619282
            ],
            [
              85.3153458933264,
              23.34262276038242
            ],
            [
              85.3153092415921,
              23.3426357400003
            ],
            [
              85.3152740232136,
              23.34265221683014
            ],
            [
              85.31524057096495,
              23.34267203518441
            ],
            [
              85.31520920093227,
              23.342695007801954
            ],
            [
              85.31518020952713,
              23.342720917617363
            ],
            [
              85.3151538706857,
              23.34274951981201
            ],
            [
              85.31513043328043,
              23.342780544127315
            ],
            [
              85.31511011876843,
              23.342813697418382
            ],
            [
              85.315093119099,
              23.342848666423887
            ],
            [
              85.31507959489991,
              23.342885120726038
            ],
            [
              85.31506967395964,
              23.342922715872675
            ],
            [
              85.31488623116775,
              23.343785976069853
            ],
            [
              85.31482399701765,
              23.34334360900302
            ],
            [
              85.31490161918396,
              23.34316618690861
            ],
            [
              85.3149156910779,
              23.34312912025587
            ],
            [
              85.31492602432432,
              23.343090842599683
            ],
            [
              85.31493251740197,
              23.343051730007247
            ],
            [
              85.3149351065182,
              23.34301216674876
            ],
            [
              85.31493376623568,
              23.34297254152211
            ],
            [
              85.31492850972228,
              23.342933243633976
            ],
            [
              85.31491938862179,
              23.34289465917505
            ],
            [
              85.31490649254644,
              23.34285716722678
            ],
            [
              85.31488994819655,
              23.342821136136987
            ],
            [
              85.31486991811569,
              23.342786919900995
            ],
            [
              85.31484659909377,
              23.342754854683683
            ],
            [
              85.31482022023361,
              23.342725255516783
            ],
            [
              85.31479104070009,
              23.34269841320377
            ],
            [
              85.31475934717389,
              23.342674591462814
            ],
            [
              85.314725451035,
              23.34265402433581
            ],
            [
              85.31468968530343,
              23.342636913888995
            ],
            [
              85.31465240136744,
              23.342623428227686
            ],
            [
              85.31461396553118,
              23.342613699844705
            ],
            [
              85.31457475541592,
              23.342607824318684
            ],
            [
              85.31453515625,
              23.342605859375002
            ],
            [
              85.313,
              23.342605859375002
            ],
            [
              85.31296079314387,
              23.342607785484333
            ],
            [
              85.31292196387119,
              23.34261354526284
            ],
            [
              85.3128838861291,
              23.34262308324071
            ],
            [
              85.31284692662706,
              23.342636307561996
            ],
            [
              85.31281144130527,
              23.342653090869263
            ],
            [
              85.3127777719068,
              23.34267327153008
            ],
            [
              85.31274624268633,
              23.342696655193656
            ],
            [
              85.31271715728752,
              23.342723016662525
            ],
            [
              85.31269079581865,
              23.342752102061336
            ],
            [
              85.31266741215508,
              23.342783631281794
            ],
            [
              85.31264723149427,
              23.34281730068027
            ],
            [
              85.312630448187,
              23.342852786002055
            ],
            [
              85.31261722386571,
              23.3428897455041
            ],
            [
              85.31260768588784,
              23.342927823246196
            ],
            [
              85.31260192610934,
              23.342966652518868
            ],
            [
              85.3126,
              23.343005859375
            ],
            [
              85.3126,
              23.344201171875
            ],
            [
              85.31260192610934,
              23.344240378731133
            ],
            [
              85.31260768588784,
              23.344279208003805
            ],
            [
              85.31261722386571,
              23.344317285745902
            ],
            [
              85.31262177695503,
              23.344330010778084
            ],
            [
              85.31261814453966,
              23.344339877669036
            ]
          ],
          [
            [
              85.31500156854797,
              23.34497346189028
            ],
            [
              85.31501446483792,
              23.344934635916285
            ],
            [
              85.31502332777406,
              23.34489469572457
            ],
            [
              85.31502806464061,
              23.344854059132114
            ],
            [
              85.31502862588493,
              23.344813151240995
            ],
            [
              85.31502500563579,
              23.344772399991353
            ],
            [
              85.3149865302832,
              23.344498913025742
            ],
            [
              85.31506081279844,
              23.344800685743845
            ],
            [
              85.31507222042391,
              23.344838765305106
            ],
            [
              85.31508735134825,
              23.344875524549295
            ],
            [
              85.31510605613592,
              23.344910600435938
            ],
            [
              85.31512815005526,
              23.344943646549677
            ],
            [
              85.31515341490301,
              23.344974336521535
            ],
            [
              85.31518160115931,
              23.345002367252192
            ],
            [
              85.31519627582665,
              23.345014312245322
            ],
            [
              85.31499235822255,
              23.344993920484914
            ],
            [
              85.31500156854797,
              23.34497346189028
            ]
          ]
        ]
      }
    },
    {
      "type": "Feature",
      "properties": {
        "class": "parcel",
        "raw_confidence": 0.2675,
        "source_tile_id": "tile_0002"
      },
      "geometry": {
        "type": "Polygon",
        "coordinates": [
          [
            [
              85.31658666712295,
              23.339636307561996
            ],
            [
              85.31654970762091,
              23.33962308324071
            ],
            [
              85.31651162987882,
              23.33961354526284
            ],
            [
              85.31647280060614,
              23.339607785484333
            ],
            [
              85.31643359375,
              23.339605859375002
            ],
            [
              85.31634570312501,
              23.339605859375002
            ],
            [
              85.31631629123741,
              23.339607304288386
            ],
            [
              85.316287109375,
              23.339605859375002
            ],
            [
              85.316,
              23.339605859375002
            ],
            [
              85.31596079314387,
              23.339607785484333
            ],
            [
              85.31592196387119,
              23.33961354526284
            ],
            [
              85.3158838861291,
              23.33962308324071
            ],
            [
              85.31584692662706,
              23.339636307561996
            ],
            [
              85.31581144130527,
              23.339653090869263
            ],
            [
              85.3157777719068,
              23.33967327153008
            ],
            [
              85.31574624268633,
              23.339696655193656
            ],
            [
              85.31571715728752,
              23.339723016662525
            ],
            [
              85.31569079581865,
              23.339752102061336
            ],
            [
              85.31566741215508,
              23.339783631281794
            ],
            [
              85.31564723149427,
              23.33981730068027
            ],
            [
              85.315630448187,
              23.339852786002055
            ],
            [
              85.31561722386571,
              23.3398897455041
            ],
            [
              85.31560768588784,
              23.339927823246196
            ],
            [
              85.31560192610934,
              23.339966652518868
            ],
            [
              85.3156,
              23.340005859375
            ],
            [
              85.3156,
              23.3401640625
            ],
            [
              85.31560193021262,
              23.340203310995204
            ],
            [
              85.31560770222188,
              23.3402421807007
            ],
            [
              85.31561726032174,
              23.34028029648251
            ],
            [
              85.31563051226641,
              23.340317290482826
            ],
            [
              85.31564733016049,
              23.340352805670207
            ],
            [
              85.31566755169345,
              23.340386499285344
            ],
            [
              85.315690981706,
              23.34041804614903
            ],
            [
              85.3157173940736,
              23.34044714180049
            ],
            [
              85.31574653388884,
              23.34047350543576
            ],
            [
              85.3157781199215,
              23.340496882617725
            ],
            [
              85.3158132761715,
              23.340520320117722
            ],
            [
              85.31584724869643,
              23.340540615776074
            ],
            [
              85.3158830604208,
              23.340557455211805
            ],
            [
              85.31592036082702,
              23.340570673604077
            ],
            [
              85.31595878482658,
              23.340580141574065
            ],
            [
              85.3159979563335,
              23.340585766451277
            ],
            [
              85.31603749194535,
              23.3405874931806
            ],
            [
              85.3160770046959,
              23.340585304861175
            ],
            [
              85.3161161078427,
              23.34057922291181
            ],
            [
              85.31613551484766,
              23.340574199764504
            ],
            [
              85.31612805302228,
              23.34059833149496
            ],
            [
              85.31612394516601,
              23.340618599147327
            ],
            [
              85.31611177500001,
              23.340632103815445
            ],
            [
              85.31608819612671,
              23.340664179112448
            ],
            [
              85.3160679223175,
              23.340698439302237
            ],
            [
              85.31605115438295,
              23.340734545040213
            ],
            [
              85.31603805840817,
              23.340772138701766
            ],
            [
              85.31602876410781,
              23.340810847924505
            ],
            [
              85.3160234333787,
              23.34084977926004
            ],
            [
              85.31601879226238,
              23.340850031998915
            ],
            [
              85.31596019851239,
              23.340855891373916
            ],
            [
              85.3159214169476,
              23.34086170132413
            ],
            [
              85.31588339064713,
              23.34087128076885
            ],
            [
              85.31584648508301,
              23.34088453763972
            ],
            [
              85.31581105495583,
              23.340901344524507
            ],
            [
              85.31577744078571,
              23.340921539891696
            ],
            [
              85.31574596563955,
              23.340944929642937
            ],
            [
              85.31571693202604,
              23.34097128897856
            ],
            [
              85.31569061898817,
              23.341000364558123
            ],
            [
              85.31566727942145,
              23.341031876935265
            ],
            [
              85.31564713764318,
              23.34106552324349
            ],
            [
              85.31563038723671,
              23.34110098010702
            ],
            [
              85.3156171891907,
              23.34113790674876
            ],
            [
              85.31560767035205,
              23.341175948265544
            ],
            [
              85.31560192220661,
              23.341214739039092
            ],
            [
              85.3156,
              23.34125390625
            ],
            [
              85.3156,
              23.341869140625
            ],
            [
              85.31560184487046,
              23.341907513699102
            ],
            [
              85.31560736246408,
              23.34194553280645
            ],
            [
              85.31561650188465,
              23.3419828472454
            ],
            [
              85.31562917882694,
              23.342019112814434
            ],
            [
              85.31564527635435,
              23.34205399498716
            ],
            [
              85.31566464597762,
              23.342087171998134
            ],
            [
              85.31568710902454,
              23.342118337810916
            ],
            [
              85.31571245828802,
              23.34214720494107
            ],
            [
              85.31574045993756,
              23.34217350710802
            ],
            [
              85.31577085567605,
              23.34219700169131
            ],
            [
              85.31577153422926,
              23.342197428957036
            ],
            [
              85.31574624268633,
              23.342216186443654
            ],
            [
              85.31571715728752,
              23.342242547912523
            ],
            [
              85.31569079581865,
              23.342271633311334
            ],
            [
              85.31566741215508,
              23.342303162531792
            ],
            [
              85.31564723149427,
              23.342336831930268
            ],
            [
              85.315630448187,
              23.342372317252053
            ],
            [
              85.31561722386571,
              23.342409276754097
            ],
            [
              85.31560768588784,
              23.342447354496194
            ],
            [
              85.31560192610934,
              23.342486183768866
            ],
            [
              85.3156,
              23.342525390625
            ],
            [
              85.3156,
              23.342630859375
            ],
            [
              85.31560130926857,
              23.342658091996917
            ],
            [
              85.31560002605957,
              23.342679027901625
            ],
            [
              85.31560155437319,
              23.34271882275052
            ],
            [
              85.31560356559821,
              23.342733305531564
            ],
            [
              85.3156017394793,
              23.342745939769628
            ],
            [
              85.31560001038378,
              23.342786085295746
            ],
            [
              85.31560231781604,
              23.342826201736205
            ],
            [
              85.31560863849049,
              23.342865884252674
            ],
            [
              85.3156189086215,
              23.342904732385804
            ],
            [
              85.31563302456722,
              23.342942354096497
            ],
            [
              85.3156508438754,
              23.34297836972219
            ],
            [
              85.31567218672109,
              23.343012415808264
            ],
            [
              85.31569683772119,
              23.343044148775867
            ],
            [
              85.31572454810814,
              23.343073248389167
            ],
            [
              85.31575503824028,
              23.34309942098705
            ],
            [
              85.315788000424,
              23.343122402446603
            ],
            [
              85.31580371775075,
              23.343132225775822
            ],
            [
              85.31581024994865,
              23.343148556270563
            ],
            [
              85.31582678674263,
              23.343184604231162
            ],
            [
              85.31584681201866,
              23.34321883739254
            ],
            [
              85.31587012891315,
              23.343250919216832
            ],
            [
              85.31589650820338,
              23.343280534315433
            ],
            [
              85.31592569056097,
              23.34330739154953
            ],
            [
              85.31595738910129,
              23.343331226892193
            ],
            [
              85.3159912922037,
              23.34335180602398
            ],
            [
              85.31602706657507,
              23.343368926636455
            ],
            [
              85.31606436052625,
              23.343382420421054
            ],
            [
              85.31610280742953,
              23.343392154723663
            ],
            [
              85.31614202932273,
              23.34339803384873
            ],
            [
              85.316181640625,
              23.3434
            ],
            [
              85.31638671875,
              23.3434
            ],
            [
              85.3164261682787,
              23.343398049914818
            ],
            [
              85.31646523315769,
              23.34339221867343
            ],
            [
              85.31650353248776,
              23.34338256313292
            ],
            [
              85.31654069283414,
              23.343369177438927
            ],
            [
              85.31654500985822,
              23.34336712112733
            ],
            [
              85.31655128492233,
              23.343370060252944
            ],
            [
              85.31658796890314,
              23.343383065364335
            ],
            [
              85.3166257431584,
              23.34339244369098
            ],
            [
              85.31666425004914,
              23.343398106440787
            ],
            [
              85.316703125,
              23.3434
            ],
            [
              85.31679687500001,
              23.3434
            ],
            [
              85.31680859375,
              23.34339940975622
            ],
            [
              85.3168203125,
              23.3434
            ],
            [
              85.31716015625,
              23.3434
            ],
            [
              85.317177953561,
              23.343399125674175
            ],
            [
              85.3171953125,
              23.3434
            ],
            [
              85.317283203125,
              23.3434
            ],
            [
              85.31732434530832,
              23.34339787852512
            ],
            [
              85.3173650510811,
              23.34339153660376
            ],
            [
              85.31740488866195,
              23.343381041507055
            ],
            [
              85.31744343547876,
              23.343366504560418
            ],
            [
              85.317480282651,
              23.343348079962695
            ],
            [
              85.31751503932693,
              23.343325963150487
            ],
            [
              85.31754733682946,
              23.3433003887251
            ],
            [
              85.3175768325669,
              23.343271627964043
            ],
            [
              85.31760321366691,
              23.343239985943473
            ],
            [
              85.3176262002953,
              23.343205798302147
            ],
            [
              85.31764377842029,
              23.34317650142715
            ],
            [
              85.31766222250076,
              23.343142051373466
            ],
            [
              85.31767721709818,
              23.343105966025316
            ],
            [
              85.3176886191088,
              23.343068589770063
            ],
            [
              85.31769631971535,
              23.343030279315073
            ],
            [
              85.31770024542566,
              23.342991400283427
            ],
            [
              85.31770035877393,
              23.342952323724532
            ],
            [
              85.31769665867844,
              23.342913422572927
            ],
            [
              85.31768918045174,
              23.342875068089118
            ],
            [
              85.31767799546368,
              23.342837626316385
            ],
            [
              85.31766321046035,
              23.34280145458738
            ],
            [
              85.31764496654519,
              23.34276689811385
            ],
            [
              85.3176234378325,
              23.342734286692043
            ],
            [
              85.31759882978558,
              23.34270393155524
            ],
            [
              85.31757137725603,
              23.342676122403436
            ],
            [
              85.31754134224225,
              23.34265112463854
            ],
            [
              85.31750901138906,
              23.342629176831455
            ],
            [
              85.31747469325212,
              23.34261048844524
            ],
            [
              85.31745079293097,
              23.342600357379585
            ],
            [
              85.31742890440955,
              23.342574475832777
            ],
            [
              85.31740029770673,
              23.34254678063854
            ],
            [
              85.31739224384305,
              23.34254040481833
            ],
            [
              85.31742835909823,
              23.34254587682669
            ],
            [
              85.31746664362083,
              23.342549804962506
            ],
            [
              85.317505128445,
              23.342550035682546
            ],
            [
              85.3175434573131,
              23.342546566851016
            ],
            [
              85.31758127541124,
              23.342539430579215
            ],
            [
              85.31761823265377,
              23.342528692928273
            ],
            [
              85.31765398692403,
              23.34251445329763
            ],
            [
              85.3176882072414,
              23.342496843504865
            ],
            [
              85.31772057682522,
              23.342476026565485
            ],
            [
              85.31775079602725,
              23.34245219518383
            ],
            [
              85.3177785851055,
              23.34242556996923
            ],
            [
              85.31780368681387,
              23.34239639739377
            ],
            [
              85.31782586878353,
              23.342364947510713
            ],
            [
              85.31784492567391,
              23.342331511454553
            ],
            [
              85.3178606810736,
              23.34229639874598
            ],
            [
              85.31787298913338,
              23.342259934426615
            ],
            [
              85.3178817359164,
              23.342222456050063
            ],
            [
              85.31788684045289,
              23.342184310557148
            ],
            [
              85.31791027795288,
              23.34190891993215
            ],
            [
              85.31791169641916,
              23.341870773397602
            ],
            [
              85.31790947216346,
              23.341832665356048
            ],
            [
              85.31790362544277,
              23.341794942869363
            ],
            [
              85.31789420950498,
              23.34175794948806
            ],
            [
              85.31788668061866,
              23.341736980060638
            ],
            [
              85.31792841676994,
              23.341788106845968
            ],
            [
              85.31795418180893,
              23.341816736624995
            ],
            [
              85.31798258098505,
              23.341842755623375
            ],
            [
              85.31801335098443,
              23.34186592259597
            ],
            [
              85.3180462065112,
              23.341886022741292
            ],
            [
              85.3180808429327,
              23.341902869693115
            ],
            [
              85.31811693910407,
              23.341916307248454
            ],
            [
              85.31815416034578,
              23.34192621081585
            ],
            [
              85.31819216154678,
              23.341932488570574
            ],
            [
              85.31823059036431,
              23.341935082306012
            ],
            [
              85.31835115275217,
              23.34193740081347
            ],
            [
              85.31833995951924,
              23.341970330740214
            ],
            [
              85.31833863223328,
              23.341976045561836
            ],
            [
              85.31833845953734,
              23.34197628117021
            ],
            [
              85.31831911246739,
              23.342008695755773
            ],
            [
              85.31830290722064,
              23.342042789808794
            ],
            [
              85.31828998812657,
              23.342078259676025
            ],
            [
              85.31828047024699,
              23.342114789450754
            ],
            [
              85.31827443835141,
              23.34215205378637
            ],
            [
              85.31827194616193,
              23.342189720794018
            ],
            [
              85.3182720734777,
              23.342194211867803
            ],
            [
              85.31826588498477,
              23.34220920529333
            ],
            [
              85.31825464567112,
              23.34224623891747
            ],
            [
              85.318247037918,
              23.34228418537423
            ],
            [
              85.31824313294406,
              23.34232268943462
            ],
            [
              85.31824296730498,
              23.34236139064974
            ],
            [
              85.3182465425514,
              23.34239992672506
            ],
            [
              85.31825382521427,
              23.34243793691198
            ],
            [
              85.31826474711822,
              23.342475065384907
            ],
            [
              85.31827920601982,
              23.34251096457226
            ],
            [
              85.31829706656464,
              23.34254529841019
            ],
            [
              85.31837909781463,
              23.34268592341019
            ],
            [
              85.3184004059522,
              23.34271866571823
            ],
            [
              85.31842480637336,
              23.342749173338753
            ],
            [
              85.3184520663445,
              23.342777155287134
            ],
            [
              85.31848192585743,
              23.34280234466884
            ],
            [
              85.3185141001092,
              23.342824501225117
            ],
            [
              85.31854828221867,
              23.342843413624585
            ],
            [
              85.31858414615361,
              23.34285890147896
            ],
            [
              85.31862134984034,
              23.34287081706358
            ],
            [
              85.31865953842647,
              23.342879046726452
            ],
            [
              85.31869834766562,
              23.342883511972257
            ],
            [
              85.31873740739148,
              23.342884170211047
            ],
            [
              85.31877634504862,
              23.342881015164476
            ],
            [
              85.31904587629863,
              23.342845858914476
            ],
            [
              85.31908368550715,
              23.342839067071893
            ],
            [
              85.31912066885141,
              23.342828679693874
            ],
            [
              85.3191564852374,
              23.342814792582253
            ],
            [
              85.31919080433387,
              23.342797533816594
            ],
            [
              85.31922330961893,
              23.342777062572917
            ],
            [
              85.31925370129932,
              23.342753567655627
            ],
            [
              85.31928169907532,
              23.342727265756203
            ],
            [
              85.31930704472602,
              23.342698399454655
            ],
            [
              85.3193295044908,
              23.342667234982244
            ],
            [
              85.3193488712253,
              23.342634059766056
            ],
            [
              85.31936496631191,
              23.342599179778066
            ],
            [
              85.31937764130709,
              23.342562916713227
            ],
            [
              85.31938677931055,
              23.342525605022466
            ],
            [
              85.31939229604329,
              23.342487588828096
            ],
            [
              85.31939414062501,
              23.34244921875
            ],
            [
              85.31939414062501,
              23.341974609375
            ],
            [
              85.31939213588848,
              23.341934612246952
            ],
            [
              85.31938614177375,
              23.34189501603742
            ],
            [
              85.31937621836391,
              23.341856217646246
            ],
            [
              85.31936246512807,
              23.341818605976183
            ],
            [
              85.31934501992431,
              23.34178255803468
            ],
            [
              85.31932983449575,
              23.34175783887727
            ],
            [
              85.31934544438987,
              23.341732289420378
            ],
            [
              85.3193627409441,
              23.341696366211625
            ],
            [
              85.31937637534425,
              23.341658899548463
            ],
            [
              85.31938621212846,
              23.341620261673366
            ],
            [
              85.31939215356536,
              23.341580836465145
            ],
            [
              85.31939414062501,
              23.341541015625
            ],
            [
              85.31939414062501,
              23.34022265625
            ],
            [
              85.3193922307015,
              23.34018361408039
            ],
            [
              85.31938651916997,
              23.340144944748577
            ],
            [
              85.3193770605734,
              23.34010701753188
            ],
            [
              85.31936394523774,
              23.340070194620726
            ],
            [
              85.31934729840945,
              23.340034827659824
            ],
            [
              85.31932727905937,
              23.340001254390135
            ],
            [
              85.31930407836464,
              23.339969795423542
            ],
            [
              85.319277917883,
              23.339940751181146
            ],
            [
              85.31924904743708,
              23.33991439902436
            ],
            [
              85.31921774272858,
              23.339890990606193
            ],
            [
              85.3191843027055,
              23.3398707494681
            ],
            [
              85.31914904670725,
              23.3398538689052
            ],
            [
              85.31911231141517,
              23.33984051012042
            ],
            [
              85.31907444763723,
              23.339830800685043
            ],
            [
              85.31903581695803,
              23.33982483332046
            ],
            [
              85.31899678828579,
              23.33982266501273
            ],
            [
              85.3189577343294,
              23.339824316468356
            ],
            [
              85.3189190280392,
              23.33982977191657
            ],
            [
              85.3188810390455,
              23.339838979259927
            ],
            [
              85.31884413012861,
              23.33985185057182
            ],
            [
              85.3188086537546,
              23.339868262936143
            ],
            [
              85.31877494870928,
              23.339888059621092
            ],
            [
              85.31874333686292,
              23.339911051575893
            ],
            [
              85.31865501172784,
              23.339982142538272
            ],
            [
              85.3186516331363,
              23.339981747014818
            ],
            [
              85.31861173130628,
              23.339981079508362
            ],
            [
              85.31857196154964,
              23.33998439131477
            ],
            [
              85.31853271972501,
              23.339991649469102
            ],
            [
              85.31849439643611,
              23.340002781725435
            ],
            [
              85.31845737314373,
              23.340017677275966
            ],
            [
              85.31842201836885,
              23.340036187853958
            ],
            [
              85.31838868402443,
              23.340058129209556
            ],
            [
              85.3183577019125,
              23.340083282943773
            ],
            [
              85.3183293804216,
              23.340111398682378
            ],
            [
              85.31832588635537,
              23.340115638802274
            ],
            [
              85.31783020641846,
              23.340181729460525
            ],
            [
              85.31783040834766,
              23.340181043016326
            ],
            [
              85.3178378777156,
              23.34014090361359
            ],
            [
              85.31784121643787,
              23.340100211894004
            ],
            [
              85.31784038972994,
              23.340059391805035
            ],
            [
              85.31783453035494,
              23.339977360555036
            ],
            [
              85.31782969428819,
              23.339937684477317
            ],
            [
              85.31782092271204,
              23.33989868911687
            ],
            [
              85.31780830320949,
              23.33986076383717
            ],
            [
              85.31779196178461,
              23.339824287317086
            ],
            [
              85.31777206160432,
              23.33978962376981
            ],
            [
              85.3177488013693,
              23.33975711930625
            ],
            [
              85.31772241332989,
              23.339727098479134
            ],
            [
              85.31769316096714,
              23.33969986104243
            ],
            [
              85.317661336362,
              23.339675678958308
            ],
            [
              85.3176272572789,
              23.339654793681664
            ],
            [
              85.31759126399297,
              23.339637413749198
            ],
            [
              85.31755371589236,
              23.33962371269722
            ],
            [
              85.31751498788985,
              23.33961382732891
            ],
            [
              85.31747546667938,
              23.33960785634836
            ],
            [
              85.317435546875,
              23.339605859375002
            ],
            [
              85.316744140625,
              23.339605859375002
            ],
            [
              85.31670414461348,
              23.339607863999323
            ],
            [
              85.31666454948686,
              23.33961385777969
            ],
            [
              85.31662575211189,
              23.339623780639712
            ],
            [
              85.31658877132159,
              23.339637302773834
            ],
            [
              85.31658666712295,
              23.339636307561996
            ]
          ],
          [
            [
              85.31682877015709,
              23.342408708366342
            ],
            [
              85.31684139681772,
              23.34239527335225
            ],
            [
              85.31686592952111,
              23.342415026049522
            ],
            [
              85.31688718136846,
              23.34242900943501
            ],
            [
              85.31685068188543,
              23.342424970381952
            ],
            [
              85.31681158152415,
              23.34242448493649
            ],
            [
              85.31681071031078,
              23.34242455950431
            ],
            [
              85.31682877015709,
              23.342408708366342
            ]
          ]
        ]
      }
    },
    {
      "type": "Feature",
      "properties": {
        "class": "parcel",
        "raw_confidence": 0.2524,
        "source_tile_id": "tile_0016"
      },
      "geometry": {
        "type": "Polygon",
        "coordinates": [
          [
            [
              85.32177412043958,
              23.34588078327125
            ],
            [
              85.32175958349295,
              23.34591933008806
            ],
            [
              85.32174908839625,
              23.345959167668916
            ],
            [
              85.32174274647488,
              23.345999873441688
            ],
            [
              85.321740625,
              23.346041015625
            ],
            [
              85.321740625,
              23.34605859375
            ],
            [
              85.32174255110934,
              23.346097800606127
            ],
            [
              85.32174831088784,
              23.346136629878796
            ],
            [
              85.3217578488657,
              23.34617470762089
            ],
            [
              85.32176604036236,
              23.34619760132037
            ],
            [
              85.32174640443776,
              23.34621214751846
            ],
            [
              85.32171728881092,
              23.34623851020027
            ],
            [
              85.32169089906895,
              23.346267601302653
            ],
            [
              85.32166748966023,
              23.346299140330895
            ],
            [
              85.32164728629692,
              23.346332823187517
            ],
            [
              85.32163048377869,
              23.34636832510436
            ],
            [
              85.3216172441144,
              23.34640530377401
            ],
            [
              85.32160769496019,
              23.346443402650273
            ],
            [
              85.3216019283884,
              23.346482254385997
            ],
            [
              85.3216,
              23.346521484375
            ],
            [
              85.3216,
              23.3466796875
            ],
            [
              85.32160192220661,
              23.346718854710907
            ],
            [
              85.32160392941185,
              23.346732400130886
            ],
            [
              85.32160180890038,
              23.346747158247652
            ],
            [
              85.3216,
              23.34678515625
            ],
            [
              85.3216,
              23.346873046875
            ],
            [
              85.32160185874696,
              23.34691156365874
            ],
            [
              85.32160741771315,
              23.346949722477703
            ],
            [
              85.321616625235,
              23.34698716869395
            ],
            [
              85.32162939574025,
              23.347023554292274
            ],
            [
              85.32164561054321,
              23.347058541114578
            ],
            [
              85.3216651189478,
              23.347091804002606
            ],
            [
              85.32168773964808,
              23.347123033819905
            ],
            [
              85.32171326241327,
              23.34715194032483
            ],
            [
              85.32172042693125,
              23.34715862875622
            ],
            [
              85.32170565406705,
              23.347177044845868
            ],
            [
              85.32168921995752,
              23.34720211403323
            ],
            [
              85.32167403006059,
              23.347221298343637
            ],
            [
              85.32165191522803,
              23.34725605396833
            ],
            [
              85.3216334923115,
              23.34729289980139
            ],
            [
              85.32161895671128,
              23.34733144504225
            ],
            [
              85.32160846259733,
              23.34737128086582
            ],
            [
              85.32160212127408,
              23.34741198475859
            ],
            [
              85.3216,
              23.347453125
            ],
            [
              85.3216,
              23.34755859375
            ],
            [
              85.32160114374516,
              23.347582187282693
            ],
            [
              85.3216,
              23.34760546875
            ],
            [
              85.3216,
              23.347646484375
            ],
            [
              85.32160192610934,
              23.347685691231135
            ],
            [
              85.32160768588784,
              23.347724520503807
            ],
            [
              85.32161722386572,
              23.347762598245904
            ],
            [
              85.3216227067271,
              23.34777792181694
            ],
            [
              85.32161940463786,
              23.347791104496142
            ],
            [
              85.32161364485934,
              23.347829933768818
            ],
            [
              85.32161246520307,
              23.347853946223726
            ],
            [
              85.32160736246408,
              23.34787477969356
            ],
            [
              85.32160184487046,
              23.347912798800902
            ],
            [
              85.3216,
              23.347951171875
            ],
            [
              85.3216,
              23.34796875
            ],
            [
              85.32160071963159,
              23.3479833984375
            ],
            [
              85.3216,
              23.347998046875
            ],
            [
              85.3216,
              23.348009765625
            ],
            [
              85.32160192610934,
              23.348048972481134
            ],
            [
              85.32160768588784,
              23.348087801753806
            ],
            [
              85.32161308585168,
              23.348109359617865
            ],
            [
              85.32160761704912,
              23.348131295123085
            ],
            [
              85.32160190881676,
              23.348169953492032
            ],
            [
              85.3216,
              23.348208984375
            ],
            [
              85.3216,
              23.34834375
            ],
            [
              85.32160185828606,
              23.348382262019193
            ],
            [
              85.32160741587812,
              23.34842041620664
            ],
            [
              85.32161662113818,
              23.348457858055372
            ],
            [
              85.321621814143,
              23.34847265589721
            ],
            [
              85.32161617807813,
              23.348488953742372
            ],
            [
              85.32160721744532,
              23.34852591949153
            ],
            [
              85.32160180844944,
              23.348563569223465
            ],
            [
              85.3216,
              23.3486015625
            ],
            [
              85.3216,
              23.348853515625
            ],
            [
              85.32160201447553,
              23.348893609543676
            ],
            [
              85.32160803761158,
              23.348933299621265
            ],
            [
              85.32161800874083,
              23.348972186084314
            ],
            [
              85.32163182743031,
              23.349009877253675
            ],
            [
              85.32164935449295,
              23.34904599348966
            ],
            [
              85.32167041338957,
              23.3490801710159
            ],
            [
              85.32169479200701,
              23.34911206558344
            ],
            [
              85.32172224479461,
              23.349141355938155
            ],
            [
              85.32175249523755,
              23.34916774705653
            ],
            [
              85.32178523864192,
              23.34919097311725
            ],
            [
              85.32180028579906,
              23.349199519960376
            ],
            [
              85.32181389653007,
              23.349222228093208
            ],
            [
              85.32183728019365,
              23.349253757313665
            ],
            [
              85.32186364166252,
              23.349282842712476
            ],
            [
              85.32189272706132,
              23.349309204181345
            ],
            [
              85.32192425628179,
              23.34933258784492
            ],
            [
              85.32195792568027,
              23.34935276850574
            ],
            [
              85.32199341100205,
              23.349369551813005
            ],
            [
              85.3220303705041,
              23.34938277613429
            ],
            [
              85.32206844824618,
              23.349392314112162
            ],
            [
              85.32210727751887,
              23.34939807389067
            ],
            [
              85.322146484375,
              23.3494
            ],
            [
              85.32226953125,
              23.3494
            ],
            [
              85.32230873810613,
              23.34939807389067
            ],
            [
              85.32234756737881,
              23.349392314112162
            ],
            [
              85.3223856451209,
              23.34938277613429
            ],
            [
              85.32242260462294,
              23.349369551813005
            ],
            [
              85.32245808994473,
              23.34935276850574
            ],
            [
              85.32249175934321,
              23.34933258784492
            ],
            [
              85.32252328856367,
              23.349309204181345
            ],
            [
              85.32255237396248,
              23.349282842712476
            ],
            [
              85.32257873543135,
              23.349253757313665
            ],
            [
              85.32260211909492,
              23.349222228093208
            ],
            [
              85.32262229975574,
              23.34918855869473
            ],
            [
              85.32263908306301,
              23.349153073372946
            ],
            [
              85.32265230738429,
              23.349116113870902
            ],
            [
              85.32266184536216,
              23.349078036128805
            ],
            [
              85.32266760514067,
              23.349039206856133
            ],
            [
              85.32266953125,
              23.349
            ],
            [
              85.32266953125,
              23.348953125
            ],
            [
              85.32266760514067,
              23.3489139181439
            ],
            [
              85.32266184536218,
              23.348875088871257
            ],
            [
              85.32265230738432,
              23.348837011129188
            ],
            [
              85.32264344794727,
              23.34881225066135
            ],
            [
              85.32264956470031,
              23.348774115458735
            ],
            [
              85.32265082698298,
              23.34875297094117
            ],
            [
              85.322656816686,
              23.34872803395921
            ],
            [
              85.32266223611423,
              23.34868815757807
            ],
            [
              85.32266362133508,
              23.34864793846398
            ],
            [
              85.32266095832755,
              23.34860778370877
            ],
            [
              85.32265427404619,
              23.348568099752843
            ],
            [
              85.32264363614831,
              23.348529288271248
            ],
            [
              85.32262915230912,
              23.348491742107967
            ],
            [
              85.32261096913184,
              23.348455841299625
            ],
            [
              85.32256409413183,
              23.348373810049626
            ],
            [
              85.32254301011373,
              23.348340781450872
            ],
            [
              85.3225245606027,
              23.34831730883382
            ],
            [
              85.32252704942168,
              23.34830021569593
            ],
            [
              85.32252890625,
              23.34826171875
            ],
            [
              85.32252890625,
              23.348244140625
            ],
            [
              85.32252708940162,
              23.34820605942531
            ],
            [
              85.32252165536116,
              23.348168324164448
            ],
            [
              85.32251265349275,
              23.348131277638654
            ],
            [
              85.32250016557154,
              23.348095256387534
            ],
            [
              85.32248430504086,
              23.348060587636848
            ],
            [
              85.32246870178247,
              23.348033612605022
            ],
            [
              85.32247424576566,
              23.347996238106127
            ],
            [
              85.322476171875,
              23.34795703125
            ],
            [
              85.322476171875,
              23.347951171875
            ],
            [
              85.32247557001801,
              23.347938920794682
            ],
            [
              85.32248010514067,
              23.347908347481162
            ],
            [
              85.32248203125,
              23.347869140625
            ],
            [
              85.32248010514067,
              23.34782993376884
            ],
            [
              85.32247434536215,
              23.347791104496135
            ],
            [
              85.32246690382179,
              23.347761396201697
            ],
            [
              85.32247066675929,
              23.3477508794959
            ],
            [
              85.32247193136037,
              23.3477458309254
            ],
            [
              85.3224819985268,
              23.347728967331733
            ],
            [
              85.32249870610416,
              23.347693488795958
            ],
            [
              85.32251185928172,
              23.347656544736054
            ],
            [
              85.32252133163526,
              23.347618490246692
            ],
            [
              85.32252703211951,
              23.347579691095653
            ],
            [
              85.32252791580905,
              23.347561218224527
            ],
            [
              85.32252862791361,
              23.347558084527957
            ],
            [
              85.32253350776726,
              23.347519978315965
            ],
            [
              85.32253470948292,
              23.347481579719073
            ],
            [
              85.32253222197555,
              23.347443242939462
            ],
            [
              85.32252606819078,
              23.34740532160909
            ],
            [
              85.3225163048933,
              23.347368165527676
            ],
            [
              85.32250302214321,
              23.347332117435997
            ],
            [
              85.32248634246525,
              23.34729750985435
            ],
            [
              85.32248082273783,
              23.347288409145392
            ],
            [
              85.32247495682607,
              23.347275809897123
            ],
            [
              85.32249145787706,
              23.347283614313007
            ],
            [
              85.3225284173791,
              23.347296838634293
            ],
            [
              85.32253242579934,
              23.347297842691294
            ],
            [
              85.322545995504,
              23.347302698009262
            ],
            [
              85.32258407324609,
              23.34731223598714
            ],
            [
              85.32262290251877,
              23.347317995765657
            ],
            [
              85.32266210937492,
              23.347319921875
            ],
            [
              85.32270131623105,
              23.34731799576568
            ],
            [
              85.32274014550373,
              23.347312235987175
            ],
            [
              85.32277822324583,
              23.347302698009315
            ],
            [
              85.32281518274787,
              23.347289473688033
            ],
            [
              85.32285066806968,
              23.347272690380773
            ],
            [
              85.32288433746815,
              23.347252509719958
            ],
            [
              85.32289265121885,
              23.347246343822217
            ],
            [
              85.3229019155932,
              23.34724079096992
            ],
            [
              85.32293344481367,
              23.347217407306346
            ],
            [
              85.32296253021248,
              23.347191045837477
            ],
            [
              85.32298889168135,
              23.347161960438665
            ],
            [
              85.32301227534492,
              23.347130431218208
            ],
            [
              85.32303245600573,
              23.34709676181973
            ],
            [
              85.32304923931301,
              23.347061276497946
            ],
            [
              85.32306246363429,
              23.347024316995903
            ],
            [
              85.32307200161216,
              23.346986239253805
            ],
            [
              85.32307776139066,
              23.346947409981134
            ],
            [
              85.3230796875,
              23.346908203125
            ],
            [
              85.3230796875,
              23.34690234375
            ],
            [
              85.32307776139066,
              23.346863136893884
            ],
            [
              85.32307301003034,
              23.346831105824393
            ],
            [
              85.323073828125,
              23.346814453125
            ],
            [
              85.323073828125,
              23.34680859375
            ],
            [
              85.32307190201567,
              23.34676938689384
            ],
            [
              85.32306614223715,
              23.346730557621136
            ],
            [
              85.32305660425928,
              23.346692479879014
            ],
            [
              85.32304337993796,
              23.346655520376945
            ],
            [
              85.32302659663067,
              23.34662003505514
            ],
            [
              85.32301524033849,
              23.346601088226304
            ],
            [
              85.32302238813841,
              23.346600329714544
            ],
            [
              85.32306039008787,
              23.346592517388324
            ],
            [
              85.32309745644918,
              23.3465810602742
            ],
            [
              85.323133238525,
              23.346566066153585
            ],
            [
              85.32316739969983,
              23.346547676081855
            ],
            [
              85.32317823441967,
              23.346540407957455
            ],
            [
              85.32320151678684,
              23.34655273391654
            ],
            [
              85.32323803912007,
              23.346569772083733
            ],
            [
              85.32327609054519,
              23.346583048717797
            ],
            [
              85.32331528479745,
              23.34659242904596
            ],
            [
              85.32335522401108,
              23.34659781784734
            ],
            [
              85.32339550275816,
              23.346599160419544
            ],
            [
              85.32343571216408,
              23.34659644313395
            ],
            [
              85.32347544405818,
              23.346589693574067
            ],
            [
              85.32352817843316,
              23.346577974824065
            ],
            [
              85.32356913294579,
              23.34656655921857
            ],
            [
              85.32360864447553,
              23.34655086121962
            ],
            [
              85.32364626664379,
              23.346531058174193
            ],
            [
              85.32368157441692,
              23.346507373805732
            ],
            [
              85.32371416890798,
              23.346480075686635
            ],
            [
              85.3237436818831,
              23.346449472215383
            ],
            [
              85.32378608510606,
              23.346400545419666
            ],
            [
              85.32381460206138,
              23.346426391681376
            ],
            [
              85.32384613128184,
              23.346449775344944
            ],
            [
              85.3238798006803,
              23.346469956005755
            ],
            [
              85.32391528600209,
              23.346486739313015
            ],
            [
              85.32395224550412,
              23.346499963634297
            ],
            [
              85.3239903232462,
              23.346509501612164
            ],
            [
              85.32402915251888,
              23.346515261390667
            ],
            [
              85.324068359375,
              23.346517187499998
            ],
            [
              85.32419140625001,
              23.346517187499998
            ],
            [
              85.32422939952653,
              23.34651537905056
            ],
            [
              85.32424368568492,
              23.346513326611735
            ],
            [
              85.324248737498,
              23.346516976438927
            ],
            [
              85.32428265617104,
              23.346536735261882
            ],
            [
              85.3243183482197,
              23.34655307432937
            ],
            [
              85.32435546991009,
              23.34656583628724
            ],
            [
              85.32436367571414,
              23.34656778321254
            ],
            [
              85.32437667595008,
              23.346574004761457
            ],
            [
              85.32441396990127,
              23.346587498546054
            ],
            [
              85.32445241680453,
              23.346597232848662
            ],
            [
              85.32449163869774,
              23.346603111973728
            ],
            [
              85.32453125,
              23.346605078125
            ],
            [
              85.324548828125,
              23.346605078125
            ],
            [
              85.3245880766202,
              23.34660314791238
            ],
            [
              85.3246269463257,
              23.346597375903123
            ],
            [
              85.32466506210751,
              23.346587817803254
            ],
            [
              85.32470205610782,
              23.3465745658586
            ],
            [
              85.3247375712952,
              23.346557747964514
            ],
            [
              85.32477126491034,
              23.346537526431554
            ],
            [
              85.3247856321575,
              23.34652685580564
            ],
            [
              85.32479781461831,
              23.34653154136749
            ],
            [
              85.32483439980038,
              23.346543624478507
            ],
            [
              85.32487197778637,
              23.346552131657145
            ],
            [
              85.32491019992841,
              23.346556983973954
            ],
            [
              85.32494871160212,
              23.346558136409225
            ],
            [
              85.32496214367293,
              23.34655724261066
            ],
            [
              85.324982421875,
              23.346558203125
            ],
            [
              85.32499414062501,
              23.346558203125
            ],
            [
              85.32503334748114,
              23.34655627701567
            ],
            [
              85.32507217675382,
              23.346550517237162
            ],
            [
              85.32511025449591,
              23.34654097925929
            ],
            [
              85.32514721399795,
              23.346527754938005
            ],
            [
              85.32518269931974,
              23.34651097163074
            ],
            [
              85.32521636871822,
              23.34649079096992
            ],
            [
              85.32524789793868,
              23.346467407306346
            ],
            [
              85.32527698333749,
              23.346441045837476
            ],
            [
              85.32530334480636,
              23.346411960438665
            ],
            [
              85.32532672846993,
              23.346380431218208
            ],
            [
              85.32534690913074,
              23.34634676181973
            ],
            [
              85.32536369243802,
              23.346311276497946
            ],
            [
              85.3253769167593,
              23.346274316995903
            ],
            [
              85.32538645473717,
              23.346236239253805
            ],
            [
              85.32539221451567,
              23.346197409981134
            ],
            [
              85.32539414062501,
              23.346158203125
            ],
            [
              85.32539414062501,
              23.34608203125
            ],
            [
              85.32539211625505,
              23.3460418392371
            ],
            [
              85.3253860636355,
              23.34600205404172
            ],
            [
              85.32537604403011,
              23.345963078363628
            ],
            [
              85.32537279529816,
              23.345954240881362
            ],
            [
              85.32536887661216,
              23.345927823246196
            ],
            [
              85.32535933863429,
              23.3458897455041
            ],
            [
              85.325346114313,
              23.345852786002055
            ],
            [
              85.32532933100573,
              23.34581730068027
            ],
            [
              85.32530915034492,
              23.345783631281794
            ],
            [
              85.32528576668135,
              23.345752102061336
            ],
            [
              85.32525940521248,
              23.345723016662525
            ],
            [
              85.32523031981367,
              23.345696655193656
            ],
            [
              85.3251987905932,
              23.34567327153008
            ],
            [
              85.32516512119473,
              23.345653090869263
            ],
            [
              85.32512963587294,
              23.345636307561996
            ],
            [
              85.3250926763709,
              23.34562308324071
            ],
            [
              85.32505459862881,
              23.34561354526284
            ],
            [
              85.32501576935613,
              23.345607785484333
            ],
            [
              85.3249765625,
              23.345605859375002
            ],
            [
              85.324859375,
              23.345605859375002
            ],
            [
              85.32482041083101,
              23.345607761656428
            ],
            [
              85.32478181726609,
              23.345613450407328
            ],
            [
              85.32474396138434,
              23.345622871519684
            ],
            [
              85.32472756690936,
              23.345628698126923
            ],
            [
              85.32470846542985,
              23.34562208253541
            ],
            [
              85.32467145089153,
              23.34561309700936
            ],
            [
              85.3246337495029,
              23.34560767289466
            ],
            [
              85.324595703125,
              23.345605859375002
            ],
            [
              85.324419921875,
              23.345605859375002
            ],
            [
              85.32438140509127,
              23.345607718121965
            ],
            [
              85.32435240106153,
              23.345611943420987
            ],
            [
              85.32432434417913,
              23.34560778362064
            ],
            [
              85.32428515625,
              23.345605859375002
            ],
            [
              85.324033203125,
              23.345605859375002
            ],
            [
              85.32399399626887,
              23.345607785484333
            ],
            [
              85.32395516699619,
              23.34561354526284
            ],
            [
              85.3239170892541,
              23.34562308324071
            ],
            [
              85.32388012975206,
              23.345636307561996
            ],
            [
              85.32384464443027,
              23.345653090869263
            ],
            [
              85.32381097503179,
              23.34567327153008
            ],
            [
              85.32377944581133,
              23.345696655193656
            ],
            [
              85.32376367093934,
              23.345710952704216
            ],
            [
              85.32374802369732,
              23.34569675844393
            ],
            [
              85.32371648466908,
              23.345673349035216
            ],
            [
              85.32368280181247,
              23.345653145671914
            ],
            [
              85.32364729989563,
              23.345636343153675
            ],
            [
              85.32361032122598,
              23.34562310348941
            ],
            [
              85.32357222234972,
              23.345613554335184
            ],
            [
              85.323533370614,
              23.3456077877634
            ],
            [
              85.323494140625,
              23.345605859375002
            ],
            [
              85.32325390625,
              23.345605859375002
            ],
            [
              85.3232153285704,
              23.34560772401782
            ],
            [
              85.32320206471827,
              23.345609659399905
            ],
            [
              85.3231979068537,
              23.345608930183527
            ],
            [
              85.32315833213512,
              23.345605981773485
            ],
            [
              85.32313089120788,
              23.345606664830097
            ],
            [
              85.32312832830594,
              23.3456064060972
            ],
            [
              85.32308968579453,
              23.34560625277915
            ],
            [
              85.32305120881254,
              23.34560982895747
            ],
            [
              85.32303494292586,
              23.345612945770625
            ],
            [
              85.32300012542913,
              23.34560778362064
            ],
            [
              85.3229609375,
              23.345605859375002
            ],
            [
              85.322673828125,
              23.345605859375002
            ],
            [
              85.32263238023754,
              23.345608012579582
            ],
            [
              85.32262668033844,
              23.34560890734862
            ],
            [
              85.32261788676836,
              23.345607650250937
            ],
            [
              85.322580078125,
              23.345605859375002
            ],
            [
              85.322322265625,
              23.345605859375002
            ],
            [
              85.32228706611369,
              23.3456076235891
            ],
            [
              85.322251953125,
              23.345605859375002
            ],
            [
              85.322169921875,
              23.345605859375002
            ],
            [
              85.32213071501887,
              23.345607785484333
            ],
            [
              85.32209188574619,
              23.34561354526284
            ],
            [
              85.3220538080041,
              23.34562308324071
            ],
            [
              85.32201684850206,
              23.345636307561996
            ],
            [
              85.32198136318027,
              23.345653090869263
            ],
            [
              85.3219476937818,
              23.34567327153008
            ],
            [
              85.32191616456133,
              23.345696655193656
            ],
            [
              85.32188707916252,
              23.345723016662525
            ],
            [
              85.32186071769365,
              23.345752102061336
            ],
            [
              85.32184902262256,
              23.34576787103926
            ],
            [
              85.3218402362749,
              23.345776881920557
            ],
            [
              85.3218146618495,
              23.345809179423085
            ],
            [
              85.3217925450373,
              23.345843936099012
            ],
            [
              85.32177412043958,
              23.34588078327125
            ]
          ]
        ]
      }
    },
    {
      "type": "Feature",
      "properties": {
        "class": "parcel",
        "raw_confidence": 0.2645,
        "source_tile_id": "tile_0008"
      },
      "geometry": {
        "type": "Polygon",
        "coordinates": [
          [
            [
              85.3156,
              23.3439375
            ],
            [
              85.3156,
              23.3441484375
            ],
            [
              85.31560198696043,
              23.34418825734844
            ],
            [
              85.31560792810166,
              23.34422768159456
            ],
            [
              85.3156177643996,
              23.344266318566284
            ],
            [
              85.31563139813261,
              23.344303784412936
            ],
            [
              85.31564869385225,
              23.34433970691875
            ],
            [
              85.31565976620244,
              23.344357830119712
            ],
            [
              85.31560150376473,
              23.345027848153457
            ],
            [
              85.31560002587786,
              23.34506704990234
            ],
            [
              85.31560239514523,
              23.345106207887948
            ],
            [
              85.31560858877806,
              23.345144945468896
            ],
            [
              85.31561854720282,
              23.345182890047443
            ],
            [
              85.31563217463433,
              23.34521967665337
            ],
            [
              85.31564933999702,
              23.345254951454415
            ],
            [
              85.31566987818572,
              23.345288375159623
            ],
            [
              85.3156935916537,
              23.345319626282823
            ],
            [
              85.31572025231279,
              23.345348404234837
            ],
            [
              85.31574279288111,
              23.345368392554654
            ],
            [
              85.31568853575561,
              23.34551759964977
            ],
            [
              85.31567714903171,
              23.34555431918092
            ],
            [
              85.31566933998447,
              23.345591962244427
            ],
            [
              85.31566518074904,
              23.345630181116857
            ],
            [
              85.3156647097459,
              23.345668622755806
            ],
            [
              85.31566793132588,
              23.34570693206109
            ],
            [
              85.31567481573,
              23.34574475515495
            ],
            [
              85.31568529936439,
              23.345781742650935
            ],
            [
              85.31569928538767,
              23.34581755288134
            ],
            [
              85.31571664460559,
              23.345851855053315
            ],
            [
              85.31573721666439,
              23.345884332304525
            ],
            [
              85.31576081153204,
              23.345914684630124
            ],
            [
              85.3157872112537,
              23.345942631654026
            ],
            [
              85.31580201966335,
              23.345955559837353
            ],
            [
              85.3158008517515,
              23.345963892736012
            ],
            [
              85.31579922948316,
              23.34600293025877
            ],
            [
              85.31580142351226,
              23.346041939823927
            ],
            [
              85.31580741290556,
              23.34608054924124
            ],
            [
              85.31581714051828,
              23.346118390138276
            ],
            [
              85.31583051353924,
              23.34615510147505
            ],
            [
              85.31584740437648,
              23.34619033298871
            ],
            [
              85.31586765187453,
              23.346223748535397
            ],
            [
              85.315891062852,
              23.346255029297396
            ],
            [
              85.31591741394477,
              23.34628387682497
            ],
            [
              85.31594645373708,
              23.346310015883866
            ],
            [
              85.3159779051603,
              23.346333197081336
            ],
            [
              85.31601146813637,
              23.34635319924558
            ],
            [
              85.31604682244097,
              23.346369831535963
            ],
            [
              85.3160836307587,
              23.346382935263808
            ],
            [
              85.31612154190141,
              23.346392385406446
            ],
            [
              85.3161601941589,
              23.34639809180008
            ],
            [
              85.31619921875,
              23.3464
            ],
            [
              85.31766992187501,
              23.3464
            ],
            [
              85.31770997016339,
              23.346397990118717
            ],
            [
              85.31774961599024,
              23.34639198067299
            ],
            [
              85.31778846093854,
              23.346382032054173
            ],
            [
              85.31782611463963,
              23.346368244239983
            ],
            [
              85.31786219869613,
              23.34635075578977
            ],
            [
              85.31788326655901,
              23.346337792892793
            ],
            [
              85.31791152795375,
              23.346340797162057
            ],
            [
              85.31897207482876,
              23.346399390912058
            ],
            [
              85.31901031776954,
              23.34639967274112
            ],
            [
              85.31904841283078,
              23.346396301056874
            ],
            [
              85.31908601177558,
              23.34638930668077
            ],
            [
              85.3191227709021,
              23.346378753550237
            ],
            [
              85.31915835418553,
              23.346364738134202
            ],
            [
              85.31919243634975,
              23.346347388551266
            ],
            [
              85.31922470584077,
              23.346326863398502
            ],
            [
              85.3192548676747,
              23.346303350301728
            ],
            [
              85.31928264613433,
              23.34627706420031
            ],
            [
              85.31930778728945,
              23.34624824538241
            ],
            [
              85.31933006131818,
              23.34621715728838
            ],
            [
              85.3193492646078,
              23.34618408410265
            ],
            [
              85.31936522161598,
              23.346149328155875
            ],
            [
              85.31937778647554,
              23.34611320716128
            ],
            [
              85.31938684432781,
              23.346076051310344
            ],
            [
              85.31939231237257,
              23.34603820025444
            ],
            [
              85.31939414062501,
              23.346
            ],
            [
              85.31939414062501,
              23.343005859375
            ],
            [
              85.31939221451567,
              23.342966652518868
            ],
            [
              85.31938645473717,
              23.342927823246196
            ],
            [
              85.3193769167593,
              23.3428897455041
            ],
            [
              85.31936369243802,
              23.342852786002055
            ],
            [
              85.31934690913074,
              23.34281730068027
            ],
            [
              85.31932672846993,
              23.342783631281794
            ],
            [
              85.31930334480636,
              23.342752102061336
            ],
            [
              85.31927698333749,
              23.342723016662525
            ],
            [
              85.31924789793868,
              23.342696655193656
            ],
            [
              85.31921636871822,
              23.34267327153008
            ],
            [
              85.31918269931974,
              23.342653090869263
            ],
            [
              85.31914721399795,
              23.342636307561996
            ],
            [
              85.31911025449591,
              23.34262308324071
            ],
            [
              85.31907217675382,
              23.34261354526284
            ],
            [
              85.31903334748114,
              23.342607785484333
            ],
            [
              85.31899414062501,
              23.342605859375002
            ],
            [
              85.316,
              23.342605859375002
            ],
            [
              85.31596079314387,
              23.342607785484333
            ],
            [
              85.31592196387119,
              23.34261354526284
            ],
            [
              85.3158838861291,
              23.34262308324071
            ],
            [
              85.31584692662706,
              23.342636307561996
            ],
            [
              85.31581144130527,
              23.342653090869263
            ],
            [
              85.3157777719068,
              23.34267327153008
            ],
            [
              85.31574624268633,
              23.342696655193656
            ],
            [
              85.31571715728752,
              23.342723016662525
            ],
            [
              85.31569079581865,
              23.342752102061336
            ],
            [
              85.31566741215508,
              23.342783631281794
            ],
            [
              85.31564723149427,
              23.34281730068027
            ],
            [
              85.315630448187,
              23.342852786002055
            ],
            [
              85.31561722386571,
              23.3428897455041
            ],
            [
              85.31560768588784,
              23.342927823246196
            ],
            [
              85.31560192610934,
              23.342966652518868
            ],
            [
              85.3156,
              23.343005859375
            ],
            [
              85.3156,
              23.343568359375
            ],
            [
              85.31560195787074,
              23.343607887381907
            ],
            [
              85.31560781231666,
              23.34364702843518
            ],
            [
              85.31561595500914,
              23.343679259925572
            ],
            [
              85.31560717413053,
              23.343715597879914
            ],
            [
              85.31560179757172,
              23.34375313652647
            ],
            [
              85.3156,
              23.343791015625
            ],
            [
              85.3156,
              23.343919921875
            ],
            [
              85.3156004273418,
              23.343928611344037
            ],
            [
              85.3156,
              23.3439375
            ]
          ],
          [
            [
              85.31653548090847,
              23.34411277194059
            ],
            [
              85.31653705591337,
              23.34409890120104
            ],
            [
              85.31655625535406,
              23.34407536280796
            ],
            [
              85.31657777997881,
              23.344043007714795
            ],
            [
              85.31659606337242,
              23.344008716622028
            ],
            [
              85.31661093296687,
              23.343972813186458
            ],
            [
              85.31662224841537,
              23.343935636283003
            ],
            [
              85.31662937589616,
              23.34390015999669
            ],
            [
              85.31664705285203,
              23.343898173821874
            ],
            [
              85.31664884495753,
              23.34409351332034
            ],
            [
              85.31665124175446,
              23.344133719460363
            ],
            [
              85.31665766977484,
              23.344173480734042
            ],
            [
              85.3166634857939,
              23.34419525471496
            ],
            [
              85.31662419850328,
              23.34420563248984
            ],
            [
              85.31654776818475,
              23.344139128186704
            ],
            [
              85.31654612788073,
              23.344135660055237
            ],
            [
              85.31653468089696,
              23.344116561916636
            ],
            [
              85.31653548090847,
              23.34411277194059
            ]
          ]
        ]
      }
    },
    {
      "type": "Feature",
      "properties": {
        "class": "parcel",
        "raw_confidence": 0.2518,
        "source_tile_id": "tile_0001"
      },
      "geometry": {
        "type": "Polygon",
        "coordinates": [
          [
            [
              85.31293312745356,
              23.341848818716297
            ],
            [
              85.31294597073995,
              23.34188529727436
            ],
            [
              85.31296227675378,
              23.34192036505326
            ],
            [
              85.312981893071,
              23.34195369424921
            ],
            [
              85.31300463632375,
              23.341984973310225
            ],
            [
              85.313014530883,
              23.341996132358407
            ],
            [
              85.3130106114105,
              23.34200266307978
            ],
            [
              85.31299379351641,
              23.342038178267156
            ],
            [
              85.31298054157176,
              23.342075172267467
            ],
            [
              85.31297098347189,
              23.342113288049276
            ],
            [
              85.31296521146263,
              23.342152157754768
            ],
            [
              85.31296328125,
              23.342191406249967
            ],
            [
              85.31296521146263,
              23.342230654745165
            ],
            [
              85.31297098347187,
              23.34226952445066
            ],
            [
              85.31298054157175,
              23.34230764023247
            ],
            [
              85.31299379351638,
              23.342344634232784
            ],
            [
              85.31301061141048,
              23.342380149420162
            ],
            [
              85.31303083294343,
              23.3424138430353
            ],
            [
              85.31305426295597,
              23.342445389898984
            ],
            [
              85.31306231203946,
              23.34245425670454
            ],
            [
              85.31306708977725,
              23.34246188907537
            ],
            [
              85.31306583666927,
              23.342461970259897
            ],
            [
              85.31302695330527,
              23.342468375140925
            ],
            [
              85.31298888887194,
              23.342478575014038
            ],
            [
              85.31295201281753,
              23.342492470880632
            ],
            [
              85.3129166830561,
              23.3425099278693
            ],
            [
              85.31288324249354,
              23.342530776544855
            ],
            [
              85.31285201569948,
              23.342554814552855
            ],
            [
              85.31282330575695,
              23.34258180858362
            ],
            [
              85.31279739132083,
              23.342611496636717
            ],
            [
              85.31277452391313,
              23.342643590563895
            ],
            [
              85.31275492548185,
              23.342677778865813
            ],
            [
              85.31273878624673,
              23.3427137297154
            ],
            [
              85.312726262853,
              23.342751094178546
            ],
            [
              85.31271747685105,
              23.34278950960079
            ],
            [
              85.31271251351664,
              23.34282860312721
            ],
            [
              85.31271142102321,
              23.342867995321292
            ],
            [
              85.31271420997437,
              23.342907303847696
            ],
            [
              85.31272085330093,
              23.342946147183145
            ],
            [
              85.31273257205093,
              23.342998881558145
            ],
            [
              85.31274258836149,
              23.34303560560769
            ],
            [
              85.31275605015733,
              23.34307121125815
            ],
            [
              85.3127728355266,
              23.343105376059782
            ],
            [
              85.31279279245862,
              23.343137790611394
            ],
            [
              85.31281574022066,
              23.343168161362286
            ],
            [
              85.31283526266063,
              23.343189444892275
            ],
            [
              85.31285491215507,
              23.343222228093207
            ],
            [
              85.31287829581865,
              23.343253757313665
            ],
            [
              85.31290465728752,
              23.343282842712476
            ],
            [
              85.31293374268633,
              23.343309204181345
            ],
            [
              85.31296527190679,
              23.34333258784492
            ],
            [
              85.31299894130527,
              23.34335276850574
            ],
            [
              85.31303442662706,
              23.343369551813005
            ],
            [
              85.3130713861291,
              23.34338277613429
            ],
            [
              85.31310946387119,
              23.34339231411216
            ],
            [
              85.31314829314387,
              23.34339807389067
            ],
            [
              85.3131875,
              23.3434
            ],
            [
              85.3136328125,
              23.3434
            ],
            [
              85.3136720328689,
              23.34339807255955
            ],
            [
              85.31371087526315,
              23.34339230881332
            ],
            [
              85.31374896535077,
              23.343382764307712
            ],
            [
              85.31376427447525,
              23.343377284563577
            ],
            [
              85.31380054643029,
              23.343386829814904
            ],
            [
              85.3138397752532,
              23.34339507617393
            ],
            [
              85.31387963246053,
              23.34339935472619
            ],
            [
              85.31391971776058,
              23.343399622501565
            ],
            [
              85.31395962857096,
              23.34339587681075
            ],
            [
              85.31399896406165,
              23.34338815527225
            ],
            [
              85.31403732918066,
              23.343376535434597
            ],
            [
              85.31407433862162,
              23.343361133997483
            ],
            [
              85.31410962069336,
              23.343342105639753
            ],
            [
              85.314142821053,
              23.343319641465936
            ],
            [
              85.31417360626452,
              23.34329396708696
            ],
            [
              85.31417507378848,
              23.34329246997029
            ],
            [
              85.31419256698287,
              23.343308429249088
            ],
            [
              85.31422416933157,
              23.343332006090087
            ],
            [
              85.314257939306,
              23.343352357126975
            ],
            [
              85.31429354879373,
              23.343369284627055
            ],
            [
              85.31433065180943,
              23.343382624121062
            ],
            [
              85.31436888785655,
              23.34339224600114
            ],
            [
              85.31440788542983,
              23.343398056780156
            ],
            [
              85.314447265625,
              23.3434
            ],
            [
              85.31599414062501,
              23.3434
            ],
            [
              85.31603334748114,
              23.34339807389067
            ],
            [
              85.31607217675382,
              23.34339231411216
            ],
            [
              85.31611025449591,
              23.34338277613429
            ],
            [
              85.31614721399795,
              23.343369551813005
            ],
            [
              85.31618269931974,
              23.34335276850574
            ],
            [
              85.31621636871822,
              23.34333258784492
            ],
            [
              85.31624789793868,
              23.343309204181345
            ],
            [
              85.31627698333749,
              23.343282842712476
            ],
            [
              85.31630334480636,
              23.343253757313665
            ],
            [
              85.31632672846993,
              23.343222228093207
            ],
            [
              85.31634690913074,
              23.34318855869473
            ],
            [
              85.31636369243802,
              23.343153073372946
            ],
            [
              85.3163769167593,
              23.343116113870902
            ],
            [
              85.31638645473717,
              23.343078036128805
            ],
            [
              85.31639221451567,
              23.343039206856133
            ],
            [
              85.31639414062501,
              23.343
            ],
            [
              85.31639414062501,
              23.340005859375
            ],
            [
              85.3163922734107,
              23.339967255165934
            ],
            [
              85.31638668920021,
              23.339929011368525
            ],
            [
              85.31637744012816,
              23.339891485029604
            ],
            [
              85.31636461254452,
              23.33985502649775
            ],
            [
              85.31634832620853,
              23.339819976152434
            ],
            [
              85.31632873317058,
              23.33978666122618
            ],
            [
              85.3163060163527,
              23.339755392749527
            ],
            [
              85.3162803878407,
              23.339726462647207
            ],
            [
              85.31625208690424,
              23.339700141012727
            ],
            [
              85.31622137776284,
              23.33967667358675
            ],
            [
              85.31618854711928,
              23.339656279462844
            ],
            [
              85.31615390148278,
              23.339639149042007
            ],
            [
              85.31611776430748,
              23.339625442255073
            ],
            [
              85.31608047297263,
              23.339615287069588
            ],
            [
              85.3160423756328,
              23.33960877829509
            ],
            [
              85.3160038279675,
              23.339605976697964
            ],
            [
              85.31596518986048,
              23.339606908434117
            ],
            [
              85.31592682203986,
              23.339611564804798
            ],
            [
              85.31544635328984,
              23.339693596054797
            ],
            [
              85.31540724250543,
              23.339702309519012
            ],
            [
              85.31536919972505,
              23.33971489223641
            ],
            [
              85.31533260670275,
              23.339731217941154
            ],
            [
              85.31529783064447,
              23.33975112280705
            ],
            [
              85.31526522052314,
              23.339774407091518
            ],
            [
              85.31523510357684,
              23.339800837139975
            ],
            [
              85.31520778202497,
              23.339830147730535
            ],
            [
              85.31518353003551,
              23.339862044735465
            ],
            [
              85.31516259097384,
              23.339896208072727
            ],
            [
              85.31514517496056,
              23.33993229491794
            ],
            [
              85.31513145676296,
              23.3399699431446
            ],
            [
              85.31512157404126,
              23.340008774957944
            ],
            [
              85.31511562596718,
              23.34004840068609
            ],
            [
              85.31511367222886,
              23.34008842269032
            ],
            [
              85.31511573243178,
              23.34012843935535
            ],
            [
              85.31512178590208,
              23.340168049119466
            ],
            [
              85.31518878886978,
              23.340495619183706
            ],
            [
              85.31502431566487,
              23.340693658348794
            ],
            [
              85.31500142102313,
              23.340724059078035
            ],
            [
              85.31498151916631,
              23.340756498021523
            ],
            [
              85.31496479025215,
              23.340790681532013
            ],
            [
              85.31495138571586,
              23.340826300169915
            ],
            [
              85.31494503770453,
              23.340849713687884
            ],
            [
              85.31494195155638,
              23.34084931255431
            ],
            [
              85.31490224016166,
              23.34084812521324
            ],
            [
              85.31486260685938,
              23.340850883110978
            ],
            [
              85.31482344263323,
              23.34085755904079
            ],
            [
              85.31478513383942,
              23.340868087144433
            ],
            [
              85.31474805839532,
              23.34088236356186
            ],
            [
              85.31472122499534,
              23.340895890482184
            ],
            [
              85.3147186393322,
              23.34088559459445
            ],
            [
              85.31470538247808,
              23.340848622083882
            ],
            [
              85.31468856345693,
              23.34081312798232
            ],
            [
              85.31466834443673,
              23.340779454521826
            ],
            [
              85.31464492036814,
              23.340747926379958
            ],
            [
              85.31461851710466,
              23.340718847549233
            ],
            [
              85.31458938922502,
              23.340692498406046
            ],
            [
              85.31455781757856,
              23.340669133007307
            ],
            [
              85.31454023945356,
              23.340657414257304
            ],
            [
              85.31450657533568,
              23.340637282888043
            ],
            [
              85.31447110135095,
              23.34062054546688
            ],
            [
              85.31444895491835,
              23.34061264280504
            ],
            [
              85.31444614323078,
              23.340604994208775
            ],
            [
              85.31442853303118,
              23.340568808896208
            ],
            [
              85.3144073760541,
              23.340534576188215
            ],
            [
              85.3143828864473,
              23.34050264258313
            ],
            [
              85.3143553120909,
              23.3404733313081
            ],
            [
              85.31432493208837,
              23.340446939047457
            ],
            [
              85.31429205394156,
              23.340423732939694
            ],
            [
              85.31425701043813,
              23.340403947873554
            ],
            [
              85.31425338388249,
              23.340402134595738
            ],
            [
              85.3142258525453,
              23.340385611410536
            ],
            [
              85.3141903373579,
              23.340368793516433
            ],
            [
              85.31415334335757,
              23.340355541571764
            ],
            [
              85.31411522757574,
              23.340345983471888
            ],
            [
              85.31407635787023,
              23.340340211462625
            ],
            [
              85.31403710937501,
              23.340338281250002
            ],
            [
              85.314025390625,
              23.340338281250002
            ],
            [
              85.31398618376892,
              23.34034020735933
            ],
            [
              85.31394735449629,
              23.34034596713782
            ],
            [
              85.3139335062922,
              23.340349435932364
            ],
            [
              85.31392233466012,
              23.34035099994196
            ],
            [
              85.31388624802719,
              23.340359518840412
            ],
            [
              85.31385110525511,
              23.340371342641706
            ],
            [
              85.31381872100731,
              23.340385699144264
            ],
            [
              85.31378381917219,
              23.34039827851336
            ],
            [
              85.31374883578253,
              23.34041486604264
            ],
            [
              85.31371561992152,
              23.340434758007262
            ],
            [
              85.31364530742152,
              23.34048163300726
            ],
            [
              85.31361490127941,
              23.340504135844895
            ],
            [
              85.31351180265347,
              23.34020828761397
            ],
            [
              85.3135271867364,
              23.34004290872258
            ],
            [
              85.31352890104858,
              23.3400038194967
            ],
            [
              85.31352678814443,
              23.339964749788717
            ],
            [
              85.31352086824054,
              23.33992607342405
            ],
            [
              85.31351119797954,
              23.339888160464547
            ],
            [
              85.31349786988808,
              23.33985137366767
            ],
            [
              85.31348101149156,
              23.339816065015583
            ],
            [
              85.31346078409388,
              23.339782572347293
            ],
            [
              85.31343738123414,
              23.339751216126192
            ],
            [
              85.31341102683476,
              23.339722296373782
            ],
            [
              85.31338197305898,
              23.33969608979904
            ],
            [
              85.31335049789816,
              23.3396728471508
            ],
            [
              85.31331690251181,
              23.33965279081857
            ],
            [
              85.31328150834618,
              23.33963611270464
            ],
            [
              85.31324465405845,
              23.339622972387968
            ],
            [
              85.31320669227655,
              23.339613495597273
            ],
            [
              85.31316798622511,
              23.33960777300806
            ],
            [
              85.31312890625,
              23.339605859375002
            ],
            [
              85.313,
              23.339605859375002
            ],
            [
              85.31296079314387,
              23.339607785484333
            ],
            [
              85.31292196387119,
              23.33961354526284
            ],
            [
              85.3128838861291,
              23.33962308324071
            ],
            [
              85.31284692662706,
              23.339636307561996
            ],
            [
              85.31281144130527,
              23.339653090869263
            ],
            [
              85.3127777719068,
              23.33967327153008
            ],
            [
              85.31274624268633,
              23.339696655193656
            ],
            [
              85.31271715728752,
              23.339723016662525
            ],
            [
              85.31269079581865,
              23.339752102061336
            ],
            [
              85.31266741215508,
              23.339783631281794
            ],
            [
              85.31264723149427,
              23.33981730068027
            ],
            [
              85.312630448187,
              23.339852786002055
            ],
            [
              85.31261722386571,
              23.3398897455041
            ],
            [
              85.31260768588784,
              23.339927823246196
            ],
            [
              85.31260192610934,
              23.339966652518868
            ],
            [
              85.3126,
              23.340005859375
            ],
            [
              85.3126,
              23.341330078125
            ],
            [
              85.31260188064476,
              23.34136882059497
            ],
            [
              85.3126075048949,
              23.341407198760823
            ],
            [
              85.31261681986435,
              23.341444851744082
            ],
            [
              85.31262973796235,
              23.341481425485316
            ],
            [
              85.31264613771715,
              23.341516576073452
            ],
            [
              85.31266586491819,
              23.341549972979646
            ],
            [
              85.31268873406617,
              23.341581302165316
            ],
            [
              85.31271453011738,
              23.34161026903512
            ],
            [
              85.31274301050577,
              23.34163660120709
            ],
            [
              85.31277390742389,
              23.341660051073926
            ],
            [
              85.31291757331991,
              23.3417584888175
            ],
            [
              85.312918275794,
              23.341773003228138
            ],
            [
              85.31292386695004,
              23.341811270370414
            ],
            [
              85.31293312745356,
              23.341848818716297
            ]
          ],
          [
            [
              85.31399289827664,
              23.342078528389017
            ],
            [
              85.31395350946919,
              23.342080788860716
            ],
            [
              85.31391453495033,
              23.34208691868656
            ],
            [
              85.3138872444285,
              23.342094023134898
            ],
            [
              85.31388218544771,
              23.3420933907623
            ],
            [
              85.3138785486632,
              23.342083364915354
            ],
            [
              85.3138613506163,
              23.342047524876882
            ],
            [
              85.31384068004978,
              23.34201356889282
            ],
            [
              85.31381674112178,
              23.34198183233818
            ],
            [
              85.3137897702713,
              23.341952628667215
            ],
            [
              85.31378599938847,
              23.341949283111322
            ],
            [
              85.31379469426628,
              23.341945105556555
            ],
            [
              85.31382909406376,
              23.341924074640264
            ],
            [
              85.31386120192016,
              23.34189968753168
            ],
            [
              85.31387244352206,
              23.341889206116086
            ],
            [
              85.3140172985914,
              23.341971980441418
            ],
            [
              85.31400904527874,
              23.341996742192165
            ],
            [
              85.31400010754538,
              23.342036957821286
            ],
            [
              85.31399822096265,
              23.342053197435646
            ],
            [
              85.31399635776283,
              23.342060635746236
            ],
            [
              85.31399369872769,
              23.342078561505154
            ],
            [
              85.31399289827664,
              23.342078528389017
            ]
          ]
        ]
      }
    },
    {
      "type": "Feature",
      "properties": {
        "class": "parcel",
        "raw_confidence": 0.289,
        "source_tile_id": "tile_0004"
      },
      "geometry": {
        "type": "Polygon",
        "coordinates": [
          [
            [
              85.32198748167308,
              23.343306054066375
            ],
            [
              85.32498162229808,
              23.343399804066376
            ],
            [
              85.32502165095097,
              23.343399052856103
            ],
            [
              85.3250614040093,
              23.343394303990763
            ],
            [
              85.32510048323257,
              23.343385605043817
            ],
            [
              85.32513849713064,
              23.34337304316008
            ],
            [
              85.32517506488564,
              23.34335674418273
            ],
            [
              85.325209820167,
              23.34333687139262
            ],
            [
              85.32524241480121,
              23.343313623872543
            ],
            [
              85.32527252225985,
              23.34328723451287
            ],
            [
              85.32529984093064,
              23.34325796767848
            ],
            [
              85.325324097139,
              23.34322611656037
            ],
            [
              85.32534504788968,
              23.343192000238545
            ],
            [
              85.32536248330102,
              23.343155960485483
            ],
            [
              85.32537622870753,
              23.34311835834234
            ],
            [
              85.32538614640966,
              23.343079570502063
            ],
            [
              85.3253921370533,
              23.343039985535754
            ],
            [
              85.32539414062501,
              23.343
            ],
            [
              85.32539414062501,
              23.340005859375
            ],
            [
              85.32539221451567,
              23.339966652518868
            ],
            [
              85.32538645473717,
              23.339927823246196
            ],
            [
              85.3253769167593,
              23.3398897455041
            ],
            [
              85.32536369243802,
              23.339852786002055
            ],
            [
              85.32534690913074,
              23.33981730068027
            ],
            [
              85.32532672846993,
              23.339783631281794
            ],
            [
              85.32530334480636,
              23.339752102061336
            ],
            [
              85.32527698333749,
              23.339723016662525
            ],
            [
              85.32524789793868,
              23.339696655193656
            ],
            [
              85.32521636871822,
              23.33967327153008
            ],
            [
              85.32518269931974,
              23.339653090869263
            ],
            [
              85.32514721399795,
              23.339636307561996
            ],
            [
              85.32511025449591,
              23.33962308324071
            ],
            [
              85.32507217675382,
              23.33961354526284
            ],
            [
              85.32503334748114,
              23.339607785484333
            ],
            [
              85.32499414062501,
              23.339605859375002
            ],
            [
              85.322,
              23.339605859375002
            ],
            [
              85.32196079314387,
              23.339607785484333
            ],
            [
              85.32192196387119,
              23.33961354526284
            ],
            [
              85.3218838861291,
              23.33962308324071
            ],
            [
              85.32184692662706,
              23.339636307561996
            ],
            [
              85.32181144130527,
              23.339653090869263
            ],
            [
              85.3217777719068,
              23.33967327153008
            ],
            [
              85.32174624268633,
              23.339696655193656
            ],
            [
              85.32171715728752,
              23.339723016662525
            ],
            [
              85.32169079581865,
              23.339752102061336
            ],
            [
              85.32166741215508,
              23.339783631281794
            ],
            [
              85.32164723149427,
              23.33981730068027
            ],
            [
              85.321630448187,
              23.339852786002055
            ],
            [
              85.32161722386572,
              23.3398897455041
            ],
            [
              85.32160768588784,
              23.339927823246196
            ],
            [
              85.32160192610934,
              23.339966652518868
            ],
            [
              85.3216,
              23.340005859375
            ],
            [
              85.3216,
              23.34290625
            ],
            [
              85.32160185017044,
              23.34294467802646
            ],
            [
              85.32160738356609,
              23.342982750560928
            ],
            [
              85.32161654899834,
              23.343020115400016
            ],
            [
              85.32162926167912,
              23.34305642688712
            ],
            [
              85.3216454040053,
              23.34309134911004
            ],
            [
              85.32166482664661,
              23.34312455900846
            ],
            [
              85.32168734992706,
              23.343155749362506
            ],
            [
              85.32171276548713,
              23.343184631634838
            ],
            [
              85.32174083821121,
              23.343210938639814
            ],
            [
              85.32177130840269,
              23.343234427015222
            ],
            [
              85.32180389418633,
              23.343254879473577
            ],
            [
              85.32183829411588,
              23.343272106812204
            ],
            [
              85.32187418996264,
              23.343285949663546
            ],
            [
              85.32191124965946,
              23.34329627996943
            ],
            [
              85.32194913037257,
              23.34330300216572
            ],
            [
              85.32198748167308,
              23.343306054066375
            ]
          ]
        ]
      }
    },
    {
      "type": "Feature",
      "properties": {
        "class": "parcel",
        "raw_confidence": 0.3214,
        "source_tile_id": "tile_0006"
      },
      "geometry": {
        "type": "Polygon",
        "coordinates": [
          [
            [
              85.3097692013232,
              23.345552654969715
            ],
            [
              85.30977704440093,
              23.3455822553761
            ],
            [
              85.3097907861026,
              23.345619066345083
            ],
            [
              85.3099900048526,
              23.34608195697008
            ],
            [
              85.3100065891055,
              23.346115964451208
            ],
            [
              85.3100263123167,
              23.346148252857137
            ],
            [
              85.31004899801934,
              23.346178533298218
            ],
            [
              85.31007444324078,
              23.346206534850378
            ],
            [
              85.31010242031842,
              23.346232006979143
            ],
            [
              85.31013267893677,
              23.346254721781204
            ],
            [
              85.31016494836702,
              23.3462744760235
            ],
            [
              85.31019893988928,
              23.346291092961593
            ],
            [
              85.31023434937582,
              23.346304423921016
            ],
            [
              85.3102708600122,
              23.34631434962749
            ],
            [
              85.31030814513173,
              23.34632078127409
            ],
            [
              85.31034587113837,
              23.34632366131582
            ],
            [
              85.31298258988838,
              23.346399833190823
            ],
            [
              85.31302255625745,
              23.346398989413185
            ],
            [
              85.31306223882137,
              23.34639416067238
            ],
            [
              85.31310124124495,
              23.34638539519614
            ],
            [
              85.31313917398593,
              23.346372780530903
            ],
            [
              85.31317565818571,
              23.346356442667414
            ],
            [
              85.31321032945321,
              23.3463365447824
            ],
            [
              85.31324284150422,
              23.346313285608797
            ],
            [
              85.31327286962005,
              23.346286897450888
            ],
            [
              85.31330011389063,
              23.346257643864135
            ],
            [
              85.31332430220996,
              23.346225817022866
            ],
            [
              85.31334519299381,
              23.34619173480216
            ],
            [
              85.31336257759249,
              23.346155737603016
            ],
            [
              85.31337628237488,
              23.346118184952545
            ],
            [
              85.31338617046252,
              23.346079451913152
            ],
            [
              85.31339214309673,
              23.346039925336548
            ],
            [
              85.31339414062501,
              23.346
            ],
            [
              85.31339414062501,
              23.343005859375
            ],
            [
              85.31339221451567,
              23.342966652518868
            ],
            [
              85.31338645473717,
              23.342927823246196
            ],
            [
              85.3133769167593,
              23.3428897455041
            ],
            [
              85.31336369243802,
              23.342852786002055
            ],
            [
              85.31334690913074,
              23.34281730068027
            ],
            [
              85.31332672846993,
              23.342783631281794
            ],
            [
              85.31330334480636,
              23.342752102061336
            ],
            [
              85.31327698333749,
              23.342723016662525
            ],
            [
              85.31324789793868,
              23.342696655193656
            ],
            [
              85.31321636871822,
              23.34267327153008
            ],
            [
              85.31318269931974,
              23.342653090869263
            ],
            [
              85.31314721399795,
              23.342636307561996
            ],
            [
              85.31311025449591,
              23.34262308324071
            ],
            [
              85.31307217675382,
              23.34261354526284
            ],
            [
              85.31303334748114,
              23.342607785484333
            ],
            [
              85.31299414062501,
              23.342605859375002
            ],
            [
              85.31,
              23.342605859375002
            ],
            [
              85.30996079314387,
              23.342607785484333
            ],
            [
              85.30992196387119,
              23.34261354526284
            ],
            [
              85.3098838861291,
              23.34262308324071
            ],
            [
              85.30984692662706,
              23.342636307561996
            ],
            [
              85.30981144130527,
              23.342653090869263
            ],
            [
              85.3097777719068,
              23.34267327153008
            ],
            [
              85.30974624268633,
              23.342696655193656
            ],
            [
              85.30971715728752,
              23.342723016662525
            ],
            [
              85.30969079581865,
              23.342752102061336
            ],
            [
              85.30966741215508,
              23.342783631281794
            ],
            [
              85.30964723149427,
              23.34281730068027
            ],
            [
              85.309630448187,
              23.342852786002055
            ],
            [
              85.30961722386571,
              23.3428897455041
            ],
            [
              85.30960768588784,
              23.342927823246196
            ],
            [
              85.30960192610934,
              23.342966652518868
            ],
            [
              85.3096,
              23.343005859375
            ],
            [
              85.3096,
              23.3452265625
            ],
            [
              85.30960199797984,
              23.34526649233775
            ],
            [
              85.30960797195972,
              23.345306023280447
            ],
            [
              85.30961786226018,
              23.34534476041796
            ],
            [
              85.30963157007815,
              23.34538231677019
            ],
            [
              85.30964895847387,
              23.34541831715297
            ],
            [
              85.30966985373905,
              23.3454524019261
            ],
            [
              85.30969404713208,
              23.345484230586138
            ],
            [
              85.30972129696342,
              23.345513485167977
            ],
            [
              85.30975133100998,
              23.345539873421295
            ],
            [
              85.3097692013232,
              23.345552654969715
            ]
          ]
        ]
      }
    },
    {
      "type": "Feature",
      "properties": {
        "class": "parcel",
        "raw_confidence": 0.3445,
        "source_tile_id": "tile_0005"
      },
      "geometry": {
        "type": "Polygon",
        "coordinates": [
          [
            [
              85.32498748167308,
              23.343306054066375
            ],
            [
              85.32798162229808,
              23.343399804066376
            ],
            [
              85.32802165095097,
              23.343399052856103
            ],
            [
              85.3280614040093,
              23.343394303990763
            ],
            [
              85.32810048323257,
              23.343385605043817
            ],
            [
              85.32813849713064,
              23.34337304316008
            ],
            [
              85.32817506488564,
              23.34335674418273
            ],
            [
              85.328209820167,
              23.34333687139262
            ],
            [
              85.32824241480121,
              23.343313623872543
            ],
            [
              85.32827252225985,
              23.34328723451287
            ],
            [
              85.32829984093064,
              23.34325796767848
            ],
            [
              85.328324097139,
              23.34322611656037
            ],
            [
              85.32834504788968,
              23.343192000238545
            ],
            [
              85.32836248330102,
              23.343155960485483
            ],
            [
              85.32837622870753,
              23.34311835834234
            ],
            [
              85.32838614640966,
              23.343079570502063
            ],
            [
              85.3283921370533,
              23.343039985535754
            ],
            [
              85.32839414062501,
              23.343
            ],
            [
              85.32839414062501,
              23.340005859375
            ],
            [
              85.32839221451567,
              23.339966652518868
            ],
            [
              85.32838645473717,
              23.339927823246196
            ],
            [
              85.3283769167593,
              23.3398897455041
            ],
            [
              85.32836369243802,
              23.339852786002055
            ],
            [
              85.32834690913074,
              23.33981730068027
            ],
            [
              85.32832672846993,
              23.339783631281794
            ],
            [
              85.32830334480636,
              23.339752102061336
            ],
            [
              85.32827698333749,
              23.339723016662525
            ],
            [
              85.32824789793868,
              23.339696655193656
            ],
            [
              85.32821636871822,
              23.33967327153008
            ],
            [
              85.32818269931974,
              23.339653090869263
            ],
            [
              85.32814721399795,
              23.339636307561996
            ],
            [
              85.32811025449591,
              23.33962308324071
            ],
            [
              85.32807217675382,
              23.33961354526284
            ],
            [
              85.32803334748114,
              23.339607785484333
            ],
            [
              85.32799414062501,
              23.339605859375002
            ],
            [
              85.325,
              23.339605859375002
            ],
            [
              85.32496079314387,
              23.339607785484333
            ],
            [
              85.32492196387119,
              23.33961354526284
            ],
            [
              85.3248838861291,
              23.33962308324071
            ],
            [
              85.32484692662706,
              23.339636307561996
            ],
            [
              85.32481144130527,
              23.339653090869263
            ],
            [
              85.3247777719068,
              23.33967327153008
            ],
            [
              85.32474624268633,
              23.339696655193656
            ],
            [
              85.32471715728752,
              23.339723016662525
            ],
            [
              85.32469079581865,
              23.339752102061336
            ],
            [
              85.32466741215508,
              23.339783631281794
            ],
            [
              85.32464723149427,
              23.33981730068027
            ],
            [
              85.324630448187,
              23.339852786002055
            ],
            [
              85.32461722386572,
              23.3398897455041
            ],
            [
              85.32460768588784,
              23.339927823246196
            ],
            [
              85.32460192610934,
              23.339966652518868
            ],
            [
              85.3246,
              23.340005859375
            ],
            [
              85.3246,
              23.34290625
            ],
            [
              85.32460185017044,
              23.34294467802646
            ],
            [
              85.32460738356609,
              23.342982750560928
            ],
            [
              85.32461654899834,
              23.343020115400016
            ],
            [
              85.32462926167912,
              23.34305642688712
            ],
            [
              85.3246454040053,
              23.34309134911004
            ],
            [
              85.32466482664661,
              23.34312455900846
            ],
            [
              85.32468734992706,
              23.343155749362506
            ],
            [
              85.32471276548713,
              23.343184631634838
            ],
            [
              85.32474083821121,
              23.343210938639814
            ],
            [
              85.32477130840269,
              23.343234427015222
            ],
            [
              85.32480389418633,
              23.343254879473577
            ],
            [
              85.32483829411588,
              23.343272106812204
            ],
            [
              85.32487418996264,
              23.343285949663546
            ],
            [
              85.32491124965946,
              23.34329627996943
            ],
            [
              85.32494913037257,
              23.34330300216572
            ],
            [
              85.32498748167308,
              23.343306054066375
            ]
          ]
        ]
      }
    },
    {
      "type": "Feature",
      "properties": {
        "class": "parcel",
        "raw_confidence": 0.2742,
        "source_tile_id": "tile_0000"
      },
      "geometry": {
        "type": "Polygon",
        "coordinates": [
          [
            [
              85.3098390905202,
              23.34319628590661
            ],
            [
              85.3102258092702,
              23.34336620778161
            ],
            [
              85.31026450512887,
              23.34338087246003
            ],
            [
              85.31030450899584,
              23.343391460797935
            ],
            [
              85.31034539272414,
              23.34339785947216
            ],
            [
              85.31038671875,
              23.3434
            ],
            [
              85.31299414062501,
              23.3434
            ],
            [
              85.31303334748114,
              23.34339807389067
            ],
            [
              85.31307217675382,
              23.34339231411216
            ],
            [
              85.31311025449591,
              23.34338277613429
            ],
            [
              85.31314721399795,
              23.343369551813005
            ],
            [
              85.31318269931974,
              23.34335276850574
            ],
            [
              85.31321636871822,
              23.34333258784492
            ],
            [
              85.31324789793868,
              23.343309204181345
            ],
            [
              85.31327698333749,
              23.343282842712476
            ],
            [
              85.31330334480636,
              23.343253757313665
            ],
            [
              85.31332672846993,
              23.343222228093207
            ],
            [
              85.31334690913074,
              23.34318855869473
            ],
            [
              85.31336369243802,
              23.343153073372946
            ],
            [
              85.3133769167593,
              23.343116113870902
            ],
            [
              85.31338645473717,
              23.343078036128805
            ],
            [
              85.31339221451567,
              23.343039206856133
            ],
            [
              85.31339414062501,
              23.343
            ],
            [
              85.31339414062501,
              23.340005859375
            ],
            [
              85.31339221451567,
              23.339966652518868
            ],
            [
              85.31338645473717,
              23.339927823246196
            ],
            [
              85.3133769167593,
              23.3398897455041
            ],
            [
              85.31336369243802,
              23.339852786002055
            ],
            [
              85.31334690913074,
              23.33981730068027
            ],
            [
              85.31332672846993,
              23.339783631281794
            ],
            [
              85.31330334480636,
              23.339752102061336
            ],
            [
              85.31327698333749,
              23.339723016662525
            ],
            [
              85.31324789793868,
              23.339696655193656
            ],
            [
              85.31321636871822,
              23.33967327153008
            ],
            [
              85.31318269931974,
              23.339653090869263
            ],
            [
              85.31314721399795,
              23.339636307561996
            ],
            [
              85.31311025449591,
              23.33962308324071
            ],
            [
              85.31307217675382,
              23.33961354526284
            ],
            [
              85.31303334748114,
              23.339607785484333
            ],
            [
              85.31299414062501,
              23.339605859375002
            ],
            [
              85.31178125,
              23.339605859375002
            ],
            [
              85.31174959392703,
              23.339607454396756
            ],
            [
              85.311716796875,
              23.339605859375002
            ],
            [
              85.31,
              23.339605859375002
            ],
            [
              85.30996079314387,
              23.339607785484333
            ],
            [
              85.30992196387119,
              23.33961354526284
            ],
            [
              85.3098838861291,
              23.33962308324071
            ],
            [
              85.30984692662706,
              23.339636307561996
            ],
            [
              85.30981144130527,
              23.339653090869263
            ],
            [
              85.3097777719068,
              23.33967327153008
            ],
            [
              85.30974624268633,
              23.339696655193656
            ],
            [
              85.30971715728752,
              23.339723016662525
            ],
            [
              85.30969079581865,
              23.339752102061336
            ],
            [
              85.30966741215508,
              23.339783631281794
            ],
            [
              85.30964723149427,
              23.33981730068027
            ],
            [
              85.309630448187,
              23.339852786002055
            ],
            [
              85.30961722386571,
              23.3398897455041
            ],
            [
              85.30960768588784,
              23.339927823246196
            ],
            [
              85.30960192610934,
              23.339966652518868
            ],
            [
              85.3096,
              23.340005859375
            ],
            [
              85.3096,
              23.342830078125
            ],
            [
              85.30960185714454,
              23.342868578341207
            ],
            [
              85.30960741133325,
              23.342906721055083
            ],
            [
              85.30961661099144,
              23.342944152083962
            ],
            [
              85.30962937069366,
              23.34298052385369
            ],
            [
              85.30964557195685,
              23.343015498626098
            ],
            [
              85.30966506434056,
              23.34304875163515
            ],
            [
              85.30968766684394,
              23.34307997410262
            ],
            [
              85.3097131695864,
              23.343108876105333
            ],
            [
              85.30974133575656,
              23.343135189267308
            ],
            [
              85.30977190381114,
              23.34315866925182
            ],
            [
              85.30980458990368,
              23.343179098030244
            ],
            [
              85.3098390905202,
              23.34319628590661
            ]
          ]
        ]
      }
    },
    {
      "type": "Feature",
      "properties": {
        "class": "parcel",
        "raw_confidence": 0.3038,
        "source_tile_id": "tile_0009"
      },
      "geometry": {
        "type": "Polygon",
        "coordinates": [
          [
            [
              85.31897733377563,
              23.34627631041149
            ],
            [
              85.32114530252564,
              23.34639935728649
            ],
            [
              85.32118504751693,
              23.346399635228327
            ],
            [
              85.321224623883,
              23.34639596741773
            ],
            [
              85.32126364087114,
              23.34638839006841
            ],
            [
              85.32130171325159,
              23.346376977994446
            ],
            [
              85.32133846512109,
              23.346361843871644
            ],
            [
              85.3213735336143,
              23.346343137125018
            ],
            [
              85.32140657248648,
              23.346321042453482
            ],
            [
              85.32143725553213,
              23.34629577800623
            ],
            [
              85.32146527980574,
              23.346267593228873
            ],
            [
              85.32149036861284,
              23.346236766400573
            ],
            [
              85.32151227424201,
              23.34620360188646
            ],
            [
              85.32153078041054,
              23.34616842713256
            ],
            [
              85.32154570439988,
              23.346131589432748
            ],
            [
              85.32155689885977,
              23.34609345249982
            ],
            [
              85.32156425326296,
              23.346054392874386
            ],
            [
              85.32156769499665,
              23.346014796207168
            ],
            [
              85.32156719007922,
              23.345975053451305
            ],
            [
              85.32156274349596,
              23.345935557002317
            ],
            [
              85.32155439914969,
              23.345896696823846
            ],
            [
              85.32125340517037,
              23.344770756382694
            ],
            [
              85.32128455597828,
              23.343880733299446
            ],
            [
              85.32140813138243,
              23.343809791863734
            ],
            [
              85.32144097560253,
              23.343788743460426
            ],
            [
              85.32147161332784,
              23.343764595833985
            ],
            [
              85.32149975315953,
              23.343737578655222
            ],
            [
              85.32152512745645,
              23.34370794888757
            ],
            [
              85.32154749488082,
              23.343675988343097
            ],
            [
              85.32156664269351,
              23.343642001002152
            ],
            [
              85.32157463161536,
              23.34362389290299
            ],
            [
              85.32202224004807,
              23.343592371182375
            ],
            [
              85.322061947254,
              23.343587570309737
            ],
            [
              85.32210097651628,
              23.34357882804083
            ],
            [
              85.3221389376129,
              23.34356623178253
            ],
            [
              85.32217545100157,
              23.34354990747463
            ],
            [
              85.32221015161444,
              23.343530018330686
            ],
            [
              85.32224269250815,
              23.343506763206157
            ],
            [
              85.32227274833264,
              23.343480374610227
            ],
            [
              85.322300018584,
              23.343451116381118
            ],
            [
              85.32232423060907,
              23.3434192810482
            ],
            [
              85.3223451423314,
              23.34338518690721
            ],
            [
              85.32236254467158,
              23.34334917483789
            ],
            [
              85.32237626363768,
              23.343311604895792
            ],
            [
              85.32238616206487,
              23.343272852712378
            ],
            [
              85.32239214098678,
              23.343233305739382
            ],
            [
              85.32239414062501,
              23.343193359375
            ],
            [
              85.32239414062501,
              23.343005859375
            ],
            [
              85.32239221451567,
              23.342966652518868
            ],
            [
              85.32238645473717,
              23.342927823246196
            ],
            [
              85.3223769167593,
              23.3428897455041
            ],
            [
              85.32236369243802,
              23.342852786002055
            ],
            [
              85.32234690913074,
              23.34281730068027
            ],
            [
              85.32232672846993,
              23.342783631281794
            ],
            [
              85.32230334480636,
              23.342752102061336
            ],
            [
              85.32227698333749,
              23.342723016662525
            ],
            [
              85.32224789793868,
              23.342696655193656
            ],
            [
              85.32221636871822,
              23.34267327153008
            ],
            [
              85.32218269931974,
              23.342653090869263
            ],
            [
              85.32214721399795,
              23.342636307561996
            ],
            [
              85.32211025449591,
              23.34262308324071
            ],
            [
              85.32207217675382,
              23.34261354526284
            ],
            [
              85.32203334748114,
              23.342607785484333
            ],
            [
              85.32199414062501,
              23.342605859375002
            ],
            [
              85.319,
              23.342605859375002
            ],
            [
              85.31896079314387,
              23.342607785484333
            ],
            [
              85.31892196387119,
              23.34261354526284
            ],
            [
              85.3188838861291,
              23.34262308324071
            ],
            [
              85.31884692662706,
              23.342636307561996
            ],
            [
              85.31881144130527,
              23.342653090869263
            ],
            [
              85.3187777719068,
              23.34267327153008
            ],
            [
              85.31874624268633,
              23.342696655193656
            ],
            [
              85.31871715728752,
              23.342723016662525
            ],
            [
              85.31869079581865,
              23.342752102061336
            ],
            [
              85.31866741215508,
              23.342783631281794
            ],
            [
              85.31864723149427,
              23.34281730068027
            ],
            [
              85.318630448187,
              23.342852786002055
            ],
            [
              85.31861722386572,
              23.3428897455041
            ],
            [
              85.31860768588784,
              23.342927823246196
            ],
            [
              85.31860192610934,
              23.342966652518868
            ],
            [
              85.3186,
              23.343005859375
            ],
            [
              85.3186,
              23.345876953125
            ],
            [
              85.31860203604815,
              23.34591726060605
            ],
            [
              85.31860812346514,
              23.345957157747236
            ],
            [
              85.3186182002796,
              23.34599623838606
            ],
            [
              85.31863216390714,
              23.34603410467221
            ],
            [
              85.31864987219467,
              23.346070371117772
            ],
            [
              85.31867114486754,
              23.3461046685216
            ],
            [
              85.31869576536482,
              23.34613664772787
            ],
            [
              85.31872348304395,
              23.34616598318056
            ],
            [
              85.31875401573227,
              23.3461923762377
            ],
            [
              85.31878705259965,
              23.34621555821161
            ],
            [
              85.31882225732282,
              23.346235293104222
            ],
            [
              85.31885927150925,
              23.346251380009573
            ],
            [
              85.3188977183456,
              23.346263655159092
            ],
            [
              85.3189372064338,
              23.346271993588807
            ],
            [
              85.31897733377563,
              23.34627631041149
            ]
          ]
        ]
      }
    },
    {
      "type": "Feature",
      "properties": {
        "class": "parcel",
        "raw_confidence": 0.3027,
        "source_tile_id": "tile_0003"
      },
      "geometry": {
        "type": "Polygon",
        "coordinates": [
          [
            [
              85.3186495919688,
              23.34026412139625
            ],
            [
              85.31863198176922,
              23.34030030670881
            ],
            [
              85.3186180965949,
              23.34033807836364
            ],
            [
              85.3186080769895,
              23.340377054041724
            ],
            [
              85.31860202436997,
              23.340416839237104
            ],
            [
              85.3186,
              23.34045703125
            ],
            [
              85.3186,
              23.340556640625
            ],
            [
              85.31860188647835,
              23.340595442994516
            ],
            [
              85.3186075281194,
              23.340633879364884
            ],
            [
              85.31861687170898,
              23.3406715871892
            ],
            [
              85.3186298291147,
              23.34070821079249
            ],
            [
              85.31864627811721,
              23.34074340472658
            ],
            [
              85.31866201630649,
              23.340769998208376
            ],
            [
              85.31866627963784,
              23.340798739253806
            ],
            [
              85.31867581761571,
              23.340836816995903
            ],
            [
              85.31868904193699,
              23.340873776497947
            ],
            [
              85.31870582524427,
              23.340909261819732
            ],
            [
              85.31872600590508,
              23.34094293121821
            ],
            [
              85.31874938956865,
              23.340974460438666
            ],
            [
              85.3187731537435,
              23.34100068016514
            ],
            [
              85.3187744356733,
              23.34100914090177
            ],
            [
              85.31878280221629,
              23.341049908222363
            ],
            [
              85.3187953592654,
              23.341089585596112
            ],
            [
              85.31880993142184,
              23.341123058732585
            ],
            [
              85.31879666061512,
              23.34113411773818
            ],
            [
              85.31876693268005,
              23.341161553804668
            ],
            [
              85.31874012793877,
              23.341191852215733
            ],
            [
              85.31871652055148,
              23.34122470307773
            ],
            [
              85.31870073335116,
              23.34125215244732
            ],
            [
              85.3186921590797,
              23.341264904822854
            ],
            [
              85.31865700282971,
              23.34132349857285
            ],
            [
              85.31863988200378,
              23.341355184759404
            ],
            [
              85.31862568069293,
              23.34138828249149
            ],
            [
              85.31861451402871,
              23.34142252344225
            ],
            [
              85.31860647254047,
              23.341457630016645
            ],
            [
              85.31860162142138,
              23.341493317601916
            ],
            [
              85.3186,
              23.341529296875
            ],
            [
              85.3186,
              23.34169921875
            ],
            [
              85.31860212127408,
              23.341740358991405
            ],
            [
              85.31860846259731,
              23.34178106288417
            ],
            [
              85.31861895671128,
              23.34182089870773
            ],
            [
              85.31863349231149,
              23.34185944394859
            ],
            [
              85.31865191522802,
              23.34189628978164
            ],
            [
              85.31867403006056,
              23.34193104540633
            ],
            [
              85.31868352869391,
              23.341943041849188
            ],
            [
              85.3186608006784,
              23.341979406674003
            ],
            [
              85.31864256100056,
              23.342011858591476
            ],
            [
              85.31862741721984,
              23.342045865630464
            ],
            [
              85.31861550050154,
              23.342081133244783
            ],
            [
              85.31860691406025,
              23.34211735596999
            ],
            [
              85.318601732266,
              23.3421542200691
            ],
            [
              85.3186,
              23.34219140625
            ],
            [
              85.3186,
              23.342794921875
            ],
            [
              85.31860203428657,
              23.342835211959724
            ],
            [
              85.31860811645464,
              23.342875092236554
            ],
            [
              85.31861818463986,
              23.34291415706594
            ],
            [
              85.31863213643436,
              23.342952009102593
            ],
            [
              85.3186498299284,
              23.342988263337066
            ],
            [
              85.3186710851538,
              23.343022551011853
            ],
            [
              85.31869568591445,
              23.343054523372167
            ],
            [
              85.31872338198536,
              23.343083855213298
            ],
            [
              85.31875389165783,
              23.343110248188395
            ],
            [
              85.31899412603283,
              23.343297748188395
            ],
            [
              85.31902386404383,
              23.34331884999479
            ],
            [
              85.31905540014031,
              23.343337156008808
            ],
            [
              85.31908847225034,
              23.343352514103398
            ],
            [
              85.31912280553733,
              23.343364796649382
            ],
            [
              85.31915811468403,
              23.343373901576076
            ],
            [
              85.31919410626361,
              23.34337975321952
            ],
            [
              85.31923048117802,
              23.34338230295126
            ],
            [
              85.31995118430302,
              23.34339988107626
            ],
            [
              85.31999114345065,
              23.343398857870106
            ],
            [
              85.32002613958032,
              23.343394440057473
            ],
            [
              85.32005063689387,
              23.34339807389067
            ],
            [
              85.32008984375,
              23.3434
            ],
            [
              85.320130859375,
              23.3434
            ],
            [
              85.32016923244909,
              23.34339815512955
            ],
            [
              85.32020725155643,
              23.343392637535924
            ],
            [
              85.32024456599537,
              23.34338349811536
            ],
            [
              85.32028083156439,
              23.34337082117309
            ],
            [
              85.3203157137371,
              23.34335472364569
            ],
            [
              85.32034813174006,
              23.343335797151525
            ],
            [
              85.3203725458867,
              23.343341293860494
            ],
            [
              85.32041098187078,
              23.34334610689311
            ],
            [
              85.3204497031766,
              23.343347179567004
            ],
            [
              85.3204677074605,
              23.343345931986555
            ],
            [
              85.3204810332154,
              23.34334860206702
            ],
            [
              85.3205010531742,
              23.34335067744264
            ],
            [
              85.32053630146643,
              23.34336787608424
            ],
            [
              85.32057414700714,
              23.343381822486695
            ],
            [
              85.32061320462996,
              23.34339188673982
            ],
            [
              85.3206530772197,
              23.343397966516136
            ],
            [
              85.320693359375,
              23.3434
            ],
            [
              85.3207578125,
              23.3434
            ],
            [
              85.32079758973971,
              23.343398017300128
            ],
            [
              85.32083697264778,
              23.343392088856003
            ],
            [
              85.32087557080179,
              23.343382273439257
            ],
            [
              85.32091300155894,
              23.343368668355012
            ],
            [
              85.32094889384945,
              23.343351408477268
            ],
            [
              85.32098289185512,
              23.343330664911807
            ],
            [
              85.32101465853675,
              23.343306643299954
            ],
            [
              85.32104387897536,
              23.343279581779942
            ],
            [
              85.32107026349415,
              23.343249748626135
            ],
            [
              85.32109355053021,
              23.34321743958948
            ],
            [
              85.32110620912795,
              23.343195580757538
            ],
            [
              85.32112555659502,
              23.343169493718054
            ],
            [
              85.3211457372558,
              23.343135824319596
            ],
            [
              85.32116252056305,
              23.343100338997832
            ],
            [
              85.32116488339545,
              23.34309373532366
            ],
            [
              85.32152155401306,
              23.343038084588997
            ],
            [
              85.32159940244713,
              23.343166429304617
            ],
            [
              85.3216215164543,
              23.34319913124382
            ],
            [
              85.32164674628034,
              23.343229494083275
            ],
            [
              85.32167484617943,
              23.343257222080155
            ],
            [
              85.3217055424505,
              23.343282045155785
            ],
            [
              85.32173853610298,
              23.343303721526244
            ],
            [
              85.32177350576922,
              23.343322040057433
            ],
            [
              85.32181011083453,
              23.343336822321582
            ],
            [
              85.32184799475507,
              23.343347924335166
            ],
            [
              85.3218867885305,
              23.343355237961376
            ],
            [
              85.32192611429828,
              23.343358691963385
            ],
            [
              85.32196558901407,
              23.343358252698213
            ],
            [
              85.32200482818277,
              23.343353924444433
            ],
            [
              85.32204344960356,
              23.34334574936048
            ],
            [
              85.32208107709265,
              23.34333380707404
            ],
            [
              85.32211734414746,
              23.343318213906414
            ],
            [
              85.3221518975164,
              23.34329912173956
            ],
            [
              85.32218440063971,
              23.343276716536685
            ],
            [
              85.32221453692759,
              23.343251216530927
            ],
            [
              85.32224201284392,
              23.343222870099698
            ],
            [
              85.32226656076531,
              23.34319195334541
            ],
            [
              85.32228794158797,
              23.343158767406166
            ],
            [
              85.32230594705649,
              23.343123635522588
            ],
            [
              85.32232040179244,
              23.343086899889347
            ],
            [
              85.32233116500251,
              23.343048918322108
            ],
            [
              85.32233813184993,
              23.34301006077229
            ],
            [
              85.3223412344756,
              23.342970705723634
            ],
            [
              85.3223939688506,
              23.341171877598633
            ],
            [
              85.32239303564397,
              23.34113044490798
            ],
            [
              85.32238782045206,
              23.3410893311572
            ],
            [
              85.32237837925797,
              23.341048977686672
            ],
            [
              85.32236481340928,
              23.34100981767545
            ],
            [
              85.32234726853021,
              23.34097227149125
            ],
            [
              85.3223259329583,
              23.340936742177988
            ],
            [
              85.32230103572275,
              23.340903611129235
            ],
            [
              85.32215464516851,
              23.34072848971857
            ],
            [
              85.32214769038075,
              23.340713785055293
            ],
            [
              85.32212750971993,
              23.340680115656816
            ],
            [
              85.32210412605636,
              23.340648586436362
            ],
            [
              85.32210304914683,
              23.340647398249796
            ],
            [
              85.32208654793135,
              23.340625148936336
            ],
            [
              85.32206500048778,
              23.340601374995945
            ],
            [
              85.322066015625,
              23.340580078125
            ],
            [
              85.322066015625,
              23.340568359375
            ],
            [
              85.32206408541238,
              23.340529110879796
            ],
            [
              85.32205877362436,
              23.340493340383468
            ],
            [
              85.32205823014067,
              23.340482277518866
            ],
            [
              85.32205247036217,
              23.340443448246194
            ],
            [
              85.32204293238429,
              23.340405370504097
            ],
            [
              85.32202970806301,
              23.340368411002054
            ],
            [
              85.32201292475574,
              23.34033292568027
            ],
            [
              85.32199274409493,
              23.340299256281792
            ],
            [
              85.32196936043135,
              23.340267727061335
            ],
            [
              85.32194299896248,
              23.340238641662523
            ],
            [
              85.32191391356368,
              23.340212280193654
            ],
            [
              85.32188238434321,
              23.34018889653008
            ],
            [
              85.32184871494474,
              23.34016871586926
            ],
            [
              85.32181322962295,
              23.340151932561994
            ],
            [
              85.3217762701209,
              23.34013870824071
            ],
            [
              85.32173819237882,
              23.340129170262838
            ],
            [
              85.32172354759638,
              23.340126997914574
            ],
            [
              85.3217234587452,
              23.340126966141256
            ],
            [
              85.32168536330116,
              23.340117432687194
            ],
            [
              85.32164651662374,
              23.340111680708656
            ],
            [
              85.3216319129756,
              23.34011096769445
            ],
            [
              85.3216164373759,
              23.340097307245895
            ],
            [
              85.3215836581495,
              23.340073792670065
            ],
            [
              85.32154867712849,
              23.340053699359544
            ],
            [
              85.32151185011638,
              23.34003723169004
            ],
            [
              85.32147355169293,
              23.34002455715967
            ],
            [
              85.32143417140406,
              23.34001580468528
            ],
            [
              85.32139410979974,
              23.340011063291183
            ],
            [
              85.32135377435979,
              23.340010381203665
            ],
            [
              85.32131357534934,
              23.34001376536047
            ],
            [
              85.32129782699548,
              23.340016710595414
            ],
            [
              85.32129839579551,
              23.340000083402142
            ],
            [
              85.3212959441502,
              23.33996126718898
            ],
            [
              85.32128973430567,
              23.339922872569563
            ],
            [
              85.32127982497248,
              23.33988526254318
            ],
            [
              85.32126630983771,
              23.339848792691228
            ],
            [
              85.3212493166793,
              23.339813807815407
            ],
            [
              85.32122900615786,
              23.33978063867782
            ],
            [
              85.32120557029785,
              23.339749598873784
            ],
            [
              85.32117923067199,
              23.33972098186699
            ],
            [
              85.32115023630642,
              23.339695058214954
            ],
            [
              85.32111886132641,
              23.33967207301106
            ],
            [
              85.32108540236452,
              23.33965224356733
            ],
            [
              85.32105017575621,
              23.339635757359872
            ],
            [
              85.32101351454902,
              23.3396227702564
            ],
            [
              85.32097576535381,
              23.33961340504259
            ],
            [
              85.32093728506773,
              23.339607750261212
            ],
            [
              85.3208984375,
              23.339605859375002
            ],
            [
              85.31987890625,
              23.339605859375002
            ],
            [
              85.31983932689502,
              23.339607822348256
            ],
            [
              85.31980013600612,
              23.339613692001702
            ],
            [
              85.31976171823663,
              23.339623410725476
            ],
            [
              85.31972445065182,
              23.339636883131604
            ],
            [
              85.31968869902805,
              23.339653976990217
            ],
            [
              85.31965481426273,
              23.339674524527386
            ],
            [
              85.3196231289303,
              23.339698324071772
            ],
            [
              85.31959395401806,
              23.33972514203404
            ],
            [
              85.31956757587388,
              23.33975471519947
            ],
            [
              85.31954425339569,
              23.339786753311397
            ],
            [
              85.31952421549053,
              23.339820941920042
            ],
            [
              85.31950765882775,
              23.339856945468778
            ],
            [
              85.31949474590876,
              23.33989441058759
            ],
            [
              85.31948635643064,
              23.33992979389731
            ],
            [
              85.31948606411217,
              23.339927823246196
            ],
            [
              85.3194765261343,
              23.3398897455041
            ],
            [
              85.31946330181302,
              23.339852786002055
            ],
            [
              85.31944651850574,
              23.33981730068027
            ],
            [
              85.31942633784493,
              23.339783631281794
            ],
            [
              85.31940295418136,
              23.339752102061336
            ],
            [
              85.31937659271249,
              23.339723016662525
            ],
            [
              85.31934750731368,
              23.339696655193656
            ],
            [
              85.31931597809321,
              23.33967327153008
            ],
            [
              85.31928230869474,
              23.339653090869263
            ],
            [
              85.31924682337295,
              23.339636307561996
            ],
            [
              85.31920986387091,
              23.33962308324071
            ],
            [
              85.31917178612882,
              23.33961354526284
            ],
            [
              85.31913295685614,
              23.339607785484333
            ],
            [
              85.31909375000001,
              23.339605859375002
            ],
            [
              85.319,
              23.339605859375002
            ],
            [
              85.31896079314387,
              23.339607785484333
            ],
            [
              85.31892196387119,
              23.33961354526284
            ],
            [
              85.3188838861291,
              23.33962308324071
            ],
            [
              85.31884692662706,
              23.339636307561996
            ],
            [
              85.31881144130527,
              23.339653090869263
            ],
            [
              85.3187777719068,
              23.33967327153008
            ],
            [
              85.31874624268633,
              23.339696655193656
            ],
            [
              85.31871715728752,
              23.339723016662525
            ],
            [
              85.31869079581865,
              23.339752102061336
            ],
            [
              85.31866741215508,
              23.339783631281794
            ],
            [
              85.31864723149427,
              23.33981730068027
            ],
            [
              85.318630448187,
              23.339852786002055
            ],
            [
              85.31861722386572,
              23.3398897455041
            ],
            [
              85.31860768588784,
              23.339927823246196
            ],
            [
              85.31860192610934,
              23.339966652518868
            ],
            [
              85.3186,
              23.340005859375
            ],
            [
              85.3186,
              23.340029296875
            ],
            [
              85.31860192610934,
              23.340068503731132
            ],
            [
              85.31860768588784,
              23.340107333003804
            ],
            [
              85.31861722386572,
              23.3401454107459
            ],
            [
              85.31862689644979,
              23.340172443807415
            ],
            [
              85.31863480199071,
              23.340204004495924
            ],
            [
              85.318648026312,
              23.340240963997974
            ],
            [
              85.31865490954657,
              23.340255517374697
            ],
            [
              85.3186495919688,
              23.34026412139625
            ]
          ]
        ]
      }
    },
    {
      "type": "Feature",
      "properties": {
        "class": "parcel",
        "raw_confidence": 0.2605,
        "source_tile_id": "tile_0010"
      },
      "geometry": {
        "type": "Polygon",
        "coordinates": [
          [
            [
              85.32234844973522,
              23.34426988875871
            ],
            [
              85.32233772970905,
              23.344306534028668
            ],
            [
              85.32233055242294,
              23.34434403444647
            ],
            [
              85.3223269832707,
              23.34438204833766
            ],
            [
              85.32232705477166,
              23.344420229349417
            ],
            [
              85.32233076627435,
              23.344458229606246
            ],
            [
              85.32233808396246,
              23.34449570287955
            ],
            [
              85.32234894116296,
              23.344532307742185
            ],
            [
              85.32236323895353,
              23.344567710679296
            ],
            [
              85.32256831707852,
              23.345013023179295
            ],
            [
              85.3225871874884,
              23.345049055126907
            ],
            [
              85.32259889401912,
              23.34506676168943
            ],
            [
              85.32259411133063,
              23.345069262711167
            ],
            [
              85.32256084981024,
              23.345091119610625
            ],
            [
              85.32252992501712,
              23.34511617375124
            ],
            [
              85.32250164311691,
              23.34514417708876
            ],
            [
              85.32247628410975,
              23.345174852380897
            ],
            [
              85.32245409905818,
              23.34520789593214
            ],
            [
              85.32243530760154,
              23.345242980600432
            ],
            [
              85.32242009578144,
              23.34527975903598
            ],
            [
              85.32240861419992,
              23.34531786712013
            ],
            [
              85.32240097652841,
              23.345356927570283
            ],
            [
              85.32239725838242,
              23.34539655367509
            ],
            [
              85.32239731615856,
              23.345406207542297
            ],
            [
              85.32238491456133,
              23.345415405193656
            ],
            [
              85.32237207544252,
              23.34542704189264
            ],
            [
              85.32233992712092,
              23.345412575147925
            ],
            [
              85.3223025316338,
              23.345397956955022
            ],
            [
              85.32229497868427,
              23.345395848520305
            ],
            [
              85.32229402744473,
              23.34539527836926
            ],
            [
              85.32225854212294,
              23.345378495061993
            ],
            [
              85.3222215826209,
              23.345365270740707
            ],
            [
              85.32219655258378,
              23.345359001042794
            ],
            [
              85.32218797188023,
              23.345354950906742
            ],
            [
              85.32215106990944,
              23.345341772564396
            ],
            [
              85.32211305558471,
              23.34533226807759
            ],
            [
              85.32207429370672,
              23.345326528655196
            ],
            [
              85.32203515625,
              23.345324609375
            ],
            [
              85.322,
              23.345324609375
            ],
            [
              85.32196079314387,
              23.345326535484332
            ],
            [
              85.32192196387119,
              23.34533229526284
            ],
            [
              85.3218838861291,
              23.34534183324071
            ],
            [
              85.32184692662706,
              23.345355057561996
            ],
            [
              85.32181144130527,
              23.345371840869262
            ],
            [
              85.3217777719068,
              23.34539202153008
            ],
            [
              85.32174624268633,
              23.345415405193656
            ],
            [
              85.32171715728752,
              23.345441766662525
            ],
            [
              85.32169079581865,
              23.345470852061336
            ],
            [
              85.32166741215508,
              23.345502381281793
            ],
            [
              85.32164723149427,
              23.34553605068027
            ],
            [
              85.321630448187,
              23.345571536002055
            ],
            [
              85.32161722386572,
              23.3456084955041
            ],
            [
              85.32160768588784,
              23.345646573246196
            ],
            [
              85.32160192610934,
              23.345685402518868
            ],
            [
              85.3216,
              23.345724609375
            ],
            [
              85.3216,
              23.3457890625
            ],
            [
              85.32160192610934,
              23.345828269356133
            ],
            [
              85.32160768588784,
              23.345867098628805
            ],
            [
              85.32161722386572,
              23.345905176370902
            ],
            [
              85.321630448187,
              23.345942135872946
            ],
            [
              85.32164723149427,
              23.34597762119473
            ],
            [
              85.32166741215508,
              23.346011290593207
            ],
            [
              85.32169079581865,
              23.346042819813665
            ],
            [
              85.32171715728752,
              23.346071905212476
            ],
            [
              85.32174624268633,
              23.346098266681345
            ],
            [
              85.3217777719068,
              23.34612165034492
            ],
            [
              85.32181144130527,
              23.34614183100574
            ],
            [
              85.32184692662706,
              23.346158614313005
            ],
            [
              85.32185049787125,
              23.34615989212461
            ],
            [
              85.32186366741885,
              23.346187881843736
            ],
            [
              85.32188382211102,
              23.346221647933785
            ],
            [
              85.32190719492196,
              23.34625327185134
            ],
            [
              85.32193355995928,
              23.346282447959048
            ],
            [
              85.32196266241137,
              23.346308894277048
            ],
            [
              85.32199422101023,
              23.346332355208204
            ],
            [
              85.32202793074981,
              23.346352604008423
            ],
            [
              85.32206346583382,
              23.346369444978055
            ],
            [
              85.32210048282444,
              23.346382715353286
            ],
            [
              85.32213862396159,
              23.346392286879222
            ],
            [
              85.32217752062066,
              23.346398067049435
            ],
            [
              85.322216796875,
              23.3464
            ],
            [
              85.32237500000001,
              23.3464
            ],
            [
              85.32241422998902,
              23.3463980716116
            ],
            [
              85.32245308172475,
              23.346392305039814
            ],
            [
              85.32249118060102,
              23.346382755885585
            ],
            [
              85.32252815927066,
              23.34636951622131
            ],
            [
              85.32254258457456,
              23.346362688943984
            ],
            [
              85.32257527617219,
              23.34635842517005
            ],
            [
              85.32261397629213,
              23.34634940139955
            ],
            [
              85.32261408372682,
              23.34634936478465
            ],
            [
              85.32264836139623,
              23.346366504560418
            ],
            [
              85.32268690821304,
              23.346381041507055
            ],
            [
              85.3227267457939,
              23.34639153660376
            ],
            [
              85.32276745156668,
              23.34639787852512
            ],
            [
              85.32280859375,
              23.3464
            ],
            [
              85.322884765625,
              23.3464
            ],
            [
              85.32292495763792,
              23.34639797563003
            ],
            [
              85.32294925777383,
              23.34639427879064
            ],
            [
              85.32297319406608,
              23.346397946663494
            ],
            [
              85.323013671875,
              23.3464
            ],
            [
              85.32499414062501,
              23.3464
            ],
            [
              85.32503334748114,
              23.34639807389067
            ],
            [
              85.32507217675382,
              23.346392314112162
            ],
            [
              85.32511025449591,
              23.34638277613429
            ],
            [
              85.32514721399795,
              23.346369551813005
            ],
            [
              85.32518269931974,
              23.34635276850574
            ],
            [
              85.32521636871822,
              23.34633258784492
            ],
            [
              85.32524789793868,
              23.346309204181345
            ],
            [
              85.32527698333749,
              23.346282842712476
            ],
            [
              85.32530334480636,
              23.346253757313665
            ],
            [
              85.32532672846993,
              23.346222228093207
            ],
            [
              85.32534690913074,
              23.34618855869473
            ],
            [
              85.32536369243802,
              23.346153073372946
            ],
            [
              85.3253769167593,
              23.346116113870902
            ],
            [
              85.32538645473717,
              23.346078036128805
            ],
            [
              85.32539221451567,
              23.346039206856133
            ],
            [
              85.32539414062501,
              23.346
            ],
            [
              85.32539414062501,
              23.343005859375
            ],
            [
              85.32539221451567,
              23.342966652518868
            ],
            [
              85.32538645473717,
              23.342927823246196
            ],
            [
              85.3253769167593,
              23.3428897455041
            ],
            [
              85.32536369243802,
              23.342852786002055
            ],
            [
              85.32534690913074,
              23.34281730068027
            ],
            [
              85.32532672846993,
              23.342783631281794
            ],
            [
              85.32530334480636,
              23.342752102061336
            ],
            [
              85.32527698333749,
              23.342723016662525
            ],
            [
              85.32524789793868,
              23.342696655193656
            ],
            [
              85.32521636871822,
              23.34267327153008
            ],
            [
              85.32518269931974,
              23.342653090869263
            ],
            [
              85.32514721399795,
              23.342636307561996
            ],
            [
              85.32511025449591,
              23.34262308324071
            ],
            [
              85.32507217675382,
              23.34261354526284
            ],
            [
              85.32503334748114,
              23.342607785484333
            ],
            [
              85.32499414062501,
              23.342605859375002
            ],
            [
              85.323875,
              23.342605859375002
            ],
            [
              85.32383618989172,
              23.34260774660769
            ],
            [
              85.32379774600196,
              23.342613390497526
            ],
            [
              85.32376003109356,
              23.34262273778784
            ],
            [
              85.32375795336648,
              23.34262347304531
            ],
            [
              85.32371973906905,
              23.34261376121882
            ],
            [
              85.32368037885219,
              23.342607839738253
            ],
            [
              85.323640625,
              23.342605859375002
            ],
            [
              85.322,
              23.342605859375002
            ],
            [
              85.32196079314387,
              23.342607785484333
            ],
            [
              85.32192196387119,
              23.34261354526284
            ],
            [
              85.3218838861291,
              23.34262308324071
            ],
            [
              85.32184692662706,
              23.342636307561996
            ],
            [
              85.32181144130527,
              23.342653090869263
            ],
            [
              85.3217777719068,
              23.34267327153008
            ],
            [
              85.32174624268633,
              23.342696655193656
            ],
            [
              85.32171715728752,
              23.342723016662525
            ],
            [
              85.32169079581865,
              23.342752102061336
            ],
            [
              85.32166741215508,
              23.342783631281794
            ],
            [
              85.32164723149427,
              23.34281730068027
            ],
            [
              85.321630448187,
              23.342852786002055
            ],
            [
              85.32161722386572,
              23.3428897455041
            ],
            [
              85.32160768588784,
              23.342927823246196
            ],
            [
              85.32160192610934,
              23.342966652518868
            ],
            [
              85.3216,
              23.343005859375
            ],
            [
              85.3216,
              23.343884765625
            ],
            [
              85.32160192167918,
              23.343923927474837
            ],
            [
              85.32160766825241,
              23.343962713042117
            ],
            [
              85.32161718450439,
              23.34400074965976
            ],
            [
              85.32163037899917,
              23.34403767185689
            ],
            [
              85.32164712495886,
              23.344073124870416
            ],
            [
              85.32166726148161,
              23.344106768053752
            ],
            [
              85.32169059508774,
              23.344138278149877
            ],
            [
              85.32171690157875,
              23.344167352397314
            ],
            [
              85.32174592819146,
              23.344193711439186
            ],
            [
              85.32177739602668,
              23.344217102007384
            ],
            [
              85.32181100272896,
              23.34423729935607
            ],
            [
              85.32184642539187,
              23.344254109421122
            ],
            [
              85.32188332366037,
              23.344267370684783
            ],
            [
              85.32192134300135,
              23.34427695572758
            ],
            [
              85.3219601181099,
              23.344282772452633
            ],
            [
              85.32199927641945,
              23.34428476497054
            ],
            [
              85.32203844168143,
              23.344282914136397
            ],
            [
              85.32207723758052,
              23.34427723773376
            ],
            [
              85.32211529135037,
              23.34426779030375
            ],
            [
              85.32215223735528,
              23.344254662621008
            ],
            [
              85.32218772060344,
              23.344237980821514
            ],
            [
              85.32222140015772,
              23.344217905190593
            ],
            [
              85.32225295241165,
              23.344194628622862
            ],
            [
              85.32228207419868,
              23.344168374768792
            ],
            [
              85.32230848570515,
              23.344139395885808
            ],
            [
              85.32233134488804,
              23.344108758845
            ],
            [
              85.32237628423768,
              23.344207889763318
            ],
            [
              85.32236261482896,
              23.34423443251962
            ],
            [
              85.32234844973522,
              23.34426988875871
            ]
          ]
        ]
      }
    },
    {
      "type": "Feature",
      "properties": {
        "class": "parcel",
        "raw_confidence": 0.2564,
        "source_tile_id": "tile_0013"
      },
      "geometry": {
        "type": "Polygon",
        "coordinates": [
          [
            [
              85.31273667397974,
              23.347362959795834
            ],
            [
              85.31273095791511,
              23.34740094487634
            ],
            [
              85.3127289117791,
              23.347439303096625
            ],
            [
              85.31273055444146,
              23.347477680712448
            ],
            [
              85.31273587075331,
              23.347515723800704
            ],
            [
              85.312744811687,
              23.34755308152334
            ],
            [
              85.31275729478813,
              23.347589409362833
            ],
            [
              85.31277320493601,
              23.34762437229936
            ],
            [
              85.31279239540527,
              23.347657647900416
            ],
            [
              85.31281468921904,
              23.347688929294293
            ],
            [
              85.31282385825985,
              23.347699484031512
            ],
            [
              85.31282098346463,
              23.347709744735422
            ],
            [
              85.31281418094775,
              23.347747992721565
            ],
            [
              85.3128111207941,
              23.34778672020715
            ],
            [
              85.31281183186823,
              23.34782556189936
            ],
            [
              85.31281630746305,
              23.347864151428137
            ],
            [
              85.31282450536297,
              23.347902124801927
            ],
            [
              85.31283634824219,
              23.347939123840995
            ],
            [
              85.31285172439402,
              23.347974799555907
            ],
            [
              85.31287048878461,
              23.348008815439346
            ],
            [
              85.31289246442084,
              23.348040850640174
            ],
            [
              85.31291744401993,
              23.34807060298983
            ],
            [
              85.31294519196449,
              23.348097791852485
            ],
            [
              85.31299792633949,
              23.348144666852484
            ],
            [
              85.3130268490225,
              23.34816806152265
            ],
            [
              85.31305781997482,
              23.348188668130774
            ],
            [
              85.31309057133015,
              23.348206308451317
            ],
            [
              85.31312481982363,
              23.348220829914005
            ],
            [
              85.31316026924173,
              23.34823210692342
            ],
            [
              85.31319661298416,
              23.348240041945253
            ],
            [
              85.31323353671566,
              23.34824456634989
            ],
            [
              85.31325986451283,
              23.348245327242932
            ],
            [
              85.31327449547113,
              23.348272016107696
            ],
            [
              85.31329703233345,
              23.34830487875474
            ],
            [
              85.31332272708003,
              23.348335335999064
            ],
            [
              85.3133513247124,
              23.348363085578466
            ],
            [
              85.31338254142341,
              23.348387852101997
            ],
            [
              85.31339892394118,
              23.348398376517178
            ],
            [
              85.31336182805448,
              23.34840502742552
            ],
            [
              85.3133249771398,
              23.34841534989394
            ],
            [
              85.31328928133541,
              23.348429146734794
            ],
            [
              85.31325506737916,
              23.348446291660146
            ],
            [
              85.31316131737915,
              23.348499026035146
            ],
            [
              85.31312943463104,
              23.348518989524287
            ],
            [
              85.31309956821711,
              23.34854185976357
            ],
            [
              85.31307198227789,
              23.348567434487098
            ],
            [
              85.31304692078525,
              23.34859548751033
            ],
            [
              85.31302460538467,
              23.34862577073049
            ],
            [
              85.31300523343504,
              23.34865801632078
            ],
            [
              85.31296421781003,
              23.348734188195778
            ],
            [
              85.3129475330306,
              23.348769126644694
            ],
            [
              85.31293430430983,
              23.34880551452763
            ],
            [
              85.31292465559069,
              23.348843010918074
            ],
            [
              85.31291867727427,
              23.34888126450366
            ],
            [
              85.31291642537278,
              23.34891991687768
            ],
            [
              85.31291792098482,
              23.34895860589708
            ],
            [
              85.31292315009765,
              23.348996969075476
            ],
            [
              85.31293206371849,
              23.349034646979355
            ],
            [
              85.3129445783336,
              23.34907128659571
            ],
            [
              85.3129605766906,
              23.34910654463948
            ],
            [
              85.31297990889722,
              23.349140090769883
            ],
            [
              85.3130023938255,
              23.349171610685453
            ],
            [
              85.31302782080897,
              23.349200809068794
            ],
            [
              85.31305595161629,
              23.349227412353486
            ],
            [
              85.31308652268345,
              23.34925117128719
            ],
            [
              85.313119247583,
              23.34927186326695
            ],
            [
              85.31315381970781,
              23.34928929442481
            ],
            [
              85.3131710733602,
              23.349295989793315
            ],
            [
              85.31318830212079,
              23.349311324867433
            ],
            [
              85.3132196254703,
              23.349334179296527
            ],
            [
              85.3132530144814,
              23.34935389353226
            ],
            [
              85.31328815540652,
              23.349370282325243
            ],
            [
              85.3133247180358,
              23.34938319167437
            ],
            [
              85.31336235879996,
              23.349392500273947
            ],
            [
              85.31340072399887,
              23.349398120653557
            ],
            [
              85.313439453125,
              23.3494
            ],
            [
              85.3135390625,
              23.3494
            ],
            [
              85.31354777261144,
              23.349399572099664
            ],
            [
              85.31355664062501,
              23.3494
            ],
            [
              85.31358593750001,
              23.3494
            ],
            [
              85.31362514435614,
              23.34939807389067
            ],
            [
              85.31366397362882,
              23.349392314112162
            ],
            [
              85.31370205137091,
              23.34938277613429
            ],
            [
              85.31373901087295,
              23.349369551813005
            ],
            [
              85.31377449619474,
              23.34935276850574
            ],
            [
              85.31380816559322,
              23.34933258784492
            ],
            [
              85.31383969481368,
              23.349309204181345
            ],
            [
              85.31386878021249,
              23.349282842712476
            ],
            [
              85.31389514168136,
              23.349253757313665
            ],
            [
              85.31391852534493,
              23.349222228093208
            ],
            [
              85.31393870600574,
              23.34918855869473
            ],
            [
              85.31395548931302,
              23.349153073372946
            ],
            [
              85.3139687136343,
              23.349116113870902
            ],
            [
              85.31397825161217,
              23.349078036128805
            ],
            [
              85.31398401139067,
              23.349039206856133
            ],
            [
              85.31398593750001,
              23.349
            ],
            [
              85.31398593750001,
              23.348947265625
            ],
            [
              85.31398381602513,
              23.348906123441687
            ],
            [
              85.31398247807333,
              23.348897535766305
            ],
            [
              85.31398377615528,
              23.34888918219811
            ],
            [
              85.31398593478032,
              23.348849131291658
            ],
            [
              85.31398407159577,
              23.348809065554263
            ],
            [
              85.31397820533519,
              23.348769387830583
            ],
            [
              85.31396839498147,
              23.348730497063947
            ],
            [
              85.31395473917368,
              23.348692784285166
            ],
            [
              85.31393737521543,
              23.34865662868085
            ],
            [
              85.31391647769424,
              23.34862239378086
            ],
            [
              85.31389225672613,
              23.348590423803163
            ],
            [
              85.3138649558431,
              23.34856104019285
            ],
            [
              85.31383484954438,
              23.348534538390137
            ],
            [
              85.31382285528346,
              23.348525948483413
            ],
            [
              85.31383903271126,
              23.348526925308015
            ],
            [
              85.31387780351494,
              23.348525500936585
            ],
            [
              85.31391625395933,
              23.348520327216523
            ],
            [
              85.31395402232089,
              23.348511452819732
            ],
            [
              85.31399075329277,
              23.348498961232323
            ],
            [
              85.31402610132747,
              23.348482969969222
            ],
            [
              85.31405973388745,
              23.34846362946864
            ],
            [
              85.31409133457352,
              23.348441121676828
            ],
            [
              85.31412060610144,
              23.34841565833641
            ],
            [
              85.31414727309858,
              23.3483874789944
            ],
            [
              85.3141710846945,
              23.348356848748676
            ],
            [
              85.31419181688096,
              23.34832405575405
            ],
            [
              85.31420927461944,
              23.348289408511448
            ],
            [
              85.31423271211945,
              23.348236674136448
            ],
            [
              85.31424695338708,
              23.348199828745667
            ],
            [
              85.31425749099616,
              23.348161758346134
            ],
            [
              85.31426422217886,
              23.34812283421859
            ],
            [
              85.31426708128949,
              23.348083435969745
            ],
            [
              85.31426604044461,
              23.348043947830163
            ],
            [
              85.31426110979504,
              23.34800475490707
            ],
            [
              85.31425233742685,
              23.347966239428594
            ],
            [
              85.31423980889237,
              23.347928777016108
            ],
            [
              85.31422364637584,
              23.347892733020974
            ],
            [
              85.3142127721361,
              23.34787375513353
            ],
            [
              85.31421480738429,
              23.347868066995904
            ],
            [
              85.31422434536216,
              23.347829989253807
            ],
            [
              85.31423010514067,
              23.347791159981135
            ],
            [
              85.31423203125,
              23.347751953125
            ],
            [
              85.31423203125,
              23.34774609375
            ],
            [
              85.31423010514067,
              23.347706886893867
            ],
            [
              85.31422434536216,
              23.347668057621195
            ],
            [
              85.31421480738429,
              23.3476299798791
            ],
            [
              85.31420158306301,
              23.347593020377055
            ],
            [
              85.31418479975574,
              23.34755753505527
            ],
            [
              85.31416461909492,
              23.347523865656793
            ],
            [
              85.31414123543135,
              23.347492336436336
            ],
            [
              85.31411487396248,
              23.347463251037524
            ],
            [
              85.31408578856367,
              23.347436889568655
            ],
            [
              85.31405425934321,
              23.34741350590508
            ],
            [
              85.31404293573952,
              23.34740671879823
            ],
            [
              85.31404284226168,
              23.347404686528172
            ],
            [
              85.31403778956015,
              23.34736827690225
            ],
            [
              85.31402941581516,
              23.3473324848494
            ],
            [
              85.31402588416499,
              23.347321889898893
            ],
            [
              85.31401829847127,
              23.347287757817167
            ],
            [
              85.3140052717439,
              23.347248674773823
            ],
            [
              85.31398829420186,
              23.34721113888473
            ],
            [
              85.31396754593234,
              23.347175548307117
            ],
            [
              85.31394324701998,
              23.347142280563563
            ],
            [
              85.31391565521244,
              23.34711168853748
            ],
            [
              85.31390393646244,
              23.347099969787482
            ],
            [
              85.31387395054297,
              23.347072871469724
            ],
            [
              85.31384138315447,
              23.347048937406175
            ],
            [
              85.31380656678436,
              23.347028411944805
            ],
            [
              85.31377149996722,
              23.347012261383313
            ],
            [
              85.31374404358928,
              23.346991852391685
            ],
            [
              85.3137103357795,
              23.346971606857092
            ],
            [
              85.31367480307722,
              23.346954768651134
            ],
            [
              85.31363778883896,
              23.346941500483304
            ],
            [
              85.3135996507375,
              23.346931930565404
            ],
            [
              85.31356075730564,
              23.34692615137264
            ],
            [
              85.313521484375,
              23.34692421875
            ],
            [
              85.31348632812501,
              23.34692421875
            ],
            [
              85.31344806803745,
              23.346926052747307
            ],
            [
              85.31341015879438,
              23.3469315379215
            ],
            [
              85.31339874020296,
              23.346934326090434
            ],
            [
              85.31339735811144,
              23.34693385291717
            ],
            [
              85.31335793564641,
              23.346924679759983
            ],
            [
              85.31331778797454,
              23.346919537580796
            ],
            [
              85.31324161609955,
              23.346913678205798
            ],
            [
              85.31320272214114,
              23.346912584374053
            ],
            [
              85.31316390591732,
              23.34691527458512
            ],
            [
              85.31312553471116,
              23.346921723383943
            ],
            [
              85.31308797159498,
              23.34693186975133
            ],
            [
              85.31305157199486,
              23.346945617681307
            ],
            [
              85.31301668032755,
              23.346962837089542
            ],
            [
              85.31296394595255,
              23.34699213396454
            ],
            [
              85.31293109381687,
              23.34701252288246
            ],
            [
              85.31290036369235,
              23.347035988394136
            ],
            [
              85.31287204270794,
              23.34706231124798
            ],
            [
              85.3128463954827,
              23.34709124549463
            ],
            [
              85.3128236616532,
              23.347122520785007
            ],
            [
              85.3128040536345,
              23.34715584489632
            ],
            [
              85.31278775463545,
              23.347190906462487
            ],
            [
              85.31277491694685,
              23.3472273778834
            ],
            [
              85.31276914431751,
              23.347250789441063
            ],
            [
              85.31276454911357,
              23.3472606506854
            ],
            [
              85.31275179730673,
              23.347296630947614
            ],
            [
              85.31274253335475,
              23.347333662920835
            ],
            [
              85.31273667397974,
              23.347362959795834
            ]
          ]
        ]
      }
    },
    {
      "type": "Feature",
      "properties": {
        "class": "parcel",
        "raw_confidence": 0.2564,
        "source_tile_id": "tile_0013"
      },
      "geometry": {
        "type": "Polygon",
        "coordinates": [
          [
            [
              85.314458573187,
              23.348419192252056
            ],
            [
              85.31445495832884,
              23.34842929510383
            ],
            [
              85.31445446769365,
              23.348429836436335
            ],
            [
              85.31443108403008,
              23.348461365656792
            ],
            [
              85.31441090336926,
              23.34849503505527
            ],
            [
              85.31440654617586,
              23.34850424756669
            ],
            [
              85.31440504399423,
              23.34850675380534
            ],
            [
              85.31440068680092,
              23.34851596631658
            ],
            [
              85.31439918461933,
              23.34851847255514
            ],
            [
              85.31438240131205,
              23.348553957876945
            ],
            [
              85.31436917699072,
              23.348590917379013
            ],
            [
              85.31436817293367,
              23.348594925799446
            ],
            [
              85.31436331761569,
              23.348608495504187
            ],
            [
              85.31435377963783,
              23.348646573246256
            ],
            [
              85.31434801985934,
              23.3486854025189
            ],
            [
              85.31434609375,
              23.348724609375
            ],
            [
              85.31434609375,
              23.34873046875
            ],
            [
              85.31434801985934,
              23.348769675606132
            ],
            [
              85.31435377963784,
              23.348808504878804
            ],
            [
              85.31436331761572,
              23.3488465826209
            ],
            [
              85.314376541937,
              23.348883542122945
            ],
            [
              85.31439332524427,
              23.34891902744473
            ],
            [
              85.31441350590508,
              23.348952696843206
            ],
            [
              85.31443688956865,
              23.348984226063664
            ],
            [
              85.31446325103752,
              23.349013311462475
            ],
            [
              85.31449233643633,
              23.349039672931344
            ],
            [
              85.3145238656568,
              23.349063056594918
            ],
            [
              85.3145437561823,
              23.34907497851711
            ],
            [
              85.31455120668788,
              23.349083567774926
            ],
            [
              85.3145804016621,
              23.349111090625858
            ],
            [
              85.31461220703532,
              23.349135550226762
            ],
            [
              85.31464630279505,
              23.349156700475252
            ],
            [
              85.31468234588385,
              23.34917432856627
            ],
            [
              85.31471997365105,
              23.34918825713326
            ],
            [
              85.31475880750162,
              23.349198346032733
            ],
            [
              85.31479845670542,
              23.349204493754357
            ],
            [
              85.31483852232854,
              23.3492066384423
            ],
            [
              85.31487860124727,
              23.349204758517597
            ],
            [
              85.31491829020408,
              23.349198872895272
            ],
            [
              85.31494758707908,
              23.34919301352027
            ],
            [
              85.31498734083091,
              23.34918291828213
            ],
            [
              85.3150258518002,
              23.34916880517255
            ],
            [
              85.31506271507429,
              23.349150822579826
            ],
            [
              85.31509754306472,
              23.349129159576822
            ],
            [
              85.31512996958251,
              23.349104043933046
            ],
            [
              85.31514296942028,
              23.349091648404467
            ],
            [
              85.31516869837279,
              23.34908244243807
            ],
            [
              85.31520418369453,
              23.349065659130844
            ],
            [
              85.31523785309298,
              23.34904547847007
            ],
            [
              85.31526938231342,
              23.349022094806543
            ],
            [
              85.31528493077306,
              23.349008002504192
            ],
            [
              85.31531254754837,
              23.34903127442457
            ],
            [
              85.31534555607857,
              23.349053865768628
            ],
            [
              85.31578500920358,
              23.34932339701863
            ],
            [
              85.31581880194295,
              23.349341944261756
            ],
            [
              85.31585422308497,
              23.349357152554273
            ],
            [
              85.31589094366693,
              23.34936888065397
            ],
            [
              85.31592862265805,
              23.349377019639824
            ],
            [
              85.31596691012659,
              23.349381493923577
            ],
            [
              85.31600545048978,
              23.349382261951728
            ],
            [
              85.31604388581619,
              23.349379316591463
            ],
            [
              85.31608185914982,
              23.34937268519688
            ],
            [
              85.31611901782539,
              23.34936242935496
            ],
            [
              85.31615501674338,
              23.349348644313604
            ],
            [
              85.31618952157524,
              23.349331458097026
            ],
            [
              85.31622221186825,
              23.34931103031678
            ],
            [
              85.31625278402161,
              23.349287550689425
            ],
            [
              85.31628095410613,
              23.349261237274586
            ],
            [
              85.31630646050104,
              23.349232334449788
            ],
            [
              85.31632906632375,
              23.349201110640887
            ],
            [
              85.31634856162981,
              23.34916785582915
            ],
            [
              85.31636476536275,
              23.34913287885814
            ],
            [
              85.3163775270355,
              23.349096504565416
            ],
            [
              85.31638672812805,
              23.349059070765744
            ],
            [
              85.31639228318818,
              23.349020925113706
            ],
            [
              85.31639414062501,
              23.348982421875
            ],
            [
              85.31639414062501,
              23.34821484375
            ],
            [
              85.31639222134481,
              23.348175706293272
            ],
            [
              85.31638648192241,
              23.348136944415273
            ],
            [
              85.31637697743561,
              23.348098930090526
            ],
            [
              85.31636379909325,
              23.34806202811973
            ],
            [
              85.31634707336002,
              23.348026592629
            ],
            [
              85.31632696074274,
              23.347992963671512
            ],
            [
              85.31630365425016,
              23.34796146396422
            ],
            [
              85.31627737754074,
              23.347932395790956
            ],
            [
              85.31625871127733,
              23.347915427224986
            ],
            [
              85.31625864337305,
              23.347909411808644
            ],
            [
              85.3162543358109,
              23.347870301113307
            ],
            [
              85.3162462065053,
              23.34783180285397
            ],
            [
              85.31624200202954,
              23.347818517929237
            ],
            [
              85.31625605768211,
              23.347794360757295
            ],
            [
              85.3162730462797,
              23.347756682048306
            ],
            [
              85.31627577346354,
              23.347748458316794
            ],
            [
              85.31628168233696,
              23.34774290806609
            ],
            [
              85.31630703160046,
              23.347714040935934
            ],
            [
              85.31632949464738,
              23.34768287512315
            ],
            [
              85.31634886427067,
              23.34764969811218
            ],
            [
              85.31636496179807,
              23.347614815939448
            ],
            [
              85.31637763874035,
              23.34757855037041
            ],
            [
              85.31638677816093,
              23.347541235931455
            ],
            [
              85.31639229575455,
              23.347503216824105
            ],
            [
              85.31639414062501,
              23.34746484375
            ],
            [
              85.31639414062501,
              23.347154296875
            ],
            [
              85.31639215792514,
              23.34711451963529
            ],
            [
              85.31638622948101,
              23.347075136727224
            ],
            [
              85.31637641406427,
              23.347036538573228
            ],
            [
              85.31636280898003,
              23.34699910781608
            ],
            [
              85.31634554910228,
              23.346963215525573
            ],
            [
              85.31632480553682,
              23.3469292175199
            ],
            [
              85.31630078392497,
              23.34689745083827
            ],
            [
              85.31627372240497,
              23.34686823039966
            ],
            [
              85.31624388925117,
              23.34684184588087
            ],
            [
              85.31621158021451,
              23.346818558844813
            ],
            [
              85.31617711559063,
              23.3467986001475
            ],
            [
              85.31614083704454,
              23.34678216764947
            ],
            [
              85.3161031042236,
              23.346769424254276
            ],
            [
              85.31606429119209,
              23.346760496293566
            ],
            [
              85.31605398536237,
              23.346759185772445
            ],
            [
              85.31604125481176,
              23.34675524072077
            ],
            [
              85.31600349807992,
              23.3467474267557
            ],
            [
              85.31596516442617,
              23.34674328431204
            ],
            [
              85.31592661002499,
              23.346742851879018
            ],
            [
              85.31588819310188,
              23.346746133474554
            ],
            [
              85.31587100967643,
              23.346749289512793
            ],
            [
              85.31586849862502,
              23.346748661749942
            ],
            [
              85.31583092797996,
              23.346741160337334
            ],
            [
              85.315792812005,
              23.34673728773944
            ],
            [
              85.31575450037242,
              23.34673707948309
            ],
            [
              85.31571634454946,
              23.346740537478816
            ],
            [
              85.31567869457392,
              23.346747630003293
            ],
            [
              85.31564189584306,
              23.34675829199039
            ],
            [
              85.3156062859449,
              23.346772425628068
            ],
            [
              85.31557219156119,
              23.346789901255693
            ],
            [
              85.31553992547052,
              23.346810558553546
            ],
            [
              85.3155097836789,
              23.34683420801357
            ],
            [
              85.31548204270422,
              23.3468606326779
            ],
            [
              85.31548177265921,
              23.346860944402355
            ],
            [
              85.31547746125466,
              23.346861623913743
            ],
            [
              85.31546755400824,
              23.346823489275966
            ],
            [
              85.31545362544124,
              23.346785861508753
            ],
            [
              85.31543599735019,
              23.346749818419948
            ],
            [
              85.31541484710168,
              23.34671572266021
            ],
            [
              85.31539038750076,
              23.346683917286974
            ],
            [
              85.31538648454163,
              23.34667977720747
            ],
            [
              85.31538565819895,
              23.346678043584298
            ],
            [
              85.31536602324283,
              23.346645307421664
            ],
            [
              85.31535430449284,
              23.346627729296664
            ],
            [
              85.31533092731088,
              23.34659614326397
            ],
            [
              85.31530456367561,
              23.346567003448712
            ],
            [
              85.31527546802414,
              23.346540591081087
            ],
            [
              85.31524392116044,
              23.34651716106852
            ],
            [
              85.31521022754531,
              23.346496939535534
            ],
            [
              85.3151747123579,
              23.34648012164143
            ],
            [
              85.31513771835758,
              23.346466869696762
            ],
            [
              85.31509960257574,
              23.346457311596886
            ],
            [
              85.31506073287024,
              23.346451539587623
            ],
            [
              85.31502148437501,
              23.346449609375
            ],
            [
              85.314962890625,
              23.346449609375
            ],
            [
              85.31492239225545,
              23.3464516648034
            ],
            [
              85.3148823100934,
              23.34645780996468
            ],
            [
              85.31484305606891,
              23.346467981704137
            ],
            [
              85.31480503360117,
              23.346482075485365
            ],
            [
              85.31476863345249,
              23.346499946464572
            ],
            [
              85.3147158990775,
              23.346529243339575
            ],
            [
              85.31468304694184,
              23.346549632257496
            ],
            [
              85.31465231681732,
              23.346573097769173
            ],
            [
              85.31462399583292,
              23.346599420623015
            ],
            [
              85.31459834860769,
              23.34662835486967
            ],
            [
              85.31457561477818,
              23.34665963016004
            ],
            [
              85.31455600675949,
              23.346692954271347
            ],
            [
              85.31453970776045,
              23.34672801583751
            ],
            [
              85.31452687007186,
              23.34676448725842
            ],
            [
              85.31451761364352,
              23.34680202776089
            ],
            [
              85.31451202496349,
              23.346840286582715
            ],
            [
              85.31451015625001,
              23.34687890625
            ],
            [
              85.31451015625001,
              23.346887116962275
            ],
            [
              85.31450995356447,
              23.346888045644533
            ],
            [
              85.314505432305,
              23.346924960774537
            ],
            [
              85.31450435915148,
              23.346962136263123
            ],
            [
              85.31450674338113,
              23.34699925073549
            ],
            [
              85.31450829599696,
              23.347013224277916
            ],
            [
              85.31450622298433,
              23.347027199393864
            ],
            [
              85.314504296875,
              23.34706640625
            ],
            [
              85.314504296875,
              23.347072265625002
            ],
            [
              85.31450622298433,
              23.347111472481142
            ],
            [
              85.31451198276284,
              23.34715030175382
            ],
            [
              85.31452152074071,
              23.347188379495925
            ],
            [
              85.314534745062,
              23.347225338997976
            ],
            [
              85.31455152836928,
              23.347260824319765
            ],
            [
              85.31455415579335,
              23.347265207911992
            ],
            [
              85.31454684916085,
              23.347294529219493
            ],
            [
              85.31454104923506,
              23.34733539584431
            ],
            [
              85.31454045060899,
              23.34735124782276
            ],
            [
              85.31438072527804,
              23.347542139071933
            ],
            [
              85.31435786753451,
              23.347572239427826
            ],
            [
              85.31433795280702,
              23.347604362807065
            ],
            [
              85.31432115889776,
              23.34763822240653
            ],
            [
              85.31430763574565,
              23.347673515921823
            ],
            [
              85.31429750408776,
              23.347709928246285
            ],
            [
              85.3142908543813,
              23.347747134284347
            ],
            [
              85.314287745996,
              23.347784801854022
            ],
            [
              85.31428820668405,
              23.347822594652687
            ],
            [
              85.31429223233238,
              23.347860175259655
            ],
            [
              85.31429978699927,
              23.34789720814872
            ],
            [
              85.31431080323537,
              23.347933362683797
            ],
            [
              85.31445728761037,
              23.348343518933795
            ],
            [
              85.31447318087778,
              23.348381671480464
            ],
            [
              85.31447485937481,
              23.348384758001057
            ],
            [
              85.314458573187,
              23.348419192252056
            ]
          ]
        ]
      }
    },
    {
      "type": "Feature",
      "properties": {
        "class": "parcel",
        "raw_confidence": 0.2567,
        "source_tile_id": "tile_0015"
      },
      "geometry": {
        "type": "Polygon",
        "coordinates": [
          [
            [
              85.32142658452248,
              23.348585129848768
            ],
            [
              85.32145209571306,
              23.348613477401152
            ],
            [
              85.32148019058437,
              23.34863926659998
            ],
            [
              85.32151061375325,
              23.348662263020703
            ],
            [
              85.3215430886722,
              23.348682257625196
            ],
            [
              85.32157732014332,
              23.348699068661936
            ],
            [
              85.32161299700152,
              23.348712543318115
            ],
            [
              85.32164979494316,
              23.348722559108726
            ],
            [
              85.32168737947389,
              23.348729024989943
            ],
            [
              85.32172540894926,
              23.348731882186726
            ],
            [
              85.32176353768025,
              23.348731104727072
            ],
            [
              85.32202135018026,
              23.348713526602072
            ],
            [
              85.3220611266212,
              23.348708804334347
            ],
            [
              85.32210023133281,
              23.348700127549506
            ],
            [
              85.32213827217672,
              23.348687583257533
            ],
            [
              85.32217486768286,
              23.348671297251418
            ],
            [
              85.32220965087495,
              23.34865143284571
            ],
            [
              85.32224227295036,
              23.34862818923882
            ],
            [
              85.32227240677798,
              23.34860179951546
            ],
            [
              85.32229975017859,
              23.34857252830932
            ],
            [
              85.32232402895511,
              23.34854066914932
            ],
            [
              85.32234499964227,
              23.34850654151614
            ],
            [
              85.32236245194794,
              23.348470487638508
            ],
            [
              85.32237621086203,
              23.348432869061337
            ],
            [
              85.32238613841146,
              23.34839406302021
            ],
            [
              85.32239213504367,
              23.34835445865848
            ],
            [
              85.32239414062501,
              23.348314453125
            ],
            [
              85.32239414062501,
              23.346005859375
            ],
            [
              85.32239221451567,
              23.345966652518868
            ],
            [
              85.32238645473717,
              23.345927823246196
            ],
            [
              85.3223769167593,
              23.3458897455041
            ],
            [
              85.32236369243802,
              23.345852786002055
            ],
            [
              85.32234690913074,
              23.34581730068027
            ],
            [
              85.32232672846993,
              23.345783631281794
            ],
            [
              85.32230334480636,
              23.345752102061336
            ],
            [
              85.32227698333749,
              23.345723016662525
            ],
            [
              85.32224789793868,
              23.345696655193656
            ],
            [
              85.32221636871822,
              23.34567327153008
            ],
            [
              85.32218269931974,
              23.345653090869263
            ],
            [
              85.32214721399795,
              23.345636307561996
            ],
            [
              85.32211025449591,
              23.34562308324071
            ],
            [
              85.32207217675382,
              23.34561354526284
            ],
            [
              85.32203334748114,
              23.345607785484333
            ],
            [
              85.32199414062501,
              23.345605859375002
            ],
            [
              85.319,
              23.345605859375002
            ],
            [
              85.31896079314387,
              23.345607785484333
            ],
            [
              85.31892196387119,
              23.34561354526284
            ],
            [
              85.3188838861291,
              23.34562308324071
            ],
            [
              85.31884692662706,
              23.345636307561996
            ],
            [
              85.31881144130527,
              23.345653090869263
            ],
            [
              85.3187777719068,
              23.34567327153008
            ],
            [
              85.31874624268633,
              23.345696655193656
            ],
            [
              85.31871715728752,
              23.345723016662525
            ],
            [
              85.31869079581865,
              23.345752102061336
            ],
            [
              85.31866741215508,
              23.345783631281794
            ],
            [
              85.31864723149427,
              23.34581730068027
            ],
            [
              85.318630448187,
              23.345852786002055
            ],
            [
              85.31861722386572,
              23.3458897455041
            ],
            [
              85.31860768588784,
              23.345927823246196
            ],
            [
              85.31860192610934,
              23.345966652518868
            ],
            [
              85.3186,
              23.346005859375
            ],
            [
              85.3186,
              23.347013671875
            ],
            [
              85.31860195516623,
              23.347053172638386
            ],
            [
              85.31860350032788,
              23.347063510375868
            ],
            [
              85.31860181351966,
              23.347075234872097
            ],
            [
              85.3186,
              23.34711328125
            ],
            [
              85.3186,
              23.347259765625
            ],
            [
              85.31860192610934,
              23.347298972481127
            ],
            [
              85.31860768588784,
              23.347337801753795
            ],
            [
              85.31861310726849,
              23.34735944511856
            ],
            [
              85.31860809847998,
              23.347378901926195
            ],
            [
              85.31860202976995,
              23.3474187389281
            ],
            [
              85.3186,
              23.347458984375
            ],
            [
              85.3186,
              23.3481328125
            ],
            [
              85.31860178301825,
              23.348170538292884
            ],
            [
              85.31860711617725,
              23.34820792775688
            ],
            [
              85.31861595193138,
              23.348244647561508
            ],
            [
              85.31862821150908,
              23.348280370346355
            ],
            [
              85.31864378561512,
              23.348314777639533
            ],
            [
              85.31866253540491,
              23.348347562696887
            ],
            [
              85.31870355102991,
              23.348412015821886
            ],
            [
              85.31872634501542,
              23.34844421178809
            ],
            [
              85.31875219945977,
              23.348474005977497
            ],
            [
              85.3187808629049,
              23.34850110861443
            ],
            [
              85.31878114566425,
              23.34850132750268
            ],
            [
              85.3187777719068,
              23.34850334965508
            ],
            [
              85.31874624268633,
              23.348526733318653
            ],
            [
              85.31871715728752,
              23.348553094787523
            ],
            [
              85.31869079581865,
              23.348582180186334
            ],
            [
              85.31866741215508,
              23.34861370940679
            ],
            [
              85.31864723149427,
              23.348647378805268
            ],
            [
              85.318630448187,
              23.348682864127053
            ],
            [
              85.31861722386572,
              23.348719823629096
            ],
            [
              85.31860768588784,
              23.348757901371194
            ],
            [
              85.31860192610934,
              23.348796730643866
            ],
            [
              85.3186,
              23.3488359375
            ],
            [
              85.3186,
              23.348876953125
            ],
            [
              85.31860192610934,
              23.348916159981133
            ],
            [
              85.31860768588784,
              23.348954989253805
            ],
            [
              85.31861722386572,
              23.348993066995902
            ],
            [
              85.318630448187,
              23.349030026497946
            ],
            [
              85.31864723149427,
              23.34906551181973
            ],
            [
              85.31866741215508,
              23.349099181218207
            ],
            [
              85.31869079581865,
              23.349130710438665
            ],
            [
              85.31871715728752,
              23.349159795837476
            ],
            [
              85.31874624268633,
              23.349186157306345
            ],
            [
              85.31877639246417,
              23.349208517905545
            ],
            [
              85.31878577132453,
              23.349223971691597
            ],
            [
              85.318809186173,
              23.349255215952805
            ],
            [
              85.31883553561767,
              23.349284028549935
            ],
            [
              85.31886456860448,
              23.34931013496034
            ],
            [
              85.31889600851095,
              23.349333286445574
            ],
            [
              85.31892955578178,
              23.349353262421324
            ],
            [
              85.31896489078298,
              23.349369872559116
            ],
            [
              85.31900167684731,
              23.34938295859974
            ],
            [
              85.31903956348195,
              23.34939239586112
            ],
            [
              85.31907818970805,
              23.349398094426267
            ],
            [
              85.3191171875,
              23.3494
            ],
            [
              85.3201953125,
              23.3494
            ],
            [
              85.32023395556044,
              23.349398129016627
            ],
            [
              85.32027223711825,
              23.349392533569404
            ],
            [
              85.32030979905265,
              23.34938326600327
            ],
            [
              85.32034628997488,
              23.34937041301554
            ],
            [
              85.32038136851538,
              23.34935409484484
            ],
            [
              85.32041470651733,
              23.34933446414631
            ],
            [
              85.32044599210647,
              23.349311704563494
            ],
            [
              85.32047493260875,
              23.3492860290104
            ],
            [
              85.32050125728814,
              23.34925767767969
            ],
            [
              85.32052471987949,
              23.349226915795715
            ],
            [
              85.32054094638765,
              23.34920073440567
            ],
            [
              85.32055912391421,
              23.349229524777655
            ],
            [
              85.32058262359904,
              23.3492598579211
            ],
            [
              85.32060892159554,
              23.349287799827955
            ],
            [
              85.32063777590712,
              23.34931309337421
            ],
            [
              85.32066892101372,
              23.349335505806316
            ],
            [
              85.32070207031522,
              23.349354830883
            ],
            [
              85.32073691876866,
              23.349370890773127
            ],
            [
              85.32077314569538,
              23.349383537692102
            ],
            [
              85.32081041773183,
              23.34939265526181
            ],
            [
              85.3208483918973,
              23.349398159581526
            ],
            [
              85.32088671875,
              23.3494
            ],
            [
              85.320974609375,
              23.3494
            ],
            [
              85.32101381623113,
              23.34939807389067
            ],
            [
              85.32105264550381,
              23.349392314112162
            ],
            [
              85.3210907232459,
              23.34938277613429
            ],
            [
              85.32112768274794,
              23.349369551813005
            ],
            [
              85.32116316806973,
              23.34935276850574
            ],
            [
              85.32119683746821,
              23.34933258784492
            ],
            [
              85.32122836668867,
              23.349309204181345
            ],
            [
              85.32125745208748,
              23.349282842712476
            ],
            [
              85.32128381355635,
              23.349253757313665
            ],
            [
              85.32130719721992,
              23.349222228093208
            ],
            [
              85.32132737788073,
              23.34918855869473
            ],
            [
              85.32134416118801,
              23.349153073372946
            ],
            [
              85.32135738550929,
              23.349116113870902
            ],
            [
              85.32136692348716,
              23.349078036128805
            ],
            [
              85.32137268326566,
              23.349039206856133
            ],
            [
              85.32137374813394,
              23.349017530964513
            ],
            [
              85.32137438512508,
              23.349014982999932
            ],
            [
              85.32138180454182,
              23.348977955446383
            ],
            [
              85.3213856990588,
              23.34894039322861
            ],
            [
              85.321386033964,
              23.348902631140408
            ],
            [
              85.32138280627241,
              23.34886500575704
            ],
            [
              85.3213760447526,
              23.3488278524353
            ],
            [
              85.3213658096703,
              23.348791502324477
            ],
            [
              85.32135219225127,
              23.348756279414808
            ],
            [
              85.3213353138682,
              23.348722497649728
            ],
            [
              85.32131532495893,
              23.348690458127688
            ],
            [
              85.32129240368552,
              23.34866044641844
            ],
            [
              85.32126675434635,
              23.34863273001775
            ],
            [
              85.3212386055552,
              23.348607555963195
            ],
            [
              85.32123412091153,
              23.348604250119454
            ],
            [
              85.32129191593376,
              23.348506961832012
            ],
            [
              85.3213148812818,
              23.34852399409492
            ],
            [
              85.32134855068027,
              23.348544174755737
            ],
            [
              85.32138403600206,
              23.348560958063004
            ],
            [
              85.3214175701107,
              23.348572956758936
            ],
            [
              85.32142658452248,
              23.348585129848768
            ]
          ]
        ]
      }
    }
  ]
}