{"type": "FeatureCollection", "features": [{"type": "Feature", "properties": {"class": "road", "raw_confidence": 0.2732, "source_tile_id": "tile_0022"}, "geometry": {"type": "Polygon", "coordinates": [[[85.323166015625, 23.350623046875], [85.32314843750001, 23.350623046875], [85.32314843750001, 23.35060546875], [85.323142578125, 23.350599609375], [85.323142578125, 23.350587890625], [85.323125, 23.3505703125], [85.32310742187501, 23.3505703125], [85.323095703125, 23.35055859375], [85.323095703125, 23.350552734375], [85.32310742187501, 23.35055859375], [85.323125, 23.35055859375], [85.323130859375, 23.350564453125], [85.32317773437501, 23.350564453125], [85.32317773437501, 23.350576171875], [85.32318359375, 23.35058203125], [85.323171875, 23.350587890625], [85.323171875, 23.350611328125], [85.323166015625, 23.350623046875]]]}}, {"type": "Feature", "properties": {"class": "road", "raw_confidence": 0.2751, "source_tile_id": "tile_0022"}, "geometry": {"type": "Polygon", "coordinates": [[[85.32303710937501, 23.350775390625], [85.323013671875, 23.350775390625], [85.322978515625, 23.3507578125], [85.32296679687501, 23.3507578125], [85.3229609375, 23.350751953125002], [85.3229609375, 23.350740234375], [85.322943359375, 23.35072265625], [85.32294921875, 23.3507109375], [85.32296679687501, 23.350705078125], [85.32297265625, 23.350693359375], [85.322990234375, 23.350681640625], [85.32301953125, 23.35069921875], [85.32303125, 23.35069921875], [85.3230546875, 23.3507109375], [85.323048828125, 23.350716796875002], [85.323048828125, 23.350751953125002], [85.32303710937501, 23.350775390625]]]}}, {"type": "Feature", "properties": {"class": "land_use", "raw_confidence": 0.2936, "source_tile_id": "tile_0022"}, "geometry": {"type": "Polygon", "coordinates": [[[85.32243359375, 23.349017578125], [85.32243359375, 23.349005859375], [85.3224921875, 23.349005859375], [85.3224921875, 23.349041015625], [85.32248632812501, 23.349041015625], [85.32248046875, 23.349046875], [85.322451171875, 23.349046875], [85.32244531250001, 23.349029296875], [85.32243359375, 23.349017578125]]]}}, {"type": "Feature", "properties": {"class": "land_use", "raw_confidence": 0.2836, "source_tile_id": "tile_0022"}, "geometry": {"type": "Polygon", "coordinates": [[[85.32444921875, 23.349064453125], [85.324443359375, 23.349064453125], [85.324443359375, 23.349046875], [85.3244375, 23.34903515625], [85.324419921875, 23.349017578125], [85.324396484375, 23.349017578125], [85.324384765625, 23.3490234375], [85.3243671875, 23.349046875], [85.32435546875, 23.349046875], [85.324349609375, 23.349041015625], [85.324349609375, 23.349029296875], [85.32436132812501, 23.349005859375], [85.32444921875, 23.349005859375], [85.32444921875, 23.349064453125]]]}}, {"type": "Feature", "properties": {"class": "land_use", "raw_confidence": 0.2791, "source_tile_id": "tile_0022"}, "geometry": {"type": "Polygon", "coordinates": [[[85.32499414062501, 23.349228515625], [85.32492382812501, 23.349193359375], [85.32490625, 23.34915234375], [85.324935546875, 23.34912890625], [85.32489453125001, 23.349087890625], [85.324865234375, 23.349099609375], [85.32484765625, 23.34905859375], [85.324818359375, 23.349111328125], [85.324794921875, 23.349076171875], [85.32478320312501, 23.349123046875], [85.324724609375, 23.349134765625], [85.324724609375, 23.349076171875], [85.3246953125, 23.34905859375], [85.32471875, 23.349046875], [85.32471875, 23.349005859375], [85.324765625, 23.349005859375], [85.324771484375, 23.3490234375], [85.324806640625, 23.349005859375], [85.32499414062501, 23.349005859375], [85.32499414062501, 23.349228515625]]]}}, {"type": "Feature", "properties": {"class": "land_use", "raw_confidence": 0.299, "source_tile_id": "tile_0022"}, "geometry": {"type": "Polygon", "coordinates": [[[85.32468359375001, 23.35023046875], [85.324689453125, 23.35011328125], [85.3246484375, 23.350089843750002], [85.32466015625, 23.350072265625002], [85.324677734375, 23.350095703125], [85.3246953125, 23.350060546875], [85.324666015625, 23.3500078125], [85.32461328125001, 23.350001953125002], [85.324607421875, 23.34997265625], [85.324630859375, 23.349943359375], [85.32466015625, 23.34994921875], [85.32473046875, 23.349849609375], [85.32473046875, 23.349955078125], [85.32468359375001, 23.35023046875]]]}}, {"type": "Feature", "properties": {"class": "land_use", "raw_confidence": 0.2735, "source_tile_id": "tile_0022"}, "geometry": {"type": "Polygon", "coordinates": [[[85.323189453125, 23.350482421875], [85.323154296875, 23.350494140625], [85.323125, 23.350494140625], [85.32311328125, 23.350482421875], [85.323083984375, 23.350482421875], [85.32306640625, 23.350470703125], [85.32306640625, 23.350447265625], [85.323130859375, 23.350388671875], [85.323154296875, 23.350423828125], [85.323171875, 23.350412109375], [85.323189453125, 23.35041796875], [85.323189453125, 23.35044140625], [85.3231953125, 23.350447265625], [85.323189453125, 23.350482421875]]]}}, {"type": "Feature", "properties": {"class": "land_use", "raw_confidence": 0.276, "source_tile_id": "tile_0022"}, "geometry": {"type": "Polygon", "coordinates": [[[85.32296679687501, 23.3506875], [85.3229140625, 23.350611328125], [85.322931640625, 23.35059375], [85.32292578125, 23.350552734375], [85.32297265625, 23.35053515625], [85.322955078125, 23.35040625], [85.32300781250001, 23.350376953125], [85.323048828125, 23.350388671875], [85.323083984375, 23.350365234375], [85.323095703125, 23.350376953125], [85.32304296875, 23.350412109375], [85.323048828125, 23.35048828125], [85.32308984375, 23.35055859375], [85.32313671875, 23.350587890625], [85.32314843750001, 23.35062890625], [85.32313671875, 23.3506640625], [85.32311328125, 23.350658203125], [85.323060546875, 23.350705078125], [85.32299609375, 23.35067578125], [85.32296679687501, 23.3506875]]]}}, {"type": "Feature", "properties": {"class": "building", "raw_confidence": 0.3304, "source_tile_id": "tile_0007"}, "geometry": {"type": "Polygon", "coordinates": [[[85.313, 23.34525], [85.313, 23.344458984375], [85.313791015625, 23.344248046875], [85.313521484375, 23.343720703125], [85.31359765625, 23.344201171875], [85.313, 23.344201171875], [85.313, 23.343005859375], [85.31453515625, 23.343005859375], [85.314412109375, 23.343287109375], [85.31462890625001, 23.344828125], [85.31417773437501, 23.345126953125], [85.313, 23.34525]]]}}, {"type": "Feature", "properties": {"class": "building", "raw_confidence": 0.3321, "source_tile_id": "tile_0007"}, "geometry": {"type": "Polygon", "coordinates": [[[85.31387890625, 23.345953125], [85.314611328125, 23.3457890625], [85.314587890625, 23.34535546875], [85.315759765625, 23.34547265625], [85.315748046875, 23.34474609375], [85.31544921875, 23.344705078125], [85.31526171875001, 23.343943359375], [85.3154609375, 23.343005859375], [85.31599414062501, 23.343005859375], [85.31599414062501, 23.346], [85.31387890625, 23.345953125]]]}}, {"type": "Feature", "properties": {"class": "land_use", "raw_confidence": 0.2961, "source_tile_id": "tile_0007"}, "geometry": {"type": "Polygon", "coordinates": [[[85.31329296875, 23.34341015625], [85.3132578125, 23.343392578125], [85.31322265625, 23.3433515625], [85.31319921875, 23.3433515625], [85.31315234375, 23.3433984375], [85.31313476562501, 23.343392578125], [85.31313476562501, 23.343369140625], [85.313099609375, 23.343357421875], [85.313087890625, 23.34331640625], [85.31305859375, 23.34329296875], [85.31309375000001, 23.34324609375], [85.31309375000001, 23.34322265625], [85.31312890625, 23.3432109375], [85.3132109375, 23.343251953125], [85.31322265625, 23.343275390625], [85.31324609375, 23.34326953125], [85.31323437500001, 23.343298828125], [85.31326953125, 23.34329296875], [85.313263671875, 23.343322265625], [85.313287109375, 23.34331640625], [85.31327539062501, 23.343345703125], [85.31329296875, 23.343369140625], [85.31329296875, 23.34341015625]]]}}, {"type": "Feature", "properties": {"class": "land_use", "raw_confidence": 0.2945, "source_tile_id": "tile_0007"}, "geometry": {"type": "Polygon", "coordinates": [[[85.31530859375, 23.343509765625], [85.31529101562501, 23.343474609375], [85.31533203125001, 23.343474609375], [85.31537890625, 23.343416015625], [85.315302734375, 23.34329296875], [85.31534375, 23.343275390625], [85.3153203125, 23.343240234375], [85.31536132812501, 23.34305859375], [85.31521484375, 23.343005859375], [85.315455078125, 23.343005859375], [85.31547265625001, 23.343087890625], [85.315443359375, 23.3431875], [85.315478515625, 23.3433046875], [85.3154375, 23.343369140625], [85.31547265625001, 23.343416015625], [85.31540234375001, 23.34346875], [85.31540234375001, 23.343498046875], [85.31530859375, 23.343509765625]]]}}, {"type": "Feature", "properties": {"class": "land_use", "raw_confidence": 0.2751, "source_tile_id": "tile_0007"}, "geometry": {"type": "Polygon", "coordinates": [[[85.31348046875, 23.34423046875], [85.313474609375, 23.344236328125], [85.31346875, 23.34423046875], [85.31344531250001, 23.34423046875], [85.313439453125, 23.344224609375], [85.313421875, 23.344224609375], [85.31341015625, 23.344212890625], [85.31341601562501, 23.344212890625], [85.31343359375, 23.3441953125], [85.313439453125, 23.3441953125], [85.313451171875, 23.34418359375], [85.31346875, 23.34418359375], [85.31348046875, 23.344201171875], [85.31346875, 23.344212890625], [85.31346875, 23.34421875], [85.31348046875, 23.34423046875]]]}}, {"type": "Feature", "properties": {"class": "land_use", "raw_confidence": 0.2773, "source_tile_id": "tile_0007"}, "geometry": {"type": "Polygon", "coordinates": [[[85.31376171875, 23.344259765625], [85.313720703125, 23.34423046875], [85.31355078125, 23.34421875], [85.313609375, 23.3441953125], [85.31365625000001, 23.34408984375], [85.313591796875, 23.343990234375], [85.31352734375, 23.34404296875], [85.313451171875, 23.34397265625], [85.313474609375, 23.343908203125], [85.313451171875, 23.34380859375], [85.31351562500001, 23.3437265625], [85.313591796875, 23.3438203125], [85.313685546875, 23.34384375], [85.313732421875, 23.343896484375], [85.31372656250001, 23.344072265625], [85.31375585937501, 23.344095703125], [85.313685546875, 23.344154296875], [85.3137734375, 23.34420703125], [85.31378515625, 23.344248046875], [85.31376171875, 23.344259765625]]]}}, {"type": "Feature", "properties": {"class": "land_use", "raw_confidence": 0.2764, "source_tile_id": "tile_0007"}, "geometry": {"type": "Polygon", "coordinates": [[[85.313, 23.344365234375], [85.313017578125, 23.344330078125], [85.313, 23.344318359375], [85.313, 23.3442421875], [85.313041015625, 23.34425390625], [85.31305859375, 23.3442890625], [85.313087890625, 23.344265625], [85.313076171875, 23.34421875], [85.31309375000001, 23.344248046875], [85.31312890625, 23.3442421875], [85.313146484375, 23.344189453125], [85.31317578125, 23.3442421875], [85.313228515625, 23.34425390625], [85.313421875, 23.344248046875], [85.31338671875, 23.34427734375], [85.31328125, 23.34427734375], [85.31319921875, 23.3443125], [85.31308203125, 23.3443125], [85.313, 23.344365234375]]]}}, {"type": "Feature", "properties": {"class": "land_use", "raw_confidence": 0.296, "source_tile_id": "tile_0007"}, "geometry": {"type": "Polygon", "coordinates": [[[85.31568359375001, 23.344869140625], [85.31542578125, 23.34478125], [85.315337890625, 23.3446875], [85.31530859375, 23.344517578125], [85.315208984375, 23.34439453125], [85.31519140625001, 23.343849609375], [85.315302734375, 23.34385546875], [85.31530859375, 23.34392578125], [85.315255859375, 23.34394921875], [85.315337890625, 23.3440078125], [85.31528515625, 23.344048828125], [85.315314453125, 23.3441015625], [85.315267578125, 23.344189453125], [85.3154375, 23.344400390625], [85.315419921875, 23.344658203125], [85.31551953125, 23.344751953125], [85.31573046875, 23.344734375], [85.31568359375001, 23.344869140625]]]}}, {"type": "Feature", "properties": {"class": "land_use", "raw_confidence": 0.2944, "source_tile_id": "tile_0007"}, "geometry": {"type": "Polygon", "coordinates": [[[85.31465234375, 23.345044921875], [85.31444140625, 23.344998046875], [85.314716796875, 23.34469921875], [85.3146171875, 23.344236328125], [85.31445898437501, 23.344025390625], [85.31453515625, 23.34365625], [85.31441796875, 23.34326953125], [85.314541015625, 23.343005859375], [85.314904296875, 23.343005859375], [85.314716796875, 23.34305859375], [85.314646484375, 23.343240234375], [85.314763671875, 23.344412109375], [85.31474609375, 23.344845703125], [85.31465234375, 23.345044921875]]]}}, {"type": "Feature", "properties": {"class": "land_use", "raw_confidence": 0.2968, "source_tile_id": "tile_0007"}, "geometry": {"type": "Polygon", "coordinates": [[[85.313984375, 23.3450625], [85.313984375, 23.3450390625], [85.313990234375, 23.345033203125], [85.313990234375, 23.345021484375], [85.314001953125, 23.345015625], [85.31403710937501, 23.34498046875], [85.31404296875, 23.34495703125], [85.314060546875, 23.34495703125], [85.31406640625, 23.344962890625], [85.314048828125, 23.344986328125], [85.314048828125, 23.34500390625], [85.31403125, 23.345021484375], [85.31403125, 23.34502734375], [85.314001953125, 23.34505078125], [85.31399609375, 23.3450625], [85.313984375, 23.3450625]]]}}, {"type": "Feature", "properties": {"class": "land_use", "raw_confidence": 0.2936, "source_tile_id": "tile_0007"}, "geometry": {"type": "Polygon", "coordinates": [[[85.31301171875, 23.3451796875], [85.313, 23.3451796875], [85.313, 23.345068359375], [85.313029296875, 23.345080078125], [85.313029296875, 23.34509765625], [85.31302343750001, 23.345103515625], [85.31302343750001, 23.345126953125], [85.31303515625, 23.345138671875], [85.31303515625, 23.345162109375], [85.313029296875, 23.345173828125], [85.313017578125, 23.345173828125], [85.31301171875, 23.3451796875]]]}}, {"type": "Feature", "properties": {"class": "land_use", "raw_confidence": 0.2686, "source_tile_id": "tile_0007"}, "geometry": {"type": "Polygon", "coordinates": [[[85.315302734375, 23.345314453125], [85.315296875, 23.34533203125], [85.315279296875, 23.34533203125], [85.31509179687501, 23.345244140625], [85.31498046875001, 23.34523828125], [85.31491015625001, 23.345255859375], [85.314962890625, 23.3452265625], [85.31516210937501, 23.345208984375], [85.31526171875001, 23.34525], [85.315302734375, 23.345314453125]]]}}, {"type": "Feature", "properties": {"class": "land_use", "raw_confidence": 0.3033, "source_tile_id": "tile_0007"}, "geometry": {"type": "Polygon", "coordinates": [[[85.313, 23.345490234375], [85.313, 23.345255859375], [85.31317578125, 23.34530859375], [85.313228515625, 23.34523828125], [85.31337500000001, 23.34530859375], [85.313533203125, 23.345203125], [85.313544921875, 23.345109375], [85.31366796875, 23.34507421875], [85.31417773437501, 23.3451328125], [85.314435546875, 23.345044921875], [85.31440625, 23.345103515625], [85.31458203125, 23.345314453125], [85.31455859375001, 23.34542578125], [85.314505859375, 23.345373046875], [85.314453125, 23.345455078125], [85.31427734375, 23.345255859375], [85.31400781250001, 23.34523828125], [85.313, 23.345490234375]]]}}, {"type": "Feature", "properties": {"class": "land_use", "raw_confidence": 0.2844, "source_tile_id": "tile_0007"}, "geometry": {"type": "Polygon", "coordinates": [[[85.315390625, 23.345408203125], [85.315478515625, 23.345390625], [85.315625, 23.345314453125], [85.315666015625, 23.345267578125], [85.315701171875, 23.34526171875], [85.315748046875, 23.34519140625], [85.3157421875, 23.345267578125], [85.315818359375, 23.34533203125], [85.31580078125, 23.34540234375], [85.31571875, 23.3455078125], [85.31561328125001, 23.34553125], [85.31554296875001, 23.34553125], [85.315390625, 23.345408203125]]]}}, {"type": "Feature", "properties": {"class": "land_use", "raw_confidence": 0.2924, "source_tile_id": "tile_0007"}, "geometry": {"type": "Polygon", "coordinates": [[[85.314505859375, 23.345572265625], [85.31450000000001, 23.34556640625], [85.314494140625, 23.34556640625], [85.314482421875, 23.3455546875], [85.314482421875, 23.34554296875], [85.314494140625, 23.34553125], [85.31450000000001, 23.345513671875], [85.314517578125, 23.345513671875], [85.31452929687501, 23.345501953125], [85.31452929687501, 23.34549609375], [85.31453515625, 23.34549609375], [85.31453515625, 23.345501953125], [85.3145234375, 23.34551953125], [85.31452929687501, 23.345525390625], [85.31452929687501, 23.345548828125], [85.314517578125, 23.345560546875], [85.314517578125, 23.34556640625], [85.31451171875, 23.345572265625], [85.314505859375, 23.345572265625]]]}}, {"type": "Feature", "properties": {"class": "land_use", "raw_confidence": 0.2948, "source_tile_id": "tile_0007"}, "geometry": {"type": "Polygon", "coordinates": [[[85.314787109375, 23.346], [85.314787109375, 23.34596484375], [85.31486328125, 23.345958984375], [85.314875, 23.345947265625], [85.314822265625, 23.345900390625], [85.314828125, 23.345859375], [85.314857421875, 23.345865234375], [85.31488671875, 23.345912109375], [85.31491015625001, 23.34587109375], [85.31495117187501, 23.345923828125], [85.31495117187501, 23.34594140625], [85.314921875, 23.3459296875], [85.31491015625001, 23.34590625], [85.314892578125, 23.345912109375], [85.314939453125, 23.346], [85.314916015625, 23.346], [85.31488085937501, 23.345958984375], [85.31486328125, 23.3459765625], [85.31486328125, 23.346], [85.314787109375, 23.346]]]}}, {"type": "Feature", "properties": {"class": "land_use", "raw_confidence": 0.3058, "source_tile_id": "tile_0007"}, "geometry": {"type": "Polygon", "coordinates": [[[85.313, 23.34561328125], [85.313046875, 23.345619140625], [85.3131171875, 23.345806640625], [85.31348046875, 23.345888671875], [85.31383203125, 23.345712890625], [85.314013671875, 23.345712890625], [85.314119140625, 23.34582421875], [85.313873046875, 23.345912109375], [85.3139609375, 23.346], [85.313, 23.346], [85.313, 23.34561328125]]]}}, {"type": "Feature", "properties": {"class": "parcel", "raw_confidence": 0.2981, "source_tile_id": "tile_0007"}, "geometry": {"type": "Polygon", "coordinates": [[[85.31261814453966, 23.344339877669036], [85.31260809847998, 23.3443789019262], [85.31260202976995, 23.344418738928102], [85.3126, 23.344458984375], [85.3126, 23.34525], [85.31260193979864, 23.345289345598133], [85.31260774038047, 23.34532830958358], [85.31261734548566, 23.345366514044905], [85.3126306619544, 23.3454035884373], [85.31264756063032, 23.34543917317649], [85.31266787761331, 23.34547292312633], [85.31269141584905, 23.34550451094628], [85.31271794704037, 23.3455336302663], [85.31274721386143, 23.345559998658292], [85.31277893245353, 23.345583360375407], [85.31281279517825, 23.345603488832513], [85.31284847360126, 23.345620188803835], [85.3128856216778, 23.345633298316468], [85.31292387910888, 23.34564269022134], [85.31296287483599, 23.345648273426427], [85.3130022306398, 23.34564999378026], [85.31304156480866, 23.34564783459714], [85.31375305721015, 23.34557349957012], [85.31371813045855, 23.34558685850565], [85.31368354119151, 23.34560407988269], [85.31365077491638, 23.345624558272192], [85.3136201373821, 23.34564810258605], [85.31359191447386, 23.34567449312739], [85.31356636954548, 23.345703483640587], [85.31354374096198, 23.345734803609144], [85.31352423987536, 23.34576816077993], [85.31350804825433, 23.345803243890256], [85.31349531718628, 23.34583972557234], [85.31348616546741, 23.345877265408028], [85.31348067849433, 23.34591551310532], [85.31347890746713, 23.345954111767014], [85.31348086891163, 23.345992701220975], [85.31348654452518, 23.346030921381004], [85.31349588134745, 23.34606841560685], [85.31350879225461, 23.3461048340321], [85.31352515677231, 23.346139836828876], [85.31354482219984, 23.346173097378806], [85.31356760503502, 23.346204305320796], [85.31359329268646, 23.34623316944706], [85.31362164545737, 23.34625942042044], [85.31365239878217, 23.346282813287655], [85.31368526569516, 23.346303129765], [85.31371993950837, 23.34632018027521], [85.31375609667327, 23.346333805716437], [85.31379339979983, 23.34634387894685], [85.31383150080482, 23.346350305971058], [85.31387004415987, 23.346353026817148], [85.31598527853488, 23.346399901817147], [85.31602507073774, 23.346398802367254], [85.31606455661102, 23.34639375320813], [85.3161033450896, 23.34638480434628], [85.3161410520152, 23.346372044410565], [85.31617730394123, 23.34635559977445], [85.3162117418313, 23.346335633304403], [85.31624402461506, 23.346312342746863], [85.31627383256621, 23.3462859587698], [85.31630087046902, 23.34625674267817], [85.31632487054208, 23.346224983825998], [85.31634559509043, 23.346190996750607], [85.31636283885966, 23.34615511805749], [85.3163764310688, 23.34611770308657], [85.31638623710157, 23.34607912239296], [85.31639215983976, 23.346039758077012], [85.31639414062501, 23.346], [85.31639414062501, 23.343005859375], [85.31639221451567, 23.342966652518868], [85.31638645473717, 23.342927823246196], [85.3163769167593, 23.3428897455041], [85.31636369243802, 23.342852786002055], [85.31634690913074, 23.34281730068027], [85.31632672846993, 23.342783631281794], [85.31630334480636, 23.342752102061336], [85.31627698333749, 23.342723016662525], [85.31624789793868, 23.342696655193656], [85.31621636871822, 23.34267327153008], [85.31618269931974, 23.342653090869263], [85.31614721399795, 23.342636307561996], [85.31611025449591, 23.34262308324071], [85.31607217675382, 23.34261354526284], [85.31603334748114, 23.342607785484333], [85.31599414062501, 23.342605859375002], [85.3154609375, 23.342605859375002], [85.31542210132027, 23.342607749150133], [85.31538363209877, 23.342613400619282], [85.3153458933264, 23.34262276038242], [85.3153092415921, 23.3426357400003], [85.3152740232136, 23.34265221683014], [85.31524057096495, 23.34267203518441], [85.31520920093227, 23.342695007801954], [85.31518020952713, 23.342720917617363], [85.3151538706857, 23.34274951981201], [85.31513043328043, 23.342780544127315], [85.31511011876843, 23.342813697418382], [85.315093119099, 23.342848666423887], [85.31507959489991, 23.342885120726038], [85.31506967395964, 23.342922715872675], [85.31488623116775, 23.343785976069853], [85.31482399701765, 23.34334360900302], [85.31490161918396, 23.34316618690861], [85.3149156910779, 23.34312912025587], [85.31492602432432, 23.343090842599683], [85.31493251740197, 23.343051730007247], [85.3149351065182, 23.34301216674876], [85.31493376623568, 23.34297254152211], [85.31492850972228, 23.342933243633976], [85.31491938862179, 23.34289465917505], [85.31490649254644, 23.34285716722678], [85.31488994819655, 23.342821136136987], [85.31486991811569, 23.342786919900995], [85.31484659909377, 23.342754854683683], [85.31482022023361, 23.342725255516783], [85.31479104070009, 23.34269841320377], [85.31475934717389, 23.342674591462814], [85.314725451035, 23.34265402433581], [85.31468968530343, 23.342636913888995], [85.31465240136744, 23.342623428227686], [85.31461396553118, 23.342613699844705], [85.31457475541592, 23.342607824318684], [85.31453515625, 23.342605859375002], [85.313, 23.342605859375002], [85.31296079314387, 23.342607785484333], [85.31292196387119, 23.34261354526284], [85.3128838861291, 23.34262308324071], [85.31284692662706, 23.342636307561996], [85.31281144130527, 23.342653090869263], [85.3127777719068, 23.34267327153008], [85.31274624268633, 23.342696655193656], [85.31271715728752, 23.342723016662525], [85.31269079581865, 23.342752102061336], [85.31266741215508, 23.342783631281794], [85.31264723149427, 23.34281730068027], [85.312630448187, 23.342852786002055], [85.31261722386571, 23.3428897455041], [85.31260768588784, 23.342927823246196], [85.31260192610934, 23.342966652518868], [85.3126, 23.343005859375], [85.3126, 23.344201171875], [85.31260192610934, 23.344240378731133], [85.31260768588784, 23.344279208003805], [85.31261722386571, 23.344317285745902], [85.31262177695503, 23.344330010778084], [85.31261814453966, 23.344339877669036]], [[85.31500156854797, 23.34497346189028], [85.31501446483792, 23.344934635916285], [85.31502332777406, 23.34489469572457], [85.31502806464061, 23.344854059132114], [85.31502862588493, 23.344813151240995], [85.31502500563579, 23.344772399991353], [85.3149865302832, 23.344498913025742], [85.31506081279844, 23.344800685743845], [85.31507222042391, 23.344838765305106], [85.31508735134825, 23.344875524549295], [85.31510605613592, 23.344910600435938], [85.31512815005526, 23.344943646549677], [85.31515341490301, 23.344974336521535], [85.31518160115931, 23.345002367252192], [85.31519627582665, 23.345014312245322], [85.31499235822255, 23.344993920484914], [85.31500156854797, 23.34497346189028]]]}}, {"type": "Feature", "properties": {"class": "building", "raw_confidence": 0.2847, "source_tile_id": "tile_0002"}, "geometry": {"type": "Polygon", "coordinates": [[[85.31634570312501, 23.340017578125], [85.31634570312501, 23.340005859375], [85.31643359375, 23.340005859375], [85.31643359375, 23.34001171875], [85.316427734375, 23.340017578125], [85.316421875, 23.340017578125], [85.31641015625, 23.340029296875], [85.3163515625, 23.340029296875], [85.3163515625, 23.3400234375], [85.31634570312501, 23.340017578125]]]}}, {"type": "Feature", "properties": {"class": "building", "raw_confidence": 0.3053, "source_tile_id": "tile_0002"}, "geometry": {"type": "Polygon", "coordinates": [[[85.316, 23.3401640625], [85.316, 23.340005859375], [85.316287109375, 23.340005859375], [85.3162578125, 23.34005859375], [85.316263671875, 23.34008203125], [85.316216796875, 23.34008203125], [85.31612890625, 23.34012890625], [85.316099609375, 23.3401171875], [85.316076171875, 23.340134765625], [85.31608203125, 23.340158203125], [85.3160703125, 23.340140625], [85.316046875, 23.340146484375], [85.31603515625, 23.3401875], [85.316, 23.3401640625]]]}}, {"type": "Feature", "properties": {"class": "building", "raw_confidence": 0.3005, "source_tile_id": "tile_0002"}, "geometry": {"type": "Polygon", "coordinates": [[[85.31744140625, 23.340087890625], [85.31740625, 23.340134765625], [85.31732421875, 23.340158203125], [85.31734765625, 23.340216796875], [85.3173125, 23.340251953125], [85.317294921875, 23.340193359375], [85.317265625, 23.34024609375], [85.317130859375, 23.340263671875], [85.31710742187501, 23.3402109375], [85.316978515625, 23.340205078125], [85.31685546875, 23.340099609375], [85.31682617187501, 23.340140625], [85.31680859375, 23.340064453125], [85.316744140625, 23.340005859375], [85.317435546875, 23.340005859375], [85.31744140625, 23.340087890625]]]}}, {"type": "Feature", "properties": {"class": "building", "raw_confidence": 0.2757, "source_tile_id": "tile_0002"}, "geometry": {"type": "Polygon", "coordinates": [[[85.31659765625, 23.341505859375], [85.316568359375, 23.3414765625], [85.3165625, 23.3414765625], [85.31655078125, 23.34146484375], [85.31655078125, 23.341458984375], [85.3165390625, 23.341447265625], [85.316533203125, 23.341447265625], [85.316533203125, 23.34144140625], [85.3165390625, 23.34144140625], [85.31655078125, 23.3414296875], [85.31657421875, 23.3414296875], [85.31658593750001, 23.34141796875], [85.316603515625, 23.341412109375], [85.316603515625, 23.34144140625], [85.316591796875, 23.341458984375], [85.316591796875, 23.341470703125], [85.316609375, 23.341494140625], [85.316609375, 23.3415], [85.31659765625, 23.341505859375]]]}}, {"type": "Feature", "properties": {"class": "building", "raw_confidence": 0.3391, "source_tile_id": "tile_0002"}, "geometry": {"type": "Polygon", "coordinates": [[[85.317693359375, 23.341160156249998], [85.3177109375, 23.34097265625], [85.317775390625, 23.341037109375], [85.31776953125001, 23.340931640625], [85.317986328125, 23.34090234375], [85.3179453125, 23.34076171875], [85.3176875, 23.34075], [85.317693359375, 23.340603515625], [85.31866015625, 23.340474609375], [85.318625, 23.340380859375], [85.31875390625001, 23.340416015625], [85.31899414062501, 23.34022265625], [85.31899414062501, 23.341541015625], [85.31891796875, 23.341458984375], [85.31884765625, 23.341546875], [85.31823828125, 23.34153515625], [85.31800390625, 23.341248046875], [85.317693359375, 23.341160156249998]]]}}, {"type": "Feature", "properties": {"class": "building", "raw_confidence": 0.2798, "source_tile_id": "tile_0002"}, "geometry": {"type": "Polygon", "coordinates": [[[85.316662109375, 23.34176953125], [85.31665625000001, 23.341734375], [85.31669140625, 23.341728515625], [85.3166796875, 23.3417109375], [85.31669140625, 23.341681640625], [85.316767578125, 23.341681640625], [85.316732421875, 23.3416640625], [85.31668554687501, 23.341669921875], [85.31665625000001, 23.341658203125], [85.31669140625, 23.34162890625], [85.31678515625, 23.341634765625], [85.31683203125, 23.34165234375], [85.31680859375, 23.341716796875], [85.31675585937501, 23.34172265625], [85.31675585937501, 23.3417578125], [85.316732421875, 23.341751953125], [85.31671484375, 23.34176953125], [85.3166796875, 23.3417578125], [85.316662109375, 23.34176953125]]]}}, {"type": "Feature", "properties": {"class": "building", "raw_confidence": 0.3241, "source_tile_id": "tile_0002"}, "geometry": {"type": "Polygon", "coordinates": [[[85.31603515625, 23.341880859375], [85.316, 23.341869140625], [85.316, 23.34125390625], [85.31605859375, 23.341248046875], [85.316392578125, 23.34137109375], [85.316421875, 23.341470703125], [85.316333984375, 23.341552734375], [85.316369140625, 23.341587890625], [85.31641015625, 23.341541015625], [85.31637500000001, 23.341640625], [85.316251953125, 23.34167578125], [85.316193359375, 23.341740234375], [85.31602343750001, 23.34176953125], [85.316111328125, 23.341845703125], [85.31603515625, 23.341880859375]]]}}, {"type": "Feature", "properties": {"class": "building", "raw_confidence": 0.2915, "source_tile_id": "tile_0002"}, "geometry": {"type": "Polygon", "coordinates": [[[85.31646875, 23.342021484375], [85.31644531250001, 23.3419921875], [85.316421875, 23.341986328125], [85.316421875, 23.34198046875], [85.31644531250001, 23.34196875], [85.31645703125, 23.34195703125], [85.31645703125, 23.341951171875], [85.316474609375, 23.34193359375], [85.3164921875, 23.341939453125], [85.31648046875, 23.341951171875], [85.31648046875, 23.341962890625], [85.31646875, 23.341974609375], [85.31646875, 23.341986328125], [85.316474609375, 23.3419921875], [85.31648632812501, 23.3419921875], [85.3164921875, 23.342009765625], [85.31648046875, 23.342021484375], [85.31646875, 23.342021484375]]]}}, {"type": "Feature", "properties": {"class": "building", "raw_confidence": 0.2919, "source_tile_id": "tile_0002"}, "geometry": {"type": "Polygon", "coordinates": [[[85.316439453125, 23.3420390625], [85.316427734375, 23.342056640625], [85.31641015625, 23.3420625], [85.31638671875, 23.34205078125], [85.316310546875, 23.3420390625], [85.31629296875, 23.342009765625], [85.316298828125, 23.34198046875], [85.316310546875, 23.341974609375], [85.316333984375, 23.341998046875], [85.316357421875, 23.341998046875], [85.31636328125, 23.3419921875], [85.316380859375, 23.341998046875], [85.3163984375, 23.342015625], [85.316439453125, 23.34202734375], [85.316439453125, 23.3420390625]]]}}, {"type": "Feature", "properties": {"class": "building", "raw_confidence": 0.2891, "source_tile_id": "tile_0002"}, "geometry": {"type": "Polygon", "coordinates": [[[85.31631640625, 23.34214453125], [85.316310546875, 23.342138671875], [85.316310546875, 23.342109375], [85.31631640625, 23.342103515625], [85.31631640625, 23.34209765625], [85.316310546875, 23.342091796875], [85.316298828125, 23.342091796875], [85.316287109375, 23.342080078125], [85.316287109375, 23.34207421875], [85.31629296875, 23.342068359375], [85.31633984375, 23.342068359375], [85.31634570312501, 23.34207421875], [85.31634570312501, 23.342115234375], [85.31633984375, 23.342115234375], [85.31631640625, 23.34214453125]]]}}, {"type": "Feature", "properties": {"class": "building", "raw_confidence": 0.2895, "source_tile_id": "tile_0002"}, "geometry": {"type": "Polygon", "coordinates": [[[85.316439453125, 23.34216796875], [85.31644531250001, 23.34212109375], [85.31646875, 23.342103515625], [85.31648632812501, 23.34205078125], [85.3165390625, 23.342033203125], [85.3165390625, 23.342015625], [85.316509765625, 23.341986328125], [85.31651562500001, 23.34196875], [85.31659765625, 23.341910156249998], [85.316603515625, 23.341962890625], [85.316580078125, 23.3419921875], [85.316609375, 23.34200390625], [85.31662695312501, 23.342033203125], [85.31657421875, 23.342068359375], [85.31655078125, 23.34212109375], [85.3165390625, 23.34212109375], [85.31652734375, 23.342091796875], [85.31650390625, 23.342091796875], [85.31645703125, 23.34216796875], [85.316439453125, 23.34216796875]]]}}, {"type": "Feature", "properties": {"class": "building", "raw_confidence": 0.2906, "source_tile_id": "tile_0002"}, "geometry": {"type": "Polygon", "coordinates": [[[85.31748828125001, 23.342150390625], [85.3171015625, 23.342091796875], [85.317201171875, 23.341857421875], [85.31703710937501, 23.3418984375], [85.31718359375, 23.34176953125], [85.31693750000001, 23.341640625], [85.31701953125, 23.34160546875], [85.316955078125, 23.34113671875], [85.31666796875, 23.341119140625], [85.316421875, 23.340884765625], [85.31669726562501, 23.34073828125], [85.31651562500001, 23.340697265625], [85.31659765625, 23.34052734375], [85.3167734375, 23.340744140625], [85.317013671875, 23.340673828125], [85.31717773437501, 23.340861328125], [85.31744140625, 23.340890625], [85.31738867187501, 23.34101953125], [85.317576171875, 23.34120703125], [85.31735937500001, 23.34176953125], [85.31751171875, 23.341875], [85.31748828125001, 23.342150390625]]]}}, {"type": "Feature", "properties": {"class": "building", "raw_confidence": 0.3128, "source_tile_id": "tile_0002"}, "geometry": {"type": "Polygon", "coordinates": [[[85.318724609375, 23.342484375], [85.31864257812501, 23.34234375], [85.318689453125, 23.342244140625], [85.318671875, 23.342197265625], [85.318748046875, 23.3421328125], [85.318724609375, 23.342080078125], [85.318794921875, 23.342080078125], [85.318759765625, 23.342056640625], [85.3187890625, 23.342009765625], [85.3188359375, 23.34207421875], [85.318970703125, 23.3420859375], [85.31891796875, 23.342009765625], [85.31899414062501, 23.341974609375], [85.31899414062501, 23.34244921875], [85.318724609375, 23.342484375]]]}}, {"type": "Feature", "properties": {"class": "building", "raw_confidence": 0.2986, "source_tile_id": "tile_0002"}, "geometry": {"type": "Polygon", "coordinates": [[[85.316703125, 23.343], [85.31676171875, 23.342958984375], [85.316732421875, 23.34291796875], [85.3168203125, 23.342859375], [85.31682617187501, 23.34282421875], [85.316984375, 23.3428828125], [85.31701953125, 23.342859375], [85.317060546875, 23.34289453125], [85.317083984375, 23.342865234375], [85.3170546875, 23.34284765625], [85.31710742187501, 23.34287109375], [85.31713671875, 23.34284765625], [85.317072265625, 23.34291796875], [85.31713671875, 23.342958984375], [85.317130859375, 23.34291796875], [85.31716015625, 23.34291796875], [85.317189453125, 23.342953125], [85.31730078125, 23.342970703125], [85.317283203125, 23.343], [85.3171953125, 23.343], [85.31718359375, 23.3429765625], [85.31716015625, 23.343], [85.3168203125, 23.343], [85.31680859375, 23.3429765625], [85.31679687500001, 23.343], [85.316703125, 23.343]]]}}, {"type": "Feature", "properties": {"class": "building", "raw_confidence": 0.2859, "source_tile_id": "tile_0002"}, "geometry": {"type": "Polygon", "coordinates": [[[85.31638671875, 23.343], [85.316181640625, 23.343], [85.316158203125, 23.34294140625], [85.31619921875, 23.34284765625], [85.316158203125, 23.342853515625], [85.316146484375, 23.3428125], [85.31609375000001, 23.342841796875], [85.316, 23.342783203125], [85.316029296875, 23.342712890625], [85.316, 23.34268359375], [85.31603515625, 23.342642578124998], [85.316, 23.342630859375], [85.316, 23.342525390625], [85.31603515625, 23.342525390625], [85.316076171875, 23.3426015625], [85.31617578125, 23.342560546875], [85.316111328125, 23.342619140625], [85.31617578125, 23.3426484375], [85.31624609375, 23.342624999999998], [85.31626953125, 23.342712890625], [85.31638671875, 23.342771484375], [85.31638671875, 23.34291796875], [85.3163515625, 23.34291796875], [85.31638671875, 23.343]]]}}, {"type": "Feature", "properties": {"class": "land_use", "raw_confidence": 0.2891, "source_tile_id": "tile_0002"}, "geometry": {"type": "Polygon", "coordinates": [[[85.31636328125, 23.340205078125], [85.31634570312501, 23.340228515625], [85.31633984375, 23.34024609375], [85.316322265625, 23.340234375], [85.316310546875, 23.340234375], [85.316298828125, 23.340216796875], [85.316287109375, 23.340216796875], [85.31626953125, 23.340240234375], [85.31624609375, 23.340228515625], [85.316251953125, 23.340205078125], [85.316263671875, 23.3401875], [85.31629296875, 23.34019921875], [85.316357421875, 23.34019921875], [85.31636328125, 23.340205078125]]]}}, {"type": "Feature", "properties": {"class": "land_use", "raw_confidence": 0.2865, "source_tile_id": "tile_0002"}, "geometry": {"type": "Polygon", "coordinates": [[[85.317166015625, 23.340345703125], [85.317154296875, 23.340345703125], [85.31714843750001, 23.34033984375], [85.31714843750001, 23.340333984375], [85.31713671875, 23.340322265625], [85.317130859375, 23.340322265625], [85.317130859375, 23.340310546875], [85.317125, 23.3403046875], [85.317125, 23.34028125], [85.317130859375, 23.340275390625], [85.317130859375, 23.34026953125], [85.31714843750001, 23.34026953125], [85.317154296875, 23.340275390625], [85.317154296875, 23.34028125], [85.31714843750001, 23.340287109375], [85.31714843750001, 23.34031640625], [85.317154296875, 23.340322265625], [85.317154296875, 23.340328125], [85.317166015625, 23.34033984375], [85.317166015625, 23.340345703125]]]}}, {"type": "Feature", "properties": {"class": "land_use", "raw_confidence": 0.2967, "source_tile_id": "tile_0002"}, "geometry": {"type": "Polygon", "coordinates": [[[85.31612890625, 23.340392578124998], [85.31610546875, 23.340392578124998], [85.31608203125, 23.340369140625], [85.31609375000001, 23.34033984375], [85.31608203125, 23.340328125], [85.31606445312501, 23.340328125], [85.31606445312501, 23.34029296875], [85.31608203125, 23.34028125], [85.31610546875, 23.34028125], [85.31612890625, 23.34029296875], [85.31612890625, 23.340333984375], [85.3161171875, 23.340345703125], [85.3161171875, 23.340375], [85.31612890625, 23.340392578124998]]]}}, {"type": "Feature", "properties": {"class": "land_use", "raw_confidence": 0.2911, "source_tile_id": "tile_0002"}, "geometry": {"type": "Polygon", "coordinates": [[[85.317130859375, 23.340673828125], [85.317130859375, 23.34066796875], [85.31713671875, 23.340662109375], [85.317142578125, 23.340662109375], [85.31714843750001, 23.34065625], [85.31716015625, 23.34065625], [85.317166015625, 23.340650390625], [85.31718359375, 23.340650390625], [85.31718359375, 23.34065625], [85.317189453125, 23.340662109375], [85.317189453125, 23.340673828125], [85.31718359375, 23.3406796875], [85.317171875, 23.3406796875], [85.317166015625, 23.340685546875], [85.317154296875, 23.340685546875], [85.31714843750001, 23.3406796875], [85.31713671875, 23.3406796875], [85.317130859375, 23.340673828125]]]}}, {"type": "Feature", "properties": {"class": "land_use", "raw_confidence": 0.2842, "source_tile_id": "tile_0002"}, "geometry": {"type": "Polygon", "coordinates": [[[85.31672656250001, 23.340697265625], [85.3167734375, 23.34064453125], [85.316767578125, 23.340603515625], [85.316814453125, 23.340615234375], [85.31683203125, 23.340580078125], [85.31689648437501, 23.340533203125], [85.317048828125, 23.34050390625], [85.31704296875, 23.340556640625], [85.317060546875, 23.340603515625], [85.317048828125, 23.34064453125], [85.31708984375, 23.34065625], [85.31707812500001, 23.340685546875], [85.317013671875, 23.34066796875], [85.31694921875, 23.3406796875], [85.31692578125, 23.34065625], [85.316861328125, 23.34066796875], [85.3168203125, 23.34065625], [85.316767578125, 23.34071484375], [85.31672656250001, 23.340697265625]]]}}, {"type": "Feature", "properties": {"class": "land_use", "raw_confidence": 0.311, "source_tile_id": "tile_0002"}, "geometry": {"type": "Polygon", "coordinates": [[[85.317142578125, 23.340462890625], [85.317376953125, 23.34036328125], [85.317330078125, 23.340158203125], [85.31744140625, 23.340005859375], [85.318109375, 23.340005859375], [85.318015625, 23.340111328125], [85.31809765625, 23.3402578125], [85.318302734375, 23.34015234375], [85.318314453125, 23.340005859375], [85.31899414062501, 23.340005859375], [85.31899414062501, 23.34015234375], [85.318625, 23.340345703125], [85.31866015625, 23.34046875], [85.317693359375, 23.34059765625], [85.31774023437501, 23.340791015625], [85.3174765625, 23.340720703125], [85.3176875, 23.34050390625], [85.31753515625, 23.340328125], [85.317470703125, 23.340533203125], [85.317142578125, 23.340462890625]]]}}, {"type": "Feature", "properties": {"class": "land_use", "raw_confidence": 0.2967, "source_tile_id": "tile_0002"}, "geometry": {"type": "Polygon", "coordinates": [[[85.317154296875, 23.340744140625], [85.31716015625, 23.340708984375], [85.31720703125, 23.340703125], [85.31723046875, 23.340732421875], [85.317236328125, 23.340708984375], [85.31721875000001, 23.34069140625], [85.317259765625, 23.34069140625], [85.317294921875, 23.340662109375], [85.31731835937501, 23.34059765625], [85.31738867187501, 23.340615234375], [85.31744140625, 23.340568359375], [85.317453125, 23.34064453125], [85.317423828125, 23.340650390625], [85.317435546875, 23.340697265625], [85.31737109375, 23.34071484375], [85.317400390625, 23.340744140625], [85.31739453125, 23.3407734375], [85.317341796875, 23.34076171875], [85.31732421875, 23.340791015625], [85.317306640625, 23.340767578125], [85.31731835937501, 23.34073828125], [85.31730078125, 23.3407265625], [85.317154296875, 23.340744140625]]]}}, {"type": "Feature", "properties": {"class": "land_use", "raw_confidence": 0.2791, "source_tile_id": "tile_0002"}, "geometry": {"type": "Polygon", "coordinates": [[[85.31724804687501, 23.34087890625], [85.31724804687501, 23.340873046875], [85.317236328125, 23.340861328125], [85.31724804687501, 23.34084375], [85.31724804687501, 23.34083203125], [85.317236328125, 23.340814453125], [85.317236328125, 23.340796875], [85.31724804687501, 23.340779296875], [85.317259765625, 23.340779296875], [85.317271484375, 23.340767578125], [85.31727734375, 23.340767578125], [85.317283203125, 23.3408203125], [85.317271484375, 23.340826171875], [85.317271484375, 23.340837890625], [85.317283203125, 23.34085546875], [85.317271484375, 23.340861328125], [85.317259765625, 23.34087890625], [85.31724804687501, 23.34087890625]]]}}, {"type": "Feature", "properties": {"class": "land_use", "raw_confidence": 0.2855, "source_tile_id": "tile_0002"}, "geometry": {"type": "Polygon", "coordinates": [[[85.31798046875001, 23.34090234375], [85.31795703125, 23.340908203125], [85.31793359375, 23.340884765625], [85.31786328125, 23.34090234375], [85.31783984375001, 23.340884765625], [85.317875, 23.340861328125], [85.31786328125, 23.34083203125], [85.317833984375, 23.340849609375], [85.31781054687501, 23.340826171875], [85.317787109375, 23.3408671875], [85.317763671875, 23.34084375], [85.31774023437501, 23.340861328125], [85.317734375, 23.340826171875], [85.317751953125, 23.340814453125], [85.317869140625, 23.340826171875], [85.31791015625001, 23.3407734375], [85.3179453125, 23.340767578125], [85.31795117187501, 23.34080859375], [85.317921875, 23.3408203125], [85.317892578125, 23.340861328125], [85.317916015625, 23.3408671875], [85.31795703125, 23.340826171875], [85.31798046875001, 23.340849609375], [85.31796875, 23.340884765625], [85.31798046875001, 23.34090234375]]]}}, {"type": "Feature", "properties": {"class": "land_use", "raw_confidence": 0.2878, "source_tile_id": "tile_0002"}, "geometry": {"type": "Polygon", "coordinates": [[[85.316544921875, 23.341119140625], [85.316498046875, 23.34111328125], [85.31648046875, 23.341095703125], [85.31648046875, 23.341072265625], [85.316462890625, 23.341048828125], [85.316474609375, 23.34103125], [85.316474609375, 23.341013671875], [85.316462890625, 23.34099609375], [85.31648632812501, 23.340955078125], [85.316509765625, 23.341001953125], [85.3165390625, 23.34101953125], [85.31652734375, 23.34106640625], [85.31655078125, 23.34111328125], [85.316544921875, 23.341119140625]]]}}, {"type": "Feature", "properties": {"class": "land_use", "raw_confidence": 0.2934, "source_tile_id": "tile_0002"}, "geometry": {"type": "Polygon", "coordinates": [[[85.316, 23.34113671875], [85.316, 23.340169921875], [85.31633984375, 23.340005859375], [85.316193359375, 23.3402578125], [85.31602343750001, 23.340234375], [85.316111328125, 23.340474609375], [85.316052734375, 23.34066796875], [85.31619921875, 23.34066796875], [85.316181640625, 23.340744140625], [85.31626953125, 23.3407734375], [85.316333984375, 23.340673828125], [85.31633984375, 23.34075], [85.316404296875, 23.3407265625], [85.316439453125, 23.34059765625], [85.31652734375, 23.34071484375], [85.31669140625, 23.34073828125], [85.31644531250001, 23.3409140625], [85.316216796875, 23.3409140625], [85.316, 23.34113671875]]]}}, {"type": "Feature", "properties": {"class": "land_use", "raw_confidence": 0.2647, "source_tile_id": "tile_0002"}, "geometry": {"type": "Polygon", "coordinates": [[[85.3170546875, 23.341259765625], [85.31703710937501, 23.341271484375], [85.31701953125, 23.341236328125], [85.31696679687501, 23.3412421875], [85.316931640625, 23.341224609375], [85.31692578125, 23.3411953125], [85.316890625, 23.3411953125], [85.31687890625, 23.34118359375], [85.31689648437501, 23.341160156249998], [85.31685546875, 23.341107421875], [85.31684375, 23.341119140625], [85.316861328125, 23.34113671875], [85.31682617187501, 23.3411953125], [85.316814453125, 23.34111328125], [85.316779296875, 23.341107421875], [85.31680859375, 23.341078125], [85.31685546875, 23.341083984375], [85.316908203125, 23.34113671875], [85.316908203125, 23.341177734374998], [85.31692578125, 23.34118359375], [85.316943359375, 23.341154296875], [85.3169609375, 23.34123046875], [85.31699609375, 23.341201171875], [85.31701953125, 23.341224609375], [85.31703710937501, 23.341201171875], [85.3170546875, 23.341259765625]]]}}, {"type": "Feature", "properties": {"class": "land_use", "raw_confidence": 0.2849, "source_tile_id": "tile_0002"}, "geometry": {"type": "Polygon", "coordinates": [[[85.317939453125, 23.341294921875], [85.317927734375, 23.341306640625], [85.317904296875, 23.341306640625], [85.31788671875, 23.3412890625], [85.31788085937501, 23.3412890625], [85.3178515625, 23.341259765625], [85.3178515625, 23.34125390625], [85.317857421875, 23.341259765625], [85.317869140625, 23.341248046875], [85.317869140625, 23.3412421875], [85.317875, 23.3412421875], [85.31788085937501, 23.341236328125], [85.317916015625, 23.34127734375], [85.317927734375, 23.34127734375], [85.31793359375, 23.341283203125], [85.317939453125, 23.341283203125], [85.317939453125, 23.341294921875]]]}}, {"type": "Feature", "properties": {"class": "land_use", "raw_confidence": 0.2748, "source_tile_id": "tile_0002"}, "geometry": {"type": "Polygon", "coordinates": [[[85.31668554687501, 23.341517578125], [85.31662109375, 23.341505859375], [85.31659765625, 23.341458984375], [85.31662695312501, 23.34139453125], [85.316744140625, 23.3413359375], [85.316703125, 23.34127734375], [85.31671484375, 23.341212890625], [85.31666796875, 23.341166015625], [85.31669726562501, 23.341119140625], [85.316744140625, 23.341124999999998], [85.316767578125, 23.34118359375], [85.316744140625, 23.341283203125], [85.316814453125, 23.34127734375], [85.316849609375, 23.34120703125], [85.316837890625, 23.34132421875], [85.31690234375, 23.3413828125], [85.316955078125, 23.341365234375], [85.31696679687501, 23.34139453125], [85.31693750000001, 23.341400390625], [85.31694921875, 23.34141796875], [85.31682617187501, 23.341412109375], [85.31680859375, 23.341447265625], [85.316732421875, 23.341453125], [85.31668554687501, 23.341517578125]]]}}, {"type": "Feature", "properties": {"class": "land_use", "raw_confidence": 0.2782, "source_tile_id": "tile_0002"}, "geometry": {"type": "Polygon", "coordinates": [[[85.31685546875, 23.341541015625], [85.316849609375, 23.34153515625], [85.31684375, 23.34153515625], [85.31684375, 23.341529296875], [85.316837890625, 23.3415234375], [85.316837890625, 23.34151171875], [85.31684375, 23.341505859375], [85.31684375, 23.341494140625], [85.316849609375, 23.34148828125], [85.316849609375, 23.341482421875], [85.316861328125, 23.341482421875], [85.31686718750001, 23.34148828125], [85.31687890625, 23.34148828125], [85.31687890625, 23.3415], [85.316884765625, 23.341505859375], [85.316884765625, 23.3415234375], [85.31687890625, 23.3415234375], [85.316873046875, 23.341529296875], [85.31686718750001, 23.341529296875], [85.31685546875, 23.341541015625]]]}}, {"type": "Feature", "properties": {"class": "land_use", "raw_confidence": 0.2882, "source_tile_id": "tile_0002"}, "geometry": {"type": "Polygon", "coordinates": [[[85.318970703125, 23.3416875], [85.318947265625, 23.34167578125], [85.31894140625, 23.3416640625], [85.318935546875, 23.341623046875], [85.318947265625, 23.3416171875], [85.31895312500001, 23.34160546875], [85.318935546875, 23.34158203125], [85.31896484375001, 23.341546875], [85.31899414062501, 23.341546875], [85.31899414062501, 23.3416875], [85.318970703125, 23.3416875]]]}}, {"type": "Feature", "properties": {"class": "land_use", "raw_confidence": 0.286, "source_tile_id": "tile_0002"}, "geometry": {"type": "Polygon", "coordinates": [[[85.316, 23.342220703125], [85.316, 23.341875], [85.31603515625, 23.34188671875], [85.316099609375, 23.341875], [85.31609375000001, 23.34193359375], [85.3161171875, 23.341951171875], [85.316111328125, 23.341974609375], [85.3160703125, 23.342015625], [85.31608203125, 23.34195703125], [85.316052734375, 23.341951171875], [85.316041015625, 23.342021484375], [85.31602343750001, 23.34202734375], [85.316052734375, 23.342033203125], [85.316076171875, 23.34207421875], [85.316076171875, 23.342103515625], [85.316046875, 23.342126953125], [85.3160703125, 23.342197265625], [85.316, 23.342220703125]]]}}, {"type": "Feature", "properties": {"class": "land_use", "raw_confidence": 0.2744, "source_tile_id": "tile_0002"}, "geometry": {"type": "Polygon", "coordinates": [[[85.318841796875, 23.34249609375], [85.318841796875, 23.342490234375], [85.318865234375, 23.34247265625], [85.318935546875, 23.342478515625], [85.318947265625, 23.34247265625], [85.318958984375, 23.342455078125], [85.31899414062501, 23.342455078125], [85.31899414062501, 23.342478515625], [85.31896484375001, 23.342490234375], [85.31895312500001, 23.342484375], [85.31890625, 23.342484375], [85.318900390625, 23.342490234375], [85.318841796875, 23.34249609375]]]}}, {"type": "Feature", "properties": {"class": "land_use", "raw_confidence": 0.283, "source_tile_id": "tile_0002"}, "geometry": {"type": "Polygon", "coordinates": [[[85.316076171875, 23.342595703125], [85.316041015625, 23.342525390625], [85.316, 23.34251953125], [85.316, 23.34247265625], [85.316052734375, 23.34249609375], [85.316140625, 23.3424140625], [85.316146484375, 23.34230859375], [85.31619921875, 23.34233203125], [85.31616406250001, 23.342373046875], [85.3161875, 23.34242578125], [85.31620507812501, 23.342431640625], [85.316216796875, 23.34240234375], [85.316228515625, 23.342419921875], [85.31619921875, 23.342537109375], [85.316076171875, 23.342595703125]]]}}, {"type": "Feature", "properties": {"class": "land_use", "raw_confidence": 0.3064, "source_tile_id": "tile_0002"}, "geometry": {"type": "Polygon", "coordinates": [[[85.31899414062501, 23.342806640625], [85.318970703125, 23.34280078125], [85.3189765625, 23.342771484375], [85.31895312500001, 23.34270703125], [85.318935546875, 23.3426953125], [85.31894140625, 23.342666015625], [85.31891796875, 23.342666015625], [85.31889453125001, 23.34263671875], [85.318865234375, 23.34263671875], [85.31887109375, 23.342619140625], [85.31885351562501, 23.342595703125], [85.31889453125001, 23.342537109375], [85.31894140625, 23.34253125], [85.31896484375001, 23.342501953125], [85.31899414062501, 23.3425078125], [85.31899414062501, 23.342806640625]]]}}, {"type": "Feature", "properties": {"class": "land_use", "raw_confidence": 0.2988, "source_tile_id": "tile_0002"}, "geometry": {"type": "Polygon", "coordinates": [[[85.3179921875, 23.343], [85.3179921875, 23.342982421875], [85.31802148437501, 23.342958984375], [85.31809179687501, 23.342935546875], [85.318115234375, 23.3429765625], [85.31814453125, 23.34296484375], [85.31816210937501, 23.34294140625], [85.31819140625001, 23.342958984375], [85.318185546875, 23.343], [85.3179921875, 23.343]]]}}, {"type": "Feature", "properties": {"class": "land_use", "raw_confidence": 0.2807, "source_tile_id": "tile_0002"}, "geometry": {"type": "Polygon", "coordinates": [[[85.31617578125, 23.343], [85.316, 23.343], [85.316, 23.3427890625], [85.31603515625, 23.342794921875], [85.316087890625, 23.342841796875], [85.31608203125, 23.3428828125], [85.31610546875, 23.342912109375], [85.316099609375, 23.342947265625], [85.316158203125, 23.342912109375], [85.31615234375, 23.34294140625], [85.31617578125, 23.343]]]}}, {"type": "Feature", "properties": {"class": "parcel", "raw_confidence": 0.2675, "source_tile_id": "tile_0002"}, "geometry": {"type": "Polygon", "coordinates": [[[85.31658666712295, 23.339636307561996], [85.31654970762091, 23.33962308324071], [85.31651162987882, 23.33961354526284], [85.31647280060614, 23.339607785484333], [85.31643359375, 23.339605859375002], [85.31634570312501, 23.339605859375002], [85.31631629123741, 23.339607304288386], [85.316287109375, 23.339605859375002], [85.316, 23.339605859375002], [85.31596079314387, 23.339607785484333], [85.31592196387119, 23.33961354526284], [85.3158838861291, 23.33962308324071], [85.31584692662706, 23.339636307561996], [85.31581144130527, 23.339653090869263], [85.3157777719068, 23.33967327153008], [85.31574624268633, 23.339696655193656], [85.31571715728752, 23.339723016662525], [85.31569079581865, 23.339752102061336], [85.31566741215508, 23.339783631281794], [85.31564723149427, 23.33981730068027], [85.315630448187, 23.339852786002055], [85.31561722386571, 23.3398897455041], [85.31560768588784, 23.339927823246196], [85.31560192610934, 23.339966652518868], [85.3156, 23.340005859375], [85.3156, 23.3401640625], [85.31560193021262, 23.340203310995204], [85.31560770222188, 23.3402421807007], [85.31561726032174, 23.34028029648251], [85.31563051226641, 23.340317290482826], [85.31564733016049, 23.340352805670207], [85.31566755169345, 23.340386499285344], [85.315690981706, 23.34041804614903], [85.3157173940736, 23.34044714180049], [85.31574653388884, 23.34047350543576], [85.3157781199215, 23.340496882617725], [85.3158132761715, 23.340520320117722], [85.31584724869643, 23.340540615776074], [85.3158830604208, 23.340557455211805], [85.31592036082702, 23.340570673604077], [85.31595878482658, 23.340580141574065], [85.3159979563335, 23.340585766451277], [85.31603749194535, 23.3405874931806], [85.3160770046959, 23.340585304861175], [85.3161161078427, 23.34057922291181], [85.31613551484766, 23.340574199764504], [85.31612805302228, 23.34059833149496], [85.31612394516601, 23.340618599147327], [85.31611177500001, 23.340632103815445], [85.31608819612671, 23.340664179112448], [85.3160679223175, 23.340698439302237], [85.31605115438295, 23.340734545040213], [85.31603805840817, 23.340772138701766], [85.31602876410781, 23.340810847924505], [85.3160234333787, 23.34084977926004], [85.31601879226238, 23.340850031998915], [85.31596019851239, 23.340855891373916], [85.3159214169476, 23.34086170132413], [85.31588339064713, 23.34087128076885], [85.31584648508301, 23.34088453763972], [85.31581105495583, 23.340901344524507], [85.31577744078571, 23.340921539891696], [85.31574596563955, 23.340944929642937], [85.31571693202604, 23.34097128897856], [85.31569061898817, 23.341000364558123], [85.31566727942145, 23.341031876935265], [85.31564713764318, 23.34106552324349], [85.31563038723671, 23.34110098010702], [85.3156171891907, 23.34113790674876], [85.31560767035205, 23.341175948265544], [85.31560192220661, 23.341214739039092], [85.3156, 23.34125390625], [85.3156, 23.341869140625], [85.31560184487046, 23.341907513699102], [85.31560736246408, 23.34194553280645], [85.31561650188465, 23.3419828472454], [85.31562917882694, 23.342019112814434], [85.31564527635435, 23.34205399498716], [85.31566464597762, 23.342087171998134], [85.31568710902454, 23.342118337810916], [85.31571245828802, 23.34214720494107], [85.31574045993756, 23.34217350710802], [85.31577085567605, 23.34219700169131], [85.31577153422926, 23.342197428957036], [85.31574624268633, 23.342216186443654], [85.31571715728752, 23.342242547912523], [85.31569079581865, 23.342271633311334], [85.31566741215508, 23.342303162531792], [85.31564723149427, 23.342336831930268], [85.315630448187, 23.342372317252053], [85.31561722386571, 23.342409276754097], [85.31560768588784, 23.342447354496194], [85.31560192610934, 23.342486183768866], [85.3156, 23.342525390625], [85.3156, 23.342630859375], [85.31560130926857, 23.342658091996917], [85.31560002605957, 23.342679027901625], [85.31560155437319, 23.34271882275052], [85.31560356559821, 23.342733305531564], [85.3156017394793, 23.342745939769628], [85.31560001038378, 23.342786085295746], [85.31560231781604, 23.342826201736205], [85.31560863849049, 23.342865884252674], [85.3156189086215, 23.342904732385804], [85.31563302456722, 23.342942354096497], [85.3156508438754, 23.34297836972219], [85.31567218672109, 23.343012415808264], [85.31569683772119, 23.343044148775867], [85.31572454810814, 23.343073248389167], [85.31575503824028, 23.34309942098705], [85.315788000424, 23.343122402446603], [85.31580371775075, 23.343132225775822], [85.31581024994865, 23.343148556270563], [85.31582678674263, 23.343184604231162], [85.31584681201866, 23.34321883739254], [85.31587012891315, 23.343250919216832], [85.31589650820338, 23.343280534315433], [85.31592569056097, 23.34330739154953], [85.31595738910129, 23.343331226892193], [85.3159912922037, 23.34335180602398], [85.31602706657507, 23.343368926636455], [85.31606436052625, 23.343382420421054], [85.31610280742953, 23.343392154723663], [85.31614202932273, 23.34339803384873], [85.316181640625, 23.3434], [85.31638671875, 23.3434], [85.3164261682787, 23.343398049914818], [85.31646523315769, 23.34339221867343], [85.31650353248776, 23.34338256313292], [85.31654069283414, 23.343369177438927], [85.31654500985822, 23.34336712112733], [85.31655128492233, 23.343370060252944], [85.31658796890314, 23.343383065364335], [85.3166257431584, 23.34339244369098], [85.31666425004914, 23.343398106440787], [85.316703125, 23.3434], [85.31679687500001, 23.3434], [85.31680859375, 23.34339940975622], [85.3168203125, 23.3434], [85.31716015625, 23.3434], [85.317177953561, 23.343399125674175], [85.3171953125, 23.3434], [85.317283203125, 23.3434], [85.31732434530832, 23.34339787852512], [85.3173650510811, 23.34339153660376], [85.31740488866195, 23.343381041507055], [85.31744343547876, 23.343366504560418], [85.317480282651, 23.343348079962695], [85.31751503932693, 23.343325963150487], [85.31754733682946, 23.3433003887251], [85.3175768325669, 23.343271627964043], [85.31760321366691, 23.343239985943473], [85.3176262002953, 23.343205798302147], [85.31764377842029, 23.34317650142715], [85.31766222250076, 23.343142051373466], [85.31767721709818, 23.343105966025316], [85.3176886191088, 23.343068589770063], [85.31769631971535, 23.343030279315073], [85.31770024542566, 23.342991400283427], [85.31770035877393, 23.342952323724532], [85.31769665867844, 23.342913422572927], [85.31768918045174, 23.342875068089118], [85.31767799546368, 23.342837626316385], [85.31766321046035, 23.34280145458738], [85.31764496654519, 23.34276689811385], [85.3176234378325, 23.342734286692043], [85.31759882978558, 23.34270393155524], [85.31757137725603, 23.342676122403436], [85.31754134224225, 23.34265112463854], [85.31750901138906, 23.342629176831455], [85.31747469325212, 23.34261048844524], [85.31745079293097, 23.342600357379585], [85.31742890440955, 23.342574475832777], [85.31740029770673, 23.34254678063854], [85.31739224384305, 23.34254040481833], [85.31742835909823, 23.34254587682669], [85.31746664362083, 23.342549804962506], [85.317505128445, 23.342550035682546], [85.3175434573131, 23.342546566851016], [85.31758127541124, 23.342539430579215], [85.31761823265377, 23.342528692928273], [85.31765398692403, 23.34251445329763], [85.3176882072414, 23.342496843504865], [85.31772057682522, 23.342476026565485], [85.31775079602725, 23.34245219518383], [85.3177785851055, 23.34242556996923], [85.31780368681387, 23.34239639739377], [85.31782586878353, 23.342364947510713], [85.31784492567391, 23.342331511454553], [85.3178606810736, 23.34229639874598], [85.31787298913338, 23.342259934426615], [85.3178817359164, 23.342222456050063], [85.31788684045289, 23.342184310557148], [85.31791027795288, 23.34190891993215], [85.31791169641916, 23.341870773397602], [85.31790947216346, 23.341832665356048], [85.31790362544277, 23.341794942869363], [85.31789420950498, 23.34175794948806], [85.31788668061866, 23.341736980060638], [85.31792841676994, 23.341788106845968], [85.31795418180893, 23.341816736624995], [85.31798258098505, 23.341842755623375], [85.31801335098443, 23.34186592259597], [85.3180462065112, 23.341886022741292], [85.3180808429327, 23.341902869693115], [85.31811693910407, 23.341916307248454], [85.31815416034578, 23.34192621081585], [85.31819216154678, 23.341932488570574], [85.31823059036431, 23.341935082306012], [85.31835115275217, 23.34193740081347], [85.31833995951924, 23.341970330740214], [85.31833863223328, 23.341976045561836], [85.31833845953734, 23.34197628117021], [85.31831911246739, 23.342008695755773], [85.31830290722064, 23.342042789808794], [85.31828998812657, 23.342078259676025], [85.31828047024699, 23.342114789450754], [85.31827443835141, 23.34215205378637], [85.31827194616193, 23.342189720794018], [85.3182720734777, 23.342194211867803], [85.31826588498477, 23.34220920529333], [85.31825464567112, 23.34224623891747], [85.318247037918, 23.34228418537423], [85.31824313294406, 23.34232268943462], [85.31824296730498, 23.34236139064974], [85.3182465425514, 23.34239992672506], [85.31825382521427, 23.34243793691198], [85.31826474711822, 23.342475065384907], [85.31827920601982, 23.34251096457226], [85.31829706656464, 23.34254529841019], [85.31837909781463, 23.34268592341019], [85.3184004059522, 23.34271866571823], [85.31842480637336, 23.342749173338753], [85.3184520663445, 23.342777155287134], [85.31848192585743, 23.34280234466884], [85.3185141001092, 23.342824501225117], [85.31854828221867, 23.342843413624585], [85.31858414615361, 23.34285890147896], [85.31862134984034, 23.34287081706358], [85.31865953842647, 23.342879046726452], [85.31869834766562, 23.342883511972257], [85.31873740739148, 23.342884170211047], [85.31877634504862, 23.342881015164476], [85.31904587629863, 23.342845858914476], [85.31908368550715, 23.342839067071893], [85.31912066885141, 23.342828679693874], [85.3191564852374, 23.342814792582253], [85.31919080433387, 23.342797533816594], [85.31922330961893, 23.342777062572917], [85.31925370129932, 23.342753567655627], [85.31928169907532, 23.342727265756203], [85.31930704472602, 23.342698399454655], [85.3193295044908, 23.342667234982244], [85.3193488712253, 23.342634059766056], [85.31936496631191, 23.342599179778066], [85.31937764130709, 23.342562916713227], [85.31938677931055, 23.342525605022466], [85.31939229604329, 23.342487588828096], [85.31939414062501, 23.34244921875], [85.31939414062501, 23.341974609375], [85.31939213588848, 23.341934612246952], [85.31938614177375, 23.34189501603742], [85.31937621836391, 23.341856217646246], [85.31936246512807, 23.341818605976183], [85.31934501992431, 23.34178255803468], [85.31932983449575, 23.34175783887727], [85.31934544438987, 23.341732289420378], [85.3193627409441, 23.341696366211625], [85.31937637534425, 23.341658899548463], [85.31938621212846, 23.341620261673366], [85.31939215356536, 23.341580836465145], [85.31939414062501, 23.341541015625], [85.31939414062501, 23.34022265625], [85.3193922307015, 23.34018361408039], [85.31938651916997, 23.340144944748577], [85.3193770605734, 23.34010701753188], [85.31936394523774, 23.340070194620726], [85.31934729840945, 23.340034827659824], [85.31932727905937, 23.340001254390135], [85.31930407836464, 23.339969795423542], [85.319277917883, 23.339940751181146], [85.31924904743708, 23.33991439902436], [85.31921774272858, 23.339890990606193], [85.3191843027055, 23.3398707494681], [85.31914904670725, 23.3398538689052], [85.31911231141517, 23.33984051012042], [85.31907444763723, 23.339830800685043], [85.31903581695803, 23.33982483332046], [85.31899678828579, 23.33982266501273], [85.3189577343294, 23.339824316468356], [85.3189190280392, 23.33982977191657], [85.3188810390455, 23.339838979259927], [85.31884413012861, 23.33985185057182], [85.3188086537546, 23.339868262936143], [85.31877494870928, 23.339888059621092], [85.31874333686292, 23.339911051575893], [85.31865501172784, 23.339982142538272], [85.3186516331363, 23.339981747014818], [85.31861173130628, 23.339981079508362], [85.31857196154964, 23.33998439131477], [85.31853271972501, 23.339991649469102], [85.31849439643611, 23.340002781725435], [85.31845737314373, 23.340017677275966], [85.31842201836885, 23.340036187853958], [85.31838868402443, 23.340058129209556], [85.3183577019125, 23.340083282943773], [85.3183293804216, 23.340111398682378], [85.31832588635537, 23.340115638802274], [85.31783020641846, 23.340181729460525], [85.31783040834766, 23.340181043016326], [85.3178378777156, 23.34014090361359], [85.31784121643787, 23.340100211894004], [85.31784038972994, 23.340059391805035], [85.31783453035494, 23.339977360555036], [85.31782969428819, 23.339937684477317], [85.31782092271204, 23.33989868911687], [85.31780830320949, 23.33986076383717], [85.31779196178461, 23.339824287317086], [85.31777206160432, 23.33978962376981], [85.3177488013693, 23.33975711930625], [85.31772241332989, 23.339727098479134], [85.31769316096714, 23.33969986104243], [85.317661336362, 23.339675678958308], [85.3176272572789, 23.339654793681664], [85.31759126399297, 23.339637413749198], [85.31755371589236, 23.33962371269722], [85.31751498788985, 23.33961382732891], [85.31747546667938, 23.33960785634836], [85.317435546875, 23.339605859375002], [85.316744140625, 23.339605859375002], [85.31670414461348, 23.339607863999323], [85.31666454948686, 23.33961385777969], [85.31662575211189, 23.339623780639712], [85.31658877132159, 23.339637302773834], [85.31658666712295, 23.339636307561996]], [[85.31682877015709, 23.342408708366342], [85.31684139681772, 23.34239527335225], [85.31686592952111, 23.342415026049522], [85.31688718136846, 23.34242900943501], [85.31685068188543, 23.342424970381952], [85.31681158152415, 23.34242448493649], [85.31681071031078, 23.34242455950431], [85.31682877015709, 23.342408708366342]]]}}, {"type": "Feature", "properties": {"class": "building", "raw_confidence": 0.2873, "source_tile_id": "tile_0016"}, "geometry": {"type": "Polygon", "coordinates": [[[85.32229296875, 23.346064453125], [85.32226953125, 23.3460703125], [85.322240234375, 23.346099609375], [85.322216796875, 23.346099609375], [85.32220507812501, 23.346087890625], [85.322181640625, 23.346087890625], [85.32217578125, 23.34609375], [85.322140625, 23.34605859375], [85.322140625, 23.346041015625], [85.322169921875, 23.3460234375], [85.322169921875, 23.346005859375], [85.322251953125, 23.346005859375], [85.3222578125, 23.346041015625], [85.32226953125, 23.346052734375], [85.32229296875, 23.34605859375], [85.32229296875, 23.346064453125]]]}}, {"type": "Feature", "properties": {"class": "building", "raw_confidence": 0.2755, "source_tile_id": "tile_0016"}, "geometry": {"type": "Polygon", "coordinates": [[[85.32480078125, 23.346111328125], [85.324771484375, 23.346111328125], [85.324765625, 23.34610546875], [85.324765625, 23.346087890625], [85.32475390625001, 23.346076171875], [85.32475390625001, 23.3460703125], [85.324748046875, 23.346064453125], [85.32475390625001, 23.346046875], [85.32477734375, 23.346046875], [85.3247890625, 23.34605859375], [85.3247890625, 23.346076171875], [85.32480078125, 23.34609375], [85.32480078125, 23.346111328125]]]}}, {"type": "Feature", "properties": {"class": "building", "raw_confidence": 0.2876, "source_tile_id": "tile_0016"}, "geometry": {"type": "Polygon", "coordinates": [[[85.324033203125, 23.346041015625], [85.324033203125, 23.346005859375], [85.32428515625, 23.346005859375], [85.32426171875001, 23.346041015625], [85.32422070312501, 23.346064453125], [85.32422070312501, 23.34610546875], [85.32419140625001, 23.3461171875], [85.324068359375, 23.3461171875], [85.324056640625, 23.34610546875], [85.324056640625, 23.34605859375], [85.324033203125, 23.346041015625]]]}}, {"type": "Feature", "properties": {"class": "building", "raw_confidence": 0.289, "source_tile_id": "tile_0016"}, "geometry": {"type": "Polygon", "coordinates": [[[85.32499414062501, 23.346158203125], [85.324982421875, 23.346158203125], [85.32494140625, 23.346111328125], [85.3249296875, 23.3461171875], [85.32494140625, 23.346158203125], [85.324865234375, 23.34612890625], [85.324865234375, 23.34610546875], [85.32488281250001, 23.346123046875], [85.32490625, 23.346111328125], [85.32490625, 23.346064453125], [85.32487109375, 23.34603515625], [85.324859375, 23.346005859375], [85.3249765625, 23.346005859375], [85.3249765625, 23.346041015625], [85.324958984375, 23.346064453125], [85.32499414062501, 23.34608203125], [85.32499414062501, 23.346158203125]]]}}, {"type": "Feature", "properties": {"class": "building", "raw_confidence": 0.3063, "source_tile_id": "tile_0016"}, "geometry": {"type": "Polygon", "coordinates": [[[85.323517578125, 23.346099609375], [85.32344140625, 23.3461875], [85.32338867187501, 23.34619921875], [85.32328906250001, 23.346146484375], [85.323259765625, 23.346087890625], [85.32325390625, 23.346005859375], [85.323494140625, 23.346005859375], [85.32348828125001, 23.34603515625], [85.323517578125, 23.346099609375]]]}}, {"type": "Feature", "properties": {"class": "building", "raw_confidence": 0.2794, "source_tile_id": "tile_0016"}, "geometry": {"type": "Polygon", "coordinates": [[[85.324548828125, 23.346205078125], [85.32453125, 23.346205078125], [85.32451953125, 23.34617578125], [85.324466796875, 23.346181640625], [85.324408203125, 23.346134765625], [85.324419921875, 23.346111328125], [85.324408203125, 23.34609375], [85.32442578125, 23.346041015625], [85.324419921875, 23.346005859375], [85.324595703125, 23.346005859375], [85.324607421875, 23.346087890625], [85.324595703125, 23.34610546875], [85.324560546875, 23.346111328125], [85.324560546875, 23.3461875], [85.324548828125, 23.346205078125]]]}}, {"type": "Feature", "properties": {"class": "building", "raw_confidence": 0.2888, "source_tile_id": "tile_0016"}, "geometry": {"type": "Polygon", "coordinates": [[[85.323189453125, 23.34603515625], [85.3229609375, 23.346205078125], [85.32292578125, 23.346134765625], [85.32286718750001, 23.346134765625], [85.32282617187501, 23.34619921875], [85.322673828125, 23.346099609375], [85.32262109375, 23.346146484375], [85.3225625, 23.346134765625], [85.32251562500001, 23.346076171875], [85.32254492187501, 23.346029296875], [85.32237500000001, 23.346064453125], [85.322322265625, 23.346005859375], [85.322580078125, 23.346005859375], [85.32262109375, 23.346052734375], [85.322673828125, 23.346005859375], [85.3229609375, 23.346005859375], [85.32293750000001, 23.346041015625], [85.32301953125, 23.346123046875], [85.3231015625, 23.34608203125], [85.32310742187501, 23.346005859375], [85.323125, 23.346052734375], [85.323171875, 23.346041015625], [85.32314843750001, 23.346005859375], [85.323189453125, 23.34603515625]]]}}, {"type": "Feature", "properties": {"class": "building", "raw_confidence": 0.2695, "source_tile_id": "tile_0016"}, "geometry": {"type": "Polygon", "coordinates": [[[85.322263671875, 23.346791015625], [85.32226953125, 23.3467265625], [85.322287109375, 23.346697265625], [85.32228125, 23.346673828125], [85.322298828125, 23.346662109375], [85.322310546875, 23.346662109375], [85.32230468750001, 23.3467265625], [85.322310546875, 23.346732421875], [85.32231640625, 23.346767578125], [85.32230468750001, 23.346791015625], [85.32229296875, 23.346796875], [85.322263671875, 23.346791015625]]]}}, {"type": "Feature", "properties": {"class": "building", "raw_confidence": 0.2691, "source_tile_id": "tile_0016"}, "geometry": {"type": "Polygon", "coordinates": [[[85.322591796875, 23.346791015625], [85.322609375, 23.34678515625], [85.32262109375, 23.3467734375], [85.322650390625, 23.346796875], [85.32266796875, 23.346802734375], [85.322673828125, 23.34680859375], [85.322673828125, 23.346814453125], [85.32265625000001, 23.346814453125], [85.322650390625, 23.3468203125], [85.32262109375, 23.3468203125], [85.32261523437501, 23.346814453125], [85.32259765625, 23.346814453125], [85.32259765625, 23.346796875], [85.322591796875, 23.346791015625]]]}}, {"type": "Feature", "properties": {"class": "building", "raw_confidence": 0.2896, "source_tile_id": "tile_0016"}, "geometry": {"type": "Polygon", "coordinates": [[[85.322158203125, 23.3469140625], [85.32210546875, 23.34685546875], [85.322, 23.346873046875], [85.322, 23.34678515625], [85.32206445312501, 23.346703125], [85.32205859375, 23.346685546875], [85.322, 23.3466796875], [85.322, 23.346521484375], [85.322029296875, 23.34652734375], [85.322052734375, 23.346568359375], [85.32208203125, 23.346556640625], [85.322140625, 23.3466328125], [85.322228515625, 23.346685546875], [85.32220507812501, 23.34680859375], [85.322216796875, 23.34684375], [85.322169921875, 23.346861328125], [85.322158203125, 23.3469140625]]]}}, {"type": "Feature", "properties": {"class": "building", "raw_confidence": 0.266, "source_tile_id": "tile_0016"}, "geometry": {"type": "Polygon", "coordinates": [[[85.3226796875, 23.346908203125], [85.322673828125, 23.346908203125], [85.322662109375, 23.346919921875], [85.32265625000001, 23.3469140625], [85.32264453125, 23.3469140625], [85.3226328125, 23.34690234375], [85.3226328125, 23.346890625], [85.32262695312501, 23.346884765625], [85.322638671875, 23.346873046875], [85.322650390625, 23.346873046875], [85.32265625000001, 23.34687890625], [85.322662109375, 23.34687890625], [85.322673828125, 23.346890625], [85.322673828125, 23.346896484375], [85.3226796875, 23.34690234375], [85.3226796875, 23.346908203125]]]}}, {"type": "Feature", "properties": {"class": "building", "raw_confidence": 0.2842, "source_tile_id": "tile_0016"}, "geometry": {"type": "Polygon", "coordinates": [[[85.322, 23.34755859375], [85.322, 23.347453125], [85.32202343750001, 23.347435546875], [85.322029296875, 23.347412109375], [85.322052734375, 23.347400390625], [85.322111328125, 23.34744140625], [85.3221171875, 23.347470703125], [85.32213476562501, 23.34748828125], [85.322123046875, 23.34751171875], [85.32212890625, 23.347541015625], [85.3220703125, 23.3475234375], [85.322, 23.34755859375]]]}}, {"type": "Feature", "properties": {"class": "building", "raw_confidence": 0.2774, "source_tile_id": "tile_0016"}, "geometry": {"type": "Polygon", "coordinates": [[[85.322, 23.34760546875], [85.322029296875, 23.34760546875], [85.322046875, 23.347623046875], [85.322052734375, 23.347623046875], [85.32205859375, 23.34762890625], [85.322087890625, 23.34762890625], [85.322087890625, 23.347634765625], [85.322076171875, 23.347646484375], [85.3220703125, 23.347640625], [85.32205859375, 23.347640625], [85.322052734375, 23.347634765625], [85.322029296875, 23.347634765625], [85.32201171875, 23.347646484375], [85.322, 23.347646484375], [85.322, 23.34760546875]]]}}, {"type": "Feature", "properties": {"class": "building", "raw_confidence": 0.2756, "source_tile_id": "tile_0016"}, "geometry": {"type": "Polygon", "coordinates": [[[85.32201171875, 23.347869140625], [85.32202343750001, 23.347857421875002], [85.32205859375, 23.347857421875002], [85.32206445312501, 23.34786328125], [85.322076171875, 23.34786328125], [85.32208203125, 23.347869140625], [85.322076171875, 23.347875000000002], [85.322076171875, 23.347880859375], [85.32206445312501, 23.347892578125], [85.322046875, 23.347892578125], [85.322041015625, 23.3478984375], [85.32203515625, 23.3478984375], [85.322029296875, 23.347892578125], [85.322029296875, 23.34788671875], [85.32201171875, 23.347869140625]]]}}, {"type": "Feature", "properties": {"class": "building", "raw_confidence": 0.2662, "source_tile_id": "tile_0016"}, "geometry": {"type": "Polygon", "coordinates": [[[85.322029296875, 23.348021484375], [85.32201171875, 23.348009765625], [85.322, 23.348009765625], [85.322, 23.347998046875], [85.32201171875, 23.347998046875], [85.322017578125, 23.3479921875], [85.322017578125, 23.347974609375], [85.32201171875, 23.34796875], [85.322, 23.34796875], [85.322, 23.347951171875], [85.322017578125, 23.3479453125], [85.32202343750001, 23.34793359375], [85.322041015625, 23.347927734375], [85.32205859375, 23.347951171875], [85.322076171875, 23.347951171875], [85.322076171875, 23.34795703125], [85.32205859375, 23.347974609375], [85.32205859375, 23.347998046875], [85.32206445312501, 23.348009765625], [85.32205859375, 23.348015625], [85.322029296875, 23.348021484375]]]}}, {"type": "Feature", "properties": {"class": "building", "raw_confidence": 0.2809, "source_tile_id": "tile_0016"}, "geometry": {"type": "Polygon", "coordinates": [[[85.322, 23.34834375], [85.322, 23.348208984375], [85.32206445312501, 23.34821484375], [85.32212890625, 23.348244140625], [85.32212890625, 23.34826171875], [85.32210546875, 23.348291015625], [85.322111328125, 23.34830859375], [85.32205859375, 23.34833203125], [85.322046875, 23.348349609375], [85.322, 23.34834375]]]}}, {"type": "Feature", "properties": {"class": "building", "raw_confidence": 0.2814, "source_tile_id": "tile_0016"}, "geometry": {"type": "Polygon", "coordinates": [[[85.322, 23.348853515625], [85.322, 23.3486015625], [85.32202343750001, 23.34854296875], [85.322169921875, 23.348548828125], [85.322216796875, 23.348572265625002], [85.322263671875, 23.348654296875], [85.322228515625, 23.34870703125], [85.322251953125, 23.34873046875], [85.3221875, 23.348771484375], [85.322140625, 23.3488359375], [85.322052734375, 23.348806640625], [85.32203515625, 23.348859375], [85.322, 23.348853515625]]]}}, {"type": "Feature", "properties": {"class": "building", "raw_confidence": 0.2745, "source_tile_id": "tile_0016"}, "geometry": {"type": "Polygon", "coordinates": [[[85.322146484375, 23.349], [85.322146484375, 23.3489765625], [85.32216406250001, 23.34896484375], [85.322169921875, 23.3489296875], [85.322193359375, 23.348958984375], [85.32222265625, 23.348958984375], [85.32224609375, 23.348947265625], [85.322263671875, 23.348947265625], [85.32226953125, 23.348953125], [85.32226953125, 23.349], [85.322146484375, 23.349]]]}}, {"type": "Feature", "properties": {"class": "land_use", "raw_confidence": 0.293, "source_tile_id": "tile_0016"}, "geometry": {"type": "Polygon", "coordinates": [[[85.32258593750001, 23.346017578125], [85.32258593750001, 23.346005859375], [85.32266796875, 23.346005859375], [85.32266796875, 23.3460234375], [85.322662109375, 23.346029296875], [85.322662109375, 23.34603515625], [85.322650390625, 23.34603515625], [85.32264453125, 23.346041015625], [85.32262695312501, 23.346041015625], [85.32262109375, 23.346046875], [85.32261523437501, 23.346041015625], [85.322609375, 23.346041015625], [85.32258593750001, 23.346017578125]]]}}, {"type": "Feature", "properties": {"class": "land_use", "raw_confidence": 0.2857, "source_tile_id": "tile_0016"}, "geometry": {"type": "Polygon", "coordinates": [[[85.322328125, 23.346041015625], [85.322322265625, 23.346041015625], [85.322310546875, 23.346052734375], [85.32230468750001, 23.346052734375], [85.322298828125, 23.34605859375], [85.32229296875, 23.346052734375], [85.32228125, 23.346052734375], [85.322263671875, 23.346041015625], [85.322263671875, 23.346029296875], [85.3222578125, 23.3460234375], [85.3222578125, 23.346005859375], [85.32231640625, 23.346005859375], [85.32231640625, 23.3460234375], [85.322328125, 23.34603515625], [85.322328125, 23.346041015625]]]}}, {"type": "Feature", "properties": {"class": "land_use", "raw_confidence": 0.2867, "source_tile_id": "tile_0016"}, "geometry": {"type": "Polygon", "coordinates": [[[85.322943359375, 23.346041015625], [85.32296679687501, 23.346017578125], [85.32296679687501, 23.346005859375], [85.322978515625, 23.3460234375], [85.32301953125, 23.3460234375], [85.323025390625, 23.346005859375], [85.3231015625, 23.346005859375], [85.323095703125, 23.34608203125], [85.32307812500001, 23.346099609375], [85.32303710937501, 23.3461171875], [85.32300781250001, 23.346111328125], [85.322984375, 23.346087890625], [85.32297265625, 23.346052734375], [85.322943359375, 23.346041015625]]]}}, {"type": "Feature", "properties": {"class": "land_use", "raw_confidence": 0.2776, "source_tile_id": "tile_0016"}, "geometry": {"type": "Polygon", "coordinates": [[[85.32499414062501, 23.346251953125], [85.324958984375, 23.346251953125], [85.32491796875, 23.34619921875], [85.324818359375, 23.3462109375], [85.324748046875, 23.346140625], [85.324701171875, 23.346146484375], [85.324701171875, 23.346076171875], [85.324619140625, 23.34615234375], [85.324625, 23.34619921875], [85.32456640625, 23.346216796875], [85.32456640625, 23.346111328125], [85.32461328125001, 23.346087890625], [85.3246015625, 23.346005859375], [85.32463671875, 23.346029296875], [85.324654296875, 23.346005859375], [85.324736328125, 23.346005859375], [85.324748046875, 23.34603515625], [85.32477734375, 23.346005859375], [85.32485351562501, 23.346005859375], [85.324900390625, 23.346064453125], [85.324900390625, 23.346111328125], [85.324865234375, 23.346099609375], [85.324859375, 23.34612890625], [85.32494140625, 23.3461640625], [85.32494140625, 23.3461171875], [85.32499414062501, 23.3461640625], [85.32499414062501, 23.346251953125]]]}}, {"type": "Feature", "properties": {"class": "land_use", "raw_confidence": 0.3039, "source_tile_id": "tile_0016"}, "geometry": {"type": "Polygon", "coordinates": [[[85.322380859375, 23.346345703125], [85.32231640625, 23.346345703125], [85.322310546875, 23.3463515625], [85.32230468750001, 23.346345703125], [85.322287109375, 23.346345703125], [85.322310546875, 23.346328125], [85.32231640625, 23.34631640625], [85.32231640625, 23.3463046875], [85.322310546875, 23.346298828125], [85.322333984375, 23.34628125], [85.32233984375, 23.346287109375], [85.32233984375, 23.3463046875], [85.322328125, 23.34631640625], [85.322328125, 23.346322265625002], [85.32233984375, 23.346333984375], [85.322369140625, 23.346333984375], [85.322380859375, 23.346339843750002], [85.322380859375, 23.346345703125]]]}}, {"type": "Feature", "properties": {"class": "land_use", "raw_confidence": 0.2849, "source_tile_id": "tile_0016"}, "geometry": {"type": "Polygon", "coordinates": [[[85.3225625, 23.346140625], [85.32262109375, 23.34615234375], [85.322673828125, 23.34610546875], [85.32282617187501, 23.346205078125], [85.32289648437501, 23.346193359375], [85.32292578125, 23.346140625], [85.32294921875, 23.346205078125], [85.32301953125, 23.3461875], [85.32307812500001, 23.34628125], [85.32300781250001, 23.346339843750002], [85.322990234375, 23.34641015625], [85.32285546875, 23.3463984375], [85.32286718750001, 23.346345703125], [85.322802734375, 23.34631640625], [85.32273828125, 23.346416015625], [85.322662109375, 23.346421875], [85.322591796875, 23.346380859375], [85.32266796875, 23.346275390625], [85.32271484375, 23.34629296875], [85.322767578125, 23.346216796875], [85.32269726562501, 23.346205078125], [85.32266796875, 23.346234375], [85.3226328125, 23.346169921875], [85.3225625, 23.346140625]]]}}, {"type": "Feature", "properties": {"class": "land_use", "raw_confidence": 0.3001, "source_tile_id": "tile_0016"}, "geometry": {"type": "Polygon", "coordinates": [[[85.322052734375, 23.3465625], [85.322041015625, 23.346533203125], [85.322099609375, 23.34650390625], [85.32203515625, 23.346451171875], [85.322, 23.346515625], [85.322, 23.346005859375], [85.32216406250001, 23.346005859375], [85.32213476562501, 23.34605859375], [85.322216796875, 23.34610546875], [85.32220507812501, 23.346169921875], [85.32233984375, 23.346251953125], [85.322140625, 23.34624609375], [85.322076171875, 23.346345703125], [85.32222265625, 23.346451171875], [85.32208203125, 23.346451171875], [85.32210546875, 23.346498046875], [85.32219921875, 23.346509765625], [85.322052734375, 23.3465625]]]}}, {"type": "Feature", "properties": {"class": "land_use", "raw_confidence": 0.2887, "source_tile_id": "tile_0016"}, "geometry": {"type": "Polygon", "coordinates": [[[85.324208984375, 23.3467265625], [85.324173828125, 23.346708984375], [85.3241328125, 23.34671484375], [85.32412109375001, 23.346626953125], [85.32409765625, 23.346603515625], [85.324126953125, 23.346556640625], [85.324109375, 23.346533203125], [85.32416210937501, 23.346462890625], [85.324185546875, 23.34648046875], [85.32422070312501, 23.34648046875], [85.3241796875, 23.34652734375], [85.32425, 23.3465625], [85.324279296875, 23.346638671875], [85.324208984375, 23.3467265625]]]}}, {"type": "Feature", "properties": {"class": "land_use", "raw_confidence": 0.2725, "source_tile_id": "tile_0016"}, "geometry": {"type": "Polygon", "coordinates": [[[85.322328125, 23.346755859375], [85.32231640625, 23.34675], [85.32231640625, 23.346732421875], [85.322310546875, 23.3467265625], [85.322310546875, 23.346703125], [85.32231640625, 23.346697265625], [85.32231640625, 23.346662109375], [85.322310546875, 23.34665625], [85.32231640625, 23.34664453125], [85.322328125, 23.346650390625], [85.32236328125, 23.34669140625], [85.32236328125, 23.346703125], [85.322357421875, 23.346708984375], [85.322333984375, 23.346708984375], [85.322328125, 23.34671484375], [85.322328125, 23.346720703125], [85.32234570312501, 23.34673828125], [85.32234570312501, 23.346744140625], [85.32233984375, 23.346744140625], [85.322328125, 23.346755859375]]]}}, {"type": "Feature", "properties": {"class": "land_use", "raw_confidence": 0.295, "source_tile_id": "tile_0016"}, "geometry": {"type": "Polygon", "coordinates": [[[85.322, 23.346779296875], [85.322, 23.346685546875], [85.32202343750001, 23.346685546875], [85.322029296875, 23.34669140625], [85.32205859375, 23.34669140625], [85.32205859375, 23.346703125], [85.322046875, 23.34671484375], [85.322046875, 23.346720703125], [85.32202343750001, 23.34673828125], [85.32202343750001, 23.34675], [85.32201171875, 23.3467734375], [85.322, 23.346779296875]]]}}, {"type": "Feature", "properties": {"class": "land_use", "raw_confidence": 0.2901, "source_tile_id": "tile_0016"}, "geometry": {"type": "Polygon", "coordinates": [[[85.322, 23.347447265625], [85.322, 23.34687890625], [85.322052734375, 23.34703125], [85.32219921875, 23.34697265625], [85.322169921875, 23.347072265625002], [85.32229296875, 23.3471015625], [85.32231640625, 23.346984375], [85.32243359375, 23.346978515625], [85.322298828125, 23.346908203125], [85.32231640625, 23.3467734375], [85.32248046875, 23.3467734375], [85.322533203125, 23.346703125], [85.32254492187501, 23.346791015625], [85.3224921875, 23.346814453125], [85.3225390625, 23.347025390625], [85.322369140625, 23.347095703125], [85.32245703125, 23.347166015625], [85.32233984375, 23.34725390625], [85.32222265625, 23.34725390625], [85.322, 23.347447265625]]]}}, {"type": "Feature", "properties": {"class": "land_use", "raw_confidence": 0.2787, "source_tile_id": "tile_0016"}, "geometry": {"type": "Polygon", "coordinates": [[[85.322427734375, 23.347453125], [85.322427734375, 23.347435546875], [85.322439453125, 23.347423828125], [85.322439453125, 23.347412109375], [85.32244531250001, 23.34740625], [85.32244531250001, 23.347388671875], [85.322439453125, 23.3473828125], [85.322439453125, 23.347376953125], [85.32244531250001, 23.34737109375], [85.32245703125, 23.34737109375], [85.322474609375, 23.347400390625], [85.322474609375, 23.347423828125], [85.322462890625, 23.347435546875], [85.32245703125, 23.347435546875], [85.322439453125, 23.347453125], [85.322427734375, 23.347453125]]]}}, {"type": "Feature", "properties": {"class": "land_use", "raw_confidence": 0.2807, "source_tile_id": "tile_0016"}, "geometry": {"type": "Polygon", "coordinates": [[[85.32241015625, 23.34762890625], [85.3223984375, 23.347611328125], [85.3223984375, 23.34758203125], [85.322392578125, 23.347576171875], [85.322392578125, 23.347517578125], [85.32241601562501, 23.3475], [85.322427734375, 23.347482421875], [85.32243359375, 23.347482421875], [85.322451171875, 23.34751171875], [85.32245703125, 23.347541015625], [85.32244531250001, 23.34755859375], [85.32243359375, 23.3476171875], [85.32241015625, 23.34762890625]]]}}, {"type": "Feature", "properties": {"class": "land_use", "raw_confidence": 0.2805, "source_tile_id": "tile_0016"}, "geometry": {"type": "Polygon", "coordinates": [[[85.322, 23.347599609375], [85.322, 23.347564453125], [85.32203515625, 23.347541015625], [85.32203515625, 23.347587890625], [85.32206445312501, 23.347599609375], [85.32209375000001, 23.34755859375], [85.32209375000001, 23.34753515625], [85.32212890625, 23.347546875], [85.32212890625, 23.34751171875], [85.32215234375, 23.34748828125], [85.32216406250001, 23.3475], [85.322169921875, 23.3475703125], [85.322181640625, 23.347587890625], [85.32217578125, 23.347623046875], [85.322123046875, 23.34765234375], [85.32208203125, 23.34765234375], [85.32209375000001, 23.347634765625], [85.322087890625, 23.347623046875], [85.32205859375, 23.347623046875], [85.322029296875, 23.347599609375], [85.322, 23.347599609375]]]}}, {"type": "Feature", "properties": {"class": "land_use", "raw_confidence": 0.2762, "source_tile_id": "tile_0016"}, "geometry": {"type": "Polygon", "coordinates": [[[85.322, 23.3479453125], [85.322005859375, 23.34765234375], [85.322029296875, 23.34769921875], [85.322052734375, 23.34769921875], [85.322099609375, 23.347669921875], [85.322123046875, 23.3477109375], [85.322140625, 23.34769921875], [85.32216406250001, 23.347705078125], [85.322123046875, 23.347787109375002], [85.322076171875, 23.347833984375], [85.32203515625, 23.347839843750002], [85.322005859375, 23.347869140625], [85.322017578125, 23.347939453125], [85.322, 23.3479453125]]]}}, {"type": "Feature", "properties": {"class": "land_use", "raw_confidence": 0.2738, "source_tile_id": "tile_0016"}, "geometry": {"type": "Polygon", "coordinates": [[[85.322, 23.348068359375], [85.322, 23.348015625], [85.322041015625, 23.34802734375], [85.3220703125, 23.348009765625], [85.32206445312501, 23.347974609375], [85.32208203125, 23.347951171875], [85.322052734375, 23.34793359375], [85.322076171875, 23.347939453125], [85.32210546875, 23.347904296875], [85.322123046875, 23.347904296875], [85.322158203125, 23.347875000000002], [85.32217578125, 23.347904296875], [85.322158203125, 23.347951171875], [85.322169921875, 23.347986328125], [85.322169921875, 23.348056640625], [85.322146484375, 23.3480859375], [85.32212890625, 23.348056640625], [85.322087890625, 23.34805078125], [85.322, 23.348068359375]]]}}, {"type": "Feature", "properties": {"class": "land_use", "raw_confidence": 0.2681, "source_tile_id": "tile_0016"}, "geometry": {"type": "Polygon", "coordinates": [[[85.322, 23.349], [85.322, 23.348953125], [85.32201171875, 23.348953125], [85.322052734375, 23.34898828125], [85.3220703125, 23.34898828125], [85.322076171875, 23.348982421875], [85.32210546875, 23.34898828125], [85.322123046875, 23.34896484375], [85.322140625, 23.348970703125], [85.322140625, 23.349], [85.322, 23.349]]]}}, {"type": "Feature", "properties": {"class": "parcel", "raw_confidence": 0.2524, "source_tile_id": "tile_0016"}, "geometry": {"type": "Polygon", "coordinates": [[[85.32177412043958, 23.34588078327125], [85.32175958349295, 23.34591933008806], [85.32174908839625, 23.345959167668916], [85.32174274647488, 23.345999873441688], [85.321740625, 23.346041015625], [85.321740625, 23.34605859375], [85.32174255110934, 23.346097800606127], [85.32174831088784, 23.346136629878796], [85.3217578488657, 23.34617470762089], [85.32176604036236, 23.34619760132037], [85.32174640443776, 23.34621214751846], [85.32171728881092, 23.34623851020027], [85.32169089906895, 23.346267601302653], [85.32166748966023, 23.346299140330895], [85.32164728629692, 23.346332823187517], [85.32163048377869, 23.34636832510436], [85.3216172441144, 23.34640530377401], [85.32160769496019, 23.346443402650273], [85.3216019283884, 23.346482254385997], [85.3216, 23.346521484375], [85.3216, 23.3466796875], [85.32160192220661, 23.346718854710907], [85.32160392941185, 23.346732400130886], [85.32160180890038, 23.346747158247652], [85.3216, 23.34678515625], [85.3216, 23.346873046875], [85.32160185874696, 23.34691156365874], [85.32160741771315, 23.346949722477703], [85.321616625235, 23.34698716869395], [85.32162939574025, 23.347023554292274], [85.32164561054321, 23.347058541114578], [85.3216651189478, 23.347091804002606], [85.32168773964808, 23.347123033819905], [85.32171326241327, 23.34715194032483], [85.32172042693125, 23.34715862875622], [85.32170565406705, 23.347177044845868], [85.32168921995752, 23.34720211403323], [85.32167403006059, 23.347221298343637], [85.32165191522803, 23.34725605396833], [85.3216334923115, 23.34729289980139], [85.32161895671128, 23.34733144504225], [85.32160846259733, 23.34737128086582], [85.32160212127408, 23.34741198475859], [85.3216, 23.347453125], [85.3216, 23.34755859375], [85.32160114374516, 23.347582187282693], [85.3216, 23.34760546875], [85.3216, 23.347646484375], [85.32160192610934, 23.347685691231135], [85.32160768588784, 23.347724520503807], [85.32161722386572, 23.347762598245904], [85.3216227067271, 23.34777792181694], [85.32161940463786, 23.347791104496142], [85.32161364485934, 23.347829933768818], [85.32161246520307, 23.347853946223726], [85.32160736246408, 23.34787477969356], [85.32160184487046, 23.347912798800902], [85.3216, 23.347951171875], [85.3216, 23.34796875], [85.32160071963159, 23.3479833984375], [85.3216, 23.347998046875], [85.3216, 23.348009765625], [85.32160192610934, 23.348048972481134], [85.32160768588784, 23.348087801753806], [85.32161308585168, 23.348109359617865], [85.32160761704912, 23.348131295123085], [85.32160190881676, 23.348169953492032], [85.3216, 23.348208984375], [85.3216, 23.34834375], [85.32160185828606, 23.348382262019193], [85.32160741587812, 23.34842041620664], [85.32161662113818, 23.348457858055372], [85.321621814143, 23.34847265589721], [85.32161617807813, 23.348488953742372], [85.32160721744532, 23.34852591949153], [85.32160180844944, 23.348563569223465], [85.3216, 23.3486015625], [85.3216, 23.348853515625], [85.32160201447553, 23.348893609543676], [85.32160803761158, 23.348933299621265], [85.32161800874083, 23.348972186084314], [85.32163182743031, 23.349009877253675], [85.32164935449295, 23.34904599348966], [85.32167041338957, 23.3490801710159], [85.32169479200701, 23.34911206558344], [85.32172224479461, 23.349141355938155], [85.32175249523755, 23.34916774705653], [85.32178523864192, 23.34919097311725], [85.32180028579906, 23.349199519960376], [85.32181389653007, 23.349222228093208], [85.32183728019365, 23.349253757313665], [85.32186364166252, 23.349282842712476], [85.32189272706132, 23.349309204181345], [85.32192425628179, 23.34933258784492], [85.32195792568027, 23.34935276850574], [85.32199341100205, 23.349369551813005], [85.3220303705041, 23.34938277613429], [85.32206844824618, 23.349392314112162], [85.32210727751887, 23.34939807389067], [85.322146484375, 23.3494], [85.32226953125, 23.3494], [85.32230873810613, 23.34939807389067], [85.32234756737881, 23.349392314112162], [85.3223856451209, 23.34938277613429], [85.32242260462294, 23.349369551813005], [85.32245808994473, 23.34935276850574], [85.32249175934321, 23.34933258784492], [85.32252328856367, 23.349309204181345], [85.32255237396248, 23.349282842712476], [85.32257873543135, 23.349253757313665], [85.32260211909492, 23.349222228093208], [85.32262229975574, 23.34918855869473], [85.32263908306301, 23.349153073372946], [85.32265230738429, 23.349116113870902], [85.32266184536216, 23.349078036128805], [85.32266760514067, 23.349039206856133], [85.32266953125, 23.349], [85.32266953125, 23.348953125], [85.32266760514067, 23.3489139181439], [85.32266184536218, 23.348875088871257], [85.32265230738432, 23.348837011129188], [85.32264344794727, 23.34881225066135], [85.32264956470031, 23.348774115458735], [85.32265082698298, 23.34875297094117], [85.322656816686, 23.34872803395921], [85.32266223611423, 23.34868815757807], [85.32266362133508, 23.34864793846398], [85.32266095832755, 23.34860778370877], [85.32265427404619, 23.348568099752843], [85.32264363614831, 23.348529288271248], [85.32262915230912, 23.348491742107967], [85.32261096913184, 23.348455841299625], [85.32256409413183, 23.348373810049626], [85.32254301011373, 23.348340781450872], [85.3225245606027, 23.34831730883382], [85.32252704942168, 23.34830021569593], [85.32252890625, 23.34826171875], [85.32252890625, 23.348244140625], [85.32252708940162, 23.34820605942531], [85.32252165536116, 23.348168324164448], [85.32251265349275, 23.348131277638654], [85.32250016557154, 23.348095256387534], [85.32248430504086, 23.348060587636848], [85.32246870178247, 23.348033612605022], [85.32247424576566, 23.347996238106127], [85.322476171875, 23.34795703125], [85.322476171875, 23.347951171875], [85.32247557001801, 23.347938920794682], [85.32248010514067, 23.347908347481162], [85.32248203125, 23.347869140625], [85.32248010514067, 23.34782993376884], [85.32247434536215, 23.347791104496135], [85.32246690382179, 23.347761396201697], [85.32247066675929, 23.3477508794959], [85.32247193136037, 23.3477458309254], [85.3224819985268, 23.347728967331733], [85.32249870610416, 23.347693488795958], [85.32251185928172, 23.347656544736054], [85.32252133163526, 23.347618490246692], [85.32252703211951, 23.347579691095653], [85.32252791580905, 23.347561218224527], [85.32252862791361, 23.347558084527957], [85.32253350776726, 23.347519978315965], [85.32253470948292, 23.347481579719073], [85.32253222197555, 23.347443242939462], [85.32252606819078, 23.34740532160909], [85.3225163048933, 23.347368165527676], [85.32250302214321, 23.347332117435997], [85.32248634246525, 23.34729750985435], [85.32248082273783, 23.347288409145392], [85.32247495682607, 23.347275809897123], [85.32249145787706, 23.347283614313007], [85.3225284173791, 23.347296838634293], [85.32253242579934, 23.347297842691294], [85.322545995504, 23.347302698009262], [85.32258407324609, 23.34731223598714], [85.32262290251877, 23.347317995765657], [85.32266210937492, 23.347319921875], [85.32270131623105, 23.34731799576568], [85.32274014550373, 23.347312235987175], [85.32277822324583, 23.347302698009315], [85.32281518274787, 23.347289473688033], [85.32285066806968, 23.347272690380773], [85.32288433746815, 23.347252509719958], [85.32289265121885, 23.347246343822217], [85.3229019155932, 23.34724079096992], [85.32293344481367, 23.347217407306346], [85.32296253021248, 23.347191045837477], [85.32298889168135, 23.347161960438665], [85.32301227534492, 23.347130431218208], [85.32303245600573, 23.34709676181973], [85.32304923931301, 23.347061276497946], [85.32306246363429, 23.347024316995903], [85.32307200161216, 23.346986239253805], [85.32307776139066, 23.346947409981134], [85.3230796875, 23.346908203125], [85.3230796875, 23.34690234375], [85.32307776139066, 23.346863136893884], [85.32307301003034, 23.346831105824393], [85.323073828125, 23.346814453125], [85.323073828125, 23.34680859375], [85.32307190201567, 23.34676938689384], [85.32306614223715, 23.346730557621136], [85.32305660425928, 23.346692479879014], [85.32304337993796, 23.346655520376945], [85.32302659663067, 23.34662003505514], [85.32301524033849, 23.346601088226304], [85.32302238813841, 23.346600329714544], [85.32306039008787, 23.346592517388324], [85.32309745644918, 23.3465810602742], [85.323133238525, 23.346566066153585], [85.32316739969983, 23.346547676081855], [85.32317823441967, 23.346540407957455], [85.32320151678684, 23.34655273391654], [85.32323803912007, 23.346569772083733], [85.32327609054519, 23.346583048717797], [85.32331528479745, 23.34659242904596], [85.32335522401108, 23.34659781784734], [85.32339550275816, 23.346599160419544], [85.32343571216408, 23.34659644313395], [85.32347544405818, 23.346589693574067], [85.32352817843316, 23.346577974824065], [85.32356913294579, 23.34656655921857], [85.32360864447553, 23.34655086121962], [85.32364626664379, 23.346531058174193], [85.32368157441692, 23.346507373805732], [85.32371416890798, 23.346480075686635], [85.3237436818831, 23.346449472215383], [85.32378608510606, 23.346400545419666], [85.32381460206138, 23.346426391681376], [85.32384613128184, 23.346449775344944], [85.3238798006803, 23.346469956005755], [85.32391528600209, 23.346486739313015], [85.32395224550412, 23.346499963634297], [85.3239903232462, 23.346509501612164], [85.32402915251888, 23.346515261390667], [85.324068359375, 23.346517187499998], [85.32419140625001, 23.346517187499998], [85.32422939952653, 23.34651537905056], [85.32424368568492, 23.346513326611735], [85.324248737498, 23.346516976438927], [85.32428265617104, 23.346536735261882], [85.3243183482197, 23.34655307432937], [85.32435546991009, 23.34656583628724], [85.32436367571414, 23.34656778321254], [85.32437667595008, 23.346574004761457], [85.32441396990127, 23.346587498546054], [85.32445241680453, 23.346597232848662], [85.32449163869774, 23.346603111973728], [85.32453125, 23.346605078125], [85.324548828125, 23.346605078125], [85.3245880766202, 23.34660314791238], [85.3246269463257, 23.346597375903123], [85.32466506210751, 23.346587817803254], [85.32470205610782, 23.3465745658586], [85.3247375712952, 23.346557747964514], [85.32477126491034, 23.346537526431554], [85.3247856321575, 23.34652685580564], [85.32479781461831, 23.34653154136749], [85.32483439980038, 23.346543624478507], [85.32487197778637, 23.346552131657145], [85.32491019992841, 23.346556983973954], [85.32494871160212, 23.346558136409225], [85.32496214367293, 23.34655724261066], [85.324982421875, 23.346558203125], [85.32499414062501, 23.346558203125], [85.32503334748114, 23.34655627701567], [85.32507217675382, 23.346550517237162], [85.32511025449591, 23.34654097925929], [85.32514721399795, 23.346527754938005], [85.32518269931974, 23.34651097163074], [85.32521636871822, 23.34649079096992], [85.32524789793868, 23.346467407306346], [85.32527698333749, 23.346441045837476], [85.32530334480636, 23.346411960438665], [85.32532672846993, 23.346380431218208], [85.32534690913074, 23.34634676181973], [85.32536369243802, 23.346311276497946], [85.3253769167593, 23.346274316995903], [85.32538645473717, 23.346236239253805], [85.32539221451567, 23.346197409981134], [85.32539414062501, 23.346158203125], [85.32539414062501, 23.34608203125], [85.32539211625505, 23.3460418392371], [85.3253860636355, 23.34600205404172], [85.32537604403011, 23.345963078363628], [85.32537279529816, 23.345954240881362], [85.32536887661216, 23.345927823246196], [85.32535933863429, 23.3458897455041], [85.325346114313, 23.345852786002055], [85.32532933100573, 23.34581730068027], [85.32530915034492, 23.345783631281794], [85.32528576668135, 23.345752102061336], [85.32525940521248, 23.345723016662525], [85.32523031981367, 23.345696655193656], [85.3251987905932, 23.34567327153008], [85.32516512119473, 23.345653090869263], [85.32512963587294, 23.345636307561996], [85.3250926763709, 23.34562308324071], [85.32505459862881, 23.34561354526284], [85.32501576935613, 23.345607785484333], [85.3249765625, 23.345605859375002], [85.324859375, 23.345605859375002], [85.32482041083101, 23.345607761656428], [85.32478181726609, 23.345613450407328], [85.32474396138434, 23.345622871519684], [85.32472756690936, 23.345628698126923], [85.32470846542985, 23.34562208253541], [85.32467145089153, 23.34561309700936], [85.3246337495029, 23.34560767289466], [85.324595703125, 23.345605859375002], [85.324419921875, 23.345605859375002], [85.32438140509127, 23.345607718121965], [85.32435240106153, 23.345611943420987], [85.32432434417913, 23.34560778362064], [85.32428515625, 23.345605859375002], [85.324033203125, 23.345605859375002], [85.32399399626887, 23.345607785484333], [85.32395516699619, 23.34561354526284], [85.3239170892541, 23.34562308324071], [85.32388012975206, 23.345636307561996], [85.32384464443027, 23.345653090869263], [85.32381097503179, 23.34567327153008], [85.32377944581133, 23.345696655193656], [85.32376367093934, 23.345710952704216], [85.32374802369732, 23.34569675844393], [85.32371648466908, 23.345673349035216], [85.32368280181247, 23.345653145671914], [85.32364729989563, 23.345636343153675], [85.32361032122598, 23.34562310348941], [85.32357222234972, 23.345613554335184], [85.323533370614, 23.3456077877634], [85.323494140625, 23.345605859375002], [85.32325390625, 23.345605859375002], [85.3232153285704, 23.34560772401782], [85.32320206471827, 23.345609659399905], [85.3231979068537, 23.345608930183527], [85.32315833213512, 23.345605981773485], [85.32313089120788, 23.345606664830097], [85.32312832830594, 23.3456064060972], [85.32308968579453, 23.34560625277915], [85.32305120881254, 23.34560982895747], [85.32303494292586, 23.345612945770625], [85.32300012542913, 23.34560778362064], [85.3229609375, 23.345605859375002], [85.322673828125, 23.345605859375002], [85.32263238023754, 23.345608012579582], [85.32262668033844, 23.34560890734862], [85.32261788676836, 23.345607650250937], [85.322580078125, 23.345605859375002], [85.322322265625, 23.345605859375002], [85.32228706611369, 23.3456076235891], [85.322251953125, 23.345605859375002], [85.322169921875, 23.345605859375002], [85.32213071501887, 23.345607785484333], [85.32209188574619, 23.34561354526284], [85.3220538080041, 23.34562308324071], [85.32201684850206, 23.345636307561996], [85.32198136318027, 23.345653090869263], [85.3219476937818, 23.34567327153008], [85.32191616456133, 23.345696655193656], [85.32188707916252, 23.345723016662525], [85.32186071769365, 23.345752102061336], [85.32184902262256, 23.34576787103926], [85.3218402362749, 23.345776881920557], [85.3218146618495, 23.345809179423085], [85.3217925450373, 23.345843936099012], [85.32177412043958, 23.34588078327125]]]}}, {"type": "Feature", "properties": {"class": "land_use", "raw_confidence": 0.3145, "source_tile_id": "tile_0014"}, "geometry": {"type": "Polygon", "coordinates": [[[85.31700781250001, 23.34608203125], [85.317013671875, 23.346076171875], [85.317013671875, 23.34605859375], [85.317025390625, 23.346041015625], [85.31701953125, 23.346005859375], [85.31703125, 23.346005859375], [85.31703710937501, 23.346017578125], [85.31704296875, 23.346005859375], [85.31707812500001, 23.346005859375], [85.31707812500001, 23.34603515625], [85.317072265625, 23.346041015625], [85.31707812500001, 23.346046875], [85.31707812500001, 23.34605859375], [85.31706640625, 23.3460703125], [85.31703710937501, 23.3460703125], [85.31701953125, 23.34608203125], [85.31700781250001, 23.34608203125]]]}}, {"type": "Feature", "properties": {"class": "land_use", "raw_confidence": 0.3134, "source_tile_id": "tile_0014"}, "geometry": {"type": "Polygon", "coordinates": [[[85.316169921875, 23.346064453125], [85.316169921875, 23.34605859375], [85.3161875, 23.346052734375], [85.31619921875, 23.346041015625], [85.31619921875, 23.3460234375], [85.31620507812501, 23.346017578125], [85.31620507812501, 23.346005859375], [85.31623437500001, 23.346005859375], [85.316240234375, 23.3460234375], [85.316251953125, 23.34603515625], [85.316251953125, 23.346046875], [85.31622265625, 23.346087890625], [85.316216796875, 23.346087890625], [85.316193359375, 23.346064453125], [85.316169921875, 23.346064453125]]]}}, {"type": "Feature", "properties": {"class": "land_use", "raw_confidence": 0.3151, "source_tile_id": "tile_0014"}, "geometry": {"type": "Polygon", "coordinates": [[[85.316, 23.346134765625], [85.316, 23.346005859375], [85.316052734375, 23.346005859375], [85.316046875, 23.346017578125], [85.316052734375, 23.346046875], [85.31609375000001, 23.346029296875], [85.3161171875, 23.346029296875], [85.31613476562501, 23.346041015625], [85.3161171875, 23.34605859375], [85.31613476562501, 23.346076171875], [85.31613476562501, 23.346087890625], [85.316111328125, 23.34609375], [85.31608203125, 23.346123046875], [85.316052734375, 23.346087890625], [85.316041015625, 23.346111328125], [85.316, 23.346134765625]]]}}, {"type": "Feature", "properties": {"class": "land_use", "raw_confidence": 0.3082, "source_tile_id": "tile_0014"}, "geometry": {"type": "Polygon", "coordinates": [[[85.318314453125, 23.346111328125], [85.318326171875, 23.346099609375], [85.318349609375, 23.346099609375], [85.318373046875, 23.346087890625], [85.318384765625, 23.346087890625], [85.31840234375001, 23.34610546875], [85.31843164062501, 23.34610546875], [85.31843164062501, 23.346111328125], [85.318408203125, 23.346134765625], [85.31840234375001, 23.346146484375], [85.31836132812501, 23.346146484375], [85.318337890625, 23.34612890625], [85.3183203125, 23.346123046875], [85.318314453125, 23.346111328125]]]}}, {"type": "Feature", "properties": {"class": "land_use", "raw_confidence": 0.3148, "source_tile_id": "tile_0014"}, "geometry": {"type": "Polygon", "coordinates": [[[85.31692578125, 23.346169921875], [85.316908203125, 23.346181640625], [85.316890625, 23.346181640625], [85.316861328125, 23.346169921875], [85.31682617187501, 23.34617578125], [85.3168203125, 23.3461640625], [85.31679687500001, 23.346158203125], [85.31679687500001, 23.346123046875], [85.316802734375, 23.346111328125], [85.31682617187501, 23.346134765625], [85.31686718750001, 23.34612890625], [85.31687890625, 23.34610546875], [85.31687890625, 23.346123046875], [85.316890625, 23.346134765625], [85.3169140625, 23.346140625], [85.31692578125, 23.34615234375], [85.31692578125, 23.346169921875]]]}}, {"type": "Feature", "properties": {"class": "land_use", "raw_confidence": 0.3143, "source_tile_id": "tile_0014"}, "geometry": {"type": "Polygon", "coordinates": [[[85.31779296875, 23.346375000000002], [85.317775390625, 23.346205078125], [85.317828125, 23.346140625], [85.317904296875, 23.34615234375], [85.317921875, 23.346134765625], [85.317892578125, 23.346111328125], [85.317904296875, 23.346005859375], [85.318015625, 23.346005859375], [85.31802148437501, 23.346029296875], [85.318033203125, 23.346005859375], [85.31812109375001, 23.346005859375], [85.31805078125001, 23.34610546875], [85.318056640625, 23.34605859375], [85.318033203125, 23.346046875], [85.317939453125, 23.34608203125], [85.31793359375, 23.34615234375], [85.31796875, 23.346205078125], [85.31795703125, 23.34631640625], [85.317857421875, 23.346380859375], [85.31779296875, 23.346375000000002]]]}}, {"type": "Feature", "properties": {"class": "land_use", "raw_confidence": 0.3011, "source_tile_id": "tile_0014"}, "geometry": {"type": "Polygon", "coordinates": [[[85.318349609375, 23.346837890625], [85.318396484375, 23.3468203125], [85.31843164062501, 23.346826171875], [85.31847265625001, 23.346861328125], [85.318490234375, 23.34690234375], [85.318490234375, 23.34692578125], [85.318455078125, 23.3469140625], [85.31840234375001, 23.346919921875], [85.318396484375, 23.3469140625], [85.318349609375, 23.34692578125], [85.31836132812501, 23.34690234375], [85.31836132812501, 23.346873046875], [85.318349609375, 23.34685546875], [85.318349609375, 23.346837890625]]]}}, {"type": "Feature", "properties": {"class": "land_use", "raw_confidence": 0.3015, "source_tile_id": "tile_0014"}, "geometry": {"type": "Polygon", "coordinates": [[[85.317552734375, 23.347833984375], [85.317541015625, 23.347828125], [85.31752929687501, 23.34781640625], [85.31752929687501, 23.347810546875], [85.317505859375, 23.34779296875], [85.31752929687501, 23.347787109375002], [85.317546875, 23.34776953125], [85.317546875, 23.34774609375], [85.31758203125, 23.347734375], [85.31759375, 23.347751953125], [85.31759375, 23.34776953125], [85.317587890625, 23.347775390625], [85.317587890625, 23.347787109375002], [85.317576171875, 23.347798828125], [85.317576171875, 23.347822265625002], [85.317552734375, 23.347833984375]]]}}, {"type": "Feature", "properties": {"class": "land_use", "raw_confidence": 0.3172, "source_tile_id": "tile_0014"}, "geometry": {"type": "Polygon", "coordinates": [[[85.31623437500001, 23.34816796875], [85.31623437500001, 23.348138671875], [85.316369140625, 23.34812109375], [85.31641015625, 23.34807421875], [85.31644531250001, 23.34812109375], [85.316521484375, 23.348103515625], [85.31655078125, 23.348115234375], [85.31652734375, 23.3481328125], [85.31655078125, 23.348173828125], [85.316509765625, 23.34825], [85.3164921875, 23.348244140625], [85.31651562500001, 23.348220703125], [85.31650390625, 23.348208984375], [85.316474609375, 23.34821484375], [85.316427734375, 23.348185546875], [85.316404296875, 23.348208984375], [85.31636328125, 23.348197265625], [85.316333984375, 23.348208984375], [85.31631640625, 23.34825], [85.31629296875, 23.34826171875], [85.31629296875, 23.34821484375], [85.31623437500001, 23.34816796875]]]}}, {"type": "Feature", "properties": {"class": "land_use", "raw_confidence": 0.298, "source_tile_id": "tile_0014"}, "geometry": {"type": "Polygon", "coordinates": [[[85.31720703125, 23.349], [85.317283203125, 23.348958984375], [85.31735937500001, 23.348876953125], [85.317341796875, 23.34884765625], [85.317365234375, 23.348830078125], [85.317365234375, 23.34880078125], [85.31753515625, 23.34884765625], [85.317482421875, 23.348859375], [85.317435546875, 23.34894140625], [85.317552734375, 23.348982421875], [85.31755859375001, 23.349], [85.317330078125, 23.349], [85.31730078125, 23.34896484375], [85.317259765625, 23.3489765625], [85.31724804687501, 23.349], [85.31720703125, 23.349]]]}}, {"type": "Feature", "properties": {"class": "land_use", "raw_confidence": 0.2985, "source_tile_id": "tile_0014"}, "geometry": {"type": "Polygon", "coordinates": [[[85.316890625, 23.349], [85.31689648437501, 23.34898828125], [85.31689648437501, 23.348970703125], [85.316908203125, 23.348958984375], [85.316919921875, 23.348958984375], [85.316943359375, 23.34894140625], [85.316955078125, 23.34894140625], [85.31699609375, 23.348970703125], [85.31699609375, 23.349], [85.316890625, 23.349]]]}}, {"type": "Feature", "properties": {"class": "building", "raw_confidence": 0.2782, "source_tile_id": "tile_0008"}, "geometry": {"type": "Polygon", "coordinates": [[[85.31605859375, 23.344212890625], [85.316046875, 23.344142578125], [85.316, 23.3441484375], [85.316, 23.3439375], [85.316017578125, 23.343931640625], [85.316, 23.343919921875], [85.316, 23.343791015625], [85.316216796875, 23.34371484375], [85.31623437500001, 23.343837890625], [85.31612890625, 23.343955078125], [85.316140625, 23.344048828125], [85.31610546875, 23.344107421875], [85.316099609375, 23.34418359375], [85.31605859375, 23.344212890625]]]}}, {"type": "Feature", "properties": {"class": "building", "raw_confidence": 0.2692, "source_tile_id": "tile_0008"}, "geometry": {"type": "Polygon", "coordinates": [[[85.31617578125, 23.344359375], [85.316158203125, 23.344359375], [85.316158203125, 23.344353515625], [85.316140625, 23.3443359375], [85.316140625, 23.3443125], [85.31613476562501, 23.344306640625], [85.31613476562501, 23.34427734375], [85.316140625, 23.34427734375], [85.31615234375, 23.3442890625], [85.316158203125, 23.3442890625], [85.316169921875, 23.34430078125], [85.316169921875, 23.344306640625], [85.31617578125, 23.3443125], [85.316181640625, 23.3443125], [85.316193359375, 23.34432421875], [85.316193359375, 23.344330078125], [85.316181640625, 23.344341796875], [85.316181640625, 23.344353515625], [85.31617578125, 23.344359375]]]}}, {"type": "Feature", "properties": {"class": "building", "raw_confidence": 0.3342, "source_tile_id": "tile_0008"}, "geometry": {"type": "Polygon", "coordinates": [[[85.31619921875, 23.346], [85.316462890625, 23.34573046875], [85.31606445312501, 23.345654296875], [85.316181640625, 23.34533203125], [85.31682617187501, 23.34534375], [85.31629296875, 23.344763671875], [85.316, 23.3450625], [85.3160703125, 23.34425390625], [85.316521484375, 23.344646484375], [85.317453125, 23.344400390625], [85.317048828125, 23.34408984375], [85.31704296875, 23.343451171875], [85.316, 23.343568359375], [85.316, 23.343005859375], [85.31899414062501, 23.343005859375], [85.31899414062501, 23.346], [85.31793359375, 23.34594140625], [85.31776953125001, 23.345408203125], [85.31766992187501, 23.346], [85.31619921875, 23.346]]]}}, {"type": "Feature", "properties": {"class": "land_use", "raw_confidence": 0.2709, "source_tile_id": "tile_0008"}, "geometry": {"type": "Polygon", "coordinates": [[[85.31623437500001, 23.34375], [85.31622265625, 23.34375], [85.316228515625, 23.343720703125], [85.316216796875, 23.343708984375], [85.31619921875, 23.343720703125], [85.316169921875, 23.343685546875], [85.31616406250001, 23.343650390625], [85.31617578125, 23.343638671875], [85.31619921875, 23.343638671875], [85.3162109375, 23.343650390625], [85.3162109375, 23.34366796875], [85.31622265625, 23.34369140625], [85.316251953125, 23.34369140625], [85.3162578125, 23.343703125], [85.3162578125, 23.3437265625], [85.316251953125, 23.34373828125], [85.31623437500001, 23.34375]]]}}, {"type": "Feature", "properties": {"class": "land_use", "raw_confidence": 0.2859, "source_tile_id": "tile_0008"}, "geometry": {"type": "Polygon", "coordinates": [[[85.316087890625, 23.34376171875], [85.31605859375, 23.34376171875], [85.316041015625, 23.343779296875], [85.316, 23.34378515625], [85.316, 23.34359765625], [85.316052734375, 23.34365625], [85.316076171875, 23.343638671875], [85.31609375000001, 23.343650390625], [85.316099609375, 23.34369140625], [85.3161171875, 23.3437265625], [85.31613476562501, 23.34373828125], [85.316087890625, 23.34376171875]]]}}, {"type": "Feature", "properties": {"class": "land_use", "raw_confidence": 0.2797, "source_tile_id": "tile_0008"}, "geometry": {"type": "Polygon", "coordinates": [[[85.316328125, 23.343708984375], [85.316333984375, 23.34369140625], [85.316439453125, 23.34362109375], [85.31652734375, 23.34362109375], [85.316544921875, 23.343650390625], [85.316544921875, 23.343685546875], [85.3165625, 23.343697265625], [85.31655664062501, 23.34375], [85.316568359375, 23.343767578125], [85.31655078125, 23.343791015625], [85.316521484375, 23.343779296875], [85.31651562500001, 23.343796875], [85.31652734375, 23.34380859375], [85.31650390625, 23.343814453125], [85.316474609375, 23.343796875], [85.31645703125, 23.3438203125], [85.31644531250001, 23.343814453125], [85.31644531250001, 23.343744140625], [85.316427734375, 23.3437265625], [85.316380859375, 23.343732421875], [85.316328125, 23.343708984375]]]}}, {"type": "Feature", "properties": {"class": "land_use", "raw_confidence": 0.2788, "source_tile_id": "tile_0008"}, "geometry": {"type": "Polygon", "coordinates": [[[85.31603515625, 23.34444140625], [85.316, 23.34444140625], [85.316, 23.344166015625], [85.316041015625, 23.344189453125], [85.31605859375, 23.34421875], [85.316076171875, 23.344353515625], [85.31605859375, 23.34439453125], [85.3160703125, 23.344423828125], [85.31603515625, 23.34444140625]]]}}, {"type": "Feature", "properties": {"class": "land_use", "raw_confidence": 0.2775, "source_tile_id": "tile_0008"}, "geometry": {"type": "Polygon", "coordinates": [[[85.31615234375, 23.34451171875], [85.31609375000001, 23.344189453125], [85.316158203125, 23.344365234375], [85.31636328125, 23.34434765625], [85.316603515625, 23.344142578125], [85.3164921875, 23.34392578125], [85.316638671875, 23.34380859375], [85.316873046875, 23.34399609375], [85.316890625, 23.34373828125], [85.31679687500001, 23.343837890625], [85.316703125, 23.34369140625], [85.317060546875, 23.34346875], [85.31718359375, 23.343884765625], [85.31699609375, 23.344095703125], [85.316779296875, 23.34401953125], [85.31671484375, 23.344189453125], [85.31703710937501, 23.34440625], [85.317412109375, 23.344306640625], [85.31739453125, 23.344552734375], [85.316890625, 23.3446171875], [85.3166796875, 23.3444765625], [85.316744140625, 23.3442421875], [85.3165390625, 23.344294921875], [85.31662109375, 23.344376953125], [85.31643359375, 23.3445703125], [85.31615234375, 23.34451171875]]]}}, {"type": "Feature", "properties": {"class": "land_use", "raw_confidence": 0.2817, "source_tile_id": "tile_0008"}, "geometry": {"type": "Polygon", "coordinates": [[[85.3163515625, 23.34521484375], [85.31633984375, 23.34521484375], [85.31633984375, 23.345208984375], [85.316333984375, 23.345203125], [85.316333984375, 23.3451796875], [85.31633984375, 23.345173828125], [85.31633984375, 23.34516796875], [85.316333984375, 23.345162109375], [85.316333984375, 23.34514453125], [85.31633984375, 23.34514453125], [85.31634570312501, 23.345150390625], [85.31634570312501, 23.34516796875], [85.3163515625, 23.345173828125], [85.31636328125, 23.345173828125], [85.316369140625, 23.34516796875], [85.31638671875, 23.34516796875], [85.31638671875, 23.3451796875], [85.316380859375, 23.345185546875], [85.316380859375, 23.34519140625], [85.31637500000001, 23.345197265625], [85.316369140625, 23.345197265625], [85.31636328125, 23.345203125], [85.31636328125, 23.345208984375], [85.316357421875, 23.345208984375], [85.3163515625, 23.34521484375]]]}}, {"type": "Feature", "properties": {"class": "land_use", "raw_confidence": 0.2766, "source_tile_id": "tile_0008"}, "geometry": {"type": "Polygon", "coordinates": [[[85.316779296875, 23.345548828125], [85.31684375, 23.34547265625], [85.31682617187501, 23.34542578125], [85.31694921875, 23.34547265625], [85.316931640625, 23.345408203125], [85.316861328125, 23.345384765625], [85.31687890625, 23.34534375], [85.31713671875, 23.345302734375], [85.317130859375, 23.34523828125], [85.31723046875, 23.34512109375], [85.317271484375, 23.344986328125], [85.31738867187501, 23.3449453125], [85.31744140625, 23.344974609375], [85.31742968750001, 23.345126953125], [85.317306640625, 23.34521484375], [85.31734765625, 23.3452734375], [85.317224609375, 23.345478515625], [85.317013671875, 23.34556640625], [85.316779296875, 23.345548828125]]]}}, {"type": "Feature", "properties": {"class": "land_use", "raw_confidence": 0.3016, "source_tile_id": "tile_0008"}, "geometry": {"type": "Polygon", "coordinates": [[[85.31812109375001, 23.345900390625], [85.31814453125, 23.345900390625], [85.31816796875, 23.34587109375], [85.31821484375, 23.34589453125], [85.31821484375, 23.345900390625], [85.318185546875, 23.3459296875], [85.3181796875, 23.345947265625], [85.31816796875, 23.345958984375], [85.31815039062501, 23.345958984375], [85.31814453125, 23.345953125], [85.318138671875, 23.34591796875], [85.3181328125, 23.34590625], [85.31812109375001, 23.345900390625]]]}}, {"type": "Feature", "properties": {"class": "land_use", "raw_confidence": 0.291, "source_tile_id": "tile_0008"}, "geometry": {"type": "Polygon", "coordinates": [[[85.31807421875, 23.346], [85.31767578125, 23.346], [85.317681640625, 23.345818359375], [85.3175703125, 23.34577734375], [85.317517578125, 23.345630859375], [85.31753515625, 23.34553125], [85.317658203125, 23.3455078125], [85.31774609375, 23.345625], [85.3178046875, 23.34551953125], [85.31779296875, 23.34556640625], [85.31788085937501, 23.34570703125], [85.31786328125, 23.3458359375], [85.31793359375, 23.345947265625], [85.31800390625, 23.345935546875], [85.31807421875, 23.346]]]}}, {"type": "Feature", "properties": {"class": "land_use", "raw_confidence": 0.2987, "source_tile_id": "tile_0008"}, "geometry": {"type": "Polygon", "coordinates": [[[85.316404296875, 23.345970703125], [85.316439453125, 23.345923828125], [85.31643359375, 23.34589453125], [85.31645703125, 23.345853515625], [85.3165390625, 23.345865234375], [85.316591796875, 23.34590625], [85.316615234375, 23.345947265625], [85.31668554687501, 23.345935546875], [85.31673828125, 23.3459765625], [85.316744140625, 23.346], [85.31641015625, 23.346], [85.316404296875, 23.345970703125]]]}}, {"type": "Feature", "properties": {"class": "land_use", "raw_confidence": 0.2833, "source_tile_id": "tile_0008"}, "geometry": {"type": "Polygon", "coordinates": [[[85.316193359375, 23.346], [85.316, 23.346], [85.316, 23.345068359375], [85.31609375000001, 23.345185546875], [85.316216796875, 23.34516796875], [85.31616406250001, 23.34523828125], [85.31616406250001, 23.345484375], [85.31605859375, 23.34553125], [85.31605859375, 23.345654296875], [85.31617578125, 23.34568359375], [85.31622265625, 23.34556640625], [85.31645703125, 23.34573046875], [85.31638671875, 23.34577734375], [85.316333984375, 23.34573046875], [85.31631640625, 23.3458359375], [85.31620507812501, 23.345759765625], [85.3162109375, 23.3458828125], [85.316158203125, 23.345935546875], [85.316193359375, 23.346]]]}}, {"type": "Feature", "properties": {"class": "parcel", "raw_confidence": 0.2645, "source_tile_id": "tile_0008"}, "geometry": {"type": "Polygon", "coordinates": [[[85.3156, 23.3439375], [85.3156, 23.3441484375], [85.31560198696043, 23.34418825734844], [85.31560792810166, 23.34422768159456], [85.3156177643996, 23.344266318566284], [85.31563139813261, 23.344303784412936], [85.31564869385225, 23.34433970691875], [85.31565976620244, 23.344357830119712], [85.31560150376473, 23.345027848153457], [85.31560002587786, 23.34506704990234], [85.31560239514523, 23.345106207887948], [85.31560858877806, 23.345144945468896], [85.31561854720282, 23.345182890047443], [85.31563217463433, 23.34521967665337], [85.31564933999702, 23.345254951454415], [85.31566987818572, 23.345288375159623], [85.3156935916537, 23.345319626282823], [85.31572025231279, 23.345348404234837], [85.31574279288111, 23.345368392554654], [85.31568853575561, 23.34551759964977], [85.31567714903171, 23.34555431918092], [85.31566933998447, 23.345591962244427], [85.31566518074904, 23.345630181116857], [85.3156647097459, 23.345668622755806], [85.31566793132588, 23.34570693206109], [85.31567481573, 23.34574475515495], [85.31568529936439, 23.345781742650935], [85.31569928538767, 23.34581755288134], [85.31571664460559, 23.345851855053315], [85.31573721666439, 23.345884332304525], [85.31576081153204, 23.345914684630124], [85.3157872112537, 23.345942631654026], [85.31580201966335, 23.345955559837353], [85.3158008517515, 23.345963892736012], [85.31579922948316, 23.34600293025877], [85.31580142351226, 23.346041939823927], [85.31580741290556, 23.34608054924124], [85.31581714051828, 23.346118390138276], [85.31583051353924, 23.34615510147505], [85.31584740437648, 23.34619033298871], [85.31586765187453, 23.346223748535397], [85.315891062852, 23.346255029297396], [85.31591741394477, 23.34628387682497], [85.31594645373708, 23.346310015883866], [85.3159779051603, 23.346333197081336], [85.31601146813637, 23.34635319924558], [85.31604682244097, 23.346369831535963], [85.3160836307587, 23.346382935263808], [85.31612154190141, 23.346392385406446], [85.3161601941589, 23.34639809180008], [85.31619921875, 23.3464], [85.31766992187501, 23.3464], [85.31770997016339, 23.346397990118717], [85.31774961599024, 23.34639198067299], [85.31778846093854, 23.346382032054173], [85.31782611463963, 23.346368244239983], [85.31786219869613, 23.34635075578977], [85.31788326655901, 23.346337792892793], [85.31791152795375, 23.346340797162057], [85.31897207482876, 23.346399390912058], [85.31901031776954, 23.34639967274112], [85.31904841283078, 23.346396301056874], [85.31908601177558, 23.34638930668077], [85.3191227709021, 23.346378753550237], [85.31915835418553, 23.346364738134202], [85.31919243634975, 23.346347388551266], [85.31922470584077, 23.346326863398502], [85.3192548676747, 23.346303350301728], [85.31928264613433, 23.34627706420031], [85.31930778728945, 23.34624824538241], [85.31933006131818, 23.34621715728838], [85.3193492646078, 23.34618408410265], [85.31936522161598, 23.346149328155875], [85.31937778647554, 23.34611320716128], [85.31938684432781, 23.346076051310344], [85.31939231237257, 23.34603820025444], [85.31939414062501, 23.346], [85.31939414062501, 23.343005859375], [85.31939221451567, 23.342966652518868], [85.31938645473717, 23.342927823246196], [85.3193769167593, 23.3428897455041], [85.31936369243802, 23.342852786002055], [85.31934690913074, 23.34281730068027], [85.31932672846993, 23.342783631281794], [85.31930334480636, 23.342752102061336], [85.31927698333749, 23.342723016662525], [85.31924789793868, 23.342696655193656], [85.31921636871822, 23.34267327153008], [85.31918269931974, 23.342653090869263], [85.31914721399795, 23.342636307561996], [85.31911025449591, 23.34262308324071], [85.31907217675382, 23.34261354526284], [85.31903334748114, 23.342607785484333], [85.31899414062501, 23.342605859375002], [85.316, 23.342605859375002], [85.31596079314387, 23.342607785484333], [85.31592196387119, 23.34261354526284], [85.3158838861291, 23.34262308324071], [85.31584692662706, 23.342636307561996], [85.31581144130527, 23.342653090869263], [85.3157777719068, 23.34267327153008], [85.31574624268633, 23.342696655193656], [85.31571715728752, 23.342723016662525], [85.31569079581865, 23.342752102061336], [85.31566741215508, 23.342783631281794], [85.31564723149427, 23.34281730068027], [85.315630448187, 23.342852786002055], [85.31561722386571, 23.3428897455041], [85.31560768588784, 23.342927823246196], [85.31560192610934, 23.342966652518868], [85.3156, 23.343005859375], [85.3156, 23.343568359375], [85.31560195787074, 23.343607887381907], [85.31560781231666, 23.34364702843518], [85.31561595500914, 23.343679259925572], [85.31560717413053, 23.343715597879914], [85.31560179757172, 23.34375313652647], [85.3156, 23.343791015625], [85.3156, 23.343919921875], [85.3156004273418, 23.343928611344037], [85.3156, 23.3439375]], [[85.31653548090847, 23.34411277194059], [85.31653705591337, 23.34409890120104], [85.31655625535406, 23.34407536280796], [85.31657777997881, 23.344043007714795], [85.31659606337242, 23.344008716622028], [85.31661093296687, 23.343972813186458], [85.31662224841537, 23.343935636283003], [85.31662937589616, 23.34390015999669], [85.31664705285203, 23.343898173821874], [85.31664884495753, 23.34409351332034], [85.31665124175446, 23.344133719460363], [85.31665766977484, 23.344173480734042], [85.3166634857939, 23.34419525471496], [85.31662419850328, 23.34420563248984], [85.31654776818475, 23.344139128186704], [85.31654612788073, 23.344135660055237], [85.31653468089696, 23.344116561916636], [85.31653548090847, 23.34411277194059]]]}}, {"type": "Feature", "properties": {"class": "building", "raw_confidence": 0.2775, "source_tile_id": "tile_0001"}, "geometry": {"type": "Polygon", "coordinates": [[[85.31407812500001, 23.340767578125], [85.31406640625, 23.340791015625], [85.314060546875, 23.340791015625], [85.31404296875, 23.340767578125], [85.31401953125, 23.340779296875], [85.31400781250001, 23.340779296875], [85.314001953125, 23.3407734375], [85.313978515625, 23.3407734375], [85.313978515625, 23.34076171875], [85.313984375, 23.34075], [85.31399609375, 23.340744140625], [85.31401953125, 23.340744140625], [85.314025390625, 23.34073828125], [85.31403710937501, 23.34073828125], [85.314048828125, 23.340755859375], [85.31406640625, 23.340755859375], [85.31407812500001, 23.34076171875], [85.31407812500001, 23.340767578125]]]}}, {"type": "Feature", "properties": {"class": "building", "raw_confidence": 0.279, "source_tile_id": "tile_0001"}, "geometry": {"type": "Polygon", "coordinates": [[[85.314236328125, 23.34101953125], [85.31424804687501, 23.3410078125], [85.31424804687501, 23.341001953125], [85.314271484375, 23.340984375], [85.31428906250001, 23.340984375], [85.31430078125, 23.34099609375], [85.3143125, 23.34099609375], [85.31431835937501, 23.340990234375], [85.3143359375, 23.341001953125], [85.31432421875, 23.341013671875], [85.314306640625, 23.341013671875], [85.31428906250001, 23.34103125], [85.31427734375, 23.34103125], [85.31425390625, 23.34104296875], [85.31424804687501, 23.34104296875], [85.314236328125, 23.34101953125]]]}}, {"type": "Feature", "properties": {"class": "building", "raw_confidence": 0.2884, "source_tile_id": "tile_0001"}, "geometry": {"type": "Polygon", "coordinates": [[[85.314189453125, 23.34111328125], [85.3141015625, 23.341124999999998], [85.314048828125, 23.341212890625], [85.31397265625, 23.341154296875], [85.3138203125, 23.34121875], [85.313708984375, 23.341083984375], [85.313451171875, 23.341201171875], [85.31334570312501, 23.34113671875], [85.313328125, 23.341001953125], [85.313380859375, 23.340908203125], [85.313451171875, 23.3410078125], [85.313638671875, 23.340908203125], [85.31382617187501, 23.3409375], [85.313908203125, 23.34085546875], [85.31386718750001, 23.340814453125], [85.31393750000001, 23.340767578125], [85.313919921875, 23.340814453125], [85.313978515625, 23.3408203125], [85.31403710937501, 23.340955078125], [85.314154296875, 23.341025390625], [85.31413671875, 23.341095703125], [85.314189453125, 23.34111328125]]]}}, {"type": "Feature", "properties": {"class": "building", "raw_confidence": 0.275, "source_tile_id": "tile_0001"}, "geometry": {"type": "Polygon", "coordinates": [[[85.313404296875, 23.341248046875], [85.313404296875, 23.3412421875], [85.31341015625, 23.341236328125], [85.313427734375, 23.341236328125], [85.31343359375, 23.34123046875], [85.313439453125, 23.34123046875], [85.313451171875, 23.34121875], [85.31346875, 23.34121875], [85.31348632812501, 23.34123046875], [85.31348632812501, 23.341236328125], [85.31348046875, 23.341236328125], [85.313474609375, 23.3412421875], [85.313462890625, 23.3412421875], [85.31345703125, 23.341248046875], [85.313404296875, 23.341248046875]]]}}, {"type": "Feature", "properties": {"class": "building", "raw_confidence": 0.275, "source_tile_id": "tile_0001"}, "geometry": {"type": "Polygon", "coordinates": [[[85.31378515625, 23.341353515625], [85.31378515625, 23.341341796875], [85.31379687500001, 23.341341796875], [85.313814453125, 23.341330078125], [85.31382617187501, 23.341330078125], [85.313849609375, 23.34130078125], [85.31385546875, 23.34130078125], [85.313873046875, 23.341318359375], [85.313890625, 23.341318359375], [85.313890625, 23.341330078125], [85.313873046875, 23.341341796875], [85.31385546875, 23.341341796875], [85.313849609375, 23.34134765625], [85.313837890625, 23.34134765625], [85.313814453125, 23.341365234375], [85.313802734375, 23.341365234375], [85.31378515625, 23.341353515625]]]}}, {"type": "Feature", "properties": {"class": "building", "raw_confidence": 0.3033, "source_tile_id": "tile_0001"}, "geometry": {"type": "Polygon", "coordinates": [[[85.31331640625, 23.341734375], [85.31331640625, 23.341546875], [85.313, 23.341330078125], [85.313, 23.340005859375], [85.31312890625, 23.340005859375], [85.31310546875, 23.3402578125], [85.313240234375, 23.34064453125], [85.3131875, 23.340896484375], [85.313251953125, 23.34103125], [85.313140625, 23.341154296875], [85.31323437500001, 23.34120703125], [85.31313476562501, 23.341283203125], [85.313638671875, 23.341330078125], [85.313533203125, 23.34139453125], [85.313603515625, 23.34159375], [85.313357421875, 23.3416171875], [85.31331640625, 23.341734375]]]}}, {"type": "Feature", "properties": {"class": "building", "raw_confidence": 0.2769, "source_tile_id": "tile_0001"}, "geometry": {"type": "Polygon", "coordinates": [[[85.314435546875, 23.34221484375], [85.31440625, 23.342203125], [85.31440625, 23.3421796875], [85.314412109375, 23.342173828125], [85.31438867187501, 23.342150390625], [85.31438867187501, 23.342138671875], [85.314400390625, 23.342126953125], [85.31439453125, 23.342103515625], [85.31441796875, 23.342080078125], [85.314423828125, 23.34209765625], [85.314435546875, 23.342109375], [85.31446484375, 23.34212109375], [85.314482421875, 23.34214453125], [85.314482421875, 23.342150390625], [85.31446484375, 23.34214453125], [85.314453125, 23.34215625], [85.314453125, 23.342203125], [85.314435546875, 23.34221484375]]]}}, {"type": "Feature", "properties": {"class": "building", "raw_confidence": 0.2765, "source_tile_id": "tile_0001"}, "geometry": {"type": "Polygon", "coordinates": [[[85.31336328125, 23.34219140625], [85.313380859375, 23.3421796875], [85.313392578125, 23.3421796875], [85.313404296875, 23.34216796875], [85.313427734375, 23.342173828125], [85.313451171875, 23.342197265625], [85.31345703125, 23.34221484375], [85.31346875, 23.3422265625], [85.313509765625, 23.34223828125], [85.313509765625, 23.342244140625], [85.31345703125, 23.342244140625], [85.313439453125, 23.342232421875], [85.313427734375, 23.342232421875], [85.31341015625, 23.342244140625], [85.3133984375, 23.34223828125], [85.313404296875, 23.342232421875], [85.313404296875, 23.34221484375], [85.313392578125, 23.342203125], [85.313380859375, 23.342203125], [85.31336328125, 23.34219140625]]]}}, {"type": "Feature", "properties": {"class": "building", "raw_confidence": 0.2645, "source_tile_id": "tile_0001"}, "geometry": {"type": "Polygon", "coordinates": [[[85.314921875, 23.34249609375], [85.314921875, 23.342490234375], [85.31491015625001, 23.34247265625], [85.314916015625, 23.342466796875], [85.314916015625, 23.342455078125], [85.314921875, 23.34244921875], [85.31493359375, 23.34244921875], [85.31495117187501, 23.3424375], [85.3149453125, 23.342443359375], [85.3149453125, 23.342455078125], [85.31495117187501, 23.3424609375], [85.314962890625, 23.3424609375], [85.31493359375, 23.342490234375], [85.31493359375, 23.34249609375], [85.314921875, 23.34249609375]]]}}, {"type": "Feature", "properties": {"class": "building", "raw_confidence": 0.26, "source_tile_id": "tile_0001"}, "geometry": {"type": "Polygon", "coordinates": [[[85.31502148437501, 23.342701171875], [85.31500390625, 23.34268359375], [85.315009765625, 23.342677734375], [85.315009765625, 23.342666015625], [85.31502148437501, 23.342666015625], [85.315044921875, 23.342642578124998], [85.3150625, 23.34266015625], [85.3150625, 23.342666015625], [85.31505078125001, 23.342677734375], [85.315044921875, 23.342677734375], [85.315033203125, 23.342689453125], [85.315033203125, 23.3426953125], [85.31502734375, 23.3426953125], [85.31502148437501, 23.342701171875]]]}}, {"type": "Feature", "properties": {"class": "building", "raw_confidence": 0.2952, "source_tile_id": "tile_0001"}, "geometry": {"type": "Polygon", "coordinates": [[[85.314447265625, 23.343], [85.31523828125, 23.34268359375], [85.31491015625001, 23.342021484375], [85.314048828125, 23.341529296875], [85.314423828125, 23.341271484375], [85.314552734375, 23.34155859375], [85.31491015625001, 23.341248046875], [85.31556640625, 23.341435546875], [85.31533203125001, 23.34094921875], [85.315619140625, 23.340603515625], [85.315513671875, 23.340087890625], [85.31599414062501, 23.340005859375], [85.31599414062501, 23.343], [85.314447265625, 23.343]]]}}, {"type": "Feature", "properties": {"class": "building", "raw_confidence": 0.2811, "source_tile_id": "tile_0001"}, "geometry": {"type": "Polygon", "coordinates": [[[85.313568359375, 23.342912109375], [85.31369140625, 23.342748046875], [85.313779296875, 23.342759765625], [85.31375, 23.34263671875], [85.313802734375, 23.342583984375], [85.31372656250001, 23.3425546875], [85.31383203125, 23.342490234375], [85.31397265625, 23.3425078125], [85.31399609375, 23.342478515625], [85.31399609375, 23.342548828125], [85.3139140625, 23.342572265625], [85.313943359375, 23.34258984375], [85.313884765625, 23.342630859375], [85.313908203125, 23.342666015625], [85.313873046875, 23.342654296875], [85.31384375, 23.34270703125], [85.313884765625, 23.34282421875], [85.313990234375, 23.34289453125], [85.31389648437501, 23.342923828125], [85.31390234375, 23.343], [85.313568359375, 23.342912109375]]]}}, {"type": "Feature", "properties": {"class": "building", "raw_confidence": 0.2851, "source_tile_id": "tile_0001"}, "geometry": {"type": "Polygon", "coordinates": [[[85.313111328125, 23.342859375], [85.313181640625, 23.342865234375], [85.313228515625, 23.3428359375], [85.31334570312501, 23.34289453125], [85.31343359375, 23.342859375], [85.31345703125, 23.34290625], [85.3136328125, 23.343], [85.3131875, 23.343], [85.3131875, 23.34296484375], [85.313123046875, 23.342912109375], [85.313111328125, 23.342859375]]]}}, {"type": "Feature", "properties": {"class": "land_use", "raw_confidence": 0.2952, "source_tile_id": "tile_0001"}, "geometry": {"type": "Polygon", "coordinates": [[[85.31498046875001, 23.3400703125], [85.314974609375, 23.3400703125], [85.31496875, 23.340052734375], [85.31495117187501, 23.34003515625], [85.31495117187501, 23.340029296875], [85.3149453125, 23.3400234375], [85.3149453125, 23.340005859375], [85.3149921875, 23.340005859375], [85.3149921875, 23.34003515625], [85.314986328125, 23.340041015625], [85.314986328125, 23.34005859375], [85.31498046875001, 23.340064453125], [85.31498046875001, 23.3400703125]]]}}, {"type": "Feature", "properties": {"class": "land_use", "raw_confidence": 0.2839, "source_tile_id": "tile_0001"}, "geometry": {"type": "Polygon", "coordinates": [[[85.31551953125, 23.340169921875], [85.315484375, 23.34015234375], [85.315484375, 23.340140625], [85.315478515625, 23.340134765625], [85.315490234375, 23.3401171875], [85.315490234375, 23.34008203125], [85.31550195312501, 23.34008203125], [85.3155078125, 23.340087890625], [85.3155078125, 23.340111328125], [85.31551953125, 23.34012890625], [85.315560546875, 23.34012890625], [85.315560546875, 23.340134765625], [85.315537109375, 23.340146484375], [85.31551953125, 23.340169921875]]]}}, {"type": "Feature", "properties": {"class": "land_use", "raw_confidence": 0.2813, "source_tile_id": "tile_0001"}, "geometry": {"type": "Polygon", "coordinates": [[[85.313591796875, 23.340234375], [85.31358593750001, 23.340216796875], [85.313609375, 23.340193359375], [85.31359765625, 23.3401640625], [85.31352734375, 23.34019921875], [85.31352734375, 23.340228515625], [85.313451171875, 23.34019921875], [85.313462890625, 23.34012890625], [85.3135625, 23.340076171875], [85.31355078125, 23.340046875], [85.313521484375, 23.340046875], [85.31351562500001, 23.340005859375], [85.31358593750001, 23.340005859375], [85.313591796875, 23.340046875], [85.313615234375, 23.34005859375], [85.31362695312501, 23.340029296875], [85.313609375, 23.340005859375], [85.313650390625, 23.3400234375], [85.31365625000001, 23.340064453125], [85.3136328125, 23.34008203125], [85.313650390625, 23.340140625], [85.313591796875, 23.340234375]]]}}, {"type": "Feature", "properties": {"class": "land_use", "raw_confidence": 0.2855, "source_tile_id": "tile_0001"}, "geometry": {"type": "Polygon", "coordinates": [[[85.31315234375, 23.340380859375], [85.31315234375, 23.340298828125], [85.313111328125, 23.3402578125], [85.31312890625, 23.340099609375], [85.31315234375, 23.340064453125], [85.31313476562501, 23.340005859375], [85.313251953125, 23.340005859375], [85.313228515625, 23.340046875], [85.31323437500001, 23.34012890625], [85.313263671875, 23.340134765625], [85.313310546875, 23.34009375], [85.313328125, 23.3401640625], [85.313287109375, 23.340193359375], [85.31326953125, 23.340169921875], [85.3132578125, 23.34022265625], [85.313181640625, 23.340263671875], [85.31316406250001, 23.340298828125], [85.3131875, 23.340345703125], [85.31315234375, 23.340380859375]]]}}, {"type": "Feature", "properties": {"class": "land_use", "raw_confidence": 0.2832, "source_tile_id": "tile_0001"}, "geometry": {"type": "Polygon", "coordinates": [[[85.31326953125, 23.3405625], [85.313263671875, 23.3405625], [85.313251953125, 23.340544921875], [85.3132109375, 23.340544921875], [85.313193359375, 23.340533203125], [85.313169921875, 23.340486328125], [85.313181640625, 23.340445312499998], [85.31319921875, 23.340462890625], [85.313193359375, 23.34046875], [85.313193359375, 23.3404921875], [85.31319921875, 23.340498046875], [85.31322265625, 23.34048046875], [85.313228515625, 23.340486328125], [85.31324609375, 23.340486328125], [85.313263671875, 23.34050390625], [85.3132578125, 23.340533203125], [85.31327539062501, 23.34055078125], [85.31326953125, 23.3405625]]]}}, {"type": "Feature", "properties": {"class": "land_use", "raw_confidence": 0.2815, "source_tile_id": "tile_0001"}, "geometry": {"type": "Polygon", "coordinates": [[[85.31534375, 23.340814453125], [85.31533203125001, 23.340826171875], [85.315279296875, 23.3408203125], [85.31523828125, 23.340767578125], [85.315208984375, 23.340791015625], [85.315203125, 23.340767578125], [85.31521484375, 23.34073828125], [85.315197265625, 23.3407265625], [85.315197265625, 23.340708984375], [85.31523828125, 23.340708984375], [85.315255859375, 23.340720703125], [85.315255859375, 23.340744140625], [85.3152734375, 23.34075], [85.31528515625, 23.340767578125], [85.31533203125001, 23.3407734375], [85.31534375, 23.340814453125]]]}}, {"type": "Feature", "properties": {"class": "land_use", "raw_confidence": 0.2917, "source_tile_id": "tile_0001"}, "geometry": {"type": "Polygon", "coordinates": [[[85.314927734375, 23.340861328125], [85.31488085937501, 23.340861328125], [85.31486328125, 23.340884765625], [85.314833984375, 23.340884765625], [85.314798828125, 23.340849609375], [85.314798828125, 23.340826171875], [85.31478125, 23.340814453125], [85.31479296875, 23.340791015625], [85.314751953125, 23.340744140625], [85.31476953125001, 23.340673828125], [85.31483984375001, 23.340662109375], [85.31488671875, 23.340685546875], [85.3148984375, 23.340720703125], [85.314869140625, 23.34076171875], [85.314869140625, 23.34078515625], [85.31491015625001, 23.340826171875], [85.314869140625, 23.340826171875], [85.314857421875, 23.34085546875], [85.314869140625, 23.340861328125], [85.31491015625001, 23.340837890625], [85.314927734375, 23.340861328125]]]}}, {"type": "Feature", "properties": {"class": "land_use", "raw_confidence": 0.2917, "source_tile_id": "tile_0001"}, "geometry": {"type": "Polygon", "coordinates": [[[85.313451171875, 23.341001953125], [85.31341015625, 23.340908203125], [85.31346875, 23.34083203125], [85.313392578125, 23.34083203125], [85.313392578125, 23.340703125], [85.31320507812501, 23.340779296875], [85.313310546875, 23.34064453125], [85.31341015625, 23.340650390625], [85.313474609375, 23.34073828125], [85.313568359375, 23.34071484375], [85.31359765625, 23.340609375], [85.31352734375, 23.34057421875], [85.31357421875, 23.340544921875], [85.313521484375, 23.34045703125], [85.313603515625, 23.340333984375], [85.31376171875, 23.340609375], [85.31383203125, 23.3405390625], [85.313861328125, 23.34064453125], [85.31378515625, 23.340638671875], [85.31383203125, 23.340708984375], [85.31401953125, 23.34073828125], [85.31390234375, 23.3407734375], [85.31382617187501, 23.340931640625], [85.313638671875, 23.34090234375], [85.313451171875, 23.341001953125]]]}}, {"type": "Feature", "properties": {"class": "land_use", "raw_confidence": 0.285, "source_tile_id": "tile_0001"}, "geometry": {"type": "Polygon", "coordinates": [[[85.314330078125, 23.340990234375], [85.314341796875, 23.34097265625], [85.314494140625, 23.340943359375], [85.31451171875, 23.3409140625], [85.314546875, 23.340908203125], [85.314517578125, 23.34087890625], [85.314576171875, 23.340873046875], [85.31459375, 23.340884765625], [85.31459960937501, 23.34090234375], [85.314587890625, 23.340919921875], [85.3145234375, 23.340943359375], [85.31448828125001, 23.340978515625], [85.31445898437501, 23.3409609375], [85.31441796875, 23.3409609375], [85.31437109375, 23.3410078125], [85.314330078125, 23.340990234375]]]}}, {"type": "Feature", "properties": {"class": "land_use", "raw_confidence": 0.2694, "source_tile_id": "tile_0001"}, "geometry": {"type": "Polygon", "coordinates": [[[85.31428906250001, 23.341078125], [85.31428906250001, 23.341072265625], [85.314294921875, 23.34106640625], [85.3143359375, 23.34106640625], [85.314341796875, 23.341060546875], [85.31434765625, 23.341060546875], [85.31434765625, 23.341083984375], [85.314353515625, 23.34108984375], [85.31434765625, 23.341095703125], [85.31431835937501, 23.341095703125], [85.31430078125, 23.341078125], [85.31428906250001, 23.341078125]]]}}, {"type": "Feature", "properties": {"class": "land_use", "raw_confidence": 0.2801, "source_tile_id": "tile_0001"}, "geometry": {"type": "Polygon", "coordinates": [[[85.313140625, 23.341283203125], [85.31312890625, 23.341224609375], [85.313240234375, 23.34120703125], [85.313146484375, 23.341154296875], [85.3132578125, 23.34103125], [85.31324609375, 23.340943359375], [85.31327539062501, 23.340966796875], [85.31337500000001, 23.340908203125], [85.313322265625, 23.341001953125], [85.31334570312501, 23.3411484375], [85.3132578125, 23.341212890625], [85.313533203125, 23.34130078125], [85.313140625, 23.341283203125]]]}}, {"type": "Feature", "properties": {"class": "land_use", "raw_confidence": 0.2782, "source_tile_id": "tile_0001"}, "geometry": {"type": "Polygon", "coordinates": [[[85.31359765625, 23.341681640625], [85.313580078125, 23.341681640625], [85.3135625, 23.341669921875], [85.31355664062501, 23.34162890625], [85.31355078125, 23.341623046875], [85.3135390625, 23.34162890625], [85.3135390625, 23.341640625], [85.31352734375, 23.3416640625], [85.313521484375, 23.3416640625], [85.313498046875, 23.341634765625], [85.31352734375, 23.3416171875], [85.31358593750001, 23.341611328125], [85.313591796875, 23.341623046875], [85.313591796875, 23.341646484375], [85.31359765625, 23.34165234375], [85.31359765625, 23.341681640625]]]}}, {"type": "Feature", "properties": {"class": "land_use", "raw_confidence": 0.2771, "source_tile_id": "tile_0001"}, "geometry": {"type": "Polygon", "coordinates": [[[85.313591796875, 23.341986328125], [85.313568359375, 23.341962890625], [85.313591796875, 23.341904296875], [85.313568359375, 23.341892578124998], [85.31355078125, 23.341845703125], [85.31352734375, 23.341869140625], [85.313533203125, 23.3418984375], [85.313474609375, 23.341939453125], [85.3134921875, 23.341910156249998], [85.31344531250001, 23.341822265625], [85.31350390625, 23.341716796875], [85.313521484375, 23.341728515625], [85.31348046875, 23.34179296875], [85.31352734375, 23.341798828125], [85.31355664062501, 23.3417578125], [85.313580078125, 23.34176953125], [85.31359765625, 23.34181640625], [85.31357421875, 23.341845703125], [85.31359765625, 23.34186328125], [85.313591796875, 23.341986328125]]]}}, {"type": "Feature", "properties": {"class": "land_use", "raw_confidence": 0.2857, "source_tile_id": "tile_0001"}, "geometry": {"type": "Polygon", "coordinates": [[[85.31376171875, 23.34207421875], [85.31375585937501, 23.34205078125], [85.313779296875, 23.3420390625], [85.313791015625, 23.341986328125], [85.3137734375, 23.34195703125], [85.313802734375, 23.341910156249998], [85.313779296875, 23.3418984375], [85.313779296875, 23.34188671875], [85.31379687500001, 23.34188671875], [85.31380859375, 23.3418984375], [85.313861328125, 23.341892578124998], [85.31386718750001, 23.341910156249998], [85.313890625, 23.341921875], [85.313890625, 23.34195703125], [85.313873046875, 23.3419921875], [85.31384375, 23.342015625], [85.31383203125, 23.3420390625], [85.31380859375, 23.34205078125], [85.31380859375, 23.342068359375], [85.313779296875, 23.3420625], [85.31376171875, 23.34207421875]]]}}, {"type": "Feature", "properties": {"class": "land_use", "raw_confidence": 0.2795, "source_tile_id": "tile_0001"}, "geometry": {"type": "Polygon", "coordinates": [[[85.31459375, 23.342173828125], [85.314658203125, 23.342056640625], [85.314640625, 23.341986328125], [85.314611328125, 23.341951171875], [85.31466992187501, 23.34193359375], [85.314693359375, 23.34196875], [85.31476953125001, 23.34195703125], [85.31479296875, 23.34198046875], [85.314822265625, 23.34198046875], [85.31481640625, 23.342009765625], [85.314857421875, 23.342044921875], [85.31491015625001, 23.34202734375], [85.314892578125, 23.342044921875], [85.31491015625001, 23.3420859375], [85.314869140625, 23.342109375], [85.314787109375, 23.342126953125], [85.314763671875, 23.342150390625], [85.314646484375, 23.342126953125], [85.314634765625, 23.34215625], [85.31459375, 23.342173828125]]]}}, {"type": "Feature", "properties": {"class": "land_use", "raw_confidence": 0.2721, "source_tile_id": "tile_0001"}, "geometry": {"type": "Polygon", "coordinates": [[[85.31476953125001, 23.34219140625], [85.314798828125, 23.342185546875], [85.31481054687501, 23.342162109375], [85.314833984375, 23.34216796875], [85.314857421875, 23.3421328125], [85.31488085937501, 23.3421328125], [85.31488671875, 23.342138671875], [85.31491015625001, 23.34212109375], [85.3148984375, 23.342138671875], [85.3148984375, 23.34215625], [85.31491015625001, 23.342162109375], [85.31488671875, 23.342162109375], [85.31486328125, 23.342185546875], [85.314833984375, 23.342173828125], [85.31481054687501, 23.342197265625], [85.314775390625, 23.342203125], [85.31476953125001, 23.34219140625]]]}}, {"type": "Feature", "properties": {"class": "land_use", "raw_confidence": 0.2878, "source_tile_id": "tile_0001"}, "geometry": {"type": "Polygon", "coordinates": [[[85.31352734375, 23.34223828125], [85.31341015625, 23.342162109375], [85.313357421875, 23.34219140625], [85.3133984375, 23.342232421875], [85.3132578125, 23.342232421875], [85.313228515625, 23.342126953125], [85.31312890625, 23.3420859375], [85.313, 23.3421796875], [85.313, 23.3413359375], [85.31315234375, 23.3413828125], [85.313310546875, 23.341546875], [85.313263671875, 23.341716796875], [85.31316406250001, 23.341751953125], [85.313333984375, 23.342103515625], [85.313451171875, 23.342162109375], [85.3136328125, 23.34205078125], [85.313603515625, 23.342103515625], [85.31365625000001, 23.34212109375], [85.313521484375, 23.34214453125], [85.31352734375, 23.34223828125]]]}}, {"type": "Feature", "properties": {"class": "land_use", "raw_confidence": 0.2648, "source_tile_id": "tile_0001"}, "geometry": {"type": "Polygon", "coordinates": [[[85.314927734375, 23.342337890625], [85.314921875, 23.342296875], [85.314904296875, 23.34228515625], [85.314892578125, 23.342232421875], [85.31491015625001, 23.342208984375], [85.31493359375, 23.342208984375], [85.31495703125, 23.3421796875], [85.314962890625, 23.342197265625], [85.31495117187501, 23.342220703125], [85.31496875, 23.342232421875], [85.31496875, 23.34226171875], [85.31498046875001, 23.342279296875], [85.31496875, 23.342279296875], [85.31495117187501, 23.34226171875], [85.31491015625001, 23.342267578125], [85.314939453125, 23.342279296875], [85.31495117187501, 23.342296875], [85.314974609375, 23.342296875], [85.31496875, 23.342314453125], [85.31495117187501, 23.342314453125], [85.314927734375, 23.342337890625]]]}}, {"type": "Feature", "properties": {"class": "land_use", "raw_confidence": 0.2738, "source_tile_id": "tile_0001"}, "geometry": {"type": "Polygon", "coordinates": [[[85.314828125, 23.34233203125], [85.314828125, 23.34230859375], [85.314833984375, 23.342302734375], [85.314833984375, 23.342296875], [85.314869140625, 23.342296875], [85.31488671875, 23.34230859375], [85.31488671875, 23.342314453125], [85.314869140625, 23.34233203125], [85.314869140625, 23.34234375], [85.31486328125, 23.342349609375], [85.314845703125, 23.342349609375], [85.314828125, 23.34233203125]]]}}, {"type": "Feature", "properties": {"class": "land_use", "raw_confidence": 0.2806, "source_tile_id": "tile_0001"}, "geometry": {"type": "Polygon", "coordinates": [[[85.313990234375, 23.34234375], [85.31397265625, 23.34234375], [85.313990234375, 23.342314453125], [85.313978515625, 23.342296875], [85.31393750000001, 23.342314453125], [85.31392578125, 23.3423671875], [85.313849609375, 23.3423203125], [85.313849609375, 23.342279296875], [85.313861328125, 23.342267578125], [85.313849609375, 23.342220703125], [85.313873046875, 23.342197265625], [85.313873046875, 23.34216796875], [85.31390234375, 23.34219140625], [85.31390234375, 23.34226171875], [85.313919921875, 23.3422734375], [85.313943359375, 23.34226171875], [85.31399609375, 23.342291015625], [85.313990234375, 23.34234375]]]}}, {"type": "Feature", "properties": {"class": "land_use", "raw_confidence": 0.2771, "source_tile_id": "tile_0001"}, "geometry": {"type": "Polygon", "coordinates": [[[85.31570703125, 23.342478515625], [85.3156484375, 23.34237890625], [85.315595703125, 23.342408203125], [85.31564257812501, 23.342455078125], [85.315490234375, 23.342501953125], [85.31537890625, 23.342408203125], [85.3154609375, 23.342361328125], [85.3154375, 23.342279296875], [85.315208984375, 23.342267578125], [85.3151796875, 23.342185546875], [85.3152734375, 23.342150390625], [85.3152734375, 23.34200390625], [85.315408203125, 23.34181640625], [85.31521484375, 23.341775390625], [85.3150859375, 23.34160546875], [85.315244140625, 23.341623046875], [85.31523828125, 23.341734375], [85.31542578125, 23.341669921875], [85.31544921875, 23.341576171875], [85.3155546875, 23.341611328125], [85.315490234375, 23.341822265625], [85.31558984375, 23.341833984375], [85.315537109375, 23.341892578124998], [85.315654296875, 23.341974609375], [85.315677734375, 23.341910156249998], [85.315765625, 23.341939453125], [85.31578320312501, 23.342337890625], [85.31570703125, 23.342478515625]]]}}, {"type": "Feature", "properties": {"class": "land_use", "raw_confidence": 0.2672, "source_tile_id": "tile_0001"}, "geometry": {"type": "Polygon", "coordinates": [[[85.31488085937501, 23.34277734375], [85.31488671875, 23.3427421875], [85.314927734375, 23.34277734375], [85.314962890625, 23.34273046875], [85.31491015625001, 23.342677734375], [85.314857421875, 23.342689453125], [85.314869140625, 23.342431640625], [85.314986328125, 23.342361328125], [85.3150390625, 23.342390625], [85.31500390625, 23.342443359375], [85.31507421875, 23.34240234375], [85.315103515625, 23.3424609375], [85.31512109375001, 23.34237890625], [85.31515625, 23.34244921875], [85.31512109375001, 23.342501953125], [85.315138671875, 23.342572265625], [85.31507421875, 23.342501953125], [85.31505078125001, 23.342578125], [85.31509765625, 23.34258984375], [85.315109375, 23.342671875], [85.31516796875, 23.342630859375], [85.31523242187501, 23.34268359375], [85.31521484375, 23.34275390625], [85.315138671875, 23.34277734375], [85.3150859375, 23.342736328125], [85.31502148437501, 23.342783203125], [85.314974609375, 23.3427421875], [85.31495117187501, 23.342783203125], [85.31488085937501, 23.34277734375]]]}}, {"type": "Feature", "properties": {"class": "land_use", "raw_confidence": 0.2725, "source_tile_id": "tile_0001"}, "geometry": {"type": "Polygon", "coordinates": [[[85.31446484375, 23.342853515625], [85.31445898437501, 23.3428359375], [85.314505859375, 23.342783203125], [85.314505859375, 23.342759765625], [85.3145234375, 23.342748046875], [85.31455859375001, 23.342748046875], [85.314576171875, 23.34273046875], [85.314576171875, 23.34270703125], [85.31460546875, 23.342689453125], [85.31462890625001, 23.342712890625], [85.31467578125, 23.34271875], [85.314681640625, 23.3427421875], [85.314640625, 23.342765625], [85.3145703125, 23.342783203125], [85.31455859375001, 23.342830078125], [85.314494140625, 23.342859375], [85.31446484375, 23.342853515625]]]}}, {"type": "Feature", "properties": {"class": "land_use", "raw_confidence": 0.2765, "source_tile_id": "tile_0001"}, "geometry": {"type": "Polygon", "coordinates": [[[85.31444140625, 23.343], [85.313955078125, 23.3429765625], [85.31393750000001, 23.34291796875], [85.31399609375, 23.34289453125], [85.313890625, 23.34282421875], [85.313849609375, 23.34270703125], [85.314013671875, 23.34249609375], [85.313861328125, 23.342484375], [85.31389648437501, 23.34242578125], [85.31400781250001, 23.34237890625], [85.31416015625, 23.342419921875], [85.31411328125, 23.342384765625], [85.3141953125, 23.34235546875], [85.314306640625, 23.342548828125], [85.31421875000001, 23.34256640625], [85.314271484375, 23.342619140625], [85.3141953125, 23.342630859375], [85.31418359375, 23.3426953125], [85.314236328125, 23.342712890625], [85.314130859375, 23.342830078125], [85.31425390625, 23.342953125], [85.31432421875, 23.342912109375], [85.31444140625, 23.343]]]}}, {"type": "Feature", "properties": {"class": "land_use", "raw_confidence": 0.2854, "source_tile_id": "tile_0001"}, "geometry": {"type": "Polygon", "coordinates": [[[85.313, 23.343], [85.313, 23.3425546875], [85.313228515625, 23.342607421875], [85.31320507812501, 23.342666015625], [85.313298828125, 23.342748046875], [85.313474609375, 23.3427890625], [85.3136796875, 23.34268359375], [85.313533203125, 23.34261328125], [85.31357421875, 23.342548828125], [85.3136796875, 23.3426484375], [85.313720703125, 23.342560546875], [85.31379687500001, 23.342583984375], [85.3137734375, 23.342759765625], [85.31369140625, 23.3427421875], [85.31355664062501, 23.34290625], [85.31380859375, 23.343], [85.313638671875, 23.343], [85.31343359375, 23.342853515625], [85.31334570312501, 23.342888671875], [85.313123046875, 23.342771484375], [85.313041015625, 23.342806640625], [85.313181640625, 23.343], [85.313, 23.343]]]}}, {"type": "Feature", "properties": {"class": "parcel", "raw_confidence": 0.2518, "source_tile_id": "tile_0001"}, "geometry": {"type": "Polygon", "coordinates": [[[85.31293312745356, 23.341848818716297], [85.31294597073995, 23.34188529727436], [85.31296227675378, 23.34192036505326], [85.312981893071, 23.34195369424921], [85.31300463632375, 23.341984973310225], [85.313014530883, 23.341996132358407], [85.3130106114105, 23.34200266307978], [85.31299379351641, 23.342038178267156], [85.31298054157176, 23.342075172267467], [85.31297098347189, 23.342113288049276], [85.31296521146263, 23.342152157754768], [85.31296328125, 23.342191406249967], [85.31296521146263, 23.342230654745165], [85.31297098347187, 23.34226952445066], [85.31298054157175, 23.34230764023247], [85.31299379351638, 23.342344634232784], [85.31301061141048, 23.342380149420162], [85.31303083294343, 23.3424138430353], [85.31305426295597, 23.342445389898984], [85.31306231203946, 23.34245425670454], [85.31306708977725, 23.34246188907537], [85.31306583666927, 23.342461970259897], [85.31302695330527, 23.342468375140925], [85.31298888887194, 23.342478575014038], [85.31295201281753, 23.342492470880632], [85.3129166830561, 23.3425099278693], [85.31288324249354, 23.342530776544855], [85.31285201569948, 23.342554814552855], [85.31282330575695, 23.34258180858362], [85.31279739132083, 23.342611496636717], [85.31277452391313, 23.342643590563895], [85.31275492548185, 23.342677778865813], [85.31273878624673, 23.3427137297154], [85.312726262853, 23.342751094178546], [85.31271747685105, 23.34278950960079], [85.31271251351664, 23.34282860312721], [85.31271142102321, 23.342867995321292], [85.31271420997437, 23.342907303847696], [85.31272085330093, 23.342946147183145], [85.31273257205093, 23.342998881558145], [85.31274258836149, 23.34303560560769], [85.31275605015733, 23.34307121125815], [85.3127728355266, 23.343105376059782], [85.31279279245862, 23.343137790611394], [85.31281574022066, 23.343168161362286], [85.31283526266063, 23.343189444892275], [85.31285491215507, 23.343222228093207], [85.31287829581865, 23.343253757313665], [85.31290465728752, 23.343282842712476], [85.31293374268633, 23.343309204181345], [85.31296527190679, 23.34333258784492], [85.31299894130527, 23.34335276850574], [85.31303442662706, 23.343369551813005], [85.3130713861291, 23.34338277613429], [85.31310946387119, 23.34339231411216], [85.31314829314387, 23.34339807389067], [85.3131875, 23.3434], [85.3136328125, 23.3434], [85.3136720328689, 23.34339807255955], [85.31371087526315, 23.34339230881332], [85.31374896535077, 23.343382764307712], [85.31376427447525, 23.343377284563577], [85.31380054643029, 23.343386829814904], [85.3138397752532, 23.34339507617393], [85.31387963246053, 23.34339935472619], [85.31391971776058, 23.343399622501565], [85.31395962857096, 23.34339587681075], [85.31399896406165, 23.34338815527225], [85.31403732918066, 23.343376535434597], [85.31407433862162, 23.343361133997483], [85.31410962069336, 23.343342105639753], [85.314142821053, 23.343319641465936], [85.31417360626452, 23.34329396708696], [85.31417507378848, 23.34329246997029], [85.31419256698287, 23.343308429249088], [85.31422416933157, 23.343332006090087], [85.314257939306, 23.343352357126975], [85.31429354879373, 23.343369284627055], [85.31433065180943, 23.343382624121062], [85.31436888785655, 23.34339224600114], [85.31440788542983, 23.343398056780156], [85.314447265625, 23.3434], [85.31599414062501, 23.3434], [85.31603334748114, 23.34339807389067], [85.31607217675382, 23.34339231411216], [85.31611025449591, 23.34338277613429], [85.31614721399795, 23.343369551813005], [85.31618269931974, 23.34335276850574], [85.31621636871822, 23.34333258784492], [85.31624789793868, 23.343309204181345], [85.31627698333749, 23.343282842712476], [85.31630334480636, 23.343253757313665], [85.31632672846993, 23.343222228093207], [85.31634690913074, 23.34318855869473], [85.31636369243802, 23.343153073372946], [85.3163769167593, 23.343116113870902], [85.31638645473717, 23.343078036128805], [85.31639221451567, 23.343039206856133], [85.31639414062501, 23.343], [85.31639414062501, 23.340005859375], [85.3163922734107, 23.339967255165934], [85.31638668920021, 23.339929011368525], [85.31637744012816, 23.339891485029604], [85.31636461254452, 23.33985502649775], [85.31634832620853, 23.339819976152434], [85.31632873317058, 23.33978666122618], [85.3163060163527, 23.339755392749527], [85.3162803878407, 23.339726462647207], [85.31625208690424, 23.339700141012727], [85.31622137776284, 23.33967667358675], [85.31618854711928, 23.339656279462844], [85.31615390148278, 23.339639149042007], [85.31611776430748, 23.339625442255073], [85.31608047297263, 23.339615287069588], [85.3160423756328, 23.33960877829509], [85.3160038279675, 23.339605976697964], [85.31596518986048, 23.339606908434117], [85.31592682203986, 23.339611564804798], [85.31544635328984, 23.339693596054797], [85.31540724250543, 23.339702309519012], [85.31536919972505, 23.33971489223641], [85.31533260670275, 23.339731217941154], [85.31529783064447, 23.33975112280705], [85.31526522052314, 23.339774407091518], [85.31523510357684, 23.339800837139975], [85.31520778202497, 23.339830147730535], [85.31518353003551, 23.339862044735465], [85.31516259097384, 23.339896208072727], [85.31514517496056, 23.33993229491794], [85.31513145676296, 23.3399699431446], [85.31512157404126, 23.340008774957944], [85.31511562596718, 23.34004840068609], [85.31511367222886, 23.34008842269032], [85.31511573243178, 23.34012843935535], [85.31512178590208, 23.340168049119466], [85.31518878886978, 23.340495619183706], [85.31502431566487, 23.340693658348794], [85.31500142102313, 23.340724059078035], [85.31498151916631, 23.340756498021523], [85.31496479025215, 23.340790681532013], [85.31495138571586, 23.340826300169915], [85.31494503770453, 23.340849713687884], [85.31494195155638, 23.34084931255431], [85.31490224016166, 23.34084812521324], [85.31486260685938, 23.340850883110978], [85.31482344263323, 23.34085755904079], [85.31478513383942, 23.340868087144433], [85.31474805839532, 23.34088236356186], [85.31472122499534, 23.340895890482184], [85.3147186393322, 23.34088559459445], [85.31470538247808, 23.340848622083882], [85.31468856345693, 23.34081312798232], [85.31466834443673, 23.340779454521826], [85.31464492036814, 23.340747926379958], [85.31461851710466, 23.340718847549233], [85.31458938922502, 23.340692498406046], [85.31455781757856, 23.340669133007307], [85.31454023945356, 23.340657414257304], [85.31450657533568, 23.340637282888043], [85.31447110135095, 23.34062054546688], [85.31444895491835, 23.34061264280504], [85.31444614323078, 23.340604994208775], [85.31442853303118, 23.340568808896208], [85.3144073760541, 23.340534576188215], [85.3143828864473, 23.34050264258313], [85.3143553120909, 23.3404733313081], [85.31432493208837, 23.340446939047457], [85.31429205394156, 23.340423732939694], [85.31425701043813, 23.340403947873554], [85.31425338388249, 23.340402134595738], [85.3142258525453, 23.340385611410536], [85.3141903373579, 23.340368793516433], [85.31415334335757, 23.340355541571764], [85.31411522757574, 23.340345983471888], [85.31407635787023, 23.340340211462625], [85.31403710937501, 23.340338281250002], [85.314025390625, 23.340338281250002], [85.31398618376892, 23.34034020735933], [85.31394735449629, 23.34034596713782], [85.3139335062922, 23.340349435932364], [85.31392233466012, 23.34035099994196], [85.31388624802719, 23.340359518840412], [85.31385110525511, 23.340371342641706], [85.31381872100731, 23.340385699144264], [85.31378381917219, 23.34039827851336], [85.31374883578253, 23.34041486604264], [85.31371561992152, 23.340434758007262], [85.31364530742152, 23.34048163300726], [85.31361490127941, 23.340504135844895], [85.31351180265347, 23.34020828761397], [85.3135271867364, 23.34004290872258], [85.31352890104858, 23.3400038194967], [85.31352678814443, 23.339964749788717], [85.31352086824054, 23.33992607342405], [85.31351119797954, 23.339888160464547], [85.31349786988808, 23.33985137366767], [85.31348101149156, 23.339816065015583], [85.31346078409388, 23.339782572347293], [85.31343738123414, 23.339751216126192], [85.31341102683476, 23.339722296373782], [85.31338197305898, 23.33969608979904], [85.31335049789816, 23.3396728471508], [85.31331690251181, 23.33965279081857], [85.31328150834618, 23.33963611270464], [85.31324465405845, 23.339622972387968], [85.31320669227655, 23.339613495597273], [85.31316798622511, 23.33960777300806], [85.31312890625, 23.339605859375002], [85.313, 23.339605859375002], [85.31296079314387, 23.339607785484333], [85.31292196387119, 23.33961354526284], [85.3128838861291, 23.33962308324071], [85.31284692662706, 23.339636307561996], [85.31281144130527, 23.339653090869263], [85.3127777719068, 23.33967327153008], [85.31274624268633, 23.339696655193656], [85.31271715728752, 23.339723016662525], [85.31269079581865, 23.339752102061336], [85.31266741215508, 23.339783631281794], [85.31264723149427, 23.33981730068027], [85.312630448187, 23.339852786002055], [85.31261722386571, 23.3398897455041], [85.31260768588784, 23.339927823246196], [85.31260192610934, 23.339966652518868], [85.3126, 23.340005859375], [85.3126, 23.341330078125], [85.31260188064476, 23.34136882059497], [85.3126075048949, 23.341407198760823], [85.31261681986435, 23.341444851744082], [85.31262973796235, 23.341481425485316], [85.31264613771715, 23.341516576073452], [85.31266586491819, 23.341549972979646], [85.31268873406617, 23.341581302165316], [85.31271453011738, 23.34161026903512], [85.31274301050577, 23.34163660120709], [85.31277390742389, 23.341660051073926], [85.31291757331991, 23.3417584888175], [85.312918275794, 23.341773003228138], [85.31292386695004, 23.341811270370414], [85.31293312745356, 23.341848818716297]], [[85.31399289827664, 23.342078528389017], [85.31395350946919, 23.342080788860716], [85.31391453495033, 23.34208691868656], [85.3138872444285, 23.342094023134898], [85.31388218544771, 23.3420933907623], [85.3138785486632, 23.342083364915354], [85.3138613506163, 23.342047524876882], [85.31384068004978, 23.34201356889282], [85.31381674112178, 23.34198183233818], [85.3137897702713, 23.341952628667215], [85.31378599938847, 23.341949283111322], [85.31379469426628, 23.341945105556555], [85.31382909406376, 23.341924074640264], [85.31386120192016, 23.34189968753168], [85.31387244352206, 23.341889206116086], [85.3140172985914, 23.341971980441418], [85.31400904527874, 23.341996742192165], [85.31400010754538, 23.342036957821286], [85.31399822096265, 23.342053197435646], [85.31399635776283, 23.342060635746236], [85.31399369872769, 23.342078561505154], [85.31399289827664, 23.342078528389017]]]}}, {"type": "Feature", "properties": {"class": "land_use", "raw_confidence": 0.3227, "source_tile_id": "tile_0017"}, "geometry": {"type": "Polygon", "coordinates": [[[85.327373046875, 23.34608203125], [85.327326171875, 23.346099609375], [85.32728515625, 23.346140625], [85.32722070312501, 23.346111328125], [85.32716796875, 23.346111328125], [85.327138671875, 23.3460703125], [85.32715625, 23.346041015625], [85.32714453125, 23.346005859375], [85.327326171875, 23.346005859375], [85.32733203125001, 23.346017578125], [85.327337890625, 23.346005859375], [85.327384765625, 23.346005859375], [85.327373046875, 23.34608203125]]]}}, {"type": "Feature", "properties": {"class": "land_use", "raw_confidence": 0.3538, "source_tile_id": "tile_0017"}, "geometry": {"type": "Polygon", "coordinates": [[[85.325, 23.346984375], [85.325, 23.346744140625], [85.32515234375, 23.346814453125], [85.325251953125, 23.346544921875], [85.325, 23.34659765625], [85.325, 23.3462109375], [85.325111328125, 23.346111328125], [85.325, 23.34610546875], [85.325, 23.346005859375], [85.326048828125, 23.346005859375], [85.32573828125, 23.34628125], [85.32562695312501, 23.346263671875], [85.32566796875, 23.346333984375], [85.32547460937501, 23.34631640625], [85.325498046875, 23.346392578125], [85.32533984375, 23.34643359375], [85.325380859375, 23.346533203125], [85.325251953125, 23.346720703125], [85.325369140625, 23.346884765625], [85.325123046875, 23.34683203125], [85.325, 23.346984375]]]}}, {"type": "Feature", "properties": {"class": "land_use", "raw_confidence": 0.3192, "source_tile_id": "tile_0017"}, "geometry": {"type": "Polygon", "coordinates": [[[85.32617773437501, 23.347125], [85.326154296875, 23.347095703125], [85.326154296875, 23.347083984375], [85.32614843750001, 23.347078125], [85.32614843750001, 23.347054687500002], [85.32616015625, 23.34703125], [85.32620703125001, 23.34701953125], [85.326212890625, 23.347025390625], [85.32620703125001, 23.347037109375], [85.32620703125001, 23.347060546875], [85.326212890625, 23.347072265625002], [85.32620703125001, 23.347078125], [85.32620703125001, 23.347089843750002], [85.326201171875, 23.347089843750002], [85.326189453125, 23.3471015625], [85.326189453125, 23.34711328125], [85.32618359375, 23.347125], [85.32617773437501, 23.347125]]]}}, {"type": "Feature", "properties": {"class": "land_use", "raw_confidence": 0.3271, "source_tile_id": "tile_0017"}, "geometry": {"type": "Polygon", "coordinates": [[[85.326341796875, 23.347453125], [85.3263359375, 23.347447265625], [85.3263359375, 23.347400390625], [85.32631835937501, 23.347376953125], [85.32630078125, 23.347376953125], [85.32630078125, 23.34737109375], [85.32631835937501, 23.347359375], [85.32631835937501, 23.34732421875], [85.32634765625001, 23.347330078125], [85.32635937500001, 23.347318359375], [85.326365234375, 23.347294921875], [85.326412109375, 23.34732421875], [85.326400390625, 23.34734765625], [85.326400390625, 23.34739453125], [85.3263828125, 23.347412109375], [85.326376953125, 23.3474296875], [85.326353515625, 23.347453125], [85.326341796875, 23.347453125]]]}}, {"type": "Feature", "properties": {"class": "land_use", "raw_confidence": 0.3254, "source_tile_id": "tile_0017"}, "geometry": {"type": "Polygon", "coordinates": [[[85.326294921875, 23.348589843750002], [85.326259765625, 23.34861328125], [85.326224609375, 23.348607421875002], [85.326212890625, 23.348619140625], [85.326201171875, 23.348619140625], [85.32618359375, 23.348595703125], [85.326142578125, 23.348583984375], [85.32613671875, 23.348554687500002], [85.32614843750001, 23.34854296875], [85.326119140625, 23.348525390625], [85.32616015625, 23.348513671875], [85.326166015625, 23.348519531250002], [85.32621875000001, 23.348513671875], [85.32623046875, 23.348525390625], [85.326265625, 23.348537109375002], [85.32628906250001, 23.348560546875], [85.326294921875, 23.348589843750002]]]}}, {"type": "Feature", "properties": {"class": "land_use", "raw_confidence": 0.3134, "source_tile_id": "tile_0017"}, "geometry": {"type": "Polygon", "coordinates": [[[85.326083984375, 23.348642578125], [85.326025390625, 23.348642578125], [85.32601953125, 23.3486484375], [85.326001953125, 23.348625], [85.326001953125, 23.34861328125], [85.326013671875, 23.348589843750002], [85.32601953125, 23.348583984375], [85.32603710937501, 23.348583984375], [85.32604296875, 23.348589843750002], [85.326025390625, 23.34861328125], [85.32603710937501, 23.34863671875], [85.326072265625, 23.34863671875], [85.326083984375, 23.348642578125]]]}}, {"type": "Feature", "properties": {"class": "building", "raw_confidence": 0.3211, "source_tile_id": "tile_0004"}, "geometry": {"type": "Polygon", "coordinates": [[[85.322, 23.34290625], [85.322, 23.340005859375], [85.32499414062501, 23.340005859375], [85.32499414062501, 23.343], [85.322, 23.34290625]]]}}, {"type": "Feature", "properties": {"class": "land_use", "raw_confidence": 0.2747, "source_tile_id": "tile_0004"}, "geometry": {"type": "Polygon", "coordinates": [[[85.32316015625, 23.340509765625], [85.32314843750001, 23.340451171875], [85.323224609375, 23.340439453125], [85.323224609375, 23.340392578124998], [85.323283203125, 23.340298828125], [85.3233828125, 23.3402109375], [85.323423828125, 23.340216796875], [85.32344140625, 23.34026953125], [85.32346484375, 23.34024609375], [85.323482421875, 23.34026953125], [85.32358203125, 23.340251953125], [85.323611328125, 23.340275390625], [85.32360546875, 23.3403046875], [85.323576171875, 23.340287109375], [85.323541015625, 23.340328125], [85.32353515625, 23.340392578124998], [85.32351171875, 23.340357421875], [85.32344140625, 23.34036328125], [85.323423828125, 23.340416015625], [85.32346484375, 23.340474609375], [85.32341796875001, 23.34052734375], [85.32337109375, 23.340533203125], [85.3233828125, 23.340498046875], [85.32332421875, 23.34046875], [85.32324804687501, 23.340474609375], [85.323201171875, 23.340544921875], [85.32316015625, 23.340509765625]]]}}, {"type": "Feature", "properties": {"class": "land_use", "raw_confidence": 0.2792, "source_tile_id": "tile_0004"}, "geometry": {"type": "Polygon", "coordinates": [[[85.32318359375, 23.340890625], [85.32317773437501, 23.34087890625], [85.32321875000001, 23.34085546875], [85.32320703125, 23.34083203125], [85.32321875000001, 23.3408203125], [85.32321875000001, 23.340802734375], [85.32323046875, 23.34078515625], [85.323265625, 23.340791015625], [85.32325390625, 23.340802734375], [85.32325390625, 23.340849609375], [85.32324804687501, 23.34085546875], [85.323259765625, 23.340873046875], [85.323283203125, 23.340873046875], [85.323294921875, 23.34085546875], [85.3233125, 23.340861328125], [85.3233125, 23.34087890625], [85.32327734375001, 23.340884765625], [85.323259765625, 23.34090234375], [85.323236328125, 23.340908203125], [85.32318359375, 23.340890625]]]}}, {"type": "Feature", "properties": {"class": "land_use", "raw_confidence": 0.2715, "source_tile_id": "tile_0004"}, "geometry": {"type": "Polygon", "coordinates": [[[85.32308984375, 23.341810546875], [85.322990234375, 23.341775390625], [85.3229609375, 23.34169921875], [85.3229140625, 23.341658203125], [85.3229140625, 23.34162890625], [85.32296679687501, 23.34159375], [85.32296679687501, 23.341552734375], [85.32299609375, 23.34155859375], [85.323001953125, 23.341517578125], [85.32303710937501, 23.34148828125], [85.323083984375, 23.341517578125], [85.32310742187501, 23.341494140625], [85.32314843750001, 23.341494140625], [85.32314843750001, 23.341517578125], [85.323130859375, 23.3415], [85.32310742187501, 23.34153515625], [85.32311328125, 23.341587890625], [85.323130859375, 23.34158203125], [85.323130859375, 23.341546875], [85.32314843750001, 23.34158203125], [85.323201171875, 23.3415703125], [85.323189453125, 23.34160546875], [85.323142578125, 23.34162890625], [85.323154296875, 23.34167578125], [85.323072265625, 23.34174609375], [85.323095703125, 23.341775390625], [85.32308984375, 23.341810546875]]]}}, {"type": "Feature", "properties": {"class": "land_use", "raw_confidence": 0.2714, "source_tile_id": "tile_0004"}, "geometry": {"type": "Polygon", "coordinates": [[[85.322873046875, 23.34214453125], [85.322861328125, 23.34214453125], [85.322861328125, 23.342138671875], [85.32285546875, 23.3421328125], [85.32282617187501, 23.342138671875], [85.32282617187501, 23.3421328125], [85.322814453125, 23.34212109375], [85.322814453125, 23.342091796875], [85.3228203125, 23.3420859375], [85.3228203125, 23.34207421875], [85.32283203125, 23.3420625], [85.32283203125, 23.342068359375], [85.32284375, 23.342080078125], [85.32284375, 23.3420859375], [85.32285546875, 23.34209765625], [85.322861328125, 23.34209765625], [85.322861328125, 23.342109375], [85.322873046875, 23.34212109375], [85.322873046875, 23.34214453125]]]}}, {"type": "Feature", "properties": {"class": "land_use", "raw_confidence": 0.2722, "source_tile_id": "tile_0004"}, "geometry": {"type": "Polygon", "coordinates": [[[85.32303710937501, 23.342548828125], [85.32303125, 23.342548828125], [85.32303710937501, 23.34251953125], [85.32301953125, 23.342501953125], [85.32300781250001, 23.3425078125], [85.32299609375, 23.34249609375], [85.32300781250001, 23.34247265625], [85.32297265625, 23.34244921875], [85.322984375, 23.3424140625], [85.32299609375, 23.3424140625], [85.32301953125, 23.342443359375], [85.32304296875, 23.342455078125], [85.3230546875, 23.3425078125], [85.32303710937501, 23.342525390625], [85.32304296875, 23.34253125], [85.32303710937501, 23.342548828125]]]}}, {"type": "Feature", "properties": {"class": "land_use", "raw_confidence": 0.2901, "source_tile_id": "tile_0004"}, "geometry": {"type": "Polygon", "coordinates": [[[85.322, 23.342912109375], [85.32202343750001, 23.342912109375], [85.322029296875, 23.34291796875], [85.32203515625, 23.342912109375], [85.32206445312501, 23.342912109375], [85.32209375000001, 23.34294140625], [85.32210546875, 23.34296484375], [85.32210546875, 23.343], [85.322, 23.343], [85.322, 23.342912109375]]]}}, {"type": "Feature", "properties": {"class": "parcel", "raw_confidence": 0.289, "source_tile_id": "tile_0004"}, "geometry": {"type": "Polygon", "coordinates": [[[85.32198748167308, 23.343306054066375], [85.32498162229808, 23.343399804066376], [85.32502165095097, 23.343399052856103], [85.3250614040093, 23.343394303990763], [85.32510048323257, 23.343385605043817], [85.32513849713064, 23.34337304316008], [85.32517506488564, 23.34335674418273], [85.325209820167, 23.34333687139262], [85.32524241480121, 23.343313623872543], [85.32527252225985, 23.34328723451287], [85.32529984093064, 23.34325796767848], [85.325324097139, 23.34322611656037], [85.32534504788968, 23.343192000238545], [85.32536248330102, 23.343155960485483], [85.32537622870753, 23.34311835834234], [85.32538614640966, 23.343079570502063], [85.3253921370533, 23.343039985535754], [85.32539414062501, 23.343], [85.32539414062501, 23.340005859375], [85.32539221451567, 23.339966652518868], [85.32538645473717, 23.339927823246196], [85.3253769167593, 23.3398897455041], [85.32536369243802, 23.339852786002055], [85.32534690913074, 23.33981730068027], [85.32532672846993, 23.339783631281794], [85.32530334480636, 23.339752102061336], [85.32527698333749, 23.339723016662525], [85.32524789793868, 23.339696655193656], [85.32521636871822, 23.33967327153008], [85.32518269931974, 23.339653090869263], [85.32514721399795, 23.339636307561996], [85.32511025449591, 23.33962308324071], [85.32507217675382, 23.33961354526284], [85.32503334748114, 23.339607785484333], [85.32499414062501, 23.339605859375002], [85.322, 23.339605859375002], [85.32196079314387, 23.339607785484333], [85.32192196387119, 23.33961354526284], [85.3218838861291, 23.33962308324071], [85.32184692662706, 23.339636307561996], [85.32181144130527, 23.339653090869263], [85.3217777719068, 23.33967327153008], [85.32174624268633, 23.339696655193656], [85.32171715728752, 23.339723016662525], [85.32169079581865, 23.339752102061336], [85.32166741215508, 23.339783631281794], [85.32164723149427, 23.33981730068027], [85.321630448187, 23.339852786002055], [85.32161722386572, 23.3398897455041], [85.32160768588784, 23.339927823246196], [85.32160192610934, 23.339966652518868], [85.3216, 23.340005859375], [85.3216, 23.34290625], [85.32160185017044, 23.34294467802646], [85.32160738356609, 23.342982750560928], [85.32161654899834, 23.343020115400016], [85.32162926167912, 23.34305642688712], [85.3216454040053, 23.34309134911004], [85.32166482664661, 23.34312455900846], [85.32168734992706, 23.343155749362506], [85.32171276548713, 23.343184631634838], [85.32174083821121, 23.343210938639814], [85.32177130840269, 23.343234427015222], [85.32180389418633, 23.343254879473577], [85.32183829411588, 23.343272106812204], [85.32187418996264, 23.343285949663546], [85.32191124965946, 23.34329627996943], [85.32194913037257, 23.34330300216572], [85.32198748167308, 23.343306054066375]]]}}, {"type": "Feature", "properties": {"class": "land_use", "raw_confidence": 0.2966, "source_tile_id": "tile_0011"}, "geometry": {"type": "Polygon", "coordinates": [[[85.327958984375, 23.343626953125], [85.32795312500001, 23.34362109375], [85.32795312500001, 23.34359765625], [85.327958984375, 23.343591796875], [85.327958984375, 23.3435859375], [85.327970703125, 23.34357421875], [85.32799414062501, 23.34357421875], [85.32799414062501, 23.34362109375], [85.327982421875, 23.34362109375], [85.3279765625, 23.343626953125], [85.327958984375, 23.343626953125]]]}}, {"type": "Feature", "properties": {"class": "land_use", "raw_confidence": 0.2947, "source_tile_id": "tile_0011"}, "geometry": {"type": "Polygon", "coordinates": [[[85.32789453125001, 23.34444140625], [85.32788281250001, 23.34444140625], [85.32788281250001, 23.344412109375], [85.327865234375, 23.344400390625], [85.327865234375, 23.34439453125], [85.32784765625, 23.344376953125], [85.32784765625, 23.34437109375], [85.327859375, 23.34437109375], [85.327865234375, 23.344365234375], [85.32788281250001, 23.344365234375], [85.327888671875, 23.344359375], [85.327900390625, 23.34437109375], [85.32789453125001, 23.344388671875], [85.32788281250001, 23.344400390625], [85.327900390625, 23.34441796875], [85.327900390625, 23.344423828125], [85.32789453125001, 23.3444296875], [85.32789453125001, 23.34444140625]]]}}, {"type": "Feature", "properties": {"class": "land_use", "raw_confidence": 0.3291, "source_tile_id": "tile_0011"}, "geometry": {"type": "Polygon", "coordinates": [[[85.325, 23.3448046875], [85.325, 23.344552734375], [85.32501171875, 23.344552734375], [85.32505859375, 23.344599609375], [85.32508203125, 23.344599609375], [85.325087890625, 23.344611328125], [85.325046875, 23.344611328125], [85.32503515625, 23.34462890625], [85.32505859375, 23.344681640625], [85.325041015625, 23.344658203125], [85.325017578125, 23.34467578125], [85.32503515625, 23.34472265625], [85.325017578125, 23.34474609375], [85.325017578125, 23.34479296875], [85.325, 23.3448046875]]]}}, {"type": "Feature", "properties": {"class": "land_use", "raw_confidence": 0.3003, "source_tile_id": "tile_0011"}, "geometry": {"type": "Polygon", "coordinates": [[[85.327630859375, 23.344822265625], [85.327666015625, 23.344775390625], [85.327701171875, 23.344751953125], [85.32768359375001, 23.344728515625], [85.3276953125, 23.34469921875], [85.32770703125, 23.34469921875], [85.327724609375, 23.344728515625], [85.327765625, 23.344693359375], [85.3277890625, 23.344693359375], [85.32784765625, 23.344658203125], [85.327830078125, 23.3446875], [85.327818359375, 23.3447578125], [85.32780078125, 23.344740234375], [85.327759765625, 23.344787109375], [85.327748046875, 23.344822265625], [85.327701171875, 23.344833984375], [85.32768359375001, 23.3448046875], [85.32766015625, 23.344822265625], [85.327630859375, 23.344822265625]]]}}, {"type": "Feature", "properties": {"class": "land_use", "raw_confidence": 0.3098, "source_tile_id": "tile_0011"}, "geometry": {"type": "Polygon", "coordinates": [[[85.32550390625, 23.345103515625], [85.325498046875, 23.345103515625], [85.325498046875, 23.345091796875], [85.3254921875, 23.3450859375], [85.32548046875, 23.3450859375], [85.325462890625, 23.34507421875], [85.325462890625, 23.34505078125], [85.32544531250001, 23.3450390625], [85.32544531250001, 23.34502734375], [85.32546875, 23.34502734375], [85.32547460937501, 23.345033203125], [85.32547460937501, 23.3450390625], [85.32548046875, 23.345044921875], [85.32548046875, 23.345056640625], [85.32550390625, 23.345091796875], [85.32550390625, 23.345103515625]]]}}, {"type": "Feature", "properties": {"class": "land_use", "raw_confidence": 0.312, "source_tile_id": "tile_0011"}, "geometry": {"type": "Polygon", "coordinates": [[[85.32501171875, 23.34515625], [85.325, 23.34515625], [85.325, 23.344927734375], [85.325017578125, 23.344939453125], [85.32502343750001, 23.344962890625], [85.325017578125, 23.345009765625], [85.325041015625, 23.34502734375], [85.325017578125, 23.34509765625], [85.32503515625, 23.345126953125], [85.32501171875, 23.34515625]]]}}, {"type": "Feature", "properties": {"class": "land_use", "raw_confidence": 0.3195, "source_tile_id": "tile_0011"}, "geometry": {"type": "Polygon", "coordinates": [[[85.325427734375, 23.34530859375], [85.32517578125, 23.34500390625], [85.32528125, 23.34491015625], [85.325076171875, 23.34469921875], [85.3251171875, 23.344564453125], [85.32519921875, 23.344587890625], [85.325240234375, 23.344693359375], [85.325228515625, 23.3446171875], [85.32531640625, 23.34458203125], [85.32527539062501, 23.344634765625], [85.325357421875, 23.344857421875002], [85.32533984375, 23.344916015625], [85.32544531250001, 23.34495703125], [85.325357421875, 23.34502734375], [85.325357421875, 23.345103515625], [85.325427734375, 23.34514453125], [85.32548046875, 23.34512109375], [85.325521484375, 23.345173828125], [85.32548632812501, 23.34519140625], [85.32550390625, 23.345255859375], [85.325427734375, 23.34530859375]]]}}, {"type": "Feature", "properties": {"class": "land_use", "raw_confidence": 0.3058, "source_tile_id": "tile_0011"}, "geometry": {"type": "Polygon", "coordinates": [[[85.32575, 23.345619140625], [85.325732421875, 23.345619140625], [85.32571484375, 23.3456015625], [85.325703125, 23.3456015625], [85.32569726562501, 23.345589843750002], [85.3256796875, 23.345578125], [85.325673828125, 23.345560546875], [85.32565625000001, 23.34554296875], [85.325662109375, 23.345537109375], [85.325662109375, 23.345525390625], [85.325673828125, 23.345525390625], [85.3256796875, 23.34553125], [85.32571484375, 23.34553125], [85.32572656250001, 23.34554296875], [85.32573828125, 23.34554296875], [85.32575, 23.345560546875], [85.32576171875, 23.345560546875], [85.325767578125, 23.34556640625], [85.325767578125, 23.345572265625], [85.32575585937501, 23.345572265625], [85.325744140625, 23.345583984375], [85.32575, 23.345619140625]]]}}, {"type": "Feature", "properties": {"class": "land_use", "raw_confidence": 0.299, "source_tile_id": "tile_0011"}, "geometry": {"type": "Polygon", "coordinates": [[[85.32773046875, 23.345654296875], [85.32770703125, 23.345625], [85.32766015625, 23.345619140625], [85.32766015625, 23.345595703125], [85.32768359375001, 23.345595703125], [85.327666015625, 23.345537109375], [85.3276484375, 23.345525390625], [85.327677734375, 23.3455078125], [85.327654296875, 23.345478515625], [85.327689453125, 23.345455078125], [85.327666015625, 23.345431640625], [85.327677734375, 23.34540234375], [85.327724609375, 23.3454375], [85.327748046875, 23.345431640625], [85.32777734375, 23.3454609375], [85.327759765625, 23.3455078125], [85.32782421875001, 23.345525390625], [85.32780078125, 23.345572265625], [85.327771484375, 23.345589843750002], [85.32777734375, 23.345625], [85.32775390625001, 23.3456015625], [85.32771875, 23.345595703125], [85.32774218750001, 23.345630859375], [85.32773046875, 23.345654296875]]]}}, {"type": "Feature", "properties": {"class": "land_use", "raw_confidence": 0.3157, "source_tile_id": "tile_0011"}, "geometry": {"type": "Polygon", "coordinates": [[[85.32608984375, 23.34573046875], [85.326060546875, 23.34573046875], [85.3260546875, 23.345724609375], [85.3260546875, 23.34571875], [85.326048828125, 23.345712890625], [85.326048828125, 23.34568359375], [85.32603125, 23.345666015625], [85.32603125, 23.34566015625], [85.3260546875, 23.34566015625], [85.326060546875, 23.345666015625], [85.326072265625, 23.345666015625], [85.326072265625, 23.345689453125], [85.32608984375, 23.34570703125], [85.32608984375, 23.34573046875]]]}}, {"type": "Feature", "properties": {"class": "land_use", "raw_confidence": 0.3012, "source_tile_id": "tile_0011"}, "geometry": {"type": "Polygon", "coordinates": [[[85.325662109375, 23.345771484375], [85.325662109375, 23.345765625], [85.32565625000001, 23.345759765625], [85.32565625000001, 23.345748046875], [85.32564453125, 23.345736328125], [85.325638671875, 23.345736328125], [85.325638671875, 23.345724609375], [85.325650390625, 23.345712890625], [85.325650390625, 23.34570703125], [85.32565625000001, 23.345701171875], [85.3256796875, 23.345701171875], [85.32569726562501, 23.345712890625], [85.32569140625, 23.34571875], [85.32569140625, 23.345724609375], [85.325673828125, 23.345736328125], [85.325673828125, 23.345759765625], [85.32566796875, 23.345765625], [85.32566796875, 23.345771484375], [85.325662109375, 23.345771484375]]]}}, {"type": "Feature", "properties": {"class": "building", "raw_confidence": 0.3571, "source_tile_id": "tile_0006"}, "geometry": {"type": "Polygon", "coordinates": [[[85.310357421875, 23.345923828125], [85.310158203125, 23.3454609375], [85.310322265625, 23.345390625], [85.31, 23.3452265625], [85.31, 23.343005859375], [85.31299414062501, 23.343005859375], [85.31299414062501, 23.346], [85.310357421875, 23.345923828125]]]}}, {"type": "Feature", "properties": {"class": "land_use", "raw_confidence": 0.2885, "source_tile_id": "tile_0006"}, "geometry": {"type": "Polygon", "coordinates": [[[85.31139453125, 23.3444296875], [85.311376953125, 23.344423828125], [85.31137109375, 23.344388671875], [85.31125390625, 23.344376953125], [85.31125390625, 23.344341796875], [85.31123046875, 23.34432421875], [85.31124804687501, 23.344306640625], [85.311259765625, 23.344212890625], [85.31132421875, 23.344177734375], [85.31135937500001, 23.344130859375], [85.311435546875, 23.344142578125], [85.31144140625, 23.3441953125], [85.311482421875, 23.34418359375], [85.311552734375, 23.34423046875], [85.31153515625, 23.34425390625], [85.311541015625, 23.34427734375], [85.31151171875, 23.344283203125], [85.311470703125, 23.34434765625], [85.311423828125, 23.344353515625], [85.31139453125, 23.34439453125], [85.31139453125, 23.3444296875]]]}}, {"type": "Feature", "properties": {"class": "land_use", "raw_confidence": 0.2889, "source_tile_id": "tile_0006"}, "geometry": {"type": "Polygon", "coordinates": [[[85.31160546875, 23.344646484375], [85.311564453125, 23.344640625], [85.31153515625, 23.34458203125], [85.311482421875, 23.344587890625], [85.311482421875, 23.3445], [85.311505859375, 23.34444140625], [85.31152929687501, 23.344423828125], [85.31153515625, 23.344376953125], [85.31155859375001, 23.344400390625], [85.31160546875, 23.34437109375], [85.311634765625, 23.344376953125], [85.31159960937501, 23.34441796875], [85.31159960937501, 23.34444140625], [85.31155859375001, 23.34446484375], [85.31155859375001, 23.344564453125], [85.31160546875, 23.344611328125], [85.31160546875, 23.344646484375]]]}}, {"type": "Feature", "properties": {"class": "land_use", "raw_confidence": 0.2725, "source_tile_id": "tile_0006"}, "geometry": {"type": "Polygon", "coordinates": [[[85.310322265625, 23.34540234375], [85.31031640625, 23.34540234375], [85.310287109375, 23.345373046875], [85.31026953125, 23.3453671875], [85.3102578125, 23.34535546875], [85.310240234375, 23.3453203125], [85.310240234375, 23.34530859375], [85.3102578125, 23.34533203125], [85.310263671875, 23.34533203125], [85.310287109375, 23.34535546875], [85.310298828125, 23.345361328125], [85.310298828125, 23.345373046875], [85.31031640625, 23.345390625], [85.310322265625, 23.34540234375]]]}}, {"type": "Feature", "properties": {"class": "land_use", "raw_confidence": 0.2849, "source_tile_id": "tile_0006"}, "geometry": {"type": "Polygon", "coordinates": [[[85.310052734375, 23.345408203125], [85.31003515625, 23.345396484375], [85.31, 23.345390625], [85.31, 23.345232421875], [85.310029296875, 23.34525], [85.31005859375, 23.345291015625], [85.310087890625, 23.345302734375], [85.31009375000001, 23.3453203125], [85.31009375000001, 23.3453671875], [85.310052734375, 23.345408203125]]]}}, {"type": "Feature", "properties": {"class": "land_use", "raw_confidence": 0.284, "source_tile_id": "tile_0006"}, "geometry": {"type": "Polygon", "coordinates": [[[85.31, 23.34584765625], [85.310029296875, 23.345841796875], [85.31010546875, 23.345935546875], [85.310216796875, 23.345982421875], [85.31028125, 23.34590625], [85.31033984375, 23.3458828125], [85.310357421875, 23.3459296875], [85.310392578125, 23.345900390625], [85.310404296875, 23.34594140625], [85.310474609375, 23.345970703125], [85.3104921875, 23.346], [85.31, 23.346], [85.31, 23.34584765625]]]}}, {"type": "Feature", "properties": {"class": "parcel", "raw_confidence": 0.3214, "source_tile_id": "tile_0006"}, "geometry": {"type": "Polygon", "coordinates": [[[85.3097692013232, 23.345552654969715], [85.30977704440093, 23.3455822553761], [85.3097907861026, 23.345619066345083], [85.3099900048526, 23.34608195697008], [85.3100065891055, 23.346115964451208], [85.3100263123167, 23.346148252857137], [85.31004899801934, 23.346178533298218], [85.31007444324078, 23.346206534850378], [85.31010242031842, 23.346232006979143], [85.31013267893677, 23.346254721781204], [85.31016494836702, 23.3462744760235], [85.31019893988928, 23.346291092961593], [85.31023434937582, 23.346304423921016], [85.3102708600122, 23.34631434962749], [85.31030814513173, 23.34632078127409], [85.31034587113837, 23.34632366131582], [85.31298258988838, 23.346399833190823], [85.31302255625745, 23.346398989413185], [85.31306223882137, 23.34639416067238], [85.31310124124495, 23.34638539519614], [85.31313917398593, 23.346372780530903], [85.31317565818571, 23.346356442667414], [85.31321032945321, 23.3463365447824], [85.31324284150422, 23.346313285608797], [85.31327286962005, 23.346286897450888], [85.31330011389063, 23.346257643864135], [85.31332430220996, 23.346225817022866], [85.31334519299381, 23.34619173480216], [85.31336257759249, 23.346155737603016], [85.31337628237488, 23.346118184952545], [85.31338617046252, 23.346079451913152], [85.31339214309673, 23.346039925336548], [85.31339414062501, 23.346], [85.31339414062501, 23.343005859375], [85.31339221451567, 23.342966652518868], [85.31338645473717, 23.342927823246196], [85.3133769167593, 23.3428897455041], [85.31336369243802, 23.342852786002055], [85.31334690913074, 23.34281730068027], [85.31332672846993, 23.342783631281794], [85.31330334480636, 23.342752102061336], [85.31327698333749, 23.342723016662525], [85.31324789793868, 23.342696655193656], [85.31321636871822, 23.34267327153008], [85.31318269931974, 23.342653090869263], [85.31314721399795, 23.342636307561996], [85.31311025449591, 23.34262308324071], [85.31307217675382, 23.34261354526284], [85.31303334748114, 23.342607785484333], [85.31299414062501, 23.342605859375002], [85.31, 23.342605859375002], [85.30996079314387, 23.342607785484333], [85.30992196387119, 23.34261354526284], [85.3098838861291, 23.34262308324071], [85.30984692662706, 23.342636307561996], [85.30981144130527, 23.342653090869263], [85.3097777719068, 23.34267327153008], [85.30974624268633, 23.342696655193656], [85.30971715728752, 23.342723016662525], [85.30969079581865, 23.342752102061336], [85.30966741215508, 23.342783631281794], [85.30964723149427, 23.34281730068027], [85.309630448187, 23.342852786002055], [85.30961722386571, 23.3428897455041], [85.30960768588784, 23.342927823246196], [85.30960192610934, 23.342966652518868], [85.3096, 23.343005859375], [85.3096, 23.3452265625], [85.30960199797984, 23.34526649233775], [85.30960797195972, 23.345306023280447], [85.30961786226018, 23.34534476041796], [85.30963157007815, 23.34538231677019], [85.30964895847387, 23.34541831715297], [85.30966985373905, 23.3454524019261], [85.30969404713208, 23.345484230586138], [85.30972129696342, 23.345513485167977], [85.30975133100998, 23.345539873421295], [85.3097692013232, 23.345552654969715]]]}}, {"type": "Feature", "properties": {"class": "building", "raw_confidence": 0.3828, "source_tile_id": "tile_0005"}, "geometry": {"type": "Polygon", "coordinates": [[[85.325, 23.34290625], [85.325, 23.340005859375], [85.32799414062501, 23.340005859375], [85.32799414062501, 23.343], [85.325, 23.34290625]]]}}, {"type": "Feature", "properties": {"class": "land_use", "raw_confidence": 0.2763, "source_tile_id": "tile_0005"}, "geometry": {"type": "Polygon", "coordinates": [[[85.325, 23.343], [85.325, 23.3429765625], [85.32501171875, 23.3429765625], [85.325017578125, 23.342958984375], [85.32503515625, 23.342947265625], [85.325029296875, 23.342935546875], [85.32502343750001, 23.34294140625], [85.325, 23.34294140625], [85.325, 23.342912109375], [85.325052734375, 23.342912109375], [85.325076171875, 23.342900390625], [85.325099609375, 23.342923828125], [85.325111328125, 23.343], [85.325, 23.343]]]}}, {"type": "Feature", "properties": {"class": "parcel", "raw_confidence": 0.3445, "source_tile_id": "tile_0005"}, "geometry": {"type": "Polygon", "coordinates": [[[85.32498748167308, 23.343306054066375], [85.32798162229808, 23.343399804066376], [85.32802165095097, 23.343399052856103], [85.3280614040093, 23.343394303990763], [85.32810048323257, 23.343385605043817], [85.32813849713064, 23.34337304316008], [85.32817506488564, 23.34335674418273], [85.328209820167, 23.34333687139262], [85.32824241480121, 23.343313623872543], [85.32827252225985, 23.34328723451287], [85.32829984093064, 23.34325796767848], [85.328324097139, 23.34322611656037], [85.32834504788968, 23.343192000238545], [85.32836248330102, 23.343155960485483], [85.32837622870753, 23.34311835834234], [85.32838614640966, 23.343079570502063], [85.3283921370533, 23.343039985535754], [85.32839414062501, 23.343], [85.32839414062501, 23.340005859375], [85.32839221451567, 23.339966652518868], [85.32838645473717, 23.339927823246196], [85.3283769167593, 23.3398897455041], [85.32836369243802, 23.339852786002055], [85.32834690913074, 23.33981730068027], [85.32832672846993, 23.339783631281794], [85.32830334480636, 23.339752102061336], [85.32827698333749, 23.339723016662525], [85.32824789793868, 23.339696655193656], [85.32821636871822, 23.33967327153008], [85.32818269931974, 23.339653090869263], [85.32814721399795, 23.339636307561996], [85.32811025449591, 23.33962308324071], [85.32807217675382, 23.33961354526284], [85.32803334748114, 23.339607785484333], [85.32799414062501, 23.339605859375002], [85.325, 23.339605859375002], [85.32496079314387, 23.339607785484333], [85.32492196387119, 23.33961354526284], [85.3248838861291, 23.33962308324071], [85.32484692662706, 23.339636307561996], [85.32481144130527, 23.339653090869263], [85.3247777719068, 23.33967327153008], [85.32474624268633, 23.339696655193656], [85.32471715728752, 23.339723016662525], [85.32469079581865, 23.339752102061336], [85.32466741215508, 23.339783631281794], [85.32464723149427, 23.33981730068027], [85.324630448187, 23.339852786002055], [85.32461722386572, 23.3398897455041], [85.32460768588784, 23.339927823246196], [85.32460192610934, 23.339966652518868], [85.3246, 23.340005859375], [85.3246, 23.34290625], [85.32460185017044, 23.34294467802646], [85.32460738356609, 23.342982750560928], [85.32461654899834, 23.343020115400016], [85.32462926167912, 23.34305642688712], [85.3246454040053, 23.34309134911004], [85.32466482664661, 23.34312455900846], [85.32468734992706, 23.343155749362506], [85.32471276548713, 23.343184631634838], [85.32474083821121, 23.343210938639814], [85.32477130840269, 23.343234427015222], [85.32480389418633, 23.343254879473577], [85.32483829411588, 23.343272106812204], [85.32487418996264, 23.343285949663546], [85.32491124965946, 23.34329627996943], [85.32494913037257, 23.34330300216572], [85.32498748167308, 23.343306054066375]]]}}, {"type": "Feature", "properties": {"class": "building", "raw_confidence": 0.3047, "source_tile_id": "tile_0000"}, "geometry": {"type": "Polygon", "coordinates": [[[85.31, 23.342830078125], [85.31, 23.340005859375], [85.311716796875, 23.340005859375], [85.31162890625001, 23.34031640625], [85.31188085937501, 23.340410156249998], [85.31178125, 23.340005859375], [85.31299414062501, 23.340005859375], [85.31299414062501, 23.343], [85.31038671875, 23.343], [85.31, 23.342830078125]]]}}, {"type": "Feature", "properties": {"class": "road", "raw_confidence": 0.268, "source_tile_id": "tile_0000"}, "geometry": {"type": "Polygon", "coordinates": [[[85.311775390625, 23.34003515625], [85.31176953125001, 23.340041015625], [85.3117578125, 23.340041015625], [85.311751953125, 23.34003515625], [85.31174609375, 23.34003515625], [85.31174023437501, 23.340029296875], [85.311734375, 23.340029296875], [85.31172265625, 23.340017578125], [85.31172265625, 23.340005859375], [85.311775390625, 23.340005859375], [85.311775390625, 23.34003515625]]]}}, {"type": "Feature", "properties": {"class": "land_use", "raw_confidence": 0.2724, "source_tile_id": "tile_0000"}, "geometry": {"type": "Polygon", "coordinates": [[[85.3120390625, 23.34029296875], [85.312044921875, 23.34026953125], [85.31216210937501, 23.34024609375], [85.312203125, 23.34028125], [85.31242578125, 23.340234375], [85.31247265625001, 23.34024609375], [85.312490234375, 23.340298828125], [85.31235546875, 23.3403046875], [85.312337890625, 23.340322265625], [85.312373046875, 23.34033984375], [85.312337890625, 23.340369140625], [85.3123203125, 23.340357421875], [85.31234375, 23.34033984375], [85.312279296875, 23.3403046875], [85.312208984375, 23.340375], [85.312185546875, 23.34036328125], [85.31219140625001, 23.340310546875], [85.31216796875, 23.340345703125], [85.312150390625, 23.34031640625], [85.312080078125, 23.340322265625], [85.3120390625, 23.34029296875]]]}}, {"type": "Feature", "properties": {"class": "land_use", "raw_confidence": 0.2559, "source_tile_id": "tile_0000"}, "geometry": {"type": "Polygon", "coordinates": [[[85.311927734375, 23.340392578124998], [85.311927734375, 23.34038671875], [85.3119453125, 23.340369140625], [85.311939453125, 23.340357421875], [85.311939453125, 23.34031640625], [85.31195117187501, 23.3403046875], [85.31195117187501, 23.34029296875], [85.31195703125, 23.340287109375], [85.31198046875001, 23.34029296875], [85.311986328125, 23.340298828125], [85.311986328125, 23.340328125], [85.31196875, 23.34033984375], [85.31196875, 23.34036328125], [85.31198046875001, 23.340375], [85.311986328125, 23.340392578124998], [85.31195703125, 23.340392578124998], [85.31195117187501, 23.34038671875], [85.3119453125, 23.340392578124998], [85.311927734375, 23.340392578124998]]]}}, {"type": "Feature", "properties": {"class": "land_use", "raw_confidence": 0.2944, "source_tile_id": "tile_0000"}, "geometry": {"type": "Polygon", "coordinates": [[[85.31031640625, 23.340416015625], [85.31031640625, 23.340392578124998], [85.3103515625, 23.34036328125], [85.310333984375, 23.340345703125], [85.310287109375, 23.340345703125], [85.310216796875, 23.3403046875], [85.31020507812501, 23.340275390625], [85.310216796875, 23.340251953125], [85.310251953125, 23.3402578125], [85.310287109375, 23.340216796875], [85.310333984375, 23.340234375], [85.310357421875, 23.340263671875], [85.31038671875, 23.340251953125], [85.310451171875, 23.34026953125], [85.31041601562501, 23.340333984375], [85.31031640625, 23.340416015625]]]}}, {"type": "Feature", "properties": {"class": "land_use", "raw_confidence": 0.2892, "source_tile_id": "tile_0000"}, "geometry": {"type": "Polygon", "coordinates": [[[85.311494140625, 23.341400390625], [85.311552734375, 23.341376953125], [85.311541015625, 23.341353515625], [85.311552734375, 23.341330078125], [85.311576171875, 23.34137109375], [85.311623046875, 23.34137109375], [85.311646484375, 23.341341796875], [85.31169921875001, 23.34132421875], [85.311734375, 23.341353515625], [85.311705078125, 23.34140625], [85.31174023437501, 23.341423828125], [85.311634765625, 23.34141796875], [85.31160546875, 23.34139453125], [85.31159375, 23.34140625], [85.31159375, 23.341453125], [85.311541015625, 23.34146484375], [85.3115234375, 23.341458984375], [85.3115234375, 23.341435546875], [85.311494140625, 23.341400390625]]]}}, {"type": "Feature", "properties": {"class": "land_use", "raw_confidence": 0.2805, "source_tile_id": "tile_0000"}, "geometry": {"type": "Polygon", "coordinates": [[[85.31179296875, 23.3416171875], [85.31174023437501, 23.34160546875], [85.311763671875, 23.3415703125], [85.31179296875, 23.341564453125], [85.311775390625, 23.341546875], [85.311775390625, 23.34148828125], [85.31174609375, 23.34146484375], [85.311751953125, 23.341435546875], [85.311787109375, 23.341435546875], [85.31181640625, 23.34148828125], [85.31181640625, 23.341529296875], [85.3118046875, 23.34153515625], [85.31181640625, 23.341552734375], [85.31181640625, 23.3415703125], [85.31179296875, 23.34158203125], [85.31179296875, 23.3416171875]]]}}, {"type": "Feature", "properties": {"class": "land_use", "raw_confidence": 0.2757, "source_tile_id": "tile_0000"}, "geometry": {"type": "Polygon", "coordinates": [[[85.31256640625, 23.34167578125], [85.31256640625, 23.341669921875], [85.312560546875, 23.3416640625], [85.312560546875, 23.34165234375], [85.31258984375, 23.341623046875], [85.3126015625, 23.341623046875], [85.312607421875, 23.3416171875], [85.31261328125001, 23.341623046875], [85.312619140625, 23.341640625], [85.312630859375, 23.34165234375], [85.312630859375, 23.341658203125], [85.312619140625, 23.341658203125], [85.31261328125001, 23.3416640625], [85.312607421875, 23.3416640625], [85.31258984375, 23.341681640625], [85.312578125, 23.341681640625], [85.31257226562501, 23.34167578125], [85.31256640625, 23.34167578125]]]}}, {"type": "Feature", "properties": {"class": "land_use", "raw_confidence": 0.2816, "source_tile_id": "tile_0000"}, "geometry": {"type": "Polygon", "coordinates": [[[85.31, 23.341751953125], [85.31, 23.34162890625], [85.31003515625, 23.34162890625], [85.31003515625, 23.341640625], [85.310029296875, 23.341646484375], [85.310029296875, 23.3417109375], [85.31003515625, 23.341716796875], [85.31003515625, 23.34174609375], [85.310029296875, 23.341751953125], [85.31, 23.341751953125]]]}}, {"type": "Feature", "properties": {"class": "land_use", "raw_confidence": 0.2803, "source_tile_id": "tile_0000"}, "geometry": {"type": "Polygon", "coordinates": [[[85.31, 23.341962890625], [85.31, 23.341828125], [85.31001171875, 23.341828125], [85.310029296875, 23.34183984375], [85.31006445312501, 23.34183984375], [85.31005859375, 23.341875], [85.310046875, 23.341880859375], [85.3100234375, 23.341910156249998], [85.3100234375, 23.3419453125], [85.310017578125, 23.34195703125], [85.31, 23.341962890625]]]}}, {"type": "Feature", "properties": {"class": "land_use", "raw_confidence": 0.2927, "source_tile_id": "tile_0000"}, "geometry": {"type": "Polygon", "coordinates": [[[85.311828125, 23.343], [85.311828125, 23.342982421875], [85.311857421875, 23.342958984375], [85.3118984375, 23.342958984375], [85.311904296875, 23.34296484375], [85.311927734375, 23.342970703125], [85.311939453125, 23.342982421875], [85.311939453125, 23.343], [85.311916015625, 23.343], [85.311916015625, 23.342994140625], [85.311904296875, 23.342982421875], [85.311892578125, 23.342994140625], [85.311892578125, 23.343], [85.311828125, 23.343]]]}}, {"type": "Feature", "properties": {"class": "land_use", "raw_confidence": 0.2949, "source_tile_id": "tile_0000"}, "geometry": {"type": "Polygon", "coordinates": [[[85.311517578125, 23.342970703125], [85.311552734375, 23.342947265625], [85.31155859375001, 23.34291796875], [85.31159960937501, 23.342888671875], [85.31162890625001, 23.342900390625], [85.31162890625001, 23.342953125], [85.311646484375, 23.342982421875], [85.31169921875001, 23.34294140625], [85.31172265625, 23.342935546875], [85.31174023437501, 23.342953125], [85.311787109375, 23.34294140625], [85.31178125, 23.343], [85.3115234375, 23.343], [85.311517578125, 23.342970703125]]]}}, {"type": "Feature", "properties": {"class": "land_use", "raw_confidence": 0.2903, "source_tile_id": "tile_0000"}, "geometry": {"type": "Polygon", "coordinates": [[[85.310978515625, 23.342970703125], [85.311001953125, 23.34294140625], [85.31099609375, 23.34291796875], [85.31104296875, 23.342888671875], [85.311060546875, 23.342900390625], [85.31103125, 23.342923828125], [85.3110546875, 23.342935546875], [85.31106640625, 23.34296484375], [85.31123046875, 23.34296484375], [85.31121875000001, 23.343], [85.311119140625, 23.343], [85.31110742187501, 23.342970703125], [85.31108984375, 23.3429765625], [85.31107812500001, 23.343], [85.310990234375, 23.343], [85.310978515625, 23.342970703125]]]}}, {"type": "Feature", "properties": {"class": "land_use", "raw_confidence": 0.2934, "source_tile_id": "tile_0000"}, "geometry": {"type": "Polygon", "coordinates": [[[85.31055078125, 23.343], [85.31058593750001, 23.342958984375], [85.31062109375, 23.34296484375], [85.310662109375, 23.342958984375], [85.3106796875, 23.342947265625], [85.31072656250001, 23.342953125], [85.31082617187501, 23.342994140625], [85.31055078125, 23.343]]]}}, {"type": "Feature", "properties": {"class": "land_use", "raw_confidence": 0.2795, "source_tile_id": "tile_0000"}, "geometry": {"type": "Polygon", "coordinates": [[[85.31, 23.3428359375], [85.31009375000001, 23.342876953125], [85.31012890625, 23.342876953125], [85.31019921875, 23.34294140625], [85.31031640625, 23.342947265625], [85.310380859375, 23.343], [85.31, 23.343], [85.31, 23.3428359375]]]}}, {"type": "Feature", "properties": {"class": "parcel", "raw_confidence": 0.2742, "source_tile_id": "tile_0000"}, "geometry": {"type": "Polygon", "coordinates": [[[85.3098390905202, 23.34319628590661], [85.3102258092702, 23.34336620778161], [85.31026450512887, 23.34338087246003], [85.31030450899584, 23.343391460797935], [85.31034539272414, 23.34339785947216], [85.31038671875, 23.3434], [85.31299414062501, 23.3434], [85.31303334748114, 23.34339807389067], [85.31307217675382, 23.34339231411216], [85.31311025449591, 23.34338277613429], [85.31314721399795, 23.343369551813005], [85.31318269931974, 23.34335276850574], [85.31321636871822, 23.34333258784492], [85.31324789793868, 23.343309204181345], [85.31327698333749, 23.343282842712476], [85.31330334480636, 23.343253757313665], [85.31332672846993, 23.343222228093207], [85.31334690913074, 23.34318855869473], [85.31336369243802, 23.343153073372946], [85.3133769167593, 23.343116113870902], [85.31338645473717, 23.343078036128805], [85.31339221451567, 23.343039206856133], [85.31339414062501, 23.343], [85.31339414062501, 23.340005859375], [85.31339221451567, 23.339966652518868], [85.31338645473717, 23.339927823246196], [85.3133769167593, 23.3398897455041], [85.31336369243802, 23.339852786002055], [85.31334690913074, 23.33981730068027], [85.31332672846993, 23.339783631281794], [85.31330334480636, 23.339752102061336], [85.31327698333749, 23.339723016662525], [85.31324789793868, 23.339696655193656], [85.31321636871822, 23.33967327153008], [85.31318269931974, 23.339653090869263], [85.31314721399795, 23.339636307561996], [85.31311025449591, 23.33962308324071], [85.31307217675382, 23.33961354526284], [85.31303334748114, 23.339607785484333], [85.31299414062501, 23.339605859375002], [85.31178125, 23.339605859375002], [85.31174959392703, 23.339607454396756], [85.311716796875, 23.339605859375002], [85.31, 23.339605859375002], [85.30996079314387, 23.339607785484333], [85.30992196387119, 23.33961354526284], [85.3098838861291, 23.33962308324071], [85.30984692662706, 23.339636307561996], [85.30981144130527, 23.339653090869263], [85.3097777719068, 23.33967327153008], [85.30974624268633, 23.339696655193656], [85.30971715728752, 23.339723016662525], [85.30969079581865, 23.339752102061336], [85.30966741215508, 23.339783631281794], [85.30964723149427, 23.33981730068027], [85.309630448187, 23.339852786002055], [85.30961722386571, 23.3398897455041], [85.30960768588784, 23.339927823246196], [85.30960192610934, 23.339966652518868], [85.3096, 23.340005859375], [85.3096, 23.342830078125], [85.30960185714454, 23.342868578341207], [85.30960741133325, 23.342906721055083], [85.30961661099144, 23.342944152083962], [85.30962937069366, 23.34298052385369], [85.30964557195685, 23.343015498626098], [85.30966506434056, 23.34304875163515], [85.30968766684394, 23.34307997410262], [85.3097131695864, 23.343108876105333], [85.30974133575656, 23.343135189267308], [85.30977190381114, 23.34315866925182], [85.30980458990368, 23.343179098030244], [85.3098390905202, 23.34319628590661]]]}}, {"type": "Feature", "properties": {"class": "building", "raw_confidence": 0.3375, "source_tile_id": "tile_0009"}, "geometry": {"type": "Polygon", "coordinates": [[[85.319, 23.345876953125], [85.319, 23.343005859375], [85.32199414062501, 23.343005859375], [85.32199414062501, 23.343193359375], [85.32116210937501, 23.343251953125], [85.321208984375, 23.343462890625], [85.320892578125, 23.34364453125], [85.3208515625, 23.34481640625], [85.32116796875, 23.346], [85.319, 23.345876953125]]]}}, {"type": "Feature", "properties": {"class": "road", "raw_confidence": 0.3004, "source_tile_id": "tile_0009"}, "geometry": {"type": "Polygon", "coordinates": [[[85.32059960937501, 23.343603515625], [85.3205703125, 23.34362109375], [85.320552734375, 23.343609375], [85.320541015625, 23.343580078125], [85.32052929687501, 23.34357421875], [85.32048828125001, 23.343580078125], [85.320470703125, 23.343544921875], [85.320435546875, 23.3435390625], [85.32042968750001, 23.343509765625], [85.32044140625, 23.34350390625], [85.32045898437501, 23.343521484375], [85.320482421875, 23.343498046875], [85.320541015625, 23.3434921875], [85.320552734375, 23.34350390625], [85.32055859375001, 23.343556640625], [85.32059375, 23.343580078125], [85.32059960937501, 23.343603515625]]]}}, {"type": "Feature", "properties": {"class": "road", "raw_confidence": 0.3047, "source_tile_id": "tile_0009"}, "geometry": {"type": "Polygon", "coordinates": [[[85.32046484375, 23.345197265625], [85.32045898437501, 23.345197265625], [85.32045898437501, 23.345185546875], [85.320453125, 23.3451796875], [85.320453125, 23.34516796875], [85.320447265625, 23.345162109375], [85.320447265625, 23.34515625], [85.32042968750001, 23.34514453125], [85.320435546875, 23.345138671875], [85.320435546875, 23.34512109375], [85.32044140625, 23.345115234375], [85.32045898437501, 23.345115234375], [85.32046484375, 23.34512109375], [85.32046484375, 23.34514453125], [85.320470703125, 23.345150390625], [85.320470703125, 23.34515625], [85.320482421875, 23.34516796875], [85.320482421875, 23.345173828125], [85.320470703125, 23.345185546875], [85.320470703125, 23.34519140625], [85.32046484375, 23.345197265625]]]}}, {"type": "Feature", "properties": {"class": "road", "raw_confidence": 0.3022, "source_tile_id": "tile_0009"}, "geometry": {"type": "Polygon", "coordinates": [[[85.31962109375, 23.345484375], [85.31958593750001, 23.34544921875], [85.319580078125, 23.345390625], [85.31955078125, 23.345361328125], [85.319533203125, 23.3453203125], [85.3195390625, 23.34530859375], [85.3196328125, 23.345408203125], [85.319638671875, 23.345455078125], [85.31962109375, 23.345484375]]]}}, {"type": "Feature", "properties": {"class": "land_use", "raw_confidence": 0.3116, "source_tile_id": "tile_0009"}, "geometry": {"type": "Polygon", "coordinates": [[[85.321173828125, 23.346], [85.320857421875, 23.34481640625], [85.3208984375, 23.34364453125], [85.3210390625, 23.34345703125], [85.32121484375, 23.343462890625], [85.32116210937501, 23.3432578125], [85.321935546875, 23.34317578125], [85.32199414062501, 23.34341015625], [85.321490234375, 23.3433984375], [85.321185546875, 23.34376171875], [85.321296875, 23.345314453125], [85.32163671875, 23.346], [85.321173828125, 23.346]]]}}, {"type": "Feature", "properties": {"class": "land_use", "raw_confidence": 0.2984, "source_tile_id": "tile_0009"}, "geometry": {"type": "Polygon", "coordinates": [[[85.319, 23.346], [85.319, 23.3458828125], [85.31909375000001, 23.345888671875], [85.3191171875, 23.345900390625], [85.319123046875, 23.345923828125], [85.319146484375, 23.34594140625], [85.319140625, 23.346], [85.319, 23.346]]]}}, {"type": "Feature", "properties": {"class": "parcel", "raw_confidence": 0.3038, "source_tile_id": "tile_0009"}, "geometry": {"type": "Polygon", "coordinates": [[[85.31897733377563, 23.34627631041149], [85.32114530252564, 23.34639935728649], [85.32118504751693, 23.346399635228327], [85.321224623883, 23.34639596741773], [85.32126364087114, 23.34638839006841], [85.32130171325159, 23.346376977994446], [85.32133846512109, 23.346361843871644], [85.3213735336143, 23.346343137125018], [85.32140657248648, 23.346321042453482], [85.32143725553213, 23.34629577800623], [85.32146527980574, 23.346267593228873], [85.32149036861284, 23.346236766400573], [85.32151227424201, 23.34620360188646], [85.32153078041054, 23.34616842713256], [85.32154570439988, 23.346131589432748], [85.32155689885977, 23.34609345249982], [85.32156425326296, 23.346054392874386], [85.32156769499665, 23.346014796207168], [85.32156719007922, 23.345975053451305], [85.32156274349596, 23.345935557002317], [85.32155439914969, 23.345896696823846], [85.32125340517037, 23.344770756382694], [85.32128455597828, 23.343880733299446], [85.32140813138243, 23.343809791863734], [85.32144097560253, 23.343788743460426], [85.32147161332784, 23.343764595833985], [85.32149975315953, 23.343737578655222], [85.32152512745645, 23.34370794888757], [85.32154749488082, 23.343675988343097], [85.32156664269351, 23.343642001002152], [85.32157463161536, 23.34362389290299], [85.32202224004807, 23.343592371182375], [85.322061947254, 23.343587570309737], [85.32210097651628, 23.34357882804083], [85.3221389376129, 23.34356623178253], [85.32217545100157, 23.34354990747463], [85.32221015161444, 23.343530018330686], [85.32224269250815, 23.343506763206157], [85.32227274833264, 23.343480374610227], [85.322300018584, 23.343451116381118], [85.32232423060907, 23.3434192810482], [85.3223451423314, 23.34338518690721], [85.32236254467158, 23.34334917483789], [85.32237626363768, 23.343311604895792], [85.32238616206487, 23.343272852712378], [85.32239214098678, 23.343233305739382], [85.32239414062501, 23.343193359375], [85.32239414062501, 23.343005859375], [85.32239221451567, 23.342966652518868], [85.32238645473717, 23.342927823246196], [85.3223769167593, 23.3428897455041], [85.32236369243802, 23.342852786002055], [85.32234690913074, 23.34281730068027], [85.32232672846993, 23.342783631281794], [85.32230334480636, 23.342752102061336], [85.32227698333749, 23.342723016662525], [85.32224789793868, 23.342696655193656], [85.32221636871822, 23.34267327153008], [85.32218269931974, 23.342653090869263], [85.32214721399795, 23.342636307561996], [85.32211025449591, 23.34262308324071], [85.32207217675382, 23.34261354526284], [85.32203334748114, 23.342607785484333], [85.32199414062501, 23.342605859375002], [85.319, 23.342605859375002], [85.31896079314387, 23.342607785484333], [85.31892196387119, 23.34261354526284], [85.3188838861291, 23.34262308324071], [85.31884692662706, 23.342636307561996], [85.31881144130527, 23.342653090869263], [85.3187777719068, 23.34267327153008], [85.31874624268633, 23.342696655193656], [85.31871715728752, 23.342723016662525], [85.31869079581865, 23.342752102061336], [85.31866741215508, 23.342783631281794], [85.31864723149427, 23.34281730068027], [85.318630448187, 23.342852786002055], [85.31861722386572, 23.3428897455041], [85.31860768588784, 23.342927823246196], [85.31860192610934, 23.342966652518868], [85.3186, 23.343005859375], [85.3186, 23.345876953125], [85.31860203604815, 23.34591726060605], [85.31860812346514, 23.345957157747236], [85.3186182002796, 23.34599623838606], [85.31863216390714, 23.34603410467221], [85.31864987219467, 23.346070371117772], [85.31867114486754, 23.3461046685216], [85.31869576536482, 23.34613664772787], [85.31872348304395, 23.34616598318056], [85.31875401573227, 23.3461923762377], [85.31878705259965, 23.34621555821161], [85.31882225732282, 23.346235293104222], [85.31885927150925, 23.346251380009573], [85.3188977183456, 23.346263655159092], [85.3189372064338, 23.346271993588807], [85.31897733377563, 23.34627631041149]]]}}, {"type": "Feature", "properties": {"class": "building", "raw_confidence": 0.3368, "source_tile_id": "tile_0003"}, "geometry": {"type": "Polygon", "coordinates": [[[85.319076171875, 23.340111328125], [85.31906445312501, 23.340099609375], [85.319029296875, 23.340099609375], [85.319017578125, 23.340087890625], [85.319017578125, 23.34005859375], [85.31903515625, 23.34003515625], [85.319029296875, 23.340029296875], [85.319, 23.340029296875], [85.319, 23.340005859375], [85.31909375000001, 23.340005859375], [85.31909375000001, 23.34003515625], [85.31910546875, 23.340052734375], [85.31910546875, 23.340076171875], [85.31908203125, 23.34009375], [85.319076171875, 23.340111328125]]]}}, {"type": "Feature", "properties": {"class": "building", "raw_confidence": 0.3415, "source_tile_id": "tile_0003"}, "geometry": {"type": "Polygon", "coordinates": [[[85.31920507812501, 23.340462890625], [85.319228515625, 23.340439453125], [85.31923437500001, 23.340421875], [85.319251953125, 23.340421875], [85.3192578125, 23.340427734374998], [85.319263671875, 23.340427734374998], [85.31927539062501, 23.340439453125], [85.31926953125, 23.340445312499998], [85.31926953125, 23.340462890625], [85.319263671875, 23.34046875], [85.319251953125, 23.34046875], [85.31924609375, 23.340474609375], [85.31923437500001, 23.340474609375], [85.319228515625, 23.34046875], [85.319216796875, 23.34046875], [85.3192109375, 23.340462890625], [85.31920507812501, 23.340462890625]]]}}, {"type": "Feature", "properties": {"class": "building", "raw_confidence": 0.333, "source_tile_id": "tile_0003"}, "geometry": {"type": "Polygon", "coordinates": [[[85.319, 23.340556640625], [85.319, 23.34045703125], [85.31902343750001, 23.340445312499998], [85.31903515625, 23.340410156249998], [85.31910546875, 23.340392578124998], [85.31915234375, 23.340421875], [85.31915234375, 23.3405390625], [85.319140625, 23.3405390625], [85.319123046875, 23.340515625], [85.31910546875, 23.3405390625], [85.31905859375, 23.340544921875], [85.319041015625, 23.34057421875], [85.319, 23.340556640625]]]}}, {"type": "Feature", "properties": {"class": "building", "raw_confidence": 0.3518, "source_tile_id": "tile_0003"}, "geometry": {"type": "Polygon", "coordinates": [[[85.32076953125001, 23.34057421875], [85.320763671875, 23.340580078125], [85.320751953125, 23.340580078125], [85.32074023437501, 23.3405859375], [85.32072265625, 23.34057421875], [85.320705078125, 23.34057421875], [85.320693359375, 23.340568359375], [85.320681640625, 23.340556640625], [85.320681640625, 23.3405390625], [85.3206875, 23.340533203125], [85.3206875, 23.340521484375], [85.32069921875001, 23.340515625], [85.32072265625, 23.340533203125], [85.320751953125, 23.340533203125], [85.320763671875, 23.34052734375], [85.320763671875, 23.340568359375], [85.32076953125001, 23.34057421875]]]}}, {"type": "Feature", "properties": {"class": "building", "raw_confidence": 0.3225, "source_tile_id": "tile_0003"}, "geometry": {"type": "Polygon", "coordinates": [[[85.321560546875, 23.340650390625], [85.3215546875, 23.3406328125], [85.321537109375, 23.34062109375], [85.32151953125, 23.340568359375], [85.32158984375, 23.340591796875], [85.32161328125001, 23.3405390625], [85.321607421875, 23.340509765625], [85.321619140625, 23.340521484375], [85.32166015625, 23.340521484375], [85.32166015625, 23.340544921875], [85.3216484375, 23.340556640625], [85.321666015625, 23.340568359375], [85.321666015625, 23.340580078125], [85.321625, 23.3405859375], [85.32161328125001, 23.340603515625], [85.32158984375, 23.340603515625], [85.32157226562501, 23.34062109375], [85.32157226562501, 23.340650390625], [85.321560546875, 23.340650390625]]]}}, {"type": "Feature", "properties": {"class": "building", "raw_confidence": 0.3578, "source_tile_id": "tile_0003"}, "geometry": {"type": "Polygon", "coordinates": [[[85.32079296875, 23.340673828125], [85.32079296875, 23.34066796875], [85.32081640625, 23.34064453125], [85.320828125, 23.34064453125], [85.320833984375, 23.340638671875], [85.32083984375001, 23.340638671875], [85.3208515625, 23.340626953125], [85.3208515625, 23.34062109375], [85.320857421875, 23.340615234375], [85.32086328125, 23.34062109375], [85.32086328125, 23.340638671875], [85.3208515625, 23.34065625], [85.320833984375, 23.340662109375], [85.32081640625, 23.3406796875], [85.32081054687501, 23.3406796875], [85.3208046875, 23.340673828125], [85.32079296875, 23.340673828125]]]}}, {"type": "Feature", "properties": {"class": "building", "raw_confidence": 0.334, "source_tile_id": "tile_0003"}, "geometry": {"type": "Polygon", "coordinates": [[[85.31905859375, 23.340720703125], [85.31905859375, 23.340703125], [85.31908203125, 23.340662109375], [85.319123046875, 23.340662109375], [85.31912890625, 23.34066796875], [85.319140625, 23.34066796875], [85.319140625, 23.340673828125], [85.31913476562501, 23.340673828125], [85.319099609375, 23.34071484375], [85.31909375000001, 23.34071484375], [85.319087890625, 23.340720703125], [85.31905859375, 23.340720703125]]]}}, {"type": "Feature", "properties": {"class": "building", "raw_confidence": 0.3289, "source_tile_id": "tile_0003"}, "geometry": {"type": "Polygon", "coordinates": [[[85.32181250000001, 23.340978515625], [85.3217890625, 23.340978515625], [85.3217890625, 23.34097265625], [85.321771484375, 23.340955078125], [85.32175390625001, 23.340955078125], [85.32175390625001, 23.34094921875], [85.321765625, 23.3409375], [85.321765625, 23.3409140625], [85.321771484375, 23.340908203125], [85.321765625, 23.340884765625], [85.321771484375, 23.34087890625], [85.32177734375, 23.34087890625], [85.32177734375, 23.340884765625], [85.321794921875, 23.34090234375], [85.321794921875, 23.3409140625], [85.32178320312501, 23.34092578125], [85.32178320312501, 23.340931640625], [85.321806640625, 23.34094921875], [85.32181250000001, 23.340978515625]]]}}, {"type": "Feature", "properties": {"class": "building", "raw_confidence": 0.3406, "source_tile_id": "tile_0003"}, "geometry": {"type": "Polygon", "coordinates": [[[85.3192109375, 23.341013671875], [85.319169921875, 23.34094921875], [85.319140625, 23.340755859375], [85.31917578125, 23.340767578125], [85.31927539062501, 23.340697265625], [85.3191875, 23.34066796875], [85.31933984375, 23.340638671875], [85.31937500000001, 23.340591796875], [85.31951562500001, 23.340615234375], [85.319580078125, 23.3406796875], [85.31957421875, 23.340814453125], [85.31962695312501, 23.34085546875], [85.319580078125, 23.340931640625], [85.319580078125, 23.34101953125], [85.319521484375, 23.3410078125], [85.31950390625, 23.340966796875], [85.31946875, 23.34101953125], [85.31931640625, 23.341013671875], [85.31926953125, 23.34104296875], [85.31926953125, 23.340990234375], [85.3192109375, 23.341013671875]]]}}, {"type": "Feature", "properties": {"class": "building", "raw_confidence": 0.3287, "source_tile_id": "tile_0003"}, "geometry": {"type": "Polygon", "coordinates": [[[85.31929296875, 23.3414765625], [85.31927539062501, 23.341458984375], [85.3192578125, 23.341458984375], [85.31922265625, 23.34148828125], [85.3192109375, 23.341470703125], [85.319193359375, 23.341470703125], [85.3192109375, 23.341458984375], [85.31922265625, 23.3414296875], [85.3192109375, 23.34140625], [85.319181640625, 23.341400390625], [85.31917578125, 23.341341796875], [85.3191875, 23.34132421875], [85.31917578125, 23.34130078125], [85.319193359375, 23.341283203125], [85.319287109375, 23.341330078125], [85.31930468750001, 23.341376953125], [85.319333984375, 23.341400390625], [85.319328125, 23.341447265625], [85.31929296875, 23.3414765625]]]}}, {"type": "Feature", "properties": {"class": "building", "raw_confidence": 0.3336, "source_tile_id": "tile_0003"}, "geometry": {"type": "Polygon", "coordinates": [[[85.31930468750001, 23.341564453125], [85.319310546875, 23.34155859375], [85.319328125, 23.34155859375], [85.319333984375, 23.341552734375], [85.31933984375, 23.341552734375], [85.31934570312501, 23.341546875], [85.31934570312501, 23.341541015625], [85.3193515625, 23.341541015625], [85.319357421875, 23.34153515625], [85.31937500000001, 23.341541015625], [85.31936328125, 23.341552734375], [85.319357421875, 23.341552734375], [85.3193515625, 23.34155859375], [85.31936328125, 23.3415703125], [85.31936328125, 23.34159375], [85.3193515625, 23.34159375], [85.31933984375, 23.34158203125], [85.31933984375, 23.341576171875], [85.319333984375, 23.3415703125], [85.31930468750001, 23.341564453125]]]}}, {"type": "Feature", "properties": {"class": "building", "raw_confidence": 0.3404, "source_tile_id": "tile_0003"}, "geometry": {"type": "Polygon", "coordinates": [[[85.319046875, 23.341734375], [85.319, 23.34169921875], [85.319, 23.341529296875], [85.31903515625, 23.341470703125], [85.3190703125, 23.341470703125], [85.319052734375, 23.34144140625], [85.319087890625, 23.341412109375], [85.31909375000001, 23.341470703125], [85.31906445312501, 23.3415234375], [85.31908203125, 23.341541015625], [85.31910546875, 23.341517578125], [85.31910546875, 23.341564453125], [85.319146484375, 23.341599609375], [85.319193359375, 23.34158203125], [85.319240234375, 23.341611328125], [85.31920507812501, 23.341634765625], [85.319146484375, 23.34162890625], [85.31916406250001, 23.34165234375], [85.319099609375, 23.34165234375], [85.319046875, 23.341734375]]]}}, {"type": "Feature", "properties": {"class": "building", "raw_confidence": 0.3384, "source_tile_id": "tile_0003"}, "geometry": {"type": "Polygon", "coordinates": [[[85.320201171875, 23.342455078125], [85.320201171875, 23.34244921875], [85.320212890625, 23.342443359375], [85.320259765625, 23.342443359375], [85.320271484375, 23.342431640625], [85.320283203125, 23.34240234375], [85.32030078125, 23.342390625], [85.320306640625, 23.342396484375], [85.320306640625, 23.342443359375], [85.32030078125, 23.342455078125], [85.320271484375, 23.342455078125], [85.32024804687501, 23.342478515625], [85.32023046875, 23.3424609375], [85.32020703125, 23.3424609375], [85.320201171875, 23.342455078125]]]}}, {"type": "Feature", "properties": {"class": "building", "raw_confidence": 0.3379, "source_tile_id": "tile_0003"}, "geometry": {"type": "Polygon", "coordinates": [[[85.32014843750001, 23.342501953125], [85.320130859375, 23.3425078125], [85.32011328125, 23.342484375], [85.320095703125, 23.342478515625], [85.3200546875, 23.342484375], [85.32004296875, 23.34247265625], [85.32004296875, 23.342443359375], [85.32007812500001, 23.342396484375], [85.3201015625, 23.34240234375], [85.32008984375, 23.342431640625], [85.32007812500001, 23.342443359375], [85.32007812500001, 23.3424609375], [85.32008984375, 23.34247265625], [85.32010742187501, 23.342455078125], [85.320119140625, 23.342455078125], [85.32014843750001, 23.342501953125]]]}}, {"type": "Feature", "properties": {"class": "building", "raw_confidence": 0.3301, "source_tile_id": "tile_0003"}, "geometry": {"type": "Polygon", "coordinates": [[[85.320154296875, 23.3426015625], [85.320154296875, 23.34258984375], [85.320171875, 23.342572265625], [85.320171875, 23.342560546875], [85.32018359375, 23.342548828125], [85.32017773437501, 23.34251953125], [85.32018359375, 23.34251953125], [85.32018359375, 23.342525390625], [85.3201953125, 23.342537109375], [85.32020703125, 23.342537109375], [85.320212890625, 23.34254296875], [85.32025390625, 23.34254296875], [85.32024804687501, 23.342548828125], [85.320224609375, 23.342548828125], [85.3201953125, 23.342578125], [85.32018359375, 23.3426015625], [85.320154296875, 23.3426015625]]]}}, {"type": "Feature", "properties": {"class": "building", "raw_confidence": 0.3249, "source_tile_id": "tile_0003"}, "geometry": {"type": "Polygon", "coordinates": [[[85.32079296875, 23.3428359375], [85.32076953125001, 23.34282421875], [85.320751953125, 23.34282421875], [85.32072265625, 23.3428359375], [85.320716796875, 23.342830078125], [85.3207109375, 23.34280078125], [85.320693359375, 23.34277734375], [85.32074023437501, 23.34275390625], [85.3207578125, 23.342771484375], [85.32078125, 23.342783203125], [85.32078125, 23.342794921875], [85.320775390625, 23.34280078125], [85.32079296875, 23.3428125], [85.320798828125, 23.34282421875], [85.32079296875, 23.3428359375]]]}}, {"type": "Feature", "properties": {"class": "building", "raw_confidence": 0.3216, "source_tile_id": "tile_0003"}, "geometry": {"type": "Polygon", "coordinates": [[[85.320376953125, 23.342830078125], [85.32031835937501, 23.342712890625], [85.320341796875, 23.342578125], [85.320412109375, 23.342548828125], [85.32038867187501, 23.342619140625], [85.32040625, 23.342666015625], [85.32046484375, 23.34270703125], [85.320541015625, 23.34266015625], [85.32053515625, 23.342560546875], [85.32055859375001, 23.34251953125], [85.32062890625001, 23.342513671875], [85.320705078125, 23.34256640625], [85.320693359375, 23.342642578124998], [85.320734375, 23.342701171875], [85.32072265625, 23.342748046875], [85.320693359375, 23.34273046875], [85.320646484375, 23.3427890625], [85.32048828125001, 23.34277734375], [85.320376953125, 23.342830078125]]]}}, {"type": "Feature", "properties": {"class": "building", "raw_confidence": 0.3315, "source_tile_id": "tile_0003"}, "geometry": {"type": "Polygon", "coordinates": [[[85.32044140625, 23.342947265625], [85.32041796875001, 23.342935546875], [85.32038867187501, 23.342935546875], [85.32037109375, 23.342923828125], [85.320306640625, 23.342923828125], [85.32032421875, 23.342859375], [85.320341796875, 23.34284765625], [85.32037109375, 23.342841796875], [85.32037109375, 23.342853515625], [85.320353515625, 23.342865234375], [85.32035937500001, 23.34290625], [85.320365234375, 23.342912109375], [85.320423828125, 23.34290625], [85.32044140625, 23.34291796875], [85.32044140625, 23.342947265625]]]}}, {"type": "Feature", "properties": {"class": "building", "raw_confidence": 0.3253, "source_tile_id": "tile_0003"}, "geometry": {"type": "Polygon", "coordinates": [[[85.320517578125, 23.342947265625], [85.320541015625, 23.342935546875], [85.320552734375, 23.34291796875], [85.3205703125, 23.342912109375], [85.32059375, 23.3428828125], [85.32060546875, 23.3428828125], [85.320623046875, 23.342865234375], [85.320646484375, 23.342865234375], [85.32066992187501, 23.3428359375], [85.3206875, 23.34284765625], [85.320693359375, 23.342865234375], [85.3206875, 23.3428828125], [85.320623046875, 23.34290625], [85.32060546875, 23.342923828125], [85.32059375, 23.342923828125], [85.32055859375001, 23.342947265625], [85.320541015625, 23.342953125], [85.320517578125, 23.342947265625]]]}}, {"type": "Feature", "properties": {"class": "building", "raw_confidence": 0.3603, "source_tile_id": "tile_0003"}, "geometry": {"type": "Polygon", "coordinates": [[[85.32194140625, 23.342958984375], [85.321724609375, 23.3426015625], [85.3208984375, 23.34273046875], [85.32098046875001, 23.342103515625], [85.32016015625, 23.34237890625], [85.319521484375, 23.341910156249998], [85.319609375, 23.341576171875], [85.31978515625, 23.34186328125], [85.3199140625, 23.34165234375], [85.31958593750001, 23.341248046875], [85.320517578125, 23.340720703125], [85.3199609375, 23.34055078125], [85.319779296875, 23.34090234375], [85.319943359375, 23.340404296875], [85.32045898437501, 23.340228515625], [85.31987890625, 23.340005859375], [85.3208984375, 23.340005859375], [85.32048828125001, 23.34052734375], [85.32095703125, 23.34071484375], [85.3213671875, 23.340410156249998], [85.32199414062501, 23.341160156249998], [85.32194140625, 23.342958984375]]]}}, {"type": "Feature", "properties": {"class": "building", "raw_confidence": 0.3303, "source_tile_id": "tile_0003"}, "geometry": {"type": "Polygon", "coordinates": [[[85.320693359375, 23.343], [85.32069921875001, 23.3429765625], [85.320716796875, 23.342970703125], [85.320705078125, 23.342958984375], [85.320693359375, 23.342958984375], [85.3206875, 23.342935546875], [85.320705078125, 23.34291796875], [85.3207109375, 23.34289453125], [85.32072265625, 23.34289453125], [85.3207578125, 23.342935546875], [85.320775390625, 23.342935546875], [85.32079296875, 23.342923828125], [85.32079296875, 23.342947265625], [85.320787109375, 23.342953125], [85.32076953125001, 23.342953125], [85.32074609375, 23.34296484375], [85.3207578125, 23.343], [85.320693359375, 23.343]]]}}, {"type": "Feature", "properties": {"class": "building", "raw_confidence": 0.3336, "source_tile_id": "tile_0003"}, "geometry": {"type": "Polygon", "coordinates": [[[85.32016015625, 23.34296484375], [85.32013671875, 23.342982421875], [85.320130859375, 23.343], [85.32008984375, 23.343], [85.32008984375, 23.342970703125], [85.32003710937501, 23.3429296875], [85.32003710937501, 23.342900390625], [85.320095703125, 23.342923828125], [85.32011328125, 23.342923828125], [85.320130859375, 23.34290625], [85.320154296875, 23.342923828125], [85.32016015625, 23.34296484375]]]}}, {"type": "Feature", "properties": {"class": "building", "raw_confidence": 0.3526, "source_tile_id": "tile_0003"}, "geometry": {"type": "Polygon", "coordinates": [[[85.3199609375, 23.343], [85.319240234375, 23.342982421875], [85.319, 23.342794921875], [85.319, 23.34219140625], [85.3191171875, 23.34200390625], [85.319310546875, 23.342015625], [85.31941015625, 23.342150390625], [85.319369140625, 23.342203125], [85.319673828125, 23.342197265625], [85.319779296875, 23.34235546875], [85.31990234375, 23.34235546875], [85.319943359375, 23.34249609375], [85.32003125, 23.34247265625], [85.319955078125, 23.34253125], [85.320001953125, 23.342572265625], [85.3199609375, 23.343]]]}}, {"type": "Feature", "properties": {"class": "land_use", "raw_confidence": 0.3138, "source_tile_id": "tile_0003"}, "geometry": {"type": "Polygon", "coordinates": [[[85.32062890625001, 23.34003515625], [85.320634765625, 23.340029296875], [85.320634765625, 23.340017578125], [85.320640625, 23.34001171875], [85.320640625, 23.340005859375], [85.32069921875001, 23.340005859375], [85.32069921875001, 23.3400234375], [85.320693359375, 23.340029296875], [85.320681640625, 23.340029296875], [85.3206640625, 23.340041015625], [85.320634765625, 23.340041015625], [85.32062890625001, 23.34003515625]]]}}, {"type": "Feature", "properties": {"class": "land_use", "raw_confidence": 0.338, "source_tile_id": "tile_0003"}, "geometry": {"type": "Polygon", "coordinates": [[[85.32199414062501, 23.341154296875], [85.321513671875, 23.34084375], [85.32161328125001, 23.34071484375], [85.321466796875, 23.340638671875], [85.3213671875, 23.340404296875], [85.321033203125, 23.34038671875], [85.32095703125, 23.340462890625], [85.32107421875, 23.3406328125], [85.320734375, 23.340720703125], [85.32072265625, 23.340603515625], [85.320494140625, 23.34052734375], [85.320447265625, 23.340275390625], [85.3205234375, 23.34015234375], [85.32088671875, 23.34009375], [85.320904296875, 23.340005859375], [85.32199414062501, 23.340005859375], [85.32199414062501, 23.341154296875]]]}}, {"type": "Feature", "properties": {"class": "land_use", "raw_confidence": 0.3519, "source_tile_id": "tile_0003"}, "geometry": {"type": "Polygon", "coordinates": [[[85.32163671875, 23.34130078125], [85.32163671875, 23.34127734375], [85.32164257812501, 23.341271484375], [85.321666015625, 23.341271484375], [85.321671875, 23.341265625], [85.32168359375001, 23.341265625], [85.32168359375001, 23.341271484375], [85.321689453125, 23.34127734375], [85.321689453125, 23.341283203125], [85.321677734375, 23.34130078125], [85.321666015625, 23.34130078125], [85.32166015625, 23.341306640625], [85.321654296875, 23.341306640625], [85.3216484375, 23.34130078125], [85.32163671875, 23.34130078125]]]}}, {"type": "Feature", "properties": {"class": "land_use", "raw_confidence": 0.3495, "source_tile_id": "tile_0003"}, "geometry": {"type": "Polygon", "coordinates": [[[85.32123828125, 23.341751953125], [85.32125, 23.341740234375], [85.321255859375, 23.34172265625], [85.32129101562501, 23.3417109375], [85.32130859375, 23.3417109375], [85.32133203125001, 23.34172265625], [85.321373046875, 23.3416875], [85.32137890625, 23.3416875], [85.321384765625, 23.34169921875], [85.32137890625, 23.341734375], [85.32136132812501, 23.341734375], [85.32133203125001, 23.341751953125], [85.32129101562501, 23.341751953125], [85.321267578125, 23.341763671875], [85.321255859375, 23.341763671875], [85.32123828125, 23.341751953125]]]}}, {"type": "Feature", "properties": {"class": "land_use", "raw_confidence": 0.3447, "source_tile_id": "tile_0003"}, "geometry": {"type": "Polygon", "coordinates": [[[85.319591796875, 23.341869140625], [85.319568359375, 23.34183984375], [85.3195625, 23.341828125], [85.3195625, 23.341810546875], [85.31955078125, 23.341798828125], [85.31952734375, 23.341798828125], [85.319521484375, 23.341787109375], [85.3195390625, 23.341787109375], [85.31957421875, 23.3418046875], [85.31957421875, 23.341822265625], [85.31959765625, 23.34183984375], [85.31959765625, 23.34186328125], [85.319591796875, 23.341869140625]]]}}, {"type": "Feature", "properties": {"class": "land_use", "raw_confidence": 0.3431, "source_tile_id": "tile_0003"}, "geometry": {"type": "Polygon", "coordinates": [[[85.3212265625, 23.34183984375], [85.321185546875, 23.341875], [85.32115039062501, 23.34183984375], [85.32115039062501, 23.341810546875], [85.32114453125, 23.3418046875], [85.321115234375, 23.341828125], [85.3210859375, 23.34179296875], [85.321115234375, 23.34176953125], [85.32114453125, 23.34178125], [85.321208984375, 23.34178125], [85.3212265625, 23.341798828125], [85.3212265625, 23.34183984375]]]}}, {"type": "Feature", "properties": {"class": "land_use", "raw_confidence": 0.3307, "source_tile_id": "tile_0003"}, "geometry": {"type": "Polygon", "coordinates": [[[85.31987890625, 23.34188671875], [85.31987890625, 23.341869140625], [85.31986718750001, 23.3418515625], [85.31986718750001, 23.34183984375], [85.319873046875, 23.341833984375], [85.31989648437501, 23.341833984375], [85.31990234375, 23.34183984375], [85.319908203125, 23.34183984375], [85.319908203125, 23.341845703125], [85.3199140625, 23.3418515625], [85.3199140625, 23.341869140625], [85.31989648437501, 23.34188671875], [85.31987890625, 23.34188671875]]]}}, {"type": "Feature", "properties": {"class": "land_use", "raw_confidence": 0.3452, "source_tile_id": "tile_0003"}, "geometry": {"type": "Polygon", "coordinates": [[[85.32096875, 23.34205078125], [85.320974609375, 23.342033203125], [85.320998046875, 23.342009765625], [85.320998046875, 23.341986328125], [85.32102734375, 23.3419921875], [85.321044921875, 23.34200390625], [85.3210625, 23.341998046875], [85.32112109375001, 23.34200390625], [85.321115234375, 23.342009765625], [85.3210859375, 23.342009765625], [85.321068359375, 23.342033203125], [85.3210390625, 23.342044921875], [85.32102734375, 23.3420625], [85.320998046875, 23.3420625], [85.32096875, 23.34205078125]]]}}, {"type": "Feature", "properties": {"class": "land_use", "raw_confidence": 0.3178, "source_tile_id": "tile_0003"}, "geometry": {"type": "Polygon", "coordinates": [[[85.31930468750001, 23.34226171875], [85.319287109375, 23.34226171875], [85.319287109375, 23.34225], [85.31927539062501, 23.34223828125], [85.31927539062501, 23.342203125], [85.31926953125, 23.342197265625], [85.31926953125, 23.34219140625], [85.31929296875, 23.34219140625], [85.31930468750001, 23.342203125], [85.31933984375, 23.34221484375], [85.319322265625, 23.342232421875], [85.31931640625, 23.34225], [85.31930468750001, 23.34226171875]]]}}, {"type": "Feature", "properties": {"class": "land_use", "raw_confidence": 0.316, "source_tile_id": "tile_0003"}, "geometry": {"type": "Polygon", "coordinates": [[[85.321390625, 23.34263671875], [85.321390625, 23.342630859375], [85.32137890625, 23.342619140625], [85.32137890625, 23.34261328125], [85.32140234375001, 23.34258984375], [85.32142578125, 23.34258984375], [85.32143164062501, 23.342583984375], [85.32144921875, 23.342578125], [85.321455078125, 23.342595703125], [85.32144921875, 23.3426015625], [85.321443359375, 23.3426015625], [85.3214375, 23.342607421875], [85.3214375, 23.34261328125], [85.321408203125, 23.34263671875], [85.321390625, 23.34263671875]]]}}, {"type": "Feature", "properties": {"class": "land_use", "raw_confidence": 0.3379, "source_tile_id": "tile_0003"}, "geometry": {"type": "Polygon", "coordinates": [[[85.32199414062501, 23.343], [85.31996679687501, 23.343], [85.319890625, 23.342337890625], [85.319, 23.342185546875], [85.319, 23.34003515625], [85.320453125, 23.34022265625], [85.319779296875, 23.340609375], [85.31978515625, 23.3409140625], [85.3199609375, 23.340556640625], [85.32051171875, 23.340720703125], [85.319580078125, 23.341248046875], [85.319908203125, 23.34165234375], [85.31944531250001, 23.341716796875], [85.32016015625, 23.342384765625], [85.32098046875001, 23.342109375], [85.3208984375, 23.342736328125], [85.321724609375, 23.342607421875], [85.32199414062501, 23.343]]]}}, {"type": "Feature", "properties": {"class": "land_use", "raw_confidence": 0.3146, "source_tile_id": "tile_0003"}, "geometry": {"type": "Polygon", "coordinates": [[[85.319, 23.34280078125], [85.319046875, 23.34282421875], [85.3191171875, 23.34289453125], [85.31910546875, 23.342912109375], [85.3191171875, 23.342935546875], [85.31917578125, 23.34294140625], [85.319240234375, 23.34298828125], [85.31928125, 23.34298828125], [85.319322265625, 23.34296484375], [85.319357421875, 23.343], [85.319, 23.343], [85.319, 23.34280078125]]]}}, {"type": "Feature", "properties": {"class": "parcel", "raw_confidence": 0.3027, "source_tile_id": "tile_0003"}, "geometry": {"type": "Polygon", "coordinates": [[[85.3186495919688, 23.34026412139625], [85.31863198176922, 23.34030030670881], [85.3186180965949, 23.34033807836364], [85.3186080769895, 23.340377054041724], [85.31860202436997, 23.340416839237104], [85.3186, 23.34045703125], [85.3186, 23.340556640625], [85.31860188647835, 23.340595442994516], [85.3186075281194, 23.340633879364884], [85.31861687170898, 23.3406715871892], [85.3186298291147, 23.34070821079249], [85.31864627811721, 23.34074340472658], [85.31866201630649, 23.340769998208376], [85.31866627963784, 23.340798739253806], [85.31867581761571, 23.340836816995903], [85.31868904193699, 23.340873776497947], [85.31870582524427, 23.340909261819732], [85.31872600590508, 23.34094293121821], [85.31874938956865, 23.340974460438666], [85.3187731537435, 23.34100068016514], [85.3187744356733, 23.34100914090177], [85.31878280221629, 23.341049908222363], [85.3187953592654, 23.341089585596112], [85.31880993142184, 23.341123058732585], [85.31879666061512, 23.34113411773818], [85.31876693268005, 23.341161553804668], [85.31874012793877, 23.341191852215733], [85.31871652055148, 23.34122470307773], [85.31870073335116, 23.34125215244732], [85.3186921590797, 23.341264904822854], [85.31865700282971, 23.34132349857285], [85.31863988200378, 23.341355184759404], [85.31862568069293, 23.34138828249149], [85.31861451402871, 23.34142252344225], [85.31860647254047, 23.341457630016645], [85.31860162142138, 23.341493317601916], [85.3186, 23.341529296875], [85.3186, 23.34169921875], [85.31860212127408, 23.341740358991405], [85.31860846259731, 23.34178106288417], [85.31861895671128, 23.34182089870773], [85.31863349231149, 23.34185944394859], [85.31865191522802, 23.34189628978164], [85.31867403006056, 23.34193104540633], [85.31868352869391, 23.341943041849188], [85.3186608006784, 23.341979406674003], [85.31864256100056, 23.342011858591476], [85.31862741721984, 23.342045865630464], [85.31861550050154, 23.342081133244783], [85.31860691406025, 23.34211735596999], [85.318601732266, 23.3421542200691], [85.3186, 23.34219140625], [85.3186, 23.342794921875], [85.31860203428657, 23.342835211959724], [85.31860811645464, 23.342875092236554], [85.31861818463986, 23.34291415706594], [85.31863213643436, 23.342952009102593], [85.3186498299284, 23.342988263337066], [85.3186710851538, 23.343022551011853], [85.31869568591445, 23.343054523372167], [85.31872338198536, 23.343083855213298], [85.31875389165783, 23.343110248188395], [85.31899412603283, 23.343297748188395], [85.31902386404383, 23.34331884999479], [85.31905540014031, 23.343337156008808], [85.31908847225034, 23.343352514103398], [85.31912280553733, 23.343364796649382], [85.31915811468403, 23.343373901576076], [85.31919410626361, 23.34337975321952], [85.31923048117802, 23.34338230295126], [85.31995118430302, 23.34339988107626], [85.31999114345065, 23.343398857870106], [85.32002613958032, 23.343394440057473], [85.32005063689387, 23.34339807389067], [85.32008984375, 23.3434], [85.320130859375, 23.3434], [85.32016923244909, 23.34339815512955], [85.32020725155643, 23.343392637535924], [85.32024456599537, 23.34338349811536], [85.32028083156439, 23.34337082117309], [85.3203157137371, 23.34335472364569], [85.32034813174006, 23.343335797151525], [85.3203725458867, 23.343341293860494], [85.32041098187078, 23.34334610689311], [85.3204497031766, 23.343347179567004], [85.3204677074605, 23.343345931986555], [85.3204810332154, 23.34334860206702], [85.3205010531742, 23.34335067744264], [85.32053630146643, 23.34336787608424], [85.32057414700714, 23.343381822486695], [85.32061320462996, 23.34339188673982], [85.3206530772197, 23.343397966516136], [85.320693359375, 23.3434], [85.3207578125, 23.3434], [85.32079758973971, 23.343398017300128], [85.32083697264778, 23.343392088856003], [85.32087557080179, 23.343382273439257], [85.32091300155894, 23.343368668355012], [85.32094889384945, 23.343351408477268], [85.32098289185512, 23.343330664911807], [85.32101465853675, 23.343306643299954], [85.32104387897536, 23.343279581779942], [85.32107026349415, 23.343249748626135], [85.32109355053021, 23.34321743958948], [85.32110620912795, 23.343195580757538], [85.32112555659502, 23.343169493718054], [85.3211457372558, 23.343135824319596], [85.32116252056305, 23.343100338997832], [85.32116488339545, 23.34309373532366], [85.32152155401306, 23.343038084588997], [85.32159940244713, 23.343166429304617], [85.3216215164543, 23.34319913124382], [85.32164674628034, 23.343229494083275], [85.32167484617943, 23.343257222080155], [85.3217055424505, 23.343282045155785], [85.32173853610298, 23.343303721526244], [85.32177350576922, 23.343322040057433], [85.32181011083453, 23.343336822321582], [85.32184799475507, 23.343347924335166], [85.3218867885305, 23.343355237961376], [85.32192611429828, 23.343358691963385], [85.32196558901407, 23.343358252698213], [85.32200482818277, 23.343353924444433], [85.32204344960356, 23.34334574936048], [85.32208107709265, 23.34333380707404], [85.32211734414746, 23.343318213906414], [85.3221518975164, 23.34329912173956], [85.32218440063971, 23.343276716536685], [85.32221453692759, 23.343251216530927], [85.32224201284392, 23.343222870099698], [85.32226656076531, 23.34319195334541], [85.32228794158797, 23.343158767406166], [85.32230594705649, 23.343123635522588], [85.32232040179244, 23.343086899889347], [85.32233116500251, 23.343048918322108], [85.32233813184993, 23.34301006077229], [85.3223412344756, 23.342970705723634], [85.3223939688506, 23.341171877598633], [85.32239303564397, 23.34113044490798], [85.32238782045206, 23.3410893311572], [85.32237837925797, 23.341048977686672], [85.32236481340928, 23.34100981767545], [85.32234726853021, 23.34097227149125], [85.3223259329583, 23.340936742177988], [85.32230103572275, 23.340903611129235], [85.32215464516851, 23.34072848971857], [85.32214769038075, 23.340713785055293], [85.32212750971993, 23.340680115656816], [85.32210412605636, 23.340648586436362], [85.32210304914683, 23.340647398249796], [85.32208654793135, 23.340625148936336], [85.32206500048778, 23.340601374995945], [85.322066015625, 23.340580078125], [85.322066015625, 23.340568359375], [85.32206408541238, 23.340529110879796], [85.32205877362436, 23.340493340383468], [85.32205823014067, 23.340482277518866], [85.32205247036217, 23.340443448246194], [85.32204293238429, 23.340405370504097], [85.32202970806301, 23.340368411002054], [85.32201292475574, 23.34033292568027], [85.32199274409493, 23.340299256281792], [85.32196936043135, 23.340267727061335], [85.32194299896248, 23.340238641662523], [85.32191391356368, 23.340212280193654], [85.32188238434321, 23.34018889653008], [85.32184871494474, 23.34016871586926], [85.32181322962295, 23.340151932561994], [85.3217762701209, 23.34013870824071], [85.32173819237882, 23.340129170262838], [85.32172354759638, 23.340126997914574], [85.3217234587452, 23.340126966141256], [85.32168536330116, 23.340117432687194], [85.32164651662374, 23.340111680708656], [85.3216319129756, 23.34011096769445], [85.3216164373759, 23.340097307245895], [85.3215836581495, 23.340073792670065], [85.32154867712849, 23.340053699359544], [85.32151185011638, 23.34003723169004], [85.32147355169293, 23.34002455715967], [85.32143417140406, 23.34001580468528], [85.32139410979974, 23.340011063291183], [85.32135377435979, 23.340010381203665], [85.32131357534934, 23.34001376536047], [85.32129782699548, 23.340016710595414], [85.32129839579551, 23.340000083402142], [85.3212959441502, 23.33996126718898], [85.32128973430567, 23.339922872569563], [85.32127982497248, 23.33988526254318], [85.32126630983771, 23.339848792691228], [85.3212493166793, 23.339813807815407], [85.32122900615786, 23.33978063867782], [85.32120557029785, 23.339749598873784], [85.32117923067199, 23.33972098186699], [85.32115023630642, 23.339695058214954], [85.32111886132641, 23.33967207301106], [85.32108540236452, 23.33965224356733], [85.32105017575621, 23.339635757359872], [85.32101351454902, 23.3396227702564], [85.32097576535381, 23.33961340504259], [85.32093728506773, 23.339607750261212], [85.3208984375, 23.339605859375002], [85.31987890625, 23.339605859375002], [85.31983932689502, 23.339607822348256], [85.31980013600612, 23.339613692001702], [85.31976171823663, 23.339623410725476], [85.31972445065182, 23.339636883131604], [85.31968869902805, 23.339653976990217], [85.31965481426273, 23.339674524527386], [85.3196231289303, 23.339698324071772], [85.31959395401806, 23.33972514203404], [85.31956757587388, 23.33975471519947], [85.31954425339569, 23.339786753311397], [85.31952421549053, 23.339820941920042], [85.31950765882775, 23.339856945468778], [85.31949474590876, 23.33989441058759], [85.31948635643064, 23.33992979389731], [85.31948606411217, 23.339927823246196], [85.3194765261343, 23.3398897455041], [85.31946330181302, 23.339852786002055], [85.31944651850574, 23.33981730068027], [85.31942633784493, 23.339783631281794], [85.31940295418136, 23.339752102061336], [85.31937659271249, 23.339723016662525], [85.31934750731368, 23.339696655193656], [85.31931597809321, 23.33967327153008], [85.31928230869474, 23.339653090869263], [85.31924682337295, 23.339636307561996], [85.31920986387091, 23.33962308324071], [85.31917178612882, 23.33961354526284], [85.31913295685614, 23.339607785484333], [85.31909375000001, 23.339605859375002], [85.319, 23.339605859375002], [85.31896079314387, 23.339607785484333], [85.31892196387119, 23.33961354526284], [85.3188838861291, 23.33962308324071], [85.31884692662706, 23.339636307561996], [85.31881144130527, 23.339653090869263], [85.3187777719068, 23.33967327153008], [85.31874624268633, 23.339696655193656], [85.31871715728752, 23.339723016662525], [85.31869079581865, 23.339752102061336], [85.31866741215508, 23.339783631281794], [85.31864723149427, 23.33981730068027], [85.318630448187, 23.339852786002055], [85.31861722386572, 23.3398897455041], [85.31860768588784, 23.339927823246196], [85.31860192610934, 23.339966652518868], [85.3186, 23.340005859375], [85.3186, 23.340029296875], [85.31860192610934, 23.340068503731132], [85.31860768588784, 23.340107333003804], [85.31861722386572, 23.3401454107459], [85.31862689644979, 23.340172443807415], [85.31863480199071, 23.340204004495924], [85.318648026312, 23.340240963997974], [85.31865490954657, 23.340255517374697], [85.3186495919688, 23.34026412139625]]]}}, {"type": "Feature", "properties": {"class": "building", "raw_confidence": 0.2816, "source_tile_id": "tile_0010"}, "geometry": {"type": "Polygon", "coordinates": [[[85.32416796875, 23.344072265625], [85.32415039062501, 23.3440546875], [85.324138671875, 23.3440546875], [85.32412109375001, 23.344072265625], [85.324115234375, 23.344072265625], [85.324109375, 23.34406640625], [85.32412109375001, 23.3440546875], [85.32412109375001, 23.34404296875], [85.324109375, 23.344025390625], [85.32412109375001, 23.344013671875], [85.3241328125, 23.344013671875], [85.324138671875, 23.3440078125], [85.32414453125, 23.344013671875], [85.32414453125, 23.344025390625], [85.32415039062501, 23.34403125], [85.32415625, 23.344048828125], [85.324173828125, 23.34406640625], [85.32416796875, 23.344072265625]]]}}, {"type": "Feature", "properties": {"class": "building", "raw_confidence": 0.2872, "source_tile_id": "tile_0010"}, "geometry": {"type": "Polygon", "coordinates": [[[85.324455078125, 23.344072265625], [85.32433203125001, 23.344078125], [85.32434375, 23.34404296875], [85.3243203125, 23.344037109375], [85.324267578125, 23.3441015625], [85.324197265625, 23.34408984375], [85.32422070312501, 23.344072265625], [85.32419140625001, 23.34404296875], [85.32421484375, 23.34397265625], [85.32416210937501, 23.3439609375], [85.324173828125, 23.34392578125], [85.324126953125, 23.343896484375], [85.324126953125, 23.343814453125], [85.32416210937501, 23.34375], [85.3242265625, 23.34373828125], [85.32421484375, 23.34369140625], [85.3242734375, 23.34373828125], [85.32425, 23.343791015625], [85.32428515625, 23.34378515625], [85.3242734375, 23.343861328125], [85.3243203125, 23.343861328125], [85.32433203125001, 23.343931640625], [85.324419921875, 23.343908203125], [85.3243671875, 23.344013671875], [85.32447265625001, 23.34399609375], [85.324455078125, 23.344072265625]]]}}, {"type": "Feature", "properties": {"class": "building", "raw_confidence": 0.2852, "source_tile_id": "tile_0010"}, "geometry": {"type": "Polygon", "coordinates": [[[85.324302734375, 23.34418359375], [85.324296875, 23.344166015625], [85.324279296875, 23.3441484375], [85.324279296875, 23.344107421875], [85.32430859375, 23.34408984375], [85.32430859375, 23.3441015625], [85.324296875, 23.34411328125], [85.324302734375, 23.344119140625], [85.3243203125, 23.344125], [85.32433203125001, 23.344142578125], [85.324349609375, 23.344125], [85.32435546875, 23.344125], [85.32436132812501, 23.34413671875], [85.324337890625, 23.3441484375], [85.32433203125001, 23.344171875], [85.324302734375, 23.34418359375]]]}}, {"type": "Feature", "properties": {"class": "building", "raw_confidence": 0.2919, "source_tile_id": "tile_0010"}, "geometry": {"type": "Polygon", "coordinates": [[[85.323546875, 23.344265625], [85.323552734375, 23.3442421875], [85.32358203125, 23.344212890625], [85.323587890625, 23.344189453125], [85.32362890625001, 23.344154296875], [85.323634765625, 23.34418359375], [85.323658203125, 23.344212890625], [85.323640625, 23.344236328125], [85.323623046875, 23.344236328125], [85.323611328125, 23.344224609375], [85.323587890625, 23.344224609375], [85.32358203125, 23.344236328125], [85.323564453125, 23.344248046875], [85.323564453125, 23.344259765625], [85.323546875, 23.344265625]]]}}, {"type": "Feature", "properties": {"class": "building", "raw_confidence": 0.2893, "source_tile_id": "tile_0010"}, "geometry": {"type": "Polygon", "coordinates": [[[85.324525390625, 23.344798828125], [85.324548828125, 23.34478125], [85.324548828125, 23.344775390625], [85.3245546875, 23.34476953125], [85.3245546875, 23.344751953125], [85.324560546875, 23.34474609375], [85.324578125, 23.34474609375], [85.324583984375, 23.344751953125], [85.32458984375, 23.344751953125], [85.3246015625, 23.34476953125], [85.3246015625, 23.34478125], [85.32461328125001, 23.34479296875], [85.324619140625, 23.34479296875], [85.32461328125001, 23.344798828125], [85.324607421875, 23.344798828125], [85.3246015625, 23.34479296875], [85.324578125, 23.34479296875], [85.32457226562501, 23.344798828125], [85.324525390625, 23.344798828125]]]}}, {"type": "Feature", "properties": {"class": "building", "raw_confidence": 0.2858, "source_tile_id": "tile_0010"}, "geometry": {"type": "Polygon", "coordinates": [[[85.32353515625, 23.344939453125], [85.323505859375, 23.344939453125], [85.323494140625, 23.344927734375], [85.323482421875, 23.344927734375], [85.32346484375, 23.344916015625], [85.323453125, 23.344916015625], [85.323453125, 23.3448984375], [85.32348828125001, 23.3448984375], [85.32351171875, 23.344927734375], [85.3235234375, 23.344927734375], [85.32352929687501, 23.34493359375], [85.32353515625, 23.34493359375], [85.32353515625, 23.344939453125]]]}}, {"type": "Feature", "properties": {"class": "building", "raw_confidence": 0.3095, "source_tile_id": "tile_0010"}, "geometry": {"type": "Polygon", "coordinates": [[[85.32351171875, 23.344857421875002], [85.322931640625, 23.344845703125], [85.32272656250001, 23.344400390625], [85.322849609375, 23.344283203125], [85.322650390625, 23.34384375], [85.322732421875, 23.34350390625], [85.322462890625, 23.34322265625], [85.322181640625, 23.34329296875], [85.322, 23.343884765625], [85.322, 23.343005859375], [85.323640625, 23.343005859375], [85.323353515625, 23.343333984375], [85.32358203125, 23.34341015625], [85.323330078125, 23.344001953125], [85.323564453125, 23.34408984375], [85.32351171875, 23.344857421875002]]]}}, {"type": "Feature", "properties": {"class": "building", "raw_confidence": 0.27, "source_tile_id": "tile_0010"}, "geometry": {"type": "Polygon", "coordinates": [[[85.32273828125, 23.345765625], [85.322720703125, 23.34577734375], [85.322708984375, 23.34577734375], [85.322708984375, 23.345759765625], [85.32269726562501, 23.345748046875], [85.3226796875, 23.345748046875], [85.322673828125, 23.34575390625], [85.322662109375, 23.345748046875], [85.32264453125, 23.345748046875], [85.322638671875, 23.3457421875], [85.322638671875, 23.345724609375], [85.32266796875, 23.345724609375], [85.32268554687501, 23.345712890625], [85.3226796875, 23.345736328125], [85.32269140625, 23.3457421875], [85.32269726562501, 23.345736328125], [85.32269726562501, 23.345724609375], [85.322703125, 23.34573046875], [85.32271484375, 23.34573046875], [85.32271484375, 23.3457421875], [85.32272656250001, 23.34575390625], [85.32273828125, 23.34575390625], [85.32273828125, 23.345765625]]]}}, {"type": "Feature", "properties": {"class": "building", "raw_confidence": 0.2971, "source_tile_id": "tile_0010"}, "geometry": {"type": "Polygon", "coordinates": [[[85.322, 23.345724609375], [85.32203515625, 23.345724609375], [85.3220703125, 23.345748046875], [85.32210546875, 23.345748046875], [85.3221171875, 23.345759765625], [85.32209375000001, 23.345771484375], [85.322052734375, 23.345771484375], [85.32203515625, 23.3457890625], [85.322, 23.3457890625], [85.322, 23.345724609375]]]}}, {"type": "Feature", "properties": {"class": "building", "raw_confidence": 0.2787, "source_tile_id": "tile_0010"}, "geometry": {"type": "Polygon", "coordinates": [[[85.32299609375, 23.345900390625], [85.322990234375, 23.345900390625], [85.322984375, 23.3458828125], [85.32297265625, 23.34587109375], [85.32294921875, 23.34587109375], [85.32294921875, 23.345865234375], [85.322943359375, 23.345859375], [85.322943359375, 23.345853515625], [85.32294921875, 23.34584765625], [85.322955078125, 23.34584765625], [85.32296679687501, 23.3458359375], [85.32297265625, 23.3458359375], [85.322978515625, 23.345841796875], [85.322978515625, 23.345853515625], [85.32299609375, 23.34587109375], [85.323001953125, 23.34587109375], [85.323001953125, 23.34589453125], [85.32299609375, 23.345900390625]]]}}, {"type": "Feature", "properties": {"class": "building", "raw_confidence": 0.2825, "source_tile_id": "tile_0010"}, "geometry": {"type": "Polygon", "coordinates": [[[85.32271484375, 23.345953125], [85.322708984375, 23.34594140625], [85.32268554687501, 23.345923828125], [85.32268554687501, 23.345912109375], [85.322708984375, 23.345900390625], [85.322720703125, 23.345876953125], [85.322744140625, 23.345865234375], [85.322767578125, 23.34589453125], [85.322767578125, 23.34591796875], [85.32276171875, 23.3459296875], [85.32273828125, 23.345953125], [85.32271484375, 23.345953125]]]}}, {"type": "Feature", "properties": {"class": "building", "raw_confidence": 0.321, "source_tile_id": "tile_0010"}, "geometry": {"type": "Polygon", "coordinates": [[[85.323013671875, 23.346], [85.32279687500001, 23.3454140625], [85.323611328125, 23.345724609375], [85.3238515625, 23.3446640625], [85.32449609375, 23.3446171875], [85.324115234375, 23.344951171875], [85.32426171875001, 23.345232421875], [85.324759765625, 23.344822265625], [85.32477734375, 23.344353515625], [85.324607421875, 23.344517578125], [85.32447265625001, 23.344212890625], [85.324818359375, 23.34397265625], [85.32487109375, 23.34326953125], [85.32447265625001, 23.3436328125], [85.323875, 23.343005859375], [85.32499414062501, 23.343005859375], [85.32499414062501, 23.346], [85.323013671875, 23.346]]]}}, {"type": "Feature", "properties": {"class": "building", "raw_confidence": 0.2877, "source_tile_id": "tile_0010"}, "geometry": {"type": "Polygon", "coordinates": [[[85.322791015625, 23.345970703125], [85.322791015625, 23.345953125], [85.322802734375, 23.34594140625], [85.322802734375, 23.345912109375], [85.32280859375, 23.34590625], [85.322837890625, 23.34590625], [85.32285546875, 23.345923828125], [85.322873046875, 23.345923828125], [85.322890625, 23.34594140625], [85.32290234375, 23.34594140625], [85.32290234375, 23.345953125], [85.322890625, 23.34596484375], [85.322890625, 23.34598828125], [85.322884765625, 23.346], [85.32280859375, 23.346], [85.322791015625, 23.345970703125]]]}}, {"type": "Feature", "properties": {"class": "building", "raw_confidence": 0.2847, "source_tile_id": "tile_0010"}, "geometry": {"type": "Polygon", "coordinates": [[[85.3221171875, 23.34580078125], [85.32217578125, 23.34577734375], [85.32229296875, 23.345830078125], [85.322451171875, 23.345841796875], [85.322462890625, 23.345859375], [85.322421875, 23.34587109375], [85.32243359375, 23.34589453125], [85.32248046875, 23.345876953125], [85.322533203125, 23.345900390625], [85.32250390625, 23.345923828125], [85.32250390625, 23.34596484375], [85.32248632812501, 23.34591796875], [85.322427734375, 23.345900390625], [85.32241601562501, 23.345947265625], [85.322369140625, 23.345970703125], [85.32237500000001, 23.346], [85.322216796875, 23.346], [85.32217578125, 23.345900390625], [85.32212890625, 23.34587109375], [85.322146484375, 23.34584765625], [85.3221171875, 23.34580078125]]]}}, {"type": "Feature", "properties": {"class": "land_use", "raw_confidence": 0.2749, "source_tile_id": "tile_0010"}, "geometry": {"type": "Polygon", "coordinates": [[[85.324443359375, 23.34328125], [85.324443359375, 23.34326953125], [85.32444921875, 23.343263671875], [85.324455078125, 23.343263671875], [85.324466796875, 23.343251953125], [85.324484375, 23.343251953125], [85.32450195312501, 23.34326953125], [85.32450195312501, 23.343275390625], [85.32449609375, 23.343275390625], [85.324490234375, 23.34328125], [85.32447265625001, 23.34328125], [85.324466796875, 23.343287109375], [85.32444921875, 23.343287109375], [85.324443359375, 23.34328125]]]}}, {"type": "Feature", "properties": {"class": "land_use", "raw_confidence": 0.2839, "source_tile_id": "tile_0010"}, "geometry": {"type": "Polygon", "coordinates": [[[85.32342968750001, 23.343626953125], [85.32342968750001, 23.343609375], [85.323435546875, 23.343603515625], [85.32346484375, 23.343603515625], [85.323482421875, 23.343591796875], [85.3235, 23.343591796875], [85.32351171875, 23.343603515625], [85.32351171875, 23.3436328125], [85.323505859375, 23.343638671875], [85.323494140625, 23.343638671875], [85.3234765625, 23.343650390625], [85.323470703125, 23.343650390625], [85.32345898437501, 23.343638671875], [85.323447265625, 23.343638671875], [85.32342968750001, 23.343626953125]]]}}, {"type": "Feature", "properties": {"class": "land_use", "raw_confidence": 0.2823, "source_tile_id": "tile_0010"}, "geometry": {"type": "Polygon", "coordinates": [[[85.32278515625, 23.343720703125], [85.3227734375, 23.343720703125], [85.322767578125, 23.34371484375], [85.32275, 23.34371484375], [85.322744140625, 23.343708984375], [85.322732421875, 23.343708984375], [85.322720703125, 23.343697265625], [85.322720703125, 23.34369140625], [85.322732421875, 23.34369140625], [85.32273828125, 23.343685546875], [85.322744140625, 23.343685546875], [85.32275, 23.3436796875], [85.32275585937501, 23.343662109375], [85.32276171875, 23.343662109375], [85.32276171875, 23.343673828125], [85.322767578125, 23.3436796875], [85.322767578125, 23.343685546875], [85.322779296875, 23.343697265625], [85.322779296875, 23.343703125], [85.32278515625, 23.343708984375], [85.32278515625, 23.343720703125]]]}}, {"type": "Feature", "properties": {"class": "land_use", "raw_confidence": 0.2817, "source_tile_id": "tile_0010"}, "geometry": {"type": "Polygon", "coordinates": [[[85.323962890625, 23.343984375], [85.32391015625001, 23.343861328125], [85.323939453125, 23.343861328125], [85.323927734375, 23.343826171875], [85.32395117187501, 23.34384375], [85.323974609375, 23.343826171875], [85.3239921875, 23.343767578125], [85.32400390625, 23.34376171875], [85.32400390625, 23.3438203125], [85.3239921875, 23.343837890625], [85.324015625, 23.34385546875], [85.32402734375, 23.343890625], [85.32400390625, 23.343873046875], [85.32398046875001, 23.343884765625], [85.323986328125, 23.343908203125], [85.32402148437501, 23.34392578125], [85.32398046875001, 23.34392578125], [85.32396875, 23.3439375], [85.32398046875001, 23.343984375], [85.323962890625, 23.343984375]]]}}, {"type": "Feature", "properties": {"class": "land_use", "raw_confidence": 0.2819, "source_tile_id": "tile_0010"}, "geometry": {"type": "Polygon", "coordinates": [[[85.32395117187501, 23.344412109375], [85.323939453125, 23.344400390625], [85.32393359375, 23.344400390625], [85.323927734375, 23.34439453125], [85.323927734375, 23.344388671875], [85.32393359375, 23.3443828125], [85.32393359375, 23.34437109375], [85.323939453125, 23.34437109375], [85.3239453125, 23.344365234375], [85.323962890625, 23.344365234375], [85.323974609375, 23.344376953125], [85.323974609375, 23.34439453125], [85.32395703125, 23.344412109375], [85.32395117187501, 23.344412109375]]]}}, {"type": "Feature", "properties": {"class": "land_use", "raw_confidence": 0.2811, "source_tile_id": "tile_0010"}, "geometry": {"type": "Polygon", "coordinates": [[[85.324384765625, 23.3444296875], [85.324373046875, 23.3444296875], [85.32435546875, 23.34440625], [85.324337890625, 23.34440625], [85.32433203125001, 23.34441796875], [85.324337890625, 23.344400390625], [85.3243203125, 23.344388671875], [85.3243203125, 23.34437109375], [85.32433203125001, 23.344365234375], [85.324349609375, 23.344388671875], [85.3243671875, 23.3443828125], [85.3243671875, 23.344365234375], [85.324373046875, 23.344359375], [85.3243671875, 23.34432421875], [85.32437890625, 23.34432421875], [85.32437890625, 23.344388671875], [85.324373046875, 23.344388671875], [85.3243671875, 23.344400390625], [85.324384765625, 23.344412109375], [85.324384765625, 23.3444296875]]]}}, {"type": "Feature", "properties": {"class": "land_use", "raw_confidence": 0.2826, "source_tile_id": "tile_0010"}, "geometry": {"type": "Polygon", "coordinates": [[[85.32393359375, 23.344728515625], [85.3239453125, 23.344693359375], [85.3238515625, 23.344658203125], [85.3238984375, 23.344634765625], [85.323904296875, 23.34448828125], [85.323974609375, 23.34444140625], [85.324056640625, 23.344494140625], [85.324126953125, 23.344400390625], [85.32396875, 23.344330078125], [85.323962890625, 23.34425390625], [85.324033203125, 23.344265625], [85.32407421875, 23.34420703125], [85.324115234375, 23.344271484375], [85.324173828125, 23.34425390625], [85.3240625, 23.34430078125], [85.32408007812501, 23.344353515625], [85.324138671875, 23.344318359375], [85.3241796875, 23.34434765625], [85.32416210937501, 23.34441796875], [85.3242265625, 23.34434765625], [85.324244140625, 23.344400390625], [85.3241796875, 23.34444140625], [85.324197265625, 23.3445], [85.323974609375, 23.344634765625], [85.324068359375, 23.344646484375], [85.32402734375, 23.344734375], [85.323974609375, 23.34465234375], [85.32393359375, 23.344728515625]]]}}, {"type": "Feature", "properties": {"class": "land_use", "raw_confidence": 0.2932, "source_tile_id": "tile_0010"}, "geometry": {"type": "Polygon", "coordinates": [[[85.323083984375, 23.34493359375], [85.3231015625, 23.344951171875], [85.323294921875, 23.34496875], [85.32332421875, 23.344951171875], [85.323365234375, 23.3449453125], [85.32338867187501, 23.344962890625], [85.32327734375001, 23.344998046875], [85.323154296875, 23.34500390625], [85.32310742187501, 23.34496875], [85.323083984375, 23.34493359375]]]}}, {"type": "Feature", "properties": {"class": "land_use", "raw_confidence": 0.3068, "source_tile_id": "tile_0010"}, "geometry": {"type": "Polygon", "coordinates": [[[85.322767578125, 23.3449921875], [85.322767578125, 23.34498046875], [85.322814453125, 23.34495703125], [85.322849609375, 23.34495703125], [85.32286718750001, 23.3449453125], [85.32290234375, 23.3449453125], [85.322919921875, 23.34495703125], [85.32289648437501, 23.344986328125], [85.322861328125, 23.3449921875], [85.32285546875, 23.344998046875], [85.322791015625, 23.34500390625], [85.32278515625, 23.345009765625], [85.322767578125, 23.3449921875]]]}}, {"type": "Feature", "properties": {"class": "land_use", "raw_confidence": 0.3057, "source_tile_id": "tile_0010"}, "geometry": {"type": "Polygon", "coordinates": [[[85.32345898437501, 23.344962890625], [85.3234765625, 23.344951171875], [85.323546875, 23.344951171875], [85.323576171875, 23.344939453125], [85.32360546875, 23.3449453125], [85.3236171875, 23.34493359375], [85.323646484375, 23.34493359375], [85.32365234375, 23.344939453125], [85.32365234375, 23.34496875], [85.32362890625001, 23.3449921875], [85.32355859375001, 23.345015625], [85.3235, 23.345009765625], [85.32345898437501, 23.344962890625]]]}}, {"type": "Feature", "properties": {"class": "land_use", "raw_confidence": 0.2799, "source_tile_id": "tile_0010"}, "geometry": {"type": "Polygon", "coordinates": [[[85.32285546875, 23.345578125], [85.32284375, 23.345578125], [85.322837890625, 23.345572265625], [85.322837890625, 23.3455546875], [85.3228203125, 23.34553125], [85.3228203125, 23.345513671875], [85.32283203125, 23.345501953125], [85.32283203125, 23.34547265625], [85.3228203125, 23.345455078125], [85.322849609375, 23.345443359375], [85.322884765625, 23.345484375], [85.32290234375, 23.34551953125], [85.322890625, 23.345537109375], [85.32285546875, 23.34556640625], [85.32285546875, 23.345578125]]]}}, {"type": "Feature", "properties": {"class": "land_use", "raw_confidence": 0.3119, "source_tile_id": "tile_0010"}, "geometry": {"type": "Polygon", "coordinates": [[[85.322, 23.345589843750002], [85.322, 23.34525], [85.322099609375, 23.345291015625], [85.322146484375, 23.345337890625], [85.32217578125, 23.345408203125], [85.322181640625, 23.345478515625], [85.32216406250001, 23.34551953125], [85.3220703125, 23.345548828125], [85.322029296875, 23.345583984375], [85.322, 23.345589843750002]]]}}, {"type": "Feature", "properties": {"class": "land_use", "raw_confidence": 0.2753, "source_tile_id": "tile_0010"}, "geometry": {"type": "Polygon", "coordinates": [[[85.32300781250001, 23.345712890625], [85.322984375, 23.345712890625], [85.32297265625, 23.345701171875], [85.322943359375, 23.345712890625], [85.322931640625, 23.345701171875], [85.322919921875, 23.345701171875], [85.32290234375, 23.34568359375], [85.32289648437501, 23.34566015625], [85.322908203125, 23.345642578125], [85.322931640625, 23.345625], [85.322943359375, 23.345625], [85.3229609375, 23.345642578125], [85.322984375, 23.34563671875], [85.322990234375, 23.345642578125], [85.322984375, 23.345666015625], [85.322990234375, 23.345671875], [85.32300781250001, 23.345671875], [85.32300781250001, 23.345701171875], [85.323013671875, 23.34570703125], [85.32300781250001, 23.345712890625]]]}}, {"type": "Feature", "properties": {"class": "land_use", "raw_confidence": 0.2835, "source_tile_id": "tile_0010"}, "geometry": {"type": "Polygon", "coordinates": [[[85.32359960937501, 23.345724609375], [85.32358203125, 23.345712890625], [85.32353515625, 23.34571875], [85.323505859375, 23.345689453125], [85.32351171875, 23.34568359375], [85.32352929687501, 23.34570703125], [85.323576171875, 23.345689453125], [85.3235703125, 23.345677734375], [85.323552734375, 23.345677734375], [85.32353515625, 23.3456484375], [85.323546875, 23.345642578125], [85.323546875, 23.345625], [85.323564453125, 23.345619140625], [85.323541015625, 23.345595703125], [85.323541015625, 23.345572265625], [85.323576171875, 23.345537109375], [85.32358203125, 23.345560546875], [85.3235703125, 23.345572265625], [85.32360546875, 23.345572265625], [85.323587890625, 23.345619140625], [85.323564453125, 23.345630859375], [85.32358203125, 23.34568359375], [85.3236171875, 23.3456953125], [85.3236171875, 23.345712890625], [85.32359960937501, 23.345724609375]]]}}, {"type": "Feature", "properties": {"class": "land_use", "raw_confidence": 0.2823, "source_tile_id": "tile_0010"}, "geometry": {"type": "Polygon", "coordinates": [[[85.32290234375, 23.345589843750002], [85.32279687500001, 23.34573046875], [85.32283203125, 23.34580078125], [85.32275, 23.345794921875], [85.322767578125, 23.345830078125], [85.3226796875, 23.345923828125], [85.32243359375, 23.345888671875], [85.322462890625, 23.345841796875], [85.32224609375, 23.3457890625], [85.322333984375, 23.345607421875002], [85.32238671875, 23.34561328125], [85.322521484375, 23.3457890625], [85.3226796875, 23.34575390625], [85.322720703125, 23.345783203125], [85.322744140625, 23.34575390625], [85.32268554687501, 23.345671875], [85.3228203125, 23.345689453125], [85.322767578125, 23.34556640625], [85.32283203125, 23.345607421875002], [85.32290234375, 23.345589843750002]]]}}, {"type": "Feature", "properties": {"class": "land_use", "raw_confidence": 0.2948, "source_tile_id": "tile_0010"}, "geometry": {"type": "Polygon", "coordinates": [[[85.322, 23.345841796875], [85.32203515625, 23.345865234375], [85.32206445312501, 23.345859375], [85.322099609375, 23.345876953125], [85.322123046875, 23.345865234375], [85.322158203125, 23.345888671875], [85.32217578125, 23.345912109375], [85.322181640625, 23.345947265625], [85.3222109375, 23.345982421875], [85.3222109375, 23.346], [85.322, 23.346], [85.322, 23.345841796875]]]}}, {"type": "Feature", "properties": {"class": "parcel", "raw_confidence": 0.2605, "source_tile_id": "tile_0010"}, "geometry": {"type": "Polygon", "coordinates": [[[85.32234844973522, 23.34426988875871], [85.32233772970905, 23.344306534028668], [85.32233055242294, 23.34434403444647], [85.3223269832707, 23.34438204833766], [85.32232705477166, 23.344420229349417], [85.32233076627435, 23.344458229606246], [85.32233808396246, 23.34449570287955], [85.32234894116296, 23.344532307742185], [85.32236323895353, 23.344567710679296], [85.32256831707852, 23.345013023179295], [85.3225871874884, 23.345049055126907], [85.32259889401912, 23.34506676168943], [85.32259411133063, 23.345069262711167], [85.32256084981024, 23.345091119610625], [85.32252992501712, 23.34511617375124], [85.32250164311691, 23.34514417708876], [85.32247628410975, 23.345174852380897], [85.32245409905818, 23.34520789593214], [85.32243530760154, 23.345242980600432], [85.32242009578144, 23.34527975903598], [85.32240861419992, 23.34531786712013], [85.32240097652841, 23.345356927570283], [85.32239725838242, 23.34539655367509], [85.32239731615856, 23.345406207542297], [85.32238491456133, 23.345415405193656], [85.32237207544252, 23.34542704189264], [85.32233992712092, 23.345412575147925], [85.3223025316338, 23.345397956955022], [85.32229497868427, 23.345395848520305], [85.32229402744473, 23.34539527836926], [85.32225854212294, 23.345378495061993], [85.3222215826209, 23.345365270740707], [85.32219655258378, 23.345359001042794], [85.32218797188023, 23.345354950906742], [85.32215106990944, 23.345341772564396], [85.32211305558471, 23.34533226807759], [85.32207429370672, 23.345326528655196], [85.32203515625, 23.345324609375], [85.322, 23.345324609375], [85.32196079314387, 23.345326535484332], [85.32192196387119, 23.34533229526284], [85.3218838861291, 23.34534183324071], [85.32184692662706, 23.345355057561996], [85.32181144130527, 23.345371840869262], [85.3217777719068, 23.34539202153008], [85.32174624268633, 23.345415405193656], [85.32171715728752, 23.345441766662525], [85.32169079581865, 23.345470852061336], [85.32166741215508, 23.345502381281793], [85.32164723149427, 23.34553605068027], [85.321630448187, 23.345571536002055], [85.32161722386572, 23.3456084955041], [85.32160768588784, 23.345646573246196], [85.32160192610934, 23.345685402518868], [85.3216, 23.345724609375], [85.3216, 23.3457890625], [85.32160192610934, 23.345828269356133], [85.32160768588784, 23.345867098628805], [85.32161722386572, 23.345905176370902], [85.321630448187, 23.345942135872946], [85.32164723149427, 23.34597762119473], [85.32166741215508, 23.346011290593207], [85.32169079581865, 23.346042819813665], [85.32171715728752, 23.346071905212476], [85.32174624268633, 23.346098266681345], [85.3217777719068, 23.34612165034492], [85.32181144130527, 23.34614183100574], [85.32184692662706, 23.346158614313005], [85.32185049787125, 23.34615989212461], [85.32186366741885, 23.346187881843736], [85.32188382211102, 23.346221647933785], [85.32190719492196, 23.34625327185134], [85.32193355995928, 23.346282447959048], [85.32196266241137, 23.346308894277048], [85.32199422101023, 23.346332355208204], [85.32202793074981, 23.346352604008423], [85.32206346583382, 23.346369444978055], [85.32210048282444, 23.346382715353286], [85.32213862396159, 23.346392286879222], [85.32217752062066, 23.346398067049435], [85.322216796875, 23.3464], [85.32237500000001, 23.3464], [85.32241422998902, 23.3463980716116], [85.32245308172475, 23.346392305039814], [85.32249118060102, 23.346382755885585], [85.32252815927066, 23.34636951622131], [85.32254258457456, 23.346362688943984], [85.32257527617219, 23.34635842517005], [85.32261397629213, 23.34634940139955], [85.32261408372682, 23.34634936478465], [85.32264836139623, 23.346366504560418], [85.32268690821304, 23.346381041507055], [85.3227267457939, 23.34639153660376], [85.32276745156668, 23.34639787852512], [85.32280859375, 23.3464], [85.322884765625, 23.3464], [85.32292495763792, 23.34639797563003], [85.32294925777383, 23.34639427879064], [85.32297319406608, 23.346397946663494], [85.323013671875, 23.3464], [85.32499414062501, 23.3464], [85.32503334748114, 23.34639807389067], [85.32507217675382, 23.346392314112162], [85.32511025449591, 23.34638277613429], [85.32514721399795, 23.346369551813005], [85.32518269931974, 23.34635276850574], [85.32521636871822, 23.34633258784492], [85.32524789793868, 23.346309204181345], [85.32527698333749, 23.346282842712476], [85.32530334480636, 23.346253757313665], [85.32532672846993, 23.346222228093207], [85.32534690913074, 23.34618855869473], [85.32536369243802, 23.346153073372946], [85.3253769167593, 23.346116113870902], [85.32538645473717, 23.346078036128805], [85.32539221451567, 23.346039206856133], [85.32539414062501, 23.346], [85.32539414062501, 23.343005859375], [85.32539221451567, 23.342966652518868], [85.32538645473717, 23.342927823246196], [85.3253769167593, 23.3428897455041], [85.32536369243802, 23.342852786002055], [85.32534690913074, 23.34281730068027], [85.32532672846993, 23.342783631281794], [85.32530334480636, 23.342752102061336], [85.32527698333749, 23.342723016662525], [85.32524789793868, 23.342696655193656], [85.32521636871822, 23.34267327153008], [85.32518269931974, 23.342653090869263], [85.32514721399795, 23.342636307561996], [85.32511025449591, 23.34262308324071], [85.32507217675382, 23.34261354526284], [85.32503334748114, 23.342607785484333], [85.32499414062501, 23.342605859375002], [85.323875, 23.342605859375002], [85.32383618989172, 23.34260774660769], [85.32379774600196, 23.342613390497526], [85.32376003109356, 23.34262273778784], [85.32375795336648, 23.34262347304531], [85.32371973906905, 23.34261376121882], [85.32368037885219, 23.342607839738253], [85.323640625, 23.342605859375002], [85.322, 23.342605859375002], [85.32196079314387, 23.342607785484333], [85.32192196387119, 23.34261354526284], [85.3218838861291, 23.34262308324071], [85.32184692662706, 23.342636307561996], [85.32181144130527, 23.342653090869263], [85.3217777719068, 23.34267327153008], [85.32174624268633, 23.342696655193656], [85.32171715728752, 23.342723016662525], [85.32169079581865, 23.342752102061336], [85.32166741215508, 23.342783631281794], [85.32164723149427, 23.34281730068027], [85.321630448187, 23.342852786002055], [85.32161722386572, 23.3428897455041], [85.32160768588784, 23.342927823246196], [85.32160192610934, 23.342966652518868], [85.3216, 23.343005859375], [85.3216, 23.343884765625], [85.32160192167918, 23.343923927474837], [85.32160766825241, 23.343962713042117], [85.32161718450439, 23.34400074965976], [85.32163037899917, 23.34403767185689], [85.32164712495886, 23.344073124870416], [85.32166726148161, 23.344106768053752], [85.32169059508774, 23.344138278149877], [85.32171690157875, 23.344167352397314], [85.32174592819146, 23.344193711439186], [85.32177739602668, 23.344217102007384], [85.32181100272896, 23.34423729935607], [85.32184642539187, 23.344254109421122], [85.32188332366037, 23.344267370684783], [85.32192134300135, 23.34427695572758], [85.3219601181099, 23.344282772452633], [85.32199927641945, 23.34428476497054], [85.32203844168143, 23.344282914136397], [85.32207723758052, 23.34427723773376], [85.32211529135037, 23.34426779030375], [85.32215223735528, 23.344254662621008], [85.32218772060344, 23.344237980821514], [85.32222140015772, 23.344217905190593], [85.32225295241165, 23.344194628622862], [85.32228207419868, 23.344168374768792], [85.32230848570515, 23.344139395885808], [85.32233134488804, 23.344108758845], [85.32237628423768, 23.344207889763318], [85.32236261482896, 23.34423443251962], [85.32234844973522, 23.34426988875871]]]}}, {"type": "Feature", "properties": {"class": "building", "raw_confidence": 0.2917, "source_tile_id": "tile_0013"}, "geometry": {"type": "Polygon", "coordinates": [[[85.31491015625001, 23.3470078125], [85.314904296875, 23.346955078125], [85.314921875, 23.34692578125], [85.31491015625001, 23.3469140625], [85.31491015625001, 23.34687890625], [85.314962890625, 23.346849609375], [85.31502148437501, 23.346849609375], [85.315033203125, 23.3468671875], [85.3150390625, 23.346919921875], [85.3150859375, 23.346943359375], [85.31507421875, 23.347001953125], [85.31505078125001, 23.347013671875], [85.31498046875001, 23.34699609375], [85.31495117187501, 23.347013671875], [85.31491015625001, 23.3470078125]]]}}, {"type": "Feature", "properties": {"class": "building", "raw_confidence": 0.2709, "source_tile_id": "tile_0013"}, "geometry": {"type": "Polygon", "coordinates": [[[85.31493359375, 23.34711328125], [85.314927734375, 23.347095703125], [85.314904296875, 23.347072265625002], [85.314904296875, 23.34706640625], [85.314927734375, 23.34704296875], [85.314927734375, 23.347037109375], [85.31493359375, 23.34703125], [85.31493359375, 23.347037109375], [85.314939453125, 23.34704296875], [85.314939453125, 23.347054687500002], [85.3149453125, 23.347060546875], [85.3149453125, 23.347083984375], [85.314939453125, 23.347089843750002], [85.314939453125, 23.347107421875002], [85.31493359375, 23.34711328125]]]}}, {"type": "Feature", "properties": {"class": "building", "raw_confidence": 0.2955, "source_tile_id": "tile_0013"}, "geometry": {"type": "Polygon", "coordinates": [[[85.31599414062501, 23.34746484375], [85.315958984375, 23.3474765625], [85.31578320312501, 23.347330078125], [85.31577734375, 23.347294921875], [85.315759765625, 23.34732421875], [85.315677734375, 23.3472890625], [85.315607421875, 23.347306640625], [85.3155546875, 23.34725390625], [85.315583984375, 23.34727734375], [85.31570703125, 23.347271484375], [85.31570703125, 23.34721875], [85.315771484375, 23.34713671875], [85.315794921875, 23.347142578125], [85.315818359375, 23.347212890625], [85.31594140625, 23.347142578125], [85.315958984375, 23.347166015625], [85.31599414062501, 23.347154296875], [85.31599414062501, 23.34746484375]]]}}, {"type": "Feature", "properties": {"class": "building", "raw_confidence": 0.2842, "source_tile_id": "tile_0013"}, "geometry": {"type": "Polygon", "coordinates": [[[85.31336328125, 23.347470703125], [85.313328125, 23.347494140625], [85.31328125, 23.347494140625], [85.313228515625, 23.34746484375], [85.31312890625, 23.34744140625], [85.31313476562501, 23.347412109375], [85.313158203125, 23.3473828125], [85.313158203125, 23.347341796875], [85.3132109375, 23.3473125], [85.313287109375, 23.347318359375], [85.313298828125, 23.347330078125], [85.31329296875, 23.347353515625], [85.31330468750001, 23.347388671875], [85.313333984375, 23.3474296875], [85.31336328125, 23.347447265625], [85.31336328125, 23.347470703125]]]}}, {"type": "Feature", "properties": {"class": "building", "raw_confidence": 0.2872, "source_tile_id": "tile_0013"}, "geometry": {"type": "Polygon", "coordinates": [[[85.31362109375, 23.347517578125], [85.31359765625, 23.34751171875], [85.313580078125, 23.347482421875], [85.31355078125, 23.347482421875], [85.313462890625, 23.34744140625], [85.313451171875, 23.347365234375], [85.31348632812501, 23.34732421875], [85.313521484375, 23.34732421875], [85.31357421875, 23.347388671875], [85.31362109375, 23.3473828125], [85.3136328125, 23.34739453125], [85.31362695312501, 23.34741796875], [85.31364453125, 23.34744140625], [85.31364453125, 23.34746484375], [85.31362109375, 23.347517578125]]]}}, {"type": "Feature", "properties": {"class": "building", "raw_confidence": 0.2944, "source_tile_id": "tile_0013"}, "geometry": {"type": "Polygon", "coordinates": [[[85.315701171875, 23.347517578125], [85.315625, 23.347505859375], [85.31549609375, 23.3475234375], [85.3154375, 23.347470703125], [85.315443359375, 23.34744140625], [85.315396484375, 23.34741796875], [85.315279296875, 23.347458984375], [85.315279296875, 23.34744140625], [85.31533203125001, 23.34739453125], [85.31535546875, 23.347330078125], [85.31533203125001, 23.34730078125], [85.315396484375, 23.3472890625], [85.315419921875, 23.347265625], [85.3154375, 23.3473125], [85.315578125, 23.34741796875], [85.31561328125001, 23.347423828125], [85.315701171875, 23.347517578125]]]}}, {"type": "Feature", "properties": {"class": "building", "raw_confidence": 0.2765, "source_tile_id": "tile_0013"}, "geometry": {"type": "Polygon", "coordinates": [[[85.315900390625, 23.347611328125], [85.31589453125001, 23.3476171875], [85.315859375, 23.347611328125], [85.31585351562501, 23.34758203125], [85.315830078125, 23.347564453125], [85.3157890625, 23.34758203125], [85.315771484375, 23.34755859375], [85.3157421875, 23.347541015625], [85.315736328125, 23.347517578125], [85.31578320312501, 23.34751171875], [85.315794921875, 23.3475], [85.3158359375, 23.34751171875], [85.31584765625, 23.347529296875], [85.315888671875, 23.3475234375], [85.315912109375, 23.347541015625], [85.315900390625, 23.347611328125]]]}}, {"type": "Feature", "properties": {"class": "building", "raw_confidence": 0.3041, "source_tile_id": "tile_0013"}, "geometry": {"type": "Polygon", "coordinates": [[[85.31505078125001, 23.34762890625], [85.315033203125, 23.34755859375], [85.31509179687501, 23.347552734375], [85.315109375, 23.34751171875], [85.31502734375, 23.347435546875], [85.314974609375, 23.3474296875], [85.314962890625, 23.347447265625], [85.31500390625, 23.34746484375], [85.31495117187501, 23.347470703125], [85.314939453125, 23.34737109375], [85.3149921875, 23.347294921875], [85.315173828125, 23.347236328125], [85.31525, 23.34730078125], [85.31521484375, 23.347353515625], [85.31523828125, 23.347447265625], [85.31521484375, 23.347423828125], [85.31516210937501, 23.34744140625], [85.315208984375, 23.34746484375], [85.315203125, 23.347611328125], [85.31509179687501, 23.34759375], [85.31505078125001, 23.34762890625]]]}}, {"type": "Feature", "properties": {"class": "building", "raw_confidence": 0.2891, "source_tile_id": "tile_0013"}, "geometry": {"type": "Polygon", "coordinates": [[[85.31380859375, 23.347804687500002], [85.313779296875, 23.347775390625], [85.313779296875, 23.34776953125], [85.313802734375, 23.347740234375], [85.313814453125, 23.347740234375], [85.3138203125, 23.34774609375], [85.31383203125, 23.34774609375], [85.31383203125, 23.347751953125], [85.31382617187501, 23.347751953125], [85.313814453125, 23.347763671875], [85.313814453125, 23.347798828125], [85.31380859375, 23.347804687500002]]]}}, {"type": "Feature", "properties": {"class": "building", "raw_confidence": 0.2992, "source_tile_id": "tile_0013"}, "geometry": {"type": "Polygon", "coordinates": [[[85.3132109375, 23.347798828125], [85.313216796875, 23.34778125], [85.31323437500001, 23.34778125], [85.313240234375, 23.347787109375002], [85.313263671875, 23.347751953125], [85.31327539062501, 23.3477578125], [85.31331640625, 23.3477578125], [85.313333984375, 23.347787109375002], [85.313328125, 23.347822265625002], [85.31333984375, 23.347833984375], [85.31333984375, 23.347845703125], [85.313322265625, 23.347845703125], [85.31331640625, 23.347839843750002], [85.313263671875, 23.347845703125], [85.3132109375, 23.347798828125]]]}}, {"type": "Feature", "properties": {"class": "building", "raw_confidence": 0.2835, "source_tile_id": "tile_0013"}, "geometry": {"type": "Polygon", "coordinates": [[[85.31384375, 23.348126953125], [85.31375, 23.34809765625], [85.31373828125, 23.34802734375], [85.31369140625, 23.348056640625], [85.313615234375, 23.3480625], [85.313603515625, 23.347986328125], [85.31364453125, 23.347951171875], [85.313638671875, 23.347869140625], [85.31365625000001, 23.347839843750002], [85.31366796875, 23.3478515625], [85.313650390625, 23.34786328125], [85.313732421875, 23.3478984375], [85.31373828125, 23.34793359375], [85.3137734375, 23.34795703125], [85.313814453125, 23.348044921875], [85.31386718750001, 23.34807421875], [85.31384375, 23.348126953125]]]}}, {"type": "Feature", "properties": {"class": "building", "raw_confidence": 0.2671, "source_tile_id": "tile_0013"}, "geometry": {"type": "Polygon", "coordinates": [[[85.31488085937501, 23.3486484375], [85.31486328125, 23.348630859375], [85.314857421875, 23.348630859375], [85.31483984375001, 23.3486484375], [85.314822265625, 23.348642578125], [85.314822265625, 23.348589843750002], [85.314828125, 23.348583984375], [85.314828125, 23.348572265625002], [85.3148515625, 23.348572265625002], [85.31483984375001, 23.348589843750002], [85.3148515625, 23.3486015625], [85.314875, 23.348607421875002], [85.314875, 23.348619140625], [85.31488671875, 23.348630859375], [85.31488671875, 23.348642578125], [85.31488085937501, 23.3486484375]]]}}, {"type": "Feature", "properties": {"class": "building", "raw_confidence": 0.2677, "source_tile_id": "tile_0013"}, "geometry": {"type": "Polygon", "coordinates": [[[85.315015625, 23.348712890625], [85.314986328125, 23.348712890625], [85.314986328125, 23.3486953125], [85.314974609375, 23.34868359375], [85.314962890625, 23.34868359375], [85.314962890625, 23.34866015625], [85.314974609375, 23.3486484375], [85.3149921875, 23.3486484375], [85.3149921875, 23.348666015625], [85.31500390625, 23.348677734375], [85.315009765625, 23.348677734375], [85.315009765625, 23.34868359375], [85.31502148437501, 23.3486953125], [85.31502148437501, 23.34870703125], [85.315015625, 23.348712890625]]]}}, {"type": "Feature", "properties": {"class": "building", "raw_confidence": 0.2764, "source_tile_id": "tile_0013"}, "geometry": {"type": "Polygon", "coordinates": [[[85.31474609375, 23.34873046875], [85.31474609375, 23.348724609375], [85.314751953125, 23.34871875], [85.314751953125, 23.34870703125], [85.3147578125, 23.348701171875], [85.3147578125, 23.3486953125], [85.314763671875, 23.348689453125], [85.314763671875, 23.34868359375], [85.31478125, 23.34868359375], [85.314787109375, 23.348689453125], [85.314798828125, 23.348689453125], [85.314798828125, 23.3486953125], [85.3148046875, 23.348701171875], [85.3148046875, 23.348712890625], [85.314798828125, 23.34871875], [85.314787109375, 23.34871875], [85.31476953125001, 23.34873046875], [85.31474609375, 23.34873046875]]]}}, {"type": "Feature", "properties": {"class": "building", "raw_confidence": 0.2701, "source_tile_id": "tile_0013"}, "geometry": {"type": "Polygon", "coordinates": [[[85.314869140625, 23.34880078125], [85.31483984375001, 23.348806640625], [85.314833984375, 23.348794921875], [85.314857421875, 23.348748046875], [85.31486328125, 23.348748046875], [85.314875, 23.34873046875], [85.31486328125, 23.34871875], [85.314828125, 23.348724609375], [85.314822265625, 23.34871875], [85.314822265625, 23.348701171875], [85.3148515625, 23.348701171875], [85.31488671875, 23.34871875], [85.31488671875, 23.348748046875], [85.314892578125, 23.348759765625], [85.314875, 23.34877734375], [85.314869140625, 23.34880078125]]]}}, {"type": "Feature", "properties": {"class": "building", "raw_confidence": 0.2966, "source_tile_id": "tile_0013"}, "geometry": {"type": "Polygon", "coordinates": [[[85.31599414062501, 23.348982421875], [85.3155546875, 23.348712890625], [85.315666015625, 23.34854296875], [85.315466796875, 23.3482734375], [85.3150625, 23.348408203125], [85.31521484375, 23.348021484375], [85.31500390625, 23.348302734375], [85.314833984375, 23.348208984375], [85.3146875, 23.347798828125], [85.314927734375, 23.34751171875], [85.31514453125, 23.3478984375], [85.315337890625, 23.347705078125], [85.315279296875, 23.34751171875], [85.315830078125, 23.347640625], [85.315607421875, 23.347751953125], [85.315859375, 23.34793359375], [85.31571875, 23.347927734375], [85.315724609375, 23.348267578125], [85.31599414062501, 23.34821484375], [85.31599414062501, 23.348982421875]]]}}, {"type": "Feature", "properties": {"class": "building", "raw_confidence": 0.2895, "source_tile_id": "tile_0013"}, "geometry": {"type": "Polygon", "coordinates": [[[85.31331640625, 23.348923828125], [85.313357421875, 23.34884765625], [85.313451171875, 23.348794921875], [85.31348046875, 23.3488125], [85.31350390625, 23.348794921875], [85.31358593750001, 23.34884765625], [85.3135390625, 23.34887109375], [85.31355664062501, 23.3489296875], [85.31358593750001, 23.348947265625], [85.31358593750001, 23.349], [85.31355664062501, 23.349], [85.31355078125, 23.348953125], [85.31350390625, 23.34896484375], [85.3135390625, 23.349], [85.313439453125, 23.349], [85.31348046875, 23.348970703125], [85.31338671875, 23.348923828125], [85.313369140625, 23.34894140625], [85.31331640625, 23.348923828125]]]}}, {"type": "Feature", "properties": {"class": "land_use", "raw_confidence": 0.3193, "source_tile_id": "tile_0013"}, "geometry": {"type": "Polygon", "coordinates": [[[85.313474609375, 23.346017578125], [85.313474609375, 23.346005859375], [85.31355078125, 23.346005859375], [85.31355078125, 23.346029296875], [85.313544921875, 23.34603515625], [85.313544921875, 23.346041015625], [85.3134921875, 23.346041015625], [85.31348632812501, 23.34603515625], [85.31348046875, 23.34603515625], [85.31348046875, 23.3460234375], [85.313474609375, 23.346017578125]]]}}, {"type": "Feature", "properties": {"class": "land_use", "raw_confidence": 0.3265, "source_tile_id": "tile_0013"}, "geometry": {"type": "Polygon", "coordinates": [[[85.313, 23.346228515625], [85.313, 23.346005859375], [85.3131875, 23.346005859375], [85.31319921875, 23.346111328125], [85.31316406250001, 23.346134765625], [85.313169921875, 23.34617578125], [85.313146484375, 23.34615234375], [85.313140625, 23.3461875], [85.3131171875, 23.346216796875], [85.313052734375, 23.3462109375], [85.313, 23.346228515625]]]}}, {"type": "Feature", "properties": {"class": "land_use", "raw_confidence": 0.2743, "source_tile_id": "tile_0013"}, "geometry": {"type": "Polygon", "coordinates": [[[85.31577734375, 23.347681640625], [85.31577734375, 23.34767578125], [85.31580078125, 23.34767578125], [85.315806640625, 23.347669921875], [85.3158125, 23.347669921875], [85.315818359375, 23.3476640625], [85.31582421875001, 23.347646484375], [85.315841796875, 23.347646484375], [85.315859375, 23.347658203125], [85.315859375, 23.3476640625], [85.31585351562501, 23.347669921875], [85.31584765625, 23.347669921875], [85.315841796875, 23.34767578125], [85.3158359375, 23.34767578125], [85.31582421875001, 23.3476875], [85.3158125, 23.3476875], [85.315806640625, 23.347693359375], [85.31580078125, 23.347693359375], [85.315794921875, 23.3476875], [85.31577734375, 23.347681640625]]]}}, {"type": "Feature", "properties": {"class": "land_use", "raw_confidence": 0.2879, "source_tile_id": "tile_0013"}, "geometry": {"type": "Polygon", "coordinates": [[[85.315396484375, 23.347822265625002], [85.315384765625, 23.347804687500002], [85.315384765625, 23.34778125], [85.315390625, 23.347775390625], [85.31540234375001, 23.34774609375], [85.315408203125, 23.347740234375], [85.315419921875, 23.347740234375], [85.315419921875, 23.347775390625], [85.3154375, 23.34779296875], [85.315443359375, 23.34779296875], [85.31544921875, 23.347798828125], [85.31544921875, 23.34781640625], [85.31543164062501, 23.34781640625], [85.31542578125, 23.347810546875], [85.315408203125, 23.347822265625002], [85.315396484375, 23.347822265625002]]]}}, {"type": "Feature", "properties": {"class": "land_use", "raw_confidence": 0.2797, "source_tile_id": "tile_0013"}, "geometry": {"type": "Polygon", "coordinates": [[[85.313873046875, 23.347939453125], [85.313849609375, 23.347916015625], [85.313849609375, 23.34791015625], [85.31386718750001, 23.347892578125], [85.313873046875, 23.347892578125], [85.31387890625, 23.34788671875], [85.313884765625, 23.34788671875], [85.31389648437501, 23.347875000000002], [85.31390234375, 23.347875000000002], [85.31390234375, 23.34788671875], [85.313908203125, 23.347892578125], [85.313908203125, 23.3478984375], [85.313919921875, 23.34791015625], [85.31392578125, 23.34791015625], [85.31392578125, 23.347921875], [85.31389648437501, 23.347921875], [85.31387890625, 23.347939453125], [85.313873046875, 23.347939453125]]]}}, {"type": "Feature", "properties": {"class": "land_use", "raw_confidence": 0.2805, "source_tile_id": "tile_0013"}, "geometry": {"type": "Polygon", "coordinates": [[[85.31386718750001, 23.348009765625], [85.313873046875, 23.34798046875], [85.313908203125, 23.347974609375], [85.313919921875, 23.347951171875], [85.31394921875, 23.3479453125], [85.3139609375, 23.34793359375], [85.313978515625, 23.34793359375], [85.31401953125, 23.347962890625], [85.31401953125, 23.34796875], [85.31399609375, 23.34796875], [85.313978515625, 23.3479453125], [85.3139609375, 23.3479453125], [85.31394921875, 23.347962890625], [85.31393750000001, 23.347962890625], [85.313919921875, 23.34798046875], [85.313931640625, 23.348009765625], [85.313919921875, 23.348009765625], [85.313908203125, 23.3479921875], [85.31389648437501, 23.3479921875], [85.31387890625, 23.348015625], [85.31386718750001, 23.348009765625]]]}}, {"type": "Feature", "properties": {"class": "land_use", "raw_confidence": 0.2824, "source_tile_id": "tile_0013"}, "geometry": {"type": "Polygon", "coordinates": [[[85.31594140625, 23.348197265625], [85.31594140625, 23.3481796875], [85.315947265625, 23.348173828125], [85.315947265625, 23.348162109375], [85.31595312500001, 23.34815625], [85.31595312500001, 23.348150390625], [85.31596484375001, 23.348138671875], [85.31599414062501, 23.348138671875], [85.31599414062501, 23.348208984375], [85.315970703125, 23.348208984375], [85.31596484375001, 23.348203125], [85.31595312500001, 23.348203125], [85.315947265625, 23.348197265625], [85.31594140625, 23.348197265625]]]}}, {"type": "Feature", "properties": {"class": "land_use", "raw_confidence": 0.2824, "source_tile_id": "tile_0013"}, "geometry": {"type": "Polygon", "coordinates": [[[85.314083984375, 23.348220703125], [85.314083984375, 23.34821484375], [85.314095703125, 23.34821484375], [85.3141015625, 23.348208984375], [85.314119140625, 23.348208984375], [85.314125, 23.348203125], [85.31416015625, 23.348203125], [85.314166015625, 23.348208984375], [85.314166015625, 23.3482265625], [85.3141015625, 23.3482265625], [85.314095703125, 23.348220703125], [85.314083984375, 23.348220703125]]]}}, {"type": "Feature", "properties": {"class": "land_use", "raw_confidence": 0.2828, "source_tile_id": "tile_0013"}, "geometry": {"type": "Polygon", "coordinates": [[[85.31502148437501, 23.348255859375], [85.31502148437501, 23.3482265625], [85.315015625, 23.348220703125], [85.315033203125, 23.348197265625], [85.3150390625, 23.3481796875], [85.315044921875, 23.3481796875], [85.31505078125001, 23.34819140625], [85.31507421875, 23.348197265625], [85.31509179687501, 23.3481796875], [85.31509179687501, 23.34816796875], [85.31509765625, 23.3481796875], [85.31509179687501, 23.348232421875], [85.3150625, 23.348220703125], [85.31505078125001, 23.348208984375], [85.3150390625, 23.348220703125], [85.3150390625, 23.34825], [85.315033203125, 23.348255859375], [85.31502148437501, 23.348255859375]]]}}, {"type": "Feature", "properties": {"class": "land_use", "raw_confidence": 0.2758, "source_tile_id": "tile_0013"}, "geometry": {"type": "Polygon", "coordinates": [[[85.314921875, 23.348314453125], [85.31491015625001, 23.348314453125], [85.314869140625, 23.348255859375], [85.31481054687501, 23.348208984375], [85.31481640625, 23.34816796875], [85.31478125, 23.348138671875], [85.31478125, 23.348103515625], [85.314763671875, 23.348080078125], [85.31481054687501, 23.348080078125], [85.314828125, 23.348068359375], [85.3148515625, 23.348080078125], [85.31481640625, 23.348185546875], [85.314828125, 23.348208984375], [85.314869140625, 23.34823828125], [85.31491015625001, 23.3482265625], [85.314904296875, 23.348291015625], [85.314921875, 23.348314453125]]]}}, {"type": "Feature", "properties": {"class": "land_use", "raw_confidence": 0.2788, "source_tile_id": "tile_0013"}, "geometry": {"type": "Polygon", "coordinates": [[[85.314939453125, 23.34833203125], [85.3149453125, 23.348326171875], [85.3149453125, 23.3483203125], [85.314986328125, 23.3483203125], [85.314998046875, 23.34830859375], [85.315009765625, 23.34830859375], [85.315009765625, 23.348337890625], [85.31500390625, 23.348337890625], [85.314986328125, 23.348349609375], [85.31496875, 23.348349609375], [85.314962890625, 23.34834375], [85.31495117187501, 23.34834375], [85.314939453125, 23.34833203125]]]}}, {"type": "Feature", "properties": {"class": "land_use", "raw_confidence": 0.2828, "source_tile_id": "tile_0013"}, "geometry": {"type": "Polygon", "coordinates": [[[85.31495703125, 23.34840234375], [85.31495117187501, 23.34840234375], [85.3149453125, 23.348408203125], [85.314927734375, 23.348408203125], [85.314927734375, 23.34840234375], [85.31491015625001, 23.348384765625], [85.3148984375, 23.348384765625], [85.314892578125, 23.348390625], [85.314875, 23.348390625], [85.314875, 23.348361328125], [85.31488671875, 23.348361328125], [85.314904296875, 23.34837890625], [85.314921875, 23.34837890625], [85.314927734375, 23.348373046875], [85.31493359375, 23.348373046875], [85.31495117187501, 23.348384765625], [85.31495117187501, 23.348396484375], [85.31495703125, 23.34840234375]]]}}, {"type": "Feature", "properties": {"class": "land_use", "raw_confidence": 0.2747, "source_tile_id": "tile_0013"}, "geometry": {"type": "Polygon", "coordinates": [[[85.3140546875, 23.34840234375], [85.314048828125, 23.348408203125], [85.314001953125, 23.3484140625], [85.31399609375, 23.348408203125], [85.313955078125, 23.34840234375], [85.31392578125, 23.348384765625], [85.3139140625, 23.348384765625], [85.3139140625, 23.34837890625], [85.31399609375, 23.348373046875], [85.314001953125, 23.34837890625], [85.31403710937501, 23.348384765625], [85.314048828125, 23.348390625], [85.3140546875, 23.34840234375]]]}}, {"type": "Feature", "properties": {"class": "land_use", "raw_confidence": 0.2843, "source_tile_id": "tile_0013"}, "geometry": {"type": "Polygon", "coordinates": [[[85.313791015625, 23.348525390625], [85.313708984375, 23.34854296875], [85.31357421875, 23.348537109375002], [85.31355078125, 23.348525390625], [85.313521484375, 23.34853125], [85.31351562500001, 23.348519531250002], [85.31352734375, 23.3485078125], [85.31355078125, 23.348513671875], [85.313568359375, 23.34849609375], [85.313609375, 23.34849609375], [85.31362109375, 23.348478515625], [85.3136328125, 23.34849609375], [85.31365625000001, 23.348484375], [85.31369140625, 23.34849609375], [85.31373828125, 23.348490234375], [85.31375585937501, 23.348513671875], [85.313791015625, 23.348525390625]]]}}, {"type": "Feature", "properties": {"class": "land_use", "raw_confidence": 0.269, "source_tile_id": "tile_0013"}, "geometry": {"type": "Polygon", "coordinates": [[[85.31515625, 23.348689453125], [85.31515625, 23.34868359375], [85.31514453125, 23.348666015625], [85.31515625, 23.348654296875], [85.31516210937501, 23.34863671875], [85.3151796875, 23.34863671875], [85.315185546875, 23.348642578125], [85.31522070312501, 23.348642578125], [85.31522070312501, 23.348671875], [85.31521484375, 23.348677734375], [85.31521484375, 23.348689453125], [85.315208984375, 23.348689453125], [85.31519140625001, 23.348677734375], [85.31516796875, 23.3486953125], [85.31516210937501, 23.3486953125], [85.31515625, 23.348689453125]]]}}, {"type": "Feature", "properties": {"class": "land_use", "raw_confidence": 0.268, "source_tile_id": "tile_0013"}, "geometry": {"type": "Polygon", "coordinates": [[[85.31512109375001, 23.348689453125], [85.315103515625, 23.3486953125], [85.31509765625, 23.348689453125], [85.3150859375, 23.34870703125], [85.315068359375, 23.34870703125], [85.31505078125001, 23.3486953125], [85.31502734375, 23.3486953125], [85.314998046875, 23.348666015625], [85.314998046875, 23.348654296875], [85.31502148437501, 23.348677734375], [85.315033203125, 23.348666015625], [85.3150390625, 23.348595703125], [85.31502148437501, 23.348583984375], [85.3150625, 23.348589843750002], [85.315044921875, 23.34861328125], [85.315044921875, 23.348630859375], [85.3150625, 23.3486484375], [85.315103515625, 23.3486484375], [85.315109375, 23.348666015625], [85.31512109375001, 23.348677734375], [85.315126953125, 23.348671875], [85.31512109375001, 23.348689453125]]]}}, {"type": "Feature", "properties": {"class": "parcel", "raw_confidence": 0.2564, "source_tile_id": "tile_0013"}, "geometry": {"type": "Polygon", "coordinates": [[[85.31273667397974, 23.347362959795834], [85.31273095791511, 23.34740094487634], [85.3127289117791, 23.347439303096625], [85.31273055444146, 23.347477680712448], [85.31273587075331, 23.347515723800704], [85.312744811687, 23.34755308152334], [85.31275729478813, 23.347589409362833], [85.31277320493601, 23.34762437229936], [85.31279239540527, 23.347657647900416], [85.31281468921904, 23.347688929294293], [85.31282385825985, 23.347699484031512], [85.31282098346463, 23.347709744735422], [85.31281418094775, 23.347747992721565], [85.3128111207941, 23.34778672020715], [85.31281183186823, 23.34782556189936], [85.31281630746305, 23.347864151428137], [85.31282450536297, 23.347902124801927], [85.31283634824219, 23.347939123840995], [85.31285172439402, 23.347974799555907], [85.31287048878461, 23.348008815439346], [85.31289246442084, 23.348040850640174], [85.31291744401993, 23.34807060298983], [85.31294519196449, 23.348097791852485], [85.31299792633949, 23.348144666852484], [85.3130268490225, 23.34816806152265], [85.31305781997482, 23.348188668130774], [85.31309057133015, 23.348206308451317], [85.31312481982363, 23.348220829914005], [85.31316026924173, 23.34823210692342], [85.31319661298416, 23.348240041945253], [85.31323353671566, 23.34824456634989], [85.31325986451283, 23.348245327242932], [85.31327449547113, 23.348272016107696], [85.31329703233345, 23.34830487875474], [85.31332272708003, 23.348335335999064], [85.3133513247124, 23.348363085578466], [85.31338254142341, 23.348387852101997], [85.31339892394118, 23.348398376517178], [85.31336182805448, 23.34840502742552], [85.3133249771398, 23.34841534989394], [85.31328928133541, 23.348429146734794], [85.31325506737916, 23.348446291660146], [85.31316131737915, 23.348499026035146], [85.31312943463104, 23.348518989524287], [85.31309956821711, 23.34854185976357], [85.31307198227789, 23.348567434487098], [85.31304692078525, 23.34859548751033], [85.31302460538467, 23.34862577073049], [85.31300523343504, 23.34865801632078], [85.31296421781003, 23.348734188195778], [85.3129475330306, 23.348769126644694], [85.31293430430983, 23.34880551452763], [85.31292465559069, 23.348843010918074], [85.31291867727427, 23.34888126450366], [85.31291642537278, 23.34891991687768], [85.31291792098482, 23.34895860589708], [85.31292315009765, 23.348996969075476], [85.31293206371849, 23.349034646979355], [85.3129445783336, 23.34907128659571], [85.3129605766906, 23.34910654463948], [85.31297990889722, 23.349140090769883], [85.3130023938255, 23.349171610685453], [85.31302782080897, 23.349200809068794], [85.31305595161629, 23.349227412353486], [85.31308652268345, 23.34925117128719], [85.313119247583, 23.34927186326695], [85.31315381970781, 23.34928929442481], [85.3131710733602, 23.349295989793315], [85.31318830212079, 23.349311324867433], [85.3132196254703, 23.349334179296527], [85.3132530144814, 23.34935389353226], [85.31328815540652, 23.349370282325243], [85.3133247180358, 23.34938319167437], [85.31336235879996, 23.349392500273947], [85.31340072399887, 23.349398120653557], [85.313439453125, 23.3494], [85.3135390625, 23.3494], [85.31354777261144, 23.349399572099664], [85.31355664062501, 23.3494], [85.31358593750001, 23.3494], [85.31362514435614, 23.34939807389067], [85.31366397362882, 23.349392314112162], [85.31370205137091, 23.34938277613429], [85.31373901087295, 23.349369551813005], [85.31377449619474, 23.34935276850574], [85.31380816559322, 23.34933258784492], [85.31383969481368, 23.349309204181345], [85.31386878021249, 23.349282842712476], [85.31389514168136, 23.349253757313665], [85.31391852534493, 23.349222228093208], [85.31393870600574, 23.34918855869473], [85.31395548931302, 23.349153073372946], [85.3139687136343, 23.349116113870902], [85.31397825161217, 23.349078036128805], [85.31398401139067, 23.349039206856133], [85.31398593750001, 23.349], [85.31398593750001, 23.348947265625], [85.31398381602513, 23.348906123441687], [85.31398247807333, 23.348897535766305], [85.31398377615528, 23.34888918219811], [85.31398593478032, 23.348849131291658], [85.31398407159577, 23.348809065554263], [85.31397820533519, 23.348769387830583], [85.31396839498147, 23.348730497063947], [85.31395473917368, 23.348692784285166], [85.31393737521543, 23.34865662868085], [85.31391647769424, 23.34862239378086], [85.31389225672613, 23.348590423803163], [85.3138649558431, 23.34856104019285], [85.31383484954438, 23.348534538390137], [85.31382285528346, 23.348525948483413], [85.31383903271126, 23.348526925308015], [85.31387780351494, 23.348525500936585], [85.31391625395933, 23.348520327216523], [85.31395402232089, 23.348511452819732], [85.31399075329277, 23.348498961232323], [85.31402610132747, 23.348482969969222], [85.31405973388745, 23.34846362946864], [85.31409133457352, 23.348441121676828], [85.31412060610144, 23.34841565833641], [85.31414727309858, 23.3483874789944], [85.3141710846945, 23.348356848748676], [85.31419181688096, 23.34832405575405], [85.31420927461944, 23.348289408511448], [85.31423271211945, 23.348236674136448], [85.31424695338708, 23.348199828745667], [85.31425749099616, 23.348161758346134], [85.31426422217886, 23.34812283421859], [85.31426708128949, 23.348083435969745], [85.31426604044461, 23.348043947830163], [85.31426110979504, 23.34800475490707], [85.31425233742685, 23.347966239428594], [85.31423980889237, 23.347928777016108], [85.31422364637584, 23.347892733020974], [85.3142127721361, 23.34787375513353], [85.31421480738429, 23.347868066995904], [85.31422434536216, 23.347829989253807], [85.31423010514067, 23.347791159981135], [85.31423203125, 23.347751953125], [85.31423203125, 23.34774609375], [85.31423010514067, 23.347706886893867], [85.31422434536216, 23.347668057621195], [85.31421480738429, 23.3476299798791], [85.31420158306301, 23.347593020377055], [85.31418479975574, 23.34755753505527], [85.31416461909492, 23.347523865656793], [85.31414123543135, 23.347492336436336], [85.31411487396248, 23.347463251037524], [85.31408578856367, 23.347436889568655], [85.31405425934321, 23.34741350590508], [85.31404293573952, 23.34740671879823], [85.31404284226168, 23.347404686528172], [85.31403778956015, 23.34736827690225], [85.31402941581516, 23.3473324848494], [85.31402588416499, 23.347321889898893], [85.31401829847127, 23.347287757817167], [85.3140052717439, 23.347248674773823], [85.31398829420186, 23.34721113888473], [85.31396754593234, 23.347175548307117], [85.31394324701998, 23.347142280563563], [85.31391565521244, 23.34711168853748], [85.31390393646244, 23.347099969787482], [85.31387395054297, 23.347072871469724], [85.31384138315447, 23.347048937406175], [85.31380656678436, 23.347028411944805], [85.31377149996722, 23.347012261383313], [85.31374404358928, 23.346991852391685], [85.3137103357795, 23.346971606857092], [85.31367480307722, 23.346954768651134], [85.31363778883896, 23.346941500483304], [85.3135996507375, 23.346931930565404], [85.31356075730564, 23.34692615137264], [85.313521484375, 23.34692421875], [85.31348632812501, 23.34692421875], [85.31344806803745, 23.346926052747307], [85.31341015879438, 23.3469315379215], [85.31339874020296, 23.346934326090434], [85.31339735811144, 23.34693385291717], [85.31335793564641, 23.346924679759983], [85.31331778797454, 23.346919537580796], [85.31324161609955, 23.346913678205798], [85.31320272214114, 23.346912584374053], [85.31316390591732, 23.34691527458512], [85.31312553471116, 23.346921723383943], [85.31308797159498, 23.34693186975133], [85.31305157199486, 23.346945617681307], [85.31301668032755, 23.346962837089542], [85.31296394595255, 23.34699213396454], [85.31293109381687, 23.34701252288246], [85.31290036369235, 23.347035988394136], [85.31287204270794, 23.34706231124798], [85.3128463954827, 23.34709124549463], [85.3128236616532, 23.347122520785007], [85.3128040536345, 23.34715584489632], [85.31278775463545, 23.347190906462487], [85.31277491694685, 23.3472273778834], [85.31276914431751, 23.347250789441063], [85.31276454911357, 23.3472606506854], [85.31275179730673, 23.347296630947614], [85.31274253335475, 23.347333662920835], [85.31273667397974, 23.347362959795834]]]}}, {"type": "Feature", "properties": {"class": "parcel", "raw_confidence": 0.2564, "source_tile_id": "tile_0013"}, "geometry": {"type": "Polygon", "coordinates": [[[85.314458573187, 23.348419192252056], [85.31445495832884, 23.34842929510383], [85.31445446769365, 23.348429836436335], [85.31443108403008, 23.348461365656792], [85.31441090336926, 23.34849503505527], [85.31440654617586, 23.34850424756669], [85.31440504399423, 23.34850675380534], [85.31440068680092, 23.34851596631658], [85.31439918461933, 23.34851847255514], [85.31438240131205, 23.348553957876945], [85.31436917699072, 23.348590917379013], [85.31436817293367, 23.348594925799446], [85.31436331761569, 23.348608495504187], [85.31435377963783, 23.348646573246256], [85.31434801985934, 23.3486854025189], [85.31434609375, 23.348724609375], [85.31434609375, 23.34873046875], [85.31434801985934, 23.348769675606132], [85.31435377963784, 23.348808504878804], [85.31436331761572, 23.3488465826209], [85.314376541937, 23.348883542122945], [85.31439332524427, 23.34891902744473], [85.31441350590508, 23.348952696843206], [85.31443688956865, 23.348984226063664], [85.31446325103752, 23.349013311462475], [85.31449233643633, 23.349039672931344], [85.3145238656568, 23.349063056594918], [85.3145437561823, 23.34907497851711], [85.31455120668788, 23.349083567774926], [85.3145804016621, 23.349111090625858], [85.31461220703532, 23.349135550226762], [85.31464630279505, 23.349156700475252], [85.31468234588385, 23.34917432856627], [85.31471997365105, 23.34918825713326], [85.31475880750162, 23.349198346032733], [85.31479845670542, 23.349204493754357], [85.31483852232854, 23.3492066384423], [85.31487860124727, 23.349204758517597], [85.31491829020408, 23.349198872895272], [85.31494758707908, 23.34919301352027], [85.31498734083091, 23.34918291828213], [85.3150258518002, 23.34916880517255], [85.31506271507429, 23.349150822579826], [85.31509754306472, 23.349129159576822], [85.31512996958251, 23.349104043933046], [85.31514296942028, 23.349091648404467], [85.31516869837279, 23.34908244243807], [85.31520418369453, 23.349065659130844], [85.31523785309298, 23.34904547847007], [85.31526938231342, 23.349022094806543], [85.31528493077306, 23.349008002504192], [85.31531254754837, 23.34903127442457], [85.31534555607857, 23.349053865768628], [85.31578500920358, 23.34932339701863], [85.31581880194295, 23.349341944261756], [85.31585422308497, 23.349357152554273], [85.31589094366693, 23.34936888065397], [85.31592862265805, 23.349377019639824], [85.31596691012659, 23.349381493923577], [85.31600545048978, 23.349382261951728], [85.31604388581619, 23.349379316591463], [85.31608185914982, 23.34937268519688], [85.31611901782539, 23.34936242935496], [85.31615501674338, 23.349348644313604], [85.31618952157524, 23.349331458097026], [85.31622221186825, 23.34931103031678], [85.31625278402161, 23.349287550689425], [85.31628095410613, 23.349261237274586], [85.31630646050104, 23.349232334449788], [85.31632906632375, 23.349201110640887], [85.31634856162981, 23.34916785582915], [85.31636476536275, 23.34913287885814], [85.3163775270355, 23.349096504565416], [85.31638672812805, 23.349059070765744], [85.31639228318818, 23.349020925113706], [85.31639414062501, 23.348982421875], [85.31639414062501, 23.34821484375], [85.31639222134481, 23.348175706293272], [85.31638648192241, 23.348136944415273], [85.31637697743561, 23.348098930090526], [85.31636379909325, 23.34806202811973], [85.31634707336002, 23.348026592629], [85.31632696074274, 23.347992963671512], [85.31630365425016, 23.34796146396422], [85.31627737754074, 23.347932395790956], [85.31625871127733, 23.347915427224986], [85.31625864337305, 23.347909411808644], [85.3162543358109, 23.347870301113307], [85.3162462065053, 23.34783180285397], [85.31624200202954, 23.347818517929237], [85.31625605768211, 23.347794360757295], [85.3162730462797, 23.347756682048306], [85.31627577346354, 23.347748458316794], [85.31628168233696, 23.34774290806609], [85.31630703160046, 23.347714040935934], [85.31632949464738, 23.34768287512315], [85.31634886427067, 23.34764969811218], [85.31636496179807, 23.347614815939448], [85.31637763874035, 23.34757855037041], [85.31638677816093, 23.347541235931455], [85.31639229575455, 23.347503216824105], [85.31639414062501, 23.34746484375], [85.31639414062501, 23.347154296875], [85.31639215792514, 23.34711451963529], [85.31638622948101, 23.347075136727224], [85.31637641406427, 23.347036538573228], [85.31636280898003, 23.34699910781608], [85.31634554910228, 23.346963215525573], [85.31632480553682, 23.3469292175199], [85.31630078392497, 23.34689745083827], [85.31627372240497, 23.34686823039966], [85.31624388925117, 23.34684184588087], [85.31621158021451, 23.346818558844813], [85.31617711559063, 23.3467986001475], [85.31614083704454, 23.34678216764947], [85.3161031042236, 23.346769424254276], [85.31606429119209, 23.346760496293566], [85.31605398536237, 23.346759185772445], [85.31604125481176, 23.34675524072077], [85.31600349807992, 23.3467474267557], [85.31596516442617, 23.34674328431204], [85.31592661002499, 23.346742851879018], [85.31588819310188, 23.346746133474554], [85.31587100967643, 23.346749289512793], [85.31586849862502, 23.346748661749942], [85.31583092797996, 23.346741160337334], [85.315792812005, 23.34673728773944], [85.31575450037242, 23.34673707948309], [85.31571634454946, 23.346740537478816], [85.31567869457392, 23.346747630003293], [85.31564189584306, 23.34675829199039], [85.3156062859449, 23.346772425628068], [85.31557219156119, 23.346789901255693], [85.31553992547052, 23.346810558553546], [85.3155097836789, 23.34683420801357], [85.31548204270422, 23.3468606326779], [85.31548177265921, 23.346860944402355], [85.31547746125466, 23.346861623913743], [85.31546755400824, 23.346823489275966], [85.31545362544124, 23.346785861508753], [85.31543599735019, 23.346749818419948], [85.31541484710168, 23.34671572266021], [85.31539038750076, 23.346683917286974], [85.31538648454163, 23.34667977720747], [85.31538565819895, 23.346678043584298], [85.31536602324283, 23.346645307421664], [85.31535430449284, 23.346627729296664], [85.31533092731088, 23.34659614326397], [85.31530456367561, 23.346567003448712], [85.31527546802414, 23.346540591081087], [85.31524392116044, 23.34651716106852], [85.31521022754531, 23.346496939535534], [85.3151747123579, 23.34648012164143], [85.31513771835758, 23.346466869696762], [85.31509960257574, 23.346457311596886], [85.31506073287024, 23.346451539587623], [85.31502148437501, 23.346449609375], [85.314962890625, 23.346449609375], [85.31492239225545, 23.3464516648034], [85.3148823100934, 23.34645780996468], [85.31484305606891, 23.346467981704137], [85.31480503360117, 23.346482075485365], [85.31476863345249, 23.346499946464572], [85.3147158990775, 23.346529243339575], [85.31468304694184, 23.346549632257496], [85.31465231681732, 23.346573097769173], [85.31462399583292, 23.346599420623015], [85.31459834860769, 23.34662835486967], [85.31457561477818, 23.34665963016004], [85.31455600675949, 23.346692954271347], [85.31453970776045, 23.34672801583751], [85.31452687007186, 23.34676448725842], [85.31451761364352, 23.34680202776089], [85.31451202496349, 23.346840286582715], [85.31451015625001, 23.34687890625], [85.31451015625001, 23.346887116962275], [85.31450995356447, 23.346888045644533], [85.314505432305, 23.346924960774537], [85.31450435915148, 23.346962136263123], [85.31450674338113, 23.34699925073549], [85.31450829599696, 23.347013224277916], [85.31450622298433, 23.347027199393864], [85.314504296875, 23.34706640625], [85.314504296875, 23.347072265625002], [85.31450622298433, 23.347111472481142], [85.31451198276284, 23.34715030175382], [85.31452152074071, 23.347188379495925], [85.314534745062, 23.347225338997976], [85.31455152836928, 23.347260824319765], [85.31455415579335, 23.347265207911992], [85.31454684916085, 23.347294529219493], [85.31454104923506, 23.34733539584431], [85.31454045060899, 23.34735124782276], [85.31438072527804, 23.347542139071933], [85.31435786753451, 23.347572239427826], [85.31433795280702, 23.347604362807065], [85.31432115889776, 23.34763822240653], [85.31430763574565, 23.347673515921823], [85.31429750408776, 23.347709928246285], [85.3142908543813, 23.347747134284347], [85.314287745996, 23.347784801854022], [85.31428820668405, 23.347822594652687], [85.31429223233238, 23.347860175259655], [85.31429978699927, 23.34789720814872], [85.31431080323537, 23.347933362683797], [85.31445728761037, 23.348343518933795], [85.31447318087778, 23.348381671480464], [85.31447485937481, 23.348384758001057], [85.314458573187, 23.348419192252056]]]}}, {"type": "Feature", "properties": {"class": "building", "raw_confidence": 0.2879, "source_tile_id": "tile_0015"}, "geometry": {"type": "Polygon", "coordinates": [[[85.31923437500001, 23.347078125], [85.31922265625, 23.347095703125], [85.31919921875, 23.347095703125], [85.319193359375, 23.347089843750002], [85.31917578125, 23.347083984375], [85.319158203125, 23.34706640625], [85.319169921875, 23.34706640625], [85.31917578125, 23.347060546875], [85.319228515625, 23.347060546875], [85.31923437500001, 23.34706640625], [85.31923437500001, 23.347078125]]]}}, {"type": "Feature", "properties": {"class": "building", "raw_confidence": 0.2842, "source_tile_id": "tile_0015"}, "geometry": {"type": "Polygon", "coordinates": [[[85.31903515625, 23.347294921875], [85.319, 23.347259765625], [85.319, 23.34711328125], [85.319041015625, 23.347107421875002], [85.31905859375, 23.347083984375], [85.31908203125, 23.347083984375], [85.319099609375, 23.347054687500002], [85.31912890625, 23.347048828125], [85.319123046875, 23.347083984375], [85.31909375000001, 23.347089843750002], [85.3191171875, 23.34713671875], [85.319076171875, 23.34716015625], [85.31902343750001, 23.347154296875], [85.31901171875, 23.347166015625], [85.319029296875, 23.34720703125], [85.3190703125, 23.34723046875], [85.3190703125, 23.347259765625], [85.31903515625, 23.347294921875]]]}}, {"type": "Feature", "properties": {"class": "building", "raw_confidence": 0.2726, "source_tile_id": "tile_0015"}, "geometry": {"type": "Polygon", "coordinates": [[[85.32093359375, 23.347705078125], [85.320939453125, 23.3476875], [85.32095117187501, 23.34767578125], [85.320974609375, 23.3476875], [85.32098046875001, 23.3476875], [85.3209921875, 23.34767578125], [85.32102734375, 23.34767578125], [85.32102148437501, 23.3476875], [85.320998046875, 23.3476875], [85.320986328125, 23.34769921875], [85.3209921875, 23.347716796875], [85.32100390625, 23.34772265625], [85.32100390625, 23.347728515625], [85.320962890625, 23.347728515625], [85.32093359375, 23.347705078125]]]}}, {"type": "Feature", "properties": {"class": "building", "raw_confidence": 0.2669, "source_tile_id": "tile_0015"}, "geometry": {"type": "Polygon", "coordinates": [[[85.32093359375, 23.34776953125], [85.320904296875, 23.34778125], [85.32088671875, 23.347740234375], [85.320875, 23.34774609375], [85.320875, 23.3477578125], [85.320857421875, 23.347763671875], [85.3208515625, 23.347716796875], [85.32083984375001, 23.347705078125], [85.32079296875, 23.347705078125], [85.32079296875, 23.34769921875], [85.32081640625, 23.347693359375], [85.32083984375001, 23.34769921875], [85.32086328125, 23.3476875], [85.320921875, 23.3477109375], [85.320904296875, 23.347728515625], [85.320927734375, 23.347751953125], [85.32093359375, 23.34776953125]]]}}, {"type": "Feature", "properties": {"class": "building", "raw_confidence": 0.2727, "source_tile_id": "tile_0015"}, "geometry": {"type": "Polygon", "coordinates": [[[85.32074023437501, 23.34781640625], [85.32074023437501, 23.347804687500002], [85.320734375, 23.347798828125], [85.32074023437501, 23.347787109375002], [85.32074023437501, 23.347763671875], [85.32078125, 23.347763671875], [85.320787109375, 23.34776953125], [85.320833984375, 23.34776953125], [85.32081054687501, 23.34779296875], [85.320787109375, 23.34779296875], [85.32076953125001, 23.347810546875], [85.32074023437501, 23.34781640625]]]}}, {"type": "Feature", "properties": {"class": "building", "raw_confidence": 0.3028, "source_tile_id": "tile_0015"}, "geometry": {"type": "Polygon", "coordinates": [[[85.321396484375, 23.347833984375], [85.321390625, 23.347828125], [85.321390625, 23.34781640625], [85.321419921875, 23.347787109375002], [85.32142578125, 23.347787109375002], [85.3214375, 23.347798828125], [85.3214375, 23.34781640625], [85.321419921875, 23.347833984375], [85.321396484375, 23.347833984375]]]}}, {"type": "Feature", "properties": {"class": "building", "raw_confidence": 0.272, "source_tile_id": "tile_0015"}, "geometry": {"type": "Polygon", "coordinates": [[[85.32098046875001, 23.347833984375], [85.320974609375, 23.347833984375], [85.320974609375, 23.347822265625002], [85.32096875, 23.34781640625], [85.32096875, 23.347810546875], [85.32095703125, 23.34779296875], [85.32095703125, 23.34778125], [85.32095117187501, 23.347775390625], [85.320974609375, 23.347775390625], [85.320986328125, 23.347787109375002], [85.3209921875, 23.347787109375002], [85.32100390625, 23.347798828125], [85.320998046875, 23.347804687500002], [85.320998046875, 23.34781640625], [85.32098046875001, 23.347833984375]]]}}, {"type": "Feature", "properties": {"class": "building", "raw_confidence": 0.277, "source_tile_id": "tile_0015"}, "geometry": {"type": "Polygon", "coordinates": [[[85.32069921875001, 23.347880859375], [85.320693359375, 23.347880859375], [85.3206875, 23.347875000000002], [85.3206875, 23.347857421875002], [85.32067578125, 23.347845703125], [85.32066992187501, 23.347845703125], [85.3206640625, 23.3478515625], [85.32065234375, 23.3478515625], [85.320646484375, 23.347845703125], [85.320646484375, 23.347828125], [85.3206640625, 23.347810546875], [85.3206640625, 23.347798828125], [85.32066992187501, 23.34779296875], [85.320681640625, 23.34779296875], [85.320681640625, 23.347810546875], [85.3206875, 23.34781640625], [85.320681640625, 23.347845703125], [85.32069921875001, 23.347857421875002], [85.32069921875001, 23.347880859375]]]}}, {"type": "Feature", "properties": {"class": "building", "raw_confidence": 0.2746, "source_tile_id": "tile_0015"}, "geometry": {"type": "Polygon", "coordinates": [[[85.320857421875, 23.347921875], [85.320845703125, 23.347904296875], [85.320822265625, 23.347904296875], [85.32081054687501, 23.3478984375], [85.32079296875, 23.347880859375], [85.320787109375, 23.34786328125], [85.320798828125, 23.34786328125], [85.3208046875, 23.347869140625], [85.320822265625, 23.34786328125], [85.320833984375, 23.347839843750002], [85.320845703125, 23.347828125], [85.32086328125, 23.347822265625002], [85.320892578125, 23.347833984375], [85.320904296875, 23.347845703125], [85.320904296875, 23.347869140625], [85.32088671875, 23.347892578125], [85.320869140625, 23.347904296875], [85.320869140625, 23.347916015625], [85.320857421875, 23.347921875]]]}}, {"type": "Feature", "properties": {"class": "building", "raw_confidence": 0.2879, "source_tile_id": "tile_0015"}, "geometry": {"type": "Polygon", "coordinates": [[[85.32096875, 23.34786328125], [85.32105078125001, 23.347875000000002], [85.321044921875, 23.347833984375], [85.32109179687501, 23.347833984375], [85.321115234375, 23.347810546875], [85.32121484375, 23.347857421875002], [85.321267578125, 23.347857421875002], [85.321296875, 23.34778125], [85.321337890625, 23.347798828125], [85.32128515625, 23.347839843750002], [85.32130859375, 23.347904296875], [85.32128515625, 23.347869140625], [85.3212265625, 23.347880859375], [85.32122070312501, 23.34791015625], [85.321185546875, 23.347916015625], [85.32116796875, 23.3479453125], [85.32115039062501, 23.347904296875], [85.32109179687501, 23.347880859375], [85.32109765625, 23.34791015625], [85.32105078125001, 23.34793359375], [85.32096875, 23.34786328125]]]}}, {"type": "Feature", "properties": {"class": "building", "raw_confidence": 0.2913, "source_tile_id": "tile_0015"}, "geometry": {"type": "Polygon", "coordinates": [[[85.321537109375, 23.34819140625], [85.321537109375, 23.348185546875], [85.321525390625, 23.348173828125], [85.32153125, 23.34816796875], [85.321537109375, 23.34816796875], [85.3215546875, 23.348150390625], [85.3215546875, 23.34814453125], [85.321560546875, 23.348138671875], [85.32156640625, 23.348138671875], [85.32157226562501, 23.34814453125], [85.32157226562501, 23.3481796875], [85.32156640625, 23.3481796875], [85.321560546875, 23.348185546875], [85.321548828125, 23.348185546875], [85.32154296875001, 23.34819140625], [85.321537109375, 23.34819140625]]]}}, {"type": "Feature", "properties": {"class": "building", "raw_confidence": 0.2986, "source_tile_id": "tile_0015"}, "geometry": {"type": "Polygon", "coordinates": [[[85.319041015625, 23.348197265625], [85.319, 23.3481328125], [85.319, 23.347458984375], [85.319087890625, 23.347435546875], [85.31905859375, 23.347341796875], [85.319099609375, 23.347283203125], [85.31915234375, 23.34741796875], [85.319123046875, 23.347494140625], [85.3192109375, 23.34755859375], [85.3191875, 23.347681640625], [85.31924609375, 23.347681640625], [85.319228515625, 23.347775390625], [85.31915234375, 23.347798828125], [85.31920507812501, 23.34781640625], [85.31915234375, 23.347916015625], [85.31919921875, 23.348015625], [85.31913476562501, 23.348044921875], [85.31910546875, 23.348185546875], [85.319041015625, 23.348197265625]]]}}, {"type": "Feature", "properties": {"class": "building", "raw_confidence": 0.3165, "source_tile_id": "tile_0015"}, "geometry": {"type": "Polygon", "coordinates": [[[85.32199414062501, 23.348314453125], [85.321736328125, 23.34833203125], [85.3216484375, 23.347916015625], [85.321935546875, 23.34762890625], [85.321513671875, 23.34716015625], [85.321208984375, 23.34720703125], [85.32161328125001, 23.34732421875], [85.32133203125001, 23.34774609375], [85.32121484375, 23.347494140625], [85.320904296875, 23.34767578125], [85.32039453125, 23.347458984375], [85.320013671875, 23.34778125], [85.319328125, 23.346568359375], [85.31927539062501, 23.346955078125], [85.319, 23.347013671875], [85.319, 23.346005859375], [85.32199414062501, 23.346005859375], [85.32199414062501, 23.348314453125]]]}}, {"type": "Feature", "properties": {"class": "building", "raw_confidence": 0.269, "source_tile_id": "tile_0015"}, "geometry": {"type": "Polygon", "coordinates": [[[85.319, 23.348876953125], [85.319, 23.3488359375], [85.31901171875, 23.3488359375], [85.319017578125, 23.348830078125], [85.31903515625, 23.348830078125], [85.31903515625, 23.3488359375], [85.319041015625, 23.348841796875], [85.319041015625, 23.348865234375], [85.31903515625, 23.34887109375], [85.31903515625, 23.348876953125], [85.319, 23.348876953125]]]}}, {"type": "Feature", "properties": {"class": "building", "raw_confidence": 0.2985, "source_tile_id": "tile_0015"}, "geometry": {"type": "Polygon", "coordinates": [[[85.320857421875, 23.348953125], [85.320857421875, 23.34894140625], [85.32088671875, 23.348912109375], [85.32091015625001, 23.34891796875], [85.320927734375, 23.34889453125], [85.32095117187501, 23.34889453125], [85.320986328125, 23.34891796875], [85.32098046875001, 23.34894140625], [85.32095703125, 23.34896484375], [85.320974609375, 23.34898828125], [85.320974609375, 23.349], [85.32088671875, 23.349], [85.320904296875, 23.348970703125], [85.320892578125, 23.34894140625], [85.32088085937501, 23.348935546875], [85.32086328125, 23.348958984375], [85.320857421875, 23.348953125]]]}}, {"type": "Feature", "properties": {"class": "building", "raw_confidence": 0.2913, "source_tile_id": "tile_0015"}, "geometry": {"type": "Polygon", "coordinates": [[[85.3191171875, 23.349], [85.319357421875, 23.34840234375], [85.319990234375, 23.34796875], [85.320353515625, 23.3484609375], [85.320640625, 23.34842578125], [85.320125, 23.347880859375], [85.3207578125, 23.34834375], [85.320857421875, 23.347962890625], [85.32109765625, 23.34805078125], [85.32074609375, 23.348642578125], [85.320576171875, 23.3486953125], [85.320447265625, 23.348455078125], [85.320517578125, 23.34866015625], [85.32030078125, 23.348642578125], [85.3202421875, 23.348390625], [85.320095703125, 23.34863671875], [85.3201953125, 23.349], [85.3191171875, 23.349]]]}}, {"type": "Feature", "properties": {"class": "land_use", "raw_confidence": 0.3064, "source_tile_id": "tile_0015"}, "geometry": {"type": "Polygon", "coordinates": [[[85.32164257812501, 23.346052734375], [85.32164257812501, 23.346029296875], [85.3216484375, 23.3460234375], [85.321654296875, 23.3460234375], [85.32166015625, 23.346017578125], [85.32168359375001, 23.346017578125], [85.321689453125, 23.34601171875], [85.321689453125, 23.346005859375], [85.321701171875, 23.346005859375], [85.321701171875, 23.346017578125], [85.3216953125, 23.346017578125], [85.32168359375001, 23.346029296875], [85.32168359375001, 23.346041015625], [85.321689453125, 23.346046875], [85.321689453125, 23.346064453125], [85.321677734375, 23.346064453125], [85.321666015625, 23.346052734375], [85.32164257812501, 23.346052734375]]]}}, {"type": "Feature", "properties": {"class": "land_use", "raw_confidence": 0.2931, "source_tile_id": "tile_0015"}, "geometry": {"type": "Polygon", "coordinates": [[[85.321724609375, 23.3466796875], [85.32168359375001, 23.34666796875], [85.32168359375001, 23.346609375], [85.32166015625, 23.346662109375], [85.321607421875, 23.346650390625], [85.321583984375, 23.34652734375], [85.321625, 23.34641015625], [85.32156640625, 23.346416015625], [85.32154296875001, 23.346339843750002], [85.321466796875, 23.346322265625002], [85.32151953125, 23.34619921875], [85.32156640625, 23.346158203125], [85.32164257812501, 23.346181640625], [85.321654296875, 23.346134765625], [85.32171289062501, 23.346146484375], [85.32171875, 23.346228515625], [85.321865234375, 23.346345703125], [85.3217421875, 23.34638671875], [85.3217421875, 23.34650390625], [85.32177734375, 23.3465390625], [85.321748046875, 23.346580078125], [85.3216953125, 23.346533203125], [85.321724609375, 23.3466796875]]]}}, {"type": "Feature", "properties": {"class": "land_use", "raw_confidence": 0.3066, "source_tile_id": "tile_0015"}, "geometry": {"type": "Polygon", "coordinates": [[[85.32055859375001, 23.34680859375], [85.3205703125, 23.346791015625], [85.320587890625, 23.346791015625], [85.32060546875, 23.346802734375], [85.320623046875, 23.346802734375], [85.32062890625001, 23.34680859375], [85.320634765625, 23.34680859375], [85.320634765625, 23.346814453125], [85.32062890625001, 23.3468203125], [85.3206171875, 23.3468203125], [85.320611328125, 23.346814453125], [85.32059960937501, 23.346814453125], [85.32059375, 23.3468203125], [85.320576171875, 23.346826171875], [85.3205703125, 23.3468203125], [85.320564453125, 23.3468203125], [85.320564453125, 23.346814453125], [85.32055859375001, 23.34680859375]]]}}, {"type": "Feature", "properties": {"class": "land_use", "raw_confidence": 0.3042, "source_tile_id": "tile_0015"}, "geometry": {"type": "Polygon", "coordinates": [[[85.32079296875, 23.346603515625], [85.3206640625, 23.346609375], [85.320646484375, 23.346544921875], [85.320576171875, 23.3465859375], [85.32062890625001, 23.346650390625], [85.320552734375, 23.346708984375], [85.320546875, 23.346802734375], [85.320412109375, 23.346861328125], [85.320400390625, 23.34676171875], [85.320236328125, 23.346744140625], [85.32024804687501, 23.346544921875], [85.32014843750001, 23.346427734375], [85.320130859375, 23.346298828125], [85.32023046875, 23.3462578125], [85.32040625, 23.34641015625], [85.32028906250001, 23.34645703125], [85.32031835937501, 23.3466328125], [85.3203828125, 23.34662109375], [85.32035937500001, 23.34648046875], [85.32042968750001, 23.346486328125], [85.32046484375, 23.346357421875002], [85.32059375, 23.346339843750002], [85.320681640625, 23.3463984375], [85.320658203125, 23.346509765625], [85.32079296875, 23.346603515625]]]}}, {"type": "Feature", "properties": {"class": "land_use", "raw_confidence": 0.2895, "source_tile_id": "tile_0015"}, "geometry": {"type": "Polygon", "coordinates": [[[85.31948046875, 23.34683203125], [85.31948632812501, 23.346826171875], [85.3195390625, 23.3468203125], [85.31955664062501, 23.34683203125], [85.319568359375, 23.34683203125], [85.31957421875, 23.34684375], [85.31955664062501, 23.346861328125], [85.319544921875, 23.346861328125], [85.3195390625, 23.3468671875], [85.319509765625, 23.346873046875], [85.31950390625, 23.346884765625], [85.319498046875, 23.346884765625], [85.319498046875, 23.34685546875], [85.31948046875, 23.346837890625], [85.31948046875, 23.34683203125]]]}}, {"type": "Feature", "properties": {"class": "land_use", "raw_confidence": 0.276, "source_tile_id": "tile_0015"}, "geometry": {"type": "Polygon", "coordinates": [[[85.319, 23.347078125], [85.319, 23.34701953125], [85.319017578125, 23.34701953125], [85.31902343750001, 23.347025390625], [85.31903515625, 23.347025390625], [85.319041015625, 23.34703125], [85.319041015625, 23.347048828125], [85.319046875, 23.347054687500002], [85.319046875, 23.347060546875], [85.319029296875, 23.347048828125], [85.31901171875, 23.34706640625], [85.31901171875, 23.347072265625002], [85.319005859375, 23.347078125], [85.319, 23.347078125]]]}}, {"type": "Feature", "properties": {"class": "land_use", "raw_confidence": 0.2796, "source_tile_id": "tile_0015"}, "geometry": {"type": "Polygon", "coordinates": [[[85.31958593750001, 23.347125], [85.3195625, 23.347119140625], [85.31955078125, 23.347078125], [85.319533203125, 23.347078125], [85.319521484375, 23.347107421875002], [85.319474609375, 23.347095703125], [85.319498046875, 23.347054687500002], [85.31952734375, 23.347083984375], [85.319533203125, 23.347054687500002], [85.319498046875, 23.34703125], [85.319474609375, 23.347037109375], [85.319451171875, 23.34699609375], [85.319404296875, 23.34703125], [85.3193984375, 23.34697265625], [85.319421875, 23.346966796875], [85.319427734375, 23.346984375], [85.319451171875, 23.346984375], [85.319474609375, 23.346943359375], [85.31950390625, 23.346984375], [85.319568359375, 23.34699609375], [85.31959765625, 23.347089843750002], [85.31958593750001, 23.347125]]]}}, {"type": "Feature", "properties": {"class": "land_use", "raw_confidence": 0.2851, "source_tile_id": "tile_0015"}, "geometry": {"type": "Polygon", "coordinates": [[[85.31973828125, 23.347142578125], [85.319708984375, 23.34716015625], [85.319673828125, 23.347142578125], [85.31965625000001, 23.347142578125], [85.319638671875, 23.347154296875], [85.3196328125, 23.347130859375], [85.319650390625, 23.347125], [85.319650390625, 23.3471015625], [85.31964453125, 23.347089843750002], [85.31965625000001, 23.347083984375], [85.319662109375, 23.34706640625], [85.31971484375, 23.34706640625], [85.31971484375, 23.347089843750002], [85.31973828125, 23.347125], [85.31973828125, 23.347142578125]]]}}, {"type": "Feature", "properties": {"class": "land_use", "raw_confidence": 0.3129, "source_tile_id": "tile_0015"}, "geometry": {"type": "Polygon", "coordinates": [[[85.3219765625, 23.347306640625], [85.32196484375001, 23.347294921875], [85.32196484375001, 23.3472890625], [85.321958984375, 23.347283203125], [85.321958984375, 23.34727734375], [85.3219765625, 23.347259765625], [85.3219765625, 23.34725390625], [85.32198828125, 23.3472421875], [85.32199414062501, 23.3472421875], [85.32199414062501, 23.347306640625], [85.3219765625, 23.347306640625]]]}}, {"type": "Feature", "properties": {"class": "land_use", "raw_confidence": 0.2756, "source_tile_id": "tile_0015"}, "geometry": {"type": "Polygon", "coordinates": [[[85.319662109375, 23.347283203125], [85.31965625000001, 23.3472890625], [85.319638671875, 23.3472890625], [85.31962695312501, 23.347306640625], [85.31961523437501, 23.347306640625], [85.31961523437501, 23.34730078125], [85.31959765625, 23.3472890625], [85.319568359375, 23.34730078125], [85.3195625, 23.3472890625], [85.3195625, 23.347259765625], [85.319568359375, 23.347248046875], [85.31955664062501, 23.347236328125], [85.319603515625, 23.3472421875], [85.319603515625, 23.34725390625], [85.31961523437501, 23.347265625], [85.31962695312501, 23.347265625], [85.3196328125, 23.347259765625], [85.3196328125, 23.347236328125], [85.31964453125, 23.347236328125], [85.319650390625, 23.3472421875], [85.319650390625, 23.347265625], [85.319662109375, 23.347283203125]]]}}, {"type": "Feature", "properties": {"class": "land_use", "raw_confidence": 0.3072, "source_tile_id": "tile_0015"}, "geometry": {"type": "Polygon", "coordinates": [[[85.3219296875, 23.347470703125], [85.3219296875, 23.34746484375], [85.3219765625, 23.34746484375], [85.321982421875, 23.347458984375], [85.32199414062501, 23.347458984375], [85.32199414062501, 23.347505859375], [85.32196484375001, 23.347505859375], [85.321958984375, 23.3475], [85.32194140625, 23.347494140625], [85.32194140625, 23.34748828125], [85.3219296875, 23.347470703125]]]}}, {"type": "Feature", "properties": {"class": "land_use", "raw_confidence": 0.2737, "source_tile_id": "tile_0015"}, "geometry": {"type": "Polygon", "coordinates": [[[85.320541015625, 23.347541015625], [85.32053515625, 23.347552734375], [85.32051171875, 23.347552734375], [85.3204765625, 23.3475234375], [85.320453125, 23.347517578125], [85.320435546875, 23.347494140625], [85.320412109375, 23.34751171875], [85.32039453125, 23.34751171875], [85.32035937500001, 23.347546875], [85.32035937500001, 23.347517578125], [85.32039453125, 23.34746484375], [85.320412109375, 23.347482421875], [85.3204765625, 23.34748828125], [85.320505859375, 23.3475234375], [85.32053515625, 23.3475234375], [85.320541015625, 23.347541015625]]]}}, {"type": "Feature", "properties": {"class": "land_use", "raw_confidence": 0.2865, "source_tile_id": "tile_0015"}, "geometry": {"type": "Polygon", "coordinates": [[[85.320060546875, 23.347634765625], [85.320060546875, 23.347623046875], [85.32008984375, 23.347640625], [85.320119140625, 23.347634765625], [85.32013671875, 23.347576171875], [85.32018359375, 23.347564453125], [85.320201171875, 23.34753515625], [85.32025390625, 23.347517578125], [85.320259765625, 23.347546875], [85.32030078125, 23.347552734375], [85.32031835937501, 23.3475234375], [85.320330078125, 23.347529296875], [85.32031835937501, 23.34758203125], [85.32021875000001, 23.347587890625], [85.320236328125, 23.34760546875], [85.320236328125, 23.3476640625], [85.32021875000001, 23.347693359375], [85.32017773437501, 23.347716796875], [85.320130859375, 23.3477109375], [85.320060546875, 23.347634765625]]]}}, {"type": "Feature", "properties": {"class": "land_use", "raw_confidence": 0.2756, "source_tile_id": "tile_0015"}, "geometry": {"type": "Polygon", "coordinates": [[[85.32018359375, 23.3479921875], [85.32017773437501, 23.3479921875], [85.32014843750001, 23.347962890625], [85.32014843750001, 23.34795703125], [85.32016015625, 23.3479453125], [85.320171875, 23.3479453125], [85.32017773437501, 23.347939453125], [85.320189453125, 23.347951171875], [85.3201953125, 23.347951171875], [85.32020703125, 23.347962890625], [85.32020703125, 23.34796875], [85.320201171875, 23.347974609375], [85.320201171875, 23.34798046875], [85.32018359375, 23.3479921875]]]}}, {"type": "Feature", "properties": {"class": "land_use", "raw_confidence": 0.2834, "source_tile_id": "tile_0015"}, "geometry": {"type": "Polygon", "coordinates": [[[85.320845703125, 23.348244140625], [85.320828125, 23.348244140625], [85.32081640625, 23.348232421875], [85.3208046875, 23.348232421875], [85.32079296875, 23.348220703125], [85.320787109375, 23.348220703125], [85.320787109375, 23.34821484375], [85.32078125, 23.348208984375], [85.320775390625, 23.34819140625], [85.32081054687501, 23.34819140625], [85.32081640625, 23.348197265625], [85.320822265625, 23.348197265625], [85.320845703125, 23.348220703125], [85.320845703125, 23.348244140625]]]}}, {"type": "Feature", "properties": {"class": "land_use", "raw_confidence": 0.2832, "source_tile_id": "tile_0015"}, "geometry": {"type": "Polygon", "coordinates": [[[85.319029296875, 23.348326171875], [85.319, 23.348326171875], [85.319, 23.348138671875], [85.31901171875, 23.348138671875], [85.319041015625, 23.348203125], [85.319029296875, 23.34821484375], [85.319041015625, 23.348244140625], [85.319041015625, 23.348314453125], [85.319029296875, 23.348326171875]]]}}, {"type": "Feature", "properties": {"class": "land_use", "raw_confidence": 0.2892, "source_tile_id": "tile_0015"}, "geometry": {"type": "Polygon", "coordinates": [[[85.320634765625, 23.34842578125], [85.32055859375001, 23.34842578125], [85.320546875, 23.348390625], [85.32048828125001, 23.348443359375], [85.320353515625, 23.348455078125], [85.320330078125, 23.34835546875], [85.32027734375, 23.34835546875], [85.320353515625, 23.348314453125], [85.32023046875, 23.34826171875], [85.32018359375, 23.34816796875], [85.32018359375, 23.3482265625], [85.320130859375, 23.348232421875], [85.3200546875, 23.34814453125], [85.320048828125, 23.34807421875], [85.32011328125, 23.348068359375], [85.32013671875, 23.347986328125], [85.320283203125, 23.348150390625], [85.3203359375, 23.3482734375], [85.3203828125, 23.348232421875], [85.32038867187501, 23.3482734375], [85.32048828125001, 23.3482734375], [85.32048828125001, 23.348232421875], [85.320546875, 23.348326171875], [85.3206171875, 23.34833203125], [85.320634765625, 23.34842578125]]]}}, {"type": "Feature", "properties": {"class": "land_use", "raw_confidence": 0.301, "source_tile_id": "tile_0015"}, "geometry": {"type": "Polygon", "coordinates": [[[85.320201171875, 23.349], [85.320236328125, 23.348519531250002], [85.32055859375001, 23.348876953125], [85.320447265625, 23.34856640625], [85.32074609375, 23.3486484375], [85.321126953125, 23.348033203125], [85.32093359375, 23.347892578125], [85.32091015625001, 23.348138671875], [85.32059960937501, 23.348291015625], [85.320201171875, 23.347892578125], [85.32091015625001, 23.347787109375002], [85.321208984375, 23.3475], [85.32133203125001, 23.347751953125], [85.321607421875, 23.347265625], [85.321806640625, 23.3473359375], [85.32191796875, 23.347705078125], [85.32164257812501, 23.3479453125], [85.321748046875, 23.34835546875], [85.32199414062501, 23.3483203125], [85.32199414062501, 23.349], [85.320201171875, 23.349]]]}}, {"type": "Feature", "properties": {"class": "land_use", "raw_confidence": 0.2844, "source_tile_id": "tile_0015"}, "geometry": {"type": "Polygon", "coordinates": [[[85.319, 23.349], [85.319, 23.3488828125], [85.31906445312501, 23.348859375], [85.319, 23.348830078125], [85.319, 23.348484375], [85.31905859375, 23.348490234375], [85.319041015625, 23.348560546875], [85.31915234375, 23.348548828125], [85.319228515625, 23.3486015625], [85.319298828125, 23.348560546875], [85.319310546875, 23.34870703125], [85.31933984375, 23.348736328125], [85.31922265625, 23.348783203125], [85.3191875, 23.348748046875], [85.31917578125, 23.348794921875], [85.319099609375, 23.348830078125], [85.319111328125, 23.349], [85.319, 23.349]]]}}, {"type": "Feature", "properties": {"class": "parcel", "raw_confidence": 0.2567, "source_tile_id": "tile_0015"}, "geometry": {"type": "Polygon", "coordinates": [[[85.32142658452248, 23.348585129848768], [85.32145209571306, 23.348613477401152], [85.32148019058437, 23.34863926659998], [85.32151061375325, 23.348662263020703], [85.3215430886722, 23.348682257625196], [85.32157732014332, 23.348699068661936], [85.32161299700152, 23.348712543318115], [85.32164979494316, 23.348722559108726], [85.32168737947389, 23.348729024989943], [85.32172540894926, 23.348731882186726], [85.32176353768025, 23.348731104727072], [85.32202135018026, 23.348713526602072], [85.3220611266212, 23.348708804334347], [85.32210023133281, 23.348700127549506], [85.32213827217672, 23.348687583257533], [85.32217486768286, 23.348671297251418], [85.32220965087495, 23.34865143284571], [85.32224227295036, 23.34862818923882], [85.32227240677798, 23.34860179951546], [85.32229975017859, 23.34857252830932], [85.32232402895511, 23.34854066914932], [85.32234499964227, 23.34850654151614], [85.32236245194794, 23.348470487638508], [85.32237621086203, 23.348432869061337], [85.32238613841146, 23.34839406302021], [85.32239213504367, 23.34835445865848], [85.32239414062501, 23.348314453125], [85.32239414062501, 23.346005859375], [85.32239221451567, 23.345966652518868], [85.32238645473717, 23.345927823246196], [85.3223769167593, 23.3458897455041], [85.32236369243802, 23.345852786002055], [85.32234690913074, 23.34581730068027], [85.32232672846993, 23.345783631281794], [85.32230334480636, 23.345752102061336], [85.32227698333749, 23.345723016662525], [85.32224789793868, 23.345696655193656], [85.32221636871822, 23.34567327153008], [85.32218269931974, 23.345653090869263], [85.32214721399795, 23.345636307561996], [85.32211025449591, 23.34562308324071], [85.32207217675382, 23.34561354526284], [85.32203334748114, 23.345607785484333], [85.32199414062501, 23.345605859375002], [85.319, 23.345605859375002], [85.31896079314387, 23.345607785484333], [85.31892196387119, 23.34561354526284], [85.3188838861291, 23.34562308324071], [85.31884692662706, 23.345636307561996], [85.31881144130527, 23.345653090869263], [85.3187777719068, 23.34567327153008], [85.31874624268633, 23.345696655193656], [85.31871715728752, 23.345723016662525], [85.31869079581865, 23.345752102061336], [85.31866741215508, 23.345783631281794], [85.31864723149427, 23.34581730068027], [85.318630448187, 23.345852786002055], [85.31861722386572, 23.3458897455041], [85.31860768588784, 23.345927823246196], [85.31860192610934, 23.345966652518868], [85.3186, 23.346005859375], [85.3186, 23.347013671875], [85.31860195516623, 23.347053172638386], [85.31860350032788, 23.347063510375868], [85.31860181351966, 23.347075234872097], [85.3186, 23.34711328125], [85.3186, 23.347259765625], [85.31860192610934, 23.347298972481127], [85.31860768588784, 23.347337801753795], [85.31861310726849, 23.34735944511856], [85.31860809847998, 23.347378901926195], [85.31860202976995, 23.3474187389281], [85.3186, 23.347458984375], [85.3186, 23.3481328125], [85.31860178301825, 23.348170538292884], [85.31860711617725, 23.34820792775688], [85.31861595193138, 23.348244647561508], [85.31862821150908, 23.348280370346355], [85.31864378561512, 23.348314777639533], [85.31866253540491, 23.348347562696887], [85.31870355102991, 23.348412015821886], [85.31872634501542, 23.34844421178809], [85.31875219945977, 23.348474005977497], [85.3187808629049, 23.34850110861443], [85.31878114566425, 23.34850132750268], [85.3187777719068, 23.34850334965508], [85.31874624268633, 23.348526733318653], [85.31871715728752, 23.348553094787523], [85.31869079581865, 23.348582180186334], [85.31866741215508, 23.34861370940679], [85.31864723149427, 23.348647378805268], [85.318630448187, 23.348682864127053], [85.31861722386572, 23.348719823629096], [85.31860768588784, 23.348757901371194], [85.31860192610934, 23.348796730643866], [85.3186, 23.3488359375], [85.3186, 23.348876953125], [85.31860192610934, 23.348916159981133], [85.31860768588784, 23.348954989253805], [85.31861722386572, 23.348993066995902], [85.318630448187, 23.349030026497946], [85.31864723149427, 23.34906551181973], [85.31866741215508, 23.349099181218207], [85.31869079581865, 23.349130710438665], [85.31871715728752, 23.349159795837476], [85.31874624268633, 23.349186157306345], [85.31877639246417, 23.349208517905545], [85.31878577132453, 23.349223971691597], [85.318809186173, 23.349255215952805], [85.31883553561767, 23.349284028549935], [85.31886456860448, 23.34931013496034], [85.31889600851095, 23.349333286445574], [85.31892955578178, 23.349353262421324], [85.31896489078298, 23.349369872559116], [85.31900167684731, 23.34938295859974], [85.31903956348195, 23.34939239586112], [85.31907818970805, 23.349398094426267], [85.3191171875, 23.3494], [85.3201953125, 23.3494], [85.32023395556044, 23.349398129016627], [85.32027223711825, 23.349392533569404], [85.32030979905265, 23.34938326600327], [85.32034628997488, 23.34937041301554], [85.32038136851538, 23.34935409484484], [85.32041470651733, 23.34933446414631], [85.32044599210647, 23.349311704563494], [85.32047493260875, 23.3492860290104], [85.32050125728814, 23.34925767767969], [85.32052471987949, 23.349226915795715], [85.32054094638765, 23.34920073440567], [85.32055912391421, 23.349229524777655], [85.32058262359904, 23.3492598579211], [85.32060892159554, 23.349287799827955], [85.32063777590712, 23.34931309337421], [85.32066892101372, 23.349335505806316], [85.32070207031522, 23.349354830883], [85.32073691876866, 23.349370890773127], [85.32077314569538, 23.349383537692102], [85.32081041773183, 23.34939265526181], [85.3208483918973, 23.349398159581526], [85.32088671875, 23.3494], [85.320974609375, 23.3494], [85.32101381623113, 23.34939807389067], [85.32105264550381, 23.349392314112162], [85.3210907232459, 23.34938277613429], [85.32112768274794, 23.349369551813005], [85.32116316806973, 23.34935276850574], [85.32119683746821, 23.34933258784492], [85.32122836668867, 23.349309204181345], [85.32125745208748, 23.349282842712476], [85.32128381355635, 23.349253757313665], [85.32130719721992, 23.349222228093208], [85.32132737788073, 23.34918855869473], [85.32134416118801, 23.349153073372946], [85.32135738550929, 23.349116113870902], [85.32136692348716, 23.349078036128805], [85.32137268326566, 23.349039206856133], [85.32137374813394, 23.349017530964513], [85.32137438512508, 23.349014982999932], [85.32138180454182, 23.348977955446383], [85.3213856990588, 23.34894039322861], [85.321386033964, 23.348902631140408], [85.32138280627241, 23.34886500575704], [85.3213760447526, 23.3488278524353], [85.3213658096703, 23.348791502324477], [85.32135219225127, 23.348756279414808], [85.3213353138682, 23.348722497649728], [85.32131532495893, 23.348690458127688], [85.32129240368552, 23.34866044641844], [85.32126675434635, 23.34863273001775], [85.3212386055552, 23.348607555963195], [85.32123412091153, 23.348604250119454], [85.32129191593376, 23.348506961832012], [85.3213148812818, 23.34852399409492], [85.32134855068027, 23.348544174755737], [85.32138403600206, 23.348560958063004], [85.3214175701107, 23.348572956758936], [85.32142658452248, 23.348585129848768]]]}}]}