{"type": "FeatureCollection", "name": "segformer_enclosed_parcel_faces", "crs": {"type": "name", "properties": {"name": "EPSG:4326"}}, "features": [{"type": "Feature", "properties": {"class": "parcel", "candidate_index": 0, "raw_confidence": 0.4957175353774801, "boundary_alignment_score": 0.4957175353774801, "area_m2": 157291.03125, "vertex_count": 1605, "vectorization": {"threshold": 0.5, "close_pixels": 5, "boundary_width_pixels": 0, "edge_buffer_pixels": 2, "min_area_m2": 20, "max_area_m2": 250000, "simplify_tolerance_m": 0.25, "min_boundary_alignment": 0.0}, "source_tile_id": "tile-110000-460000", "vectorization_aoi": "vectorization_v2", "calibration": "parameters selected only on train_selected_0; target reference excluded"}, "geometry": {"type": "Polygon", "coordinates": [[[4.8110362722926165, 52.1787142459458], [4.8110290204889345, 52.17870971650293], [4.810996126182904, 52.1787095559288], [4.810985306532467, 52.17869826799963], [4.810977996688579, 52.178698232314545], [4.810977851568558, 52.17870946671698], [4.8109595769543, 52.17870937750236], [4.810959722078923, 52.17869814309993], [4.8109743417666415, 52.17869821447182], [4.810970948063846, 52.178677974704584], [4.810967206070004, 52.178684697503165], [4.810952586386731, 52.178684626130384], [4.810945218493844, 52.17868908420431], [4.810945160442557, 52.17869357796525], [4.810952441260366, 52.17869586053278], [4.810952267108619, 52.1787093418157], [4.810930337571658, 52.178709234753036], [4.810930482703648, 52.17869800035067], [4.81091220809421, 52.17869791112872], [4.810908640254801, 52.17869115264258], [4.81090133041216, 52.17869111695277], [4.8108722652176255, 52.17867749290625], [4.81085790680715, 52.17865719959753], [4.810854542190422, 52.178634712946405], [4.810821647940533, 52.17863455232372], [4.810821589876888, 52.178639046084655], [4.810803228193637, 52.17864569748725], [4.81071922316501, 52.178640793191406], [4.810686474104437, 52.1786293981289], [4.810661092970807, 52.17861354500156], [4.810588110849062, 52.17860420040845], [4.810577204195203, 52.17859965308303], [4.810540684104798, 52.17859722764659], [4.810522496678244, 52.17859039772314], [4.810500596249072, 52.178588043700344], [4.810486034695833, 52.178583478509], [4.810475186155931, 52.17857443741343], [4.810467876332875, 52.178574401696814], [4.810457027798862, 52.17856536059951], [4.810446063066542, 52.178565307022744], [4.810442466257501, 52.178560795402845], [4.810420594899103, 52.178556194484806], [4.810406062417163, 52.178549382403254], [4.810406120522527, 52.17854488864255], [4.8103842491757, 52.17854028771779], [4.810380652374926, 52.17853577609599], [4.810351442163945, 52.17853338632304], [4.810329599884953, 52.17852653850782], [4.8103113253473415, 52.17852644919291], [4.810293137984876, 52.17851961923413], [4.810267582695982, 52.17851724730423], [4.8102348338419025, 52.17850585211641], [4.810183752352771, 52.17849886134554], [4.810172874830394, 52.17849206710243], [4.810129161308079, 52.178480618282165], [4.810114657962681, 52.17847155928441], [4.81010749349516, 52.17846028914399], [4.810074861001067, 52.17843990639058], [4.8100529897400985, 52.178435305404484], [4.810053047880843, 52.17843081164389], [4.810045767152504, 52.17842852902082], [4.810045883435413, 52.17841954149962], [4.810038631780365, 52.17841501199588], [4.8100093635220045, 52.17841711589891], [4.81000576676909, 52.178412604265674], [4.81000605749628, 52.17839013546273], [4.810013454505639, 52.178383430567024], [4.810013599867216, 52.17837219616547], [4.810021025944385, 52.178363244388926], [4.810039329485368, 52.178361086868364], [4.810046697414272, 52.178356628850885], [4.8100467846261346, 52.17834988820986], [4.810057807444988, 52.178345448063006], [4.81005792372519, 52.178336460541665], [4.810043304157971, 52.178336389056376], [4.810043449511829, 52.1783251546547], [4.810050788363986, 52.178322943517195], [4.810058301635472, 52.17830725109721], [4.810021781813301, 52.178304825500405], [4.810003362003512, 52.17831597053961], [4.809981432662951, 52.17831586330092], [4.8099776614765855, 52.178324832948654], [4.809966667729519, 52.17832702620772], [4.809955586755795, 52.1783359601067], [4.809915382947112, 52.17833576348298], [4.809915237560947, 52.1783469978844], [4.809929798978361, 52.17835156314614], [4.80992962451923, 52.17836504442789], [4.809918630759898, 52.178367237682465], [4.809914888633809, 52.178373960447836], [4.809896497846965, 52.17838285858982], [4.809859977971895, 52.178380432942944], [4.809852610020426, 52.17838489094876], [4.809830680646449, 52.178384783681985], [4.809819861369893, 52.17837349564584], [4.809779570275854, 52.178380039616556], [4.809753986009273, 52.17837991445572], [4.809750418370778, 52.17837315593449], [4.809732143897529, 52.17837306652994], [4.8097213537358, 52.17835953160458], [4.809695827657809, 52.17835491267074], [4.809688576048879, 52.17835038314547], [4.809666646692383, 52.17835027584824], [4.809637553006743, 52.178338898377916], [4.809513286687776, 52.178338290252654], [4.809466064094876, 52.17831558889806], [4.809462321904983, 52.17832231164906], [4.80944404745332, 52.17832222219993], [4.809407731372548, 52.17830406825215], [4.809408022400115, 52.178281599450656], [4.809430300941408, 52.178254744233975], [4.809430475550917, 52.178241262952945], [4.8094453278922655, 52.17822335947262], [4.809452986861785, 52.17819643269022], [4.809467606381891, 52.17819650424854], [4.80947886201297, 52.178174089114016], [4.80949356882082, 52.17816742002848], [4.809493627017479, 52.178162926268016], [4.8095046789426865, 52.17815623929248], [4.809508537502413, 52.17814052901899], [4.809523215197942, 52.178136106809944], [4.809527248328942, 52.178106915254205], [4.809534703555434, 52.178095716627695], [4.809553094295608, 52.178086818541544], [4.8096078882698166, 52.17808933370955], [4.809615314380999, 52.17808038195815], [4.809593530623603, 52.17806904024606], [4.809590166687755, 52.17804655355762], [4.80962671536601, 52.178046732407395], [4.809648528211429, 52.178055827233095], [4.809681422028957, 52.178055988182194], [4.809692270281946, 52.17806502935112], [4.809703205802405, 52.1780673298781], [4.809787209636507, 52.17807223489597], [4.809801712785685, 52.17808129393429], [4.809823642010342, 52.17808140120624], [4.809852648335375, 52.1780995192721], [4.809921974602649, 52.178108846444225], [4.809929197119822, 52.17811562283572], [4.809943758463219, 52.17812018809581], [4.809947267960067, 52.178131440372255], [4.809969168135497, 52.178133794497576], [4.809983700415312, 52.17814060663311], [4.810042149356624, 52.17814313947291], [4.810096827156799, 52.17815464193571], [4.810118785485271, 52.1781525022724], [4.810126182438153, 52.17814579736927], [4.810133492190606, 52.17814583310696], [4.8101445730813674, 52.17813689919088], [4.810148373283451, 52.17812568265697], [4.810159454166215, 52.17811674873943], [4.810174131789679, 52.178112326449295], [4.810177873854612, 52.178105603675284], [4.810185183600531, 52.17810563940979], [4.810188896599989, 52.17810116351592], [4.81021082583563, 52.17810127071593], [4.810218019333755, 52.178110293970256], [4.810213928530468, 52.178143979311145], [4.810202876714394, 52.17815066635328], [4.810188257207777, 52.17815059488607], [4.810169808439085, 52.17816398683214], [4.810169750310555, 52.17816848059303], [4.810187937511061, 52.17817531057099], [4.810187792194236, 52.178186544973194], [4.810151214333255, 52.178188613177426], [4.810133114331351, 52.17817504255258], [4.8100892267198, 52.17817707499989], [4.8100783202212805, 52.17817252762824], [4.8100381456301236, 52.17817008416615], [4.810012677771766, 52.17816097154002], [4.8099578546110555, 52.178160703440184], [4.809917883575933, 52.17814253177455], [4.809877709020798, 52.178140088257855], [4.809859376482955, 52.17814449263388], [4.809873937828584, 52.178149057902566], [4.809884786143239, 52.17815809905376], [4.809913908851582, 52.17816722958307], [4.809921131376946, 52.17817400597497], [4.809935721814616, 52.17817632435568], [4.8099538217568565, 52.178189895010725], [4.809968383127004, 52.178194460267775], [4.809993938214831, 52.1781968322623], [4.810004815638047, 52.178203626522084], [4.810026657708972, 52.1782104743975], [4.810041277234881, 52.17821054588479], [4.81005580955071, 52.178217358011416], [4.8100923002349525, 52.17822203047799], [4.810110458378051, 52.17823110734822], [4.8101543169767496, 52.1782313217735], [4.810165194432851, 52.178238116018534], [4.810172504200472, 52.17823815175383], [4.8101684714795425, 52.178267343331484], [4.810139057994625, 52.178280681668916], [4.810135286842946, 52.17828965132182], [4.810109615424719, 52.17829626687932], [4.81008008562752, 52.178318592723386], [4.810083595174202, 52.1783298449955], [4.810109179413263, 52.17832997008479], [4.810123566444654, 52.17834801660478], [4.810134531123047, 52.1783480702114], [4.810131283159204, 52.17831659601757], [4.810138854533181, 52.17829640983162], [4.81014616431033, 52.178296445568556], [4.810153561283068, 52.17828974066387], [4.8101901392269015, 52.17828767245908], [4.810208558978413, 52.17827652739058], [4.810215868752378, 52.178276563123156], [4.810223294772995, 52.17826761133366], [4.810252562923323, 52.17826550737731], [4.810259959874938, 52.17825880246591], [4.810289228017791, 52.17825669850045], [4.810296624962434, 52.17824999358671], [4.810296683078316, 52.178245499825806], [4.81028209259909, 52.17824318148973], [4.810260337652038, 52.178229593020205], [4.81022387600539, 52.17822267372514], [4.810220279246352, 52.1782181620983], [4.810202062960752, 52.17821357900575], [4.8102023535873535, 52.17819111020136], [4.810209721471855, 52.178186652173444], [4.810253550967397, 52.17818911344225], [4.810257147727474, 52.178193625068126], [4.810279018891225, 52.17819822601644], [4.810286212418727, 52.17820724926654], [4.8103044868254745, 52.178207338585146], [4.810337293590255, 52.178214239992954], [4.810344487132131, 52.1782232632395], [4.810355393670274, 52.17822781058653], [4.8103773229687095, 52.178227917755684], [4.810381035959141, 52.17822344185587], [4.810388345724581, 52.1782234775778], [4.810384865162705, 52.17820997843394], [4.8103630230367616, 52.17820313062474], [4.8103558294943625, 52.1781941073793], [4.810290274115214, 52.178175810803914], [4.810279396655174, 52.178169016570365], [4.81027594518938, 52.17815327054276], [4.810265067737012, 52.17814647630785], [4.810265125855898, 52.17814198254692], [4.810250506351999, 52.17814191108738], [4.8102506516528365, 52.17813067668501], [4.810236177457107, 52.1781193708213], [4.810240239180617, 52.17808793235995], [4.810247694225055, 52.17807673368809], [4.810258716956358, 52.17807229352213], [4.810276991307736, 52.17807238284493], [4.810295236601334, 52.17807471904543], [4.8103024591698045, 52.17808149541415], [4.8103207335250655, 52.17808158473019], [4.810339327492532, 52.178056958357494], [4.8103435053590475, 52.17801653236999], [4.810365492662109, 52.17801214578005], [4.810383912255838, 52.178001000683444], [4.810387683332907, 52.17799203102204], [4.810402389945147, 52.17798536182273], [4.810402448049924, 52.17798086806153], [4.810420838570041, 52.17797196983967], [4.81048291313009, 52.17797676720127], [4.810493819622216, 52.17798131453566], [4.810574255651304, 52.17797946049373], [4.810567120190177, 52.17796594349954], [4.810559810466758, 52.177965907788746], [4.810556213694301, 52.177961396171916], [4.810523465173779, 52.17795000106361], [4.810523639451285, 52.17793651977975], [4.810531007261588, 52.177932061731454], [4.8105712107098775, 52.17793225814493], [4.810582291459882, 52.1779233241872], [4.810600623835763, 52.17791891969846], [4.810604365820116, 52.17791219691059], [4.810630124066615, 52.17789884060251], [4.810648398347887, 52.17789892986768], [4.810655649981301, 52.177903459334345], [4.8106555047834485, 52.17791469373783], [4.81064445309038, 52.17792138082183], [4.810626149758855, 52.17792353843667], [4.810626033594564, 52.17793252595943], [4.810644278849471, 52.17793486210593], [4.810647701388749, 52.177952855004186], [4.810662291792235, 52.177955173295096], [4.810680420904878, 52.17796649695874], [4.810724337319232, 52.177962217410425], [4.810738869658955, 52.17796902945326], [4.810738666410897, 52.17798475761811], [4.810727585676851, 52.17799369159044], [4.810694662862684, 52.17799577781376], [4.810669165930076, 52.17798891220968], [4.810639810859267, 52.17799775691169], [4.810643349562574, 52.17800676228732], [4.8106616238881035, 52.17800685155051], [4.81069063050601, 52.17802496941106], [4.810727033991968, 52.178036382323356], [4.810741653462269, 52.17803645372376], [4.810763466530845, 52.178045548343746], [4.810796331313432, 52.17804795586269], [4.8108436704236235, 52.17806166916377], [4.810916651712133, 52.17807101359847], [4.8109275292456415, 52.17807780777352], [4.8109566811406586, 52.1780846911651], [4.810960277963568, 52.17808920276973], [4.810982178172471, 52.178091556707116], [4.810993055720986, 52.178098350876134], [4.811011330084955, 52.17809844008518], [4.811033085197548, 52.17811202841682], [4.811080656595538, 52.178107766576964], [4.811091534163035, 52.17811456073688], [4.811098843911371, 52.17811459641478], [4.811105341181161, 52.17817754475313], [4.811086921694195, 52.178188689962205], [4.81109405734837, 52.17820220692473], [4.8110938542241914, 52.178217935089755], [4.8111230932854046, 52.17821807779809], [4.811133999901956, 52.17822262507331], [4.811155987229527, 52.17821823833629], [4.811170722815848, 52.1782093221607], [4.811171012954396, 52.17818685335324], [4.811193029273425, 52.17818021972847], [4.81119694526574, 52.178160015637445], [4.811233494045359, 52.1781601939897], [4.811247968507605, 52.178171499731384], [4.81125490114062, 52.17820074484973], [4.811269520665899, 52.178200816184834], [4.811269897781143, 52.17817160673463], [4.811277265555958, 52.1781671486399], [4.811302878713219, 52.178165026589454], [4.811314075401348, 52.17814710503999], [4.811336004663096, 52.17814721203095], [4.811337048858621, 52.17806632432079], [4.811348013469656, 52.17806637781461], [4.811362748967386, 52.17805746161465], [4.811359152106257, 52.17805295002225], [4.811337222890786, 52.17805284303565], [4.811337570954748, 52.17802588046527], [4.811319412644559, 52.17801680378331], [4.811206111791728, 52.178016250937425], [4.8111951762057155, 52.17801395054962], [4.811184327659884, 52.1780049095183], [4.811144124142588, 52.17800471331362], [4.811144211187688, 52.17799797267118], [4.811125994896432, 52.177993389721095], [4.811126110960172, 52.17798440219786], [4.8111041527621, 52.177986542048814], [4.811100410846743, 52.177993264852525], [4.811082136525639, 52.17799317565726], [4.811078684789695, 52.17797742965228], [4.811071433101213, 52.17797290021157], [4.811049416866654, 52.17797953381397], [4.811045558863688, 52.17799524413914], [4.811056465417896, 52.17799979142156], [4.811060033224828, 52.178006549904], [4.8110965818779645, 52.178006728298506], [4.8111000626397304, 52.178020227422124], [4.811041555756923, 52.17802218886796], [4.810990474693665, 52.178015198446325], [4.810965180872563, 52.17799260474079], [4.810965500136834, 52.17796788905237], [4.8110276037717945, 52.17797043924673], [4.811031403737553, 52.17795922268373], [4.811024181077877, 52.17795244635929], [4.810984006631851, 52.17795000321933], [4.81095839358322, 52.17795212520083], [4.810947370951071, 52.17795656543236], [4.810921786923159, 52.17795644052513], [4.81089263511732, 52.1779495571249], [4.810867225267269, 52.17793595092126], [4.810841699311909, 52.177931332235126], [4.810834447655029, 52.17792680277987], [4.810786934492942, 52.17792657075937], [4.8107760570177, 52.177919776571294], [4.810776115084711, 52.17791528280985], [4.810750618185468, 52.1779084172233], [4.810747050433259, 52.17790165873145], [4.810736143934668, 52.177897111420435], [4.810732605221227, 52.17788810604741], [4.810725324546432, 52.17788582346617], [4.810725672978632, 52.17785886089738], [4.8107330407559274, 52.17785440283637], [4.810737131139768, 52.17782071747519], [4.810751953781865, 52.177805060708906], [4.810755957043559, 52.177778115989085], [4.810690169808578, 52.177777794681425], [4.810679002001555, 52.17779346929185], [4.810649530902344, 52.177811301519775], [4.810638392112985, 52.17782472924552], [4.8106345339788845, 52.17784043955743], [4.810616114514109, 52.177851584693684], [4.810568630477536, 52.17784910570472], [4.8105685723897285, 52.1778535994661], [4.810561233640446, 52.17785581063614], [4.810561117463303, 52.177864798158865], [4.81055006576851, 52.177871485234064], [4.810524481790857, 52.17787136024069], [4.810506120379996, 52.177878011598324], [4.810476881544309, 52.17787786873749], [4.810462174978681, 52.177884537946255], [4.810440245848824, 52.17788443079308], [4.81042191347139, 52.17788883525697], [4.81035615513086, 52.17788626688225], [4.810341564765967, 52.17788394855351], [4.810337968022193, 52.17787943692995], [4.810312413097583, 52.177877065010044], [4.810297938968229, 52.17786575915353], [4.810276009848119, 52.17786565196991], [4.810235980825596, 52.177851974172434], [4.810181128979556, 52.17785395305748], [4.810162709396151, 52.17786509812276], [4.81015148325207, 52.17788526644381], [4.810195312448181, 52.17788772773392], [4.810202534971272, 52.17789450410891], [4.810217125332322, 52.177896822454805], [4.810260983602949, 52.17789703683997], [4.8102608383057035, 52.17790827124287], [4.810231541329334, 52.177912622082296], [4.810220489573365, 52.17791930912646], [4.810187624917267, 52.17791690144727], [4.810187537727794, 52.17792364208889], [4.810202069972716, 52.17793045419775], [4.810202011847836, 52.17793494795879], [4.810212947362904, 52.177937248438575], [4.810216515036936, 52.17794400694641], [4.810227479616147, 52.17794406054431], [4.810245608613619, 52.1779553842746], [4.810267479659429, 52.17795998522508], [4.81026742154109, 52.177964478986205], [4.810274702205162, 52.17796676159562], [4.81027455691108, 52.17797799599839], [4.810282011928423, 52.17796679732406], [4.810289350709767, 52.17796458617151], [4.8103405187704835, 52.17796483625472], [4.81034394118943, 52.17798282916154], [4.810332860376934, 52.177991763096735], [4.810332569817772, 52.178014231902274], [4.810306985759023, 52.17801410686165], [4.810284969390946, 52.17802074032119], [4.810281256407846, 52.17802521621819], [4.81025932720938, 52.178025109031296], [4.8102671600083955, 52.17798470091111], [4.8102598502822165, 52.177984665181725], [4.810256137299614, 52.177989141077965], [4.810226898392112, 52.17798899815503], [4.8102195305420565, 52.177993456184225], [4.810204911086939, 52.17799338471913], [4.810182865650532, 52.178002265040135], [4.81014266214136, 52.17800206849427], [4.810138861948497, 52.17801328502826], [4.810160587688579, 52.17802912040095], [4.810182516888709, 52.1780292276062], [4.810204329839325, 52.178038322329314], [4.81020406827746, 52.178058544253815], [4.810189245358689, 52.17807420095019], [4.810178193556257, 52.17808088799011], [4.8101452997180285, 52.17808072717947], [4.8101344223032605, 52.178073932932506], [4.810134480435188, 52.17806943917159], [4.810123515825297, 52.178069385565024], [4.810108838210987, 52.178073807848904], [4.810075915309395, 52.17807589389939], [4.810072202300723, 52.17808036978973], [4.810039308463374, 52.178080208949574], [4.810013491791319, 52.1780980588887], [4.8099952174301075, 52.17809796952508], [4.809987994905738, 52.17809119313764], [4.809958814082105, 52.17808655638734], [4.809926123776015, 52.178070667352806], [4.809867820333448, 52.1780569000537], [4.809846094684036, 52.17804106462732], [4.80983515916259, 52.178038764113545], [4.8098352464056155, 52.17803202347239], [4.809824281805392, 52.17803196983804], [4.809820801429041, 52.178018470677394], [4.809780656074824, 52.1780137802474], [4.809780830577196, 52.178000298965145], [4.809788169388786, 52.177998087843804], [4.809799366642867, 52.17798016643838], [4.809806705450227, 52.177977955315875], [4.809810563887926, 52.17796224503183], [4.809840064502451, 52.17794216613413], [4.809851029080619, 52.177942219767004], [4.809865793915161, 52.17793105687373], [4.809877252830206, 52.17789291353663], [4.809899705359887, 52.177852576945995], [4.809910786224301, 52.17784364305137], [4.809921779854843, 52.177841449797164], [4.8099330642434035, 52.17781678773695], [4.809944086941568, 52.17781234760011], [4.809955255011371, 52.17779667305969], [4.809977271317503, 52.17779003966131], [4.809977329464782, 52.17778554590026], [4.809970019771546, 52.177785510152994], [4.80995917152992, 52.177776469009146], [4.809882448845851, 52.17777384674792], [4.809878619528637, 52.17778731015437], [4.809867596830178, 52.17779175028511], [4.809867538671831, 52.17779624404607], [4.809827131781695, 52.17781177555635], [4.809826811888009, 52.17783649124145], [4.8098079559901254, 52.17788133945797], [4.809796904178568, 52.17788802646244], [4.809781935756055, 52.17791491751004], [4.809756264501639, 52.177921532991334], [4.809752493303672, 52.177930502632506], [4.809741441471606, 52.17793718963167], [4.809744689133691, 52.1779686638379], [4.809733666377052, 52.17797310395585], [4.809733520946652, 52.177984338357746], [4.8097261239617035, 52.17799104323643], [4.809707791470313, 52.17799544758909], [4.809663933106373, 52.17799523299817], [4.809642178468775, 52.17798164441456], [4.809631242972479, 52.177979343881965], [4.809605658936308, 52.177979218689295], [4.809590981300609, 52.17798364090881], [4.809543468086402, 52.17798340838759], [4.809492532796015, 52.17796518291632], [4.809452387524709, 52.177960492374744], [4.80944513600454, 52.177955962834325], [4.809401364989471, 52.177949007505006], [4.809343120080249, 52.177930746186306], [4.809273852430463, 52.17791692491389], [4.80923733297146, 52.17791449907474], [4.809190081853968, 52.17789404448917], [4.8091791172886795, 52.1778939907949], [4.809149994909692, 52.17788486008433], [4.80913537549241, 52.177884788486764], [4.809117188572045, 52.17787795834665], [4.809091633714249, 52.177875586162436], [4.8090443535842695, 52.177857378398734], [4.8090187987421995, 52.17785500619878], [4.80898239584334, 52.17784359276], [4.8089604958631655, 52.1778412384517], [4.808916899799523, 52.17782080166176], [4.80886944502234, 52.17781607510904], [4.8088512581708445, 52.177809244927936], [4.808781932595453, 52.177799917127345], [4.808741962363824, 52.17778174506339], [4.808647140362232, 52.17776555115799], [4.808607199359081, 52.17774513216833], [4.808505067802214, 52.177728902316694], [4.808457817218034, 52.17770844743802], [4.808399398092464, 52.1777036669342], [4.808366621159681, 52.177694518108], [4.808352001806432, 52.17769444641349], [4.808330247715887, 52.17768085758811], [4.808308377008123, 52.177676256278865], [4.808304780486942, 52.17767174459353], [4.808191743030992, 52.17765096693445], [4.808177240349226, 52.177641907698266], [4.808166275847515, 52.17764185390996], [4.8081444635076, 52.17763275881037], [4.808067857860892, 52.177621147849806], [4.808053296873179, 52.177616582358326], [4.808042478232737, 52.1776052941587], [4.808017011105931, 52.17759618110203], [4.8079549956965435, 52.177586888684154], [4.807933154250263, 52.17758004042547], [4.8079039447986025, 52.177577650047425], [4.807856665470771, 52.1775594418081], [4.8078383913359, 52.17755935211077], [4.807801959798565, 52.17755018518799], [4.807750879788975, 52.17754319336496], [4.8077472833349395, 52.17753868166269], [4.807739973684501, 52.17753864577732], [4.807710910208515, 52.17752502095197], [4.807674420346698, 52.17752034774964], [4.80765260816678, 52.17751125255918], [4.807594276967685, 52.17749973101745], [4.807590680533002, 52.17749521931032], [4.807444779682268, 52.177472032525095], [4.8074230551790755, 52.177456196652685], [4.807408494311474, 52.17745163108172], [4.807390220221952, 52.17745154131508], [4.807361098499523, 52.17744241016329], [4.807317299108893, 52.1774377009414], [4.807295457833972, 52.177430852564726], [4.807288235828109, 52.177424076012], [4.8072590557240344, 52.17741943859463], [4.807255459329745, 52.177414926877304], [4.807200783173769, 52.17740342309895], [4.807182509104546, 52.17740333330017], [4.807171603092381, 52.17739878565997], [4.807146019398259, 52.177398659934546], [4.807120698659302, 52.17737831228571], [4.807091518602737, 52.17737367482698], [4.807076987015547, 52.17736686233536], [4.807025907330701, 52.17735987019878], [4.806978628593265, 52.17734166160786], [4.806858253751986, 52.17732309361914], [4.806843780679199, 52.177311787339455], [4.806829190686435, 52.17730946857672], [4.806818313965721, 52.17730267402424], [4.806789104756508, 52.177300283370485], [4.8067709184349106, 52.177293452868916], [4.8067526444118736, 52.17729336300362], [4.806705248904629, 52.17728414182195], [4.806694401447602, 52.17727510037835], [4.806672501868929, 52.1772727456458], [4.806665250743326, 52.177268215934596], [4.806639696367309, 52.17726584321985], [4.806606920118866, 52.17725669390515], [4.806552156587978, 52.17725193046541], [4.806541279923567, 52.17724513588738], [4.806541338416129, 52.177240642128105], [4.80651590105283, 52.17722928186806], [4.806497627056756, 52.17722919196332], [4.806479440808924, 52.17722236141685], [4.806432016182236, 52.17721538700515], [4.806417455495098, 52.177210821312], [4.8064102336583545, 52.17720404470549], [4.806370177164806, 52.17719261247738], [4.8063300036643355, 52.17719016775404], [4.806300882330471, 52.17718103634074], [4.806271673229141, 52.17717864555902], [4.806249949285851, 52.177162809470644], [4.806242639698586, 52.17716277349261], [4.806231763103133, 52.177155978886056], [4.806144194401563, 52.177144312708776], [4.806085951882044, 52.17712604978338], [4.806082355630113, 52.177121538030285], [4.806056801369621, 52.17711916518942], [4.806024025349072, 52.1771100157129], [4.805969203511587, 52.17710974576187], [4.805958297695259, 52.177105198009635], [4.805954789285052, 52.17709394561414], [4.805940287239458, 52.17708488610313], [4.805856402821232, 52.17707099083137], [4.805849151811438, 52.177066461070034], [4.805823626877384, 52.177061841299235], [4.805812750370475, 52.17705504665407], [4.8058017860167626, 52.17705499264627], [4.805779974447331, 52.177045897109814], [4.805754449532262, 52.177041277324065], [4.805750853320711, 52.177036765560864], [4.8057398889715905, 52.17703671154737], [4.805729041770604, 52.17702767001499], [4.805692552525606, 52.17702299620031], [4.805645509020888, 52.176986812039935], [4.8056456847679785, 52.176973330763225], [4.805667759885083, 52.17696220440944], [4.805667818465176, 52.176957710650505], [4.805682554728496, 52.17694879515933], [4.805682671885641, 52.176939807641446], [4.805719541798068, 52.17691527202577], [4.80572717350138, 52.1768905923616], [4.805738313533158, 52.17687716509917], [4.805742466168688, 52.176838986151886], [4.805775915475673, 52.17679645747697], [4.805776032613485, 52.17678746995873], [4.805787172604688, 52.17677404269137], [4.805787319024012, 52.17676280829346], [4.805798517572194, 52.176744887265826], [4.805802465162107, 52.17672243647267], [4.805809833242114, 52.176717978718656], [4.805813634411526, 52.176706762323036], [4.805839481234464, 52.176686666420174], [4.805866060029136, 52.17661039852027], [4.805873457363635, 52.17660369388244], [4.805888076354143, 52.17660376588351], [4.805899157709403, 52.176594832364415], [4.805902988123617, 52.17658136908592], [4.805914040193004, 52.176574682445086], [4.805914215856812, 52.17656120116692], [4.805925326472958, 52.17655002076554], [4.805929156875376, 52.176536557486116], [4.805936583464248, 52.17652760596452], [4.805951290256132, 52.176520937318585], [4.8059588046629615, 52.17650524515638], [4.805966172691416, 52.17650078739235], [4.805973833460696, 52.176473860830384], [4.805988598776201, 52.176462698420146], [4.805992370605405, 52.176453728897954], [4.805999709349093, 52.17645151801154], [4.805999767894866, 52.17644702425202], [4.806007106637084, 52.17644481336515], [4.806007165182101, 52.1764403196056], [4.806018187928924, 52.17643587983449], [4.8060407310195785, 52.17638880333268], [4.806059180289153, 52.176375412028776], [4.806081489156418, 52.176346310557236], [4.806081576962443, 52.1763395699177], [4.8060926582131644, 52.176330636379895], [4.806096781224813, 52.17629470429582], [4.806108096599603, 52.176267795717514], [4.806119148560421, 52.1762611090569], [4.806119207093834, 52.17625661529714], [4.806137568487753, 52.17624996462026], [4.806152538543068, 52.1762230740296], [4.806159906505477, 52.176218616253166], [4.806163766072669, 52.176202906085265], [4.806171134030619, 52.17619844830811], [4.806175052119738, 52.176178244379926], [4.806197214498937, 52.176160377284944], [4.8062013374100845, 52.17612444519605], [4.806208734613374, 52.17611774053652], [4.806212681940087, 52.17609528972678], [4.80622382162628, 52.17608186241615], [4.806238498967571, 52.17607744061356], [4.806275338601459, 52.17605515169904], [4.8062826480072305, 52.17605518767476], [4.806293729146866, 52.17604625411744], [4.806301038551197, 52.176046290092025], [4.806312148941735, 52.176035109652894], [4.806345099763474, 52.17603077776976], [4.806429157885562, 52.17603119141352], [4.806443688939093, 52.17603800398566], [4.806469213352364, 52.17604262362241], [4.806472809556907, 52.17604713536448], [4.80648377366391, 52.17604718930952], [4.806501930186668, 52.17605626673603], [4.806516548999066, 52.176056338658995], [4.8065456696438265, 52.176065470019815], [4.8066041156640615, 52.17606800455914], [4.806662269299168, 52.176093007870755], [4.806687823004643, 52.17609538058009], [4.806709663532613, 52.176102229069706], [4.806757145489048, 52.17610470960918], [4.8067643964353035, 52.17610923931539], [4.806775360558032, 52.176109293233374], [4.806797084176576, 52.17612512922741], [4.806822550214254, 52.17613424254803], [4.806895585952964, 52.176139095706525], [4.806932016151371, 52.1761482629094], [4.806935612411263, 52.17615277463736], [4.806979293606527, 52.17616647152089], [4.807059580402551, 52.17617585427047], [4.807085075740994, 52.17618272065429], [4.807103349309839, 52.17618281046743], [4.80711060030401, 52.17618734015237], [4.807110512653895, 52.17619408079304], [4.8071214767980255, 52.176194134678894], [4.807132353295351, 52.176200929204455], [4.807150597657085, 52.176203265890535], [4.807172409095615, 52.17621236117477], [4.807197962897023, 52.17621473377371], [4.807223341434892, 52.17623058764865], [4.807245182111613, 52.176237436039195], [4.807329123811117, 52.176246836563486], [4.807365671002711, 52.17624701611143], [4.807376722770285, 52.17624032933272], [4.807376810380284, 52.176233588691865], [4.807351373376838, 52.17622222861044], [4.807289301601436, 52.176217429604144], [4.80724556184084, 52.17620822659584], [4.807231059819721, 52.17619916724209], [4.807220095674182, 52.17619911336643], [4.807198284232361, 52.17619001809094], [4.807114313451188, 52.17618286435393], [4.8071034077439565, 52.17617831670696], [4.80709630283902, 52.17616255262043], [4.807081800863105, 52.17615349324836], [4.806975989575684, 52.17613949099222], [4.806954236661988, 52.17612590191128], [4.806928741376243, 52.17611903549921], [4.8068885688112175, 52.176116590966956], [4.806790067086725, 52.176102624481956], [4.8067829038383225, 52.1760913541369], [4.806753841597047, 52.176077729074265], [4.806721007724798, 52.176073073550924], [4.806691916276697, 52.17606169535318], [4.806670017293725, 52.17605934062054], [4.806622740078716, 52.17604113188523], [4.8065570724226205, 52.17603182075655], [4.806491697271443, 52.17600004079038], [4.80647707847755, 52.175999968864424], [4.806447957889615, 52.17599083748661], [4.806404189273786, 52.17598388104681], [4.806389716749581, 52.17597257470956], [4.806335071840837, 52.1759588236501], [4.806327879474547, 52.17594980015737], [4.806328640127551, 52.17589138127525], [4.806340013769741, 52.175859978912236], [4.806380507858088, 52.17583770794957], [4.806387934239561, 52.175828756398225], [4.806395623889674, 52.175799582925045], [4.806403021009732, 52.17579287825281], [4.806407085216412, 52.17576143991447], [4.806436732151529, 52.17573012745919], [4.80645570751635, 52.175676292247495], [4.806466759278255, 52.17566960555336], [4.806485383608276, 52.175642732899135], [4.806500148520028, 52.175631570422695], [4.806507779569127, 52.17560689070159], [4.806515176640278, 52.17560018602199], [4.806519153011917, 52.175575488319446], [4.806545174327823, 52.175541910974886], [4.806549179921946, 52.175514966390736], [4.806571605010262, 52.17547687729976], [4.80657575679749, 52.17543869831261], [4.806583153830443, 52.17543199362855], [4.806583270800923, 52.1754230061071], [4.806594410206978, 52.17540957875955], [4.806601748748955, 52.17540736783496], [4.8066092334966495, 52.17539392250806], [4.806616572035317, 52.17539171158257], [4.806635313118224, 52.17535585138153], [4.806653849498097, 52.175335719340175], [4.806661188024975, 52.17533350841185], [4.80667250281331, 52.17530659977404], [4.806687267566716, 52.175295437273306], [4.806702558569389, 52.17524383092247], [4.8067174987085695, 52.17521918713493], [4.806732204951863, 52.175212518389294], [4.8067398065654725, 52.175190085531554], [4.806750887398088, 52.1751811519295], [4.806762319026778, 52.17514525576019], [4.806795795317436, 52.17510047989982], [4.806807373044149, 52.175053349322674], [4.806814740747574, 52.17504889150409], [4.806822313061248, 52.175028705520866], [4.806833364607476, 52.17502201879135], [4.806848304599664, 52.1749973749861], [4.806896194558827, 52.17496839913968], [4.806903503787153, 52.17496843507675], [4.806910929918361, 52.17495948349073], [4.806947476052887, 52.17495966316664], [4.807020246900684, 52.17498473817205], [4.807075007699568, 52.17498950139235], [4.807144153263927, 52.17501231147752], [4.807195230280371, 52.17501930356178], [4.8072024810951985, 52.175023833241696], [4.807257241961861, 52.17502859637754], [4.807275310606399, 52.17504441432848], [4.807286274468172, 52.17504446819861], [4.807300776126002, 52.175053527546844], [4.807333550900247, 52.17506267667006], [4.8073919664513545, 52.17506745769847], [4.807435588327027, 52.17508564817578], [4.807497570955011, 52.17509718774607], [4.807555986569205, 52.17510196869334], [4.807566833674402, 52.17511101006059], [4.807574142926801, 52.175111045956086], [4.807574084541935, 52.17511553971769], [4.807592211717207, 52.17512686385847], [4.807603175599747, 52.1751269176992], [4.807610426473556, 52.17513144735406], [4.807672525960739, 52.17513399930936], [4.8076797768427575, 52.17513852895994], [4.807705300870715, 52.17514314832941], [4.807712522572064, 52.175149924858836], [4.807770792365961, 52.175165940104], [4.807873034497522, 52.17517318306575], [4.807847685507058, 52.1751550824473], [4.80783312534611, 52.175150516927985], [4.807749185601417, 52.17514111676336], [4.807669134021563, 52.17511375943729], [4.807632616946473, 52.17511133310381], [4.8076326753254355, 52.17510683934219], [4.807621740637812, 52.17510453862337], [4.807577914321961, 52.17510207638048], [4.807574347273724, 52.17509531779047], [4.807545343825447, 52.17507719915942], [4.807501605128939, 52.17506799624578], [4.807435880320739, 52.17506317936811], [4.807377698388674, 52.17504042331539], [4.80734483600992, 52.17503801484663], [4.807315686665403, 52.17503113056287], [4.807268205819717, 52.17502865024935], [4.807264638824281, 52.17502189165001], [4.807235635549746, 52.17500377294287], [4.807162689271044, 52.174992179354454], [4.807133627628291, 52.174978554383635], [4.807108103754152, 52.17497393489063], [4.807093572944851, 52.17496712239941], [4.80702790676986, 52.17495781153325], [4.807002412139721, 52.17495094513668], [4.8069843436298685, 52.17493512714393], [4.80694431824785, 52.17492144822834], [4.806926220545647, 52.1749078771073], [4.806926512794445, 52.17488540830059], [4.806941715705816, 52.174840542556566], [4.806949054136924, 52.17483833160999], [4.806952884081411, 52.17482486829266], [4.806978758520257, 52.17480252525059], [4.8069864476044915, 52.17477335173289], [4.807005042024549, 52.17474872587223], [4.807005129686903, 52.17474198522995], [4.807031033270832, 52.17471739529521], [4.807031179368059, 52.17470616089134], [4.807049919827643, 52.17467030061925], [4.80706471349322, 52.17465689118877], [4.807075969430768, 52.174634476270185], [4.807090675427498, 52.17462780747881], [4.807098101464202, 52.17461885588035], [4.80712801008233, 52.17456732131566], [4.807153884283682, 52.17454497823382], [4.807176396000935, 52.17450014837732], [4.807187534997065, 52.17448672097098], [4.807209608497491, 52.17447559432153], [4.807228144251097, 52.17445546218593], [4.807243171459912, 52.174424077684805], [4.807243317502455, 52.17441284327998], [4.807258169439763, 52.17439494006251], [4.8072619992523835, 52.174381476733934], [4.807273079779067, 52.17437254308114], [4.807277055619003, 52.174347845346986], [4.807292053550907, 52.174318707719976], [4.807299479495537, 52.17430975610823], [4.807336171118403, 52.17429870125789], [4.807361957452074, 52.174283098772136], [4.807380551459587, 52.17425847284957], [4.80738066826538, 52.17424948532534], [4.80739543249092, 52.17423832273315], [4.807395841300226, 52.17420686639794], [4.807399700255368, 52.17419115618327], [4.807407096957029, 52.17418445144557], [4.807414931651231, 52.174144043490664], [4.807426070486286, 52.17413061606073], [4.807455482038147, 52.17411727838712], [4.807459399359111, 52.174097074407875], [4.8074741635143825, 52.17408591180544], [4.807474251104147, 52.17407917116198], [4.807481618579777, 52.1740747133006], [4.80748179375696, 52.174061232013564], [4.807500358410175, 52.17403885295214], [4.8075043048988055, 52.1740164020899], [4.807511701555686, 52.17400969734541], [4.807511847528827, 52.173998462939345], [4.8075305873026615, 52.173962602585526], [4.807578358941117, 52.17394261397975], [4.807706296694321, 52.17394099518705], [4.807724510978653, 52.17394557866528], [4.80780485229715, 52.17395046714312], [4.807812103000708, 52.173954996786264], [4.807830346480233, 52.17395733336683], [4.807859320141039, 52.17397769881176], [4.807884814348103, 52.17398456502369], [4.8078956612492165, 52.1739936063622], [4.807910221039393, 52.173998171874146], [4.8079211846449885, 52.17399822568495], [4.807993983646392, 52.17402105321112], [4.808066928555912, 52.17403264628549], [4.808085055417581, 52.1740439703522], [4.80813972768837, 52.174055473721765], [4.808146978443045, 52.17406000334431], [4.80822366547421, 52.17406487360741], [4.808238137847075, 52.17407617972317], [4.808245446930595, 52.174076215576854], [4.808263573855361, 52.174087539616174], [4.8083110246018785, 52.17409226640963], [4.808318275379958, 52.17409679602166], [4.80835110796663, 52.17410145110019], [4.808361984142657, 52.17410824551438], [4.808361925838877, 52.17411273927726], [4.808383707353846, 52.17412408122121], [4.808416510818335, 52.17413098316298], [4.808453027134585, 52.174133409253145], [4.808478492376412, 52.17414252221835], [4.808496765113041, 52.17414261181449], [4.808529568608768, 52.174149513724906], [4.808558659282137, 52.17416089147218], [4.808668062657482, 52.1741794039844], [4.8086789389008695, 52.17418619836938], [4.808686248002878, 52.17418623419578], [4.8087007205324825, 52.17419754025481], [4.808711684188325, 52.174197593992226], [4.8087298404143946, 52.17420667107841], [4.80878825499712, 52.17421145141479], [4.808835531163088, 52.1742296592867], [4.808864738473688, 52.174232049432376], [4.808890203856221, 52.174241162308796], [4.80894128026671, 52.17424815363727], [4.808963032873681, 52.17426174235587], [4.808977621982064, 52.174264060854625], [4.808981218297948, 52.17426857252182], [4.809003058286272, 52.174275420588295], [4.809043171076627, 52.17428235816235], [4.809086996670207, 52.17428481986031], [4.809141523932312, 52.174307557174025], [4.809243735216312, 52.17431704582822], [4.809243677001013, 52.17432153959152], [4.809261891599513, 52.17432612283259], [4.809283644342327, 52.17433971149212], [4.809312764436844, 52.1743488421719], [4.809374804733321, 52.174355886993474], [4.809389364793734, 52.17436045232304], [4.809418368527943, 52.17437857050352], [4.809502249005224, 52.17439246324371], [4.809520521846928, 52.17439255268151], [4.809545929270521, 52.17440615917989], [4.80956417302637, 52.1744084954926], [4.809575049462314, 52.17441528979502], [4.809600602364329, 52.17441766187304], [4.809633377146081, 52.17442681035853], [4.809669893772129, 52.17442923607241], [4.809717112362064, 52.17445193735475], [4.809822949596771, 52.17446369027053], [4.809884728455166, 52.174490956760145], [4.809964954712443, 52.174504831295636], [4.810012202602016, 52.17452528557816], [4.810114356445017, 52.17453926724248], [4.8101434768405245, 52.1745483977174], [4.810147044234953, 52.17455515623086], [4.810154353398958, 52.1745551919664], [4.810168855482025, 52.17456425096352], [4.810256420184923, 52.17457591415336], [4.810318257571892, 52.174598686652374], [4.810435088123108, 52.174608245724905], [4.810453244867786, 52.174617322546005], [4.810456783267864, 52.174626327932], [4.810485845699884, 52.17463995208633], [4.8105953091361044, 52.1746539690492], [4.8106279971818005, 52.1746698579044], [4.810657146804862, 52.174676741370675], [4.810744827986966, 52.17467941667049], [4.810755704669092, 52.174686210864124], [4.810762839666597, 52.17469972785389], [4.81078830570519, 52.174708840320875], [4.810813858840872, 52.17471121213641], [4.810824764569617, 52.17471575944165], [4.810894172860116, 52.17471834539461], [4.810919580889118, 52.17473195159734], [4.810919522841958, 52.17473644536139], [4.810930399564633, 52.174743239538884], [4.8109449599113185, 52.17474780467662], [4.811025303036016, 52.17475269096364], [4.811047143576427, 52.174759538651976], [4.8110654165725455, 52.17475962785074], [4.811134505805248, 52.17478692936505], [4.811185583195978, 52.174793919722816], [4.811189179777987, 52.17479843132267], [4.8111964889829455, 52.174798466993735], [4.811240083145575, 52.174818902949326], [4.811302182412743, 52.17482145299417], [4.8113276776344875, 52.17482831846272], [4.811375129498313, 52.17483304402502], [4.8114368518242445, 52.17486480346665], [4.81151345362503, 52.17487641223991], [4.811524330472443, 52.17488320636269], [4.811557105992591, 52.174892354314174], [4.811560702620125, 52.17489686590269], [4.811593507147572, 52.17490376696191], [4.811659203192442, 52.174910828406425], [4.811677302338785, 52.17492439880363], [4.81167724436764, 52.174928892568026], [4.8116881502378614, 52.17493343979345], [4.811688092267797, 52.174937933557885], [4.811695401496135, 52.17493796919804], [4.811702623771573, 52.174944745484325], [4.811753759396415, 52.17494724183199], [4.811797411919444, 52.17496318381738], [4.811808375768336, 52.17496323726729], [4.81182290729877, 52.17497004917898], [4.81183752576627, 52.17497012044222], [4.811848431662954, 52.17497466765286], [4.811925120679893, 52.17497953551246], [4.811946990442085, 52.174984136152105], [4.811986872570947, 52.17500904778421], [4.8120050877334775, 52.175013630602066], [4.812056223454723, 52.175016126818775], [4.8121070405777555, 52.175043338718424], [4.812180046157815, 52.17505043548747], [4.812220247018066, 52.175050631335395], [4.812227498349509, 52.17505516070727], [4.812271238015337, 52.175064361870525], [4.812289511139526, 52.1750644508799], [4.812329451437507, 52.175084868631586], [4.812347695618313, 52.17508720451427], [4.812391203742496, 52.17511438069179], [4.812413102567833, 52.175116734362774], [4.812446081071722, 52.17511015389103], [4.812500842613703, 52.175114914594225], [4.81259186106609, 52.175142322023966], [4.812609960590428, 52.17515589227809], [4.812624521244381, 52.17516045720869], [4.812639139775953, 52.1751605283727], [4.81265367149783, 52.175167340182085], [4.8127120298991155, 52.17517661234246], [4.812741151244509, 52.17518574217668], [4.812817840723982, 52.17519060945657], [4.812857752450928, 52.17521327391196], [4.812879651349757, 52.17521562749642], [4.812905118116766, 52.17522473950681], [4.812938009861598, 52.175224899545114], [4.812992742678255, 52.17523190690274], [4.813007303396357, 52.17523647178611], [4.813014468082631, 52.175247741757104], [4.8130217484450055, 52.17525002419767], [4.813028710712669, 52.1752770223452], [4.813043213615056, 52.17528608098911], [4.813101572253344, 52.17529535295699], [4.813119700908224, 52.17530667625041], [4.813163412094824, 52.175318123965695], [4.813177886127651, 52.17532942947555], [4.813185195421698, 52.17532946502354], [4.813196072634588, 52.175336258992225], [4.8132140567875465, 52.17535881668368], [4.813239639333753, 52.1753589410918], [4.813243438518417, 52.17534772445137], [4.813269021058366, 52.17534784885309], [4.813294487980644, 52.1753569607795], [4.813294314553787, 52.175370442074694], [4.8132832927923985, 52.17537488252778], [4.813261046919817, 52.17539949160828], [4.813242629120267, 52.17541063716166], [4.8132420798843105, 52.175453327928984], [4.813234163510498, 52.175500476916405], [4.813226680740349, 52.17551392266613], [4.813197212167155, 52.175531755541094], [4.813186074715888, 52.175545183514615], [4.813167107527285, 52.175599019821696], [4.813159740366165, 52.17560347803729], [4.813152199732491, 52.175621417546814], [4.813133781813941, 52.175632563082615], [4.813093435849812, 52.17564360195698], [4.813020371314615, 52.17564099951686], [4.813005839382509, 52.17563418775284], [4.812958444334574, 52.17562496908088], [4.812940315591668, 52.17561364576317], [4.812911193926259, 52.17560451597829], [4.812889294834875, 52.175602162399535], [4.812882043347346, 52.17559763306852], [4.812841870917751, 52.17559519056308], [4.812830849055852, 52.175599630973515], [4.81284523631336, 52.17561767717053], [4.81287801264502, 52.17562682475512], [4.812914559357514, 52.175627002583774], [4.812943738883022, 52.17563163860317], [4.812968974531545, 52.175658725658], [4.8129981251638485, 52.17566560854626], [4.81301262818606, 52.17567466719354], [4.813060052214606, 52.17568163896138], [4.8130599943815, 52.175686132726085], [4.813074526338794, 52.17569294448339], [4.8130742950120435, 52.17571091954205], [4.8130481050037375, 52.175757979626255], [4.8130438719729876, 52.175802899493846], [4.813017884309923, 52.175834231394674], [4.813006486454323, 52.175867881290564], [4.8129842112617025, 52.17589473719846], [4.81297316041867, 52.1759014245041], [4.812892728231085, 52.175903280187576], [4.812859749205691, 52.17590986078251], [4.812848698340285, 52.175916548076444], [4.812823086546974, 52.17591867046523], [4.812808409907672, 52.175923093088], [4.812808352048802, 52.17592758685232], [4.812801013727318, 52.17592979816298], [4.812808178472113, 52.17594106814527], [4.812822739402475, 52.1759456330512], [4.812906826366394, 52.17594379519817], [4.812925042005394, 52.17594837787401], [4.812935832560015, 52.17596191251264], [4.8129356590216865, 52.17597539380575], [4.812913325884091, 52.176006743463965], [4.812872777042949, 52.17603351043664], [4.812843423695572, 52.1760423556924], [4.812803164078276, 52.176046653819746], [4.8127738107085, 52.176055499058165], [4.812766414500917, 52.1760622041308], [4.8127517667411395, 52.17606437986424], [4.81274437052877, 52.17607108493546], [4.812751477416929, 52.176086848685074], [4.812791534562512, 52.17609827875009], [4.812827792374827, 52.17612092542701], [4.812831013159577, 52.17615464644326], [4.8128161339386075, 52.176174797241174], [4.81281598929229, 52.176186031651476], [4.81280493835175, 52.1761927189409], [4.812804880492075, 52.176197212705], [4.812790203759206, 52.17620163532514], [4.812753627644063, 52.17620370433938], [4.812735209385122, 52.17621484981132], [4.812735122585011, 52.17622159045739], [4.812742432024807, 52.176221626033005], [4.8127532804546815, 52.17623066692369], [4.812760589895985, 52.176230702498216], [4.812771467263307, 52.176237496505166], [4.812771120084367, 52.17626445908944], [4.812741130036076, 52.17632273572316], [4.812715518004404, 52.17632485808811], [4.8127046406243705, 52.17631806407605], [4.81267905752996, 52.176317939551126], [4.81265701341388, 52.17632682033889], [4.812652837808356, 52.176367246423474], [4.812660060460096, 52.176374022650066], [4.812659857899013, 52.17638975082359], [4.812667109492402, 52.176394280167784], [4.812666906933685, 52.1764100083413], [4.812659510651058, 52.176416713406695], [4.812659394901633, 52.17642570093436], [4.8126446891410195, 52.17643237041802], [4.812647909808882, 52.17646609143728], [4.812636771958011, 52.17647951935615], [4.81262572091777, 52.1764862066283], [4.812618411434732, 52.17648617104539], [4.812607331450048, 52.17649510519766], [4.812589028797915, 52.17649726311854], [4.812581632489078, 52.176503968178956], [4.812504853942556, 52.1765058413889], [4.8125011413086805, 52.1765103173574], [4.812449772264971, 52.176525796386116], [4.81244965647291, 52.176534783913354], [4.812445943831082, 52.17653925988013], [4.812438634339537, 52.17653922428605], [4.812453079635515, 52.17655277676456], [4.812478547077481, 52.17656188886589], [4.812485653949153, 52.17657765263013], [4.812496589250304, 52.1765799528985], [4.812503782967248, 52.17658897601623], [4.812521940938985, 52.17659805251767], [4.8125251325812, 52.176634020421005], [4.812506829868105, 52.176636178329005], [4.81250285671463, 52.176660876233484], [4.81245534488988, 52.176660644886695], [4.8124480932748455, 52.17665611552966], [4.812411516771435, 52.17665818443711], [4.81240426516126, 52.17665365507738], [4.812404352012472, 52.17664691443213], [4.812393416699708, 52.17664461415525], [4.81238256824255, 52.176635573232076], [4.812291199402708, 52.17663512822438], [4.812269212967063, 52.17663951517545], [4.812250939197606, 52.176639426162005], [4.812240032853313, 52.17663487898915], [4.812097497469185, 52.17663418457411], [4.812101557741512, 52.176602746038476], [4.812087054603722, 52.176593687280565], [4.812028665511199, 52.17658666169249], [4.812017759202528, 52.176582114499126], [4.812003140206294, 52.176582043257476], [4.811995888650041, 52.17657751387268], [4.811948405890834, 52.17657503544028], [4.811941154341287, 52.17657050605214], [4.8119119743070815, 52.17656586978482], [4.811893874425004, 52.176552299426376], [4.811886564931895, 52.17655226379812], [4.811875890461657, 52.17652974153868], [4.811854048927587, 52.1765228940043], [4.811850452139857, 52.1765183824258], [4.811777357265416, 52.17651802609596], [4.811766450999218, 52.1765134788794], [4.811751832026002, 52.17651340760663], [4.811733674245851, 52.176504330986766], [4.811700781563098, 52.17650417061145], [4.811700926491672, 52.17649293620354], [4.811679113989391, 52.17648384175522], [4.811675575196456, 52.17647483640819], [4.8116646979387285, 52.176468042300634], [4.811664871863732, 52.17645456101115], [4.811650281898266, 52.176452242844235], [4.811650484815745, 52.176436514673114], [4.811657794289639, 52.17643655031597], [4.811661507001878, 52.17643207437406], [4.811698054367894, 52.17643225258041], [4.811701883018149, 52.17641878911075], [4.811709250459636, 52.176414330987186], [4.811709424370897, 52.17640084969749], [4.811720533496264, 52.176389668747994], [4.8117790961719855, 52.17638321319841], [4.811812162645953, 52.176369892261825], [4.811852393671372, 52.17636784135508], [4.811863444797887, 52.17636115415538], [4.811863502752693, 52.17635666039198], [4.811849028721322, 52.17634535472293], [4.8118271583023695, 52.17634075406519], [4.8118272162608, 52.176336260301824], [4.81181633901363, 52.17632946620809], [4.811813234903586, 52.1762867576395], [4.811824401933036, 52.17627108291648], [4.811824604788039, 52.1762553547445], [4.811813756540769, 52.17624631376876], [4.811802821356823, 52.176244013437135], [4.811795627837228, 52.17623499027643], [4.811788318396226, 52.17623495464214], [4.81178837635839, 52.17623046087872], [4.811773873405129, 52.17622140208197], [4.811774105259436, 52.176203427028256], [4.811781472658063, 52.17619896889995], [4.811778484516055, 52.17614727280256], [4.811771175089447, 52.17614723716725], [4.8117712330531885, 52.176142743403744], [4.811753046436915, 52.17613591366826], [4.81172021199464, 52.176131259535246], [4.8116912931437374, 52.17610640127788], [4.811643897868152, 52.17609718207829], [4.811643752926889, 52.17610841648689], [4.811654630093922, 52.176115210596684], [4.8116581688543745, 52.17612421594486], [4.811672700739375, 52.176131027874185], [4.811672642765724, 52.17613552163759], [4.811679952190312, 52.17613555727901], [4.811690829369477, 52.17614235138546], [4.811690539510126, 52.17616482020258], [4.811701503654241, 52.17616487366288], [4.811701358727203, 52.1761761080714], [4.811690394580326, 52.17617605461112], [4.81168633405824, 52.176207493134555], [4.811697066327552, 52.17622552164879], [4.811718791753605, 52.176241356739034], [4.811729292171493, 52.176277360303715], [4.811743824117198, 52.17628417222417], [4.811750669837788, 52.176320157968014], [4.811735963976587, 52.1763268273384], [4.8117359060089795, 52.17633132110171], [4.811721287095537, 52.17633124982525], [4.811706581226291, 52.176337919191944], [4.811677314408493, 52.1763400235116], [4.811647931634961, 52.176351115350506], [4.811629657985284, 52.17635102624104], [4.811603987904467, 52.17635764212782], [4.811611181404931, 52.17636666529997], [4.8116294260717645, 52.17636900129395], [4.811643958031974, 52.17637581322659], [4.811647322880843, 52.17639829986437], [4.811639955435834, 52.17640275798407], [4.811636097779382, 52.176418468333345], [4.811621391868631, 52.17642513768926], [4.81155551964233, 52.17643155751161], [4.811515027590957, 52.176453830250914], [4.811507370169257, 52.17648075717758], [4.811488951484949, 52.176491902453854], [4.811477784282133, 52.17650757714425], [4.811481033069615, 52.17653905131213], [4.811488342560135, 52.17653908696552], [4.811495565062394, 52.176545863262966], [4.811521148283237, 52.176545988044666], [4.811565208181747, 52.176530473772566], [4.811631051563572, 52.17652630082669], [4.811667309132341, 52.176548947858095], [4.811733065579723, 52.17655151549998], [4.811758590838969, 52.17655613399335], [4.811773122879833, 52.17656294591002], [4.811791396616711, 52.176563034997415], [4.811824202404635, 52.17656993599238], [4.811853237541777, 52.17658580668939], [4.8118604311293485, 52.17659482984612], [4.811907884929229, 52.176599555195516], [4.811951481176134, 52.17661999088504], [4.812002589765114, 52.176624734008605], [4.812075684816785, 52.17662509019915], [4.812079165768816, 52.176638589297404], [4.812093755817704, 52.17664090741131], [4.812097323674044, 52.17664766586403], [4.812104633183005, 52.17664770147928], [4.812122762132537, 52.17665902492367], [4.812137352190394, 52.17666134303216], [4.812155481153787, 52.17667266647154], [4.812184690244863, 52.17667505579701], [4.812191912875029, 52.17668183205184], [4.812268604865107, 52.176686699691146], [4.812279511224975, 52.17669124686131], [4.812330619931021, 52.17669598984288], [4.812337871540567, 52.17670051920708], [4.812359800094236, 52.176700626006784], [4.8124215546524, 52.176730138046175], [4.812465382842109, 52.17673259849211], [4.81247263447131, 52.17673712784802], [4.812472258159571, 52.176766337310504], [4.812457494362888, 52.17677750053369], [4.812420859860972, 52.17678406320724], [4.812409779762547, 52.17679299734034], [4.812409692911784, 52.176799737985405], [4.812383906881234, 52.17681534156788], [4.812318063141381, 52.17681951493316], [4.812266664720393, 52.1768372407624], [4.812270232618543, 52.17684399920973], [4.812281110060204, 52.17685079326133], [4.812288419602649, 52.17685082886518], [4.812299268092878, 52.176859869796736], [4.812317484042872, 52.17686445256607], [4.812321051950891, 52.17687121101188], [4.812346664314862, 52.17686908873322], [4.812368679808588, 52.1768624548864], [4.812405198580422, 52.17686487975592], [4.812408766501779, 52.176871638199074], [4.812423298744876, 52.17687845003561], [4.812423096097313, 52.17689417820723], [4.812415554947261, 52.176912117664926], [4.8124009068912335, 52.17691429335403], [4.812393481533576, 52.176923245283625], [4.812378804520902, 52.17692766785164], [4.812356875855545, 52.17692756105534], [4.812338659875728, 52.176922978292076], [4.812331292412778, 52.17692743645453], [4.812331147641154, 52.17693867086261], [4.812338370336142, 52.176945447108224], [4.812337878118076, 52.17698364409551], [4.812315688828953, 52.17700375922583], [4.812275515164851, 52.17700131652632], [4.812264463940971, 52.17700800376378], [4.812202245729204, 52.17701444174792], [4.812172891603116, 52.17702328683428], [4.8121654951442725, 52.17702999186775], [4.812168889266833, 52.17705023160705], [4.8121907890304225, 52.177052585319885], [4.812194385895492, 52.177057096887744], [4.812208976087249, 52.17705941498745], [4.812216140862661, 52.17707068500348], [4.812234414808727, 52.17707077402255], [4.812245263341315, 52.17707981495877], [4.8122451185473745, 52.17709104936638], [4.8122302966670345, 52.17710670632332], [4.812230007071301, 52.17712917513841], [4.8122075859750355, 52.17716726529962], [4.812200276380811, 52.17716722969069], [4.8121928799021205, 52.17717393472568], [4.812152648164604, 52.17717598574718], [4.812108645762508, 52.177187006473325], [4.812104875100054, 52.177195976191584], [4.812163236039069, 52.177205248623864], [4.812170198087443, 52.17723224681257], [4.812151402729843, 52.17727260164921], [4.812125587370108, 52.17729045205487], [4.812099395427484, 52.1773375119128], [4.8120845734138085, 52.17735316885053], [4.812051448353158, 52.17737098362296], [4.812040483911988, 52.17737093019472], [4.812025777746889, 52.17737759959957], [4.812007503675646, 52.177377510548], [4.811960164931163, 52.177363797712715], [4.811868997450732, 52.17734762420673], [4.81184341376878, 52.17734749949975], [4.8118213979575835, 52.17735413324753], [4.811839440183095, 52.17737219737824], [4.811846749810537, 52.177372233009606], [4.811861253151962, 52.17738129179614], [4.811915930491316, 52.177392793416864], [4.81194856306451, 52.17741317566494], [4.811981340529403, 52.17742232349744], [4.8120030956092315, 52.17743591165174], [4.812002863838874, 52.17745388670226], [4.8119916965742915, 52.1774695614386], [4.811991522742927, 52.17748304272635], [4.811980297522057, 52.1775032112241], [4.811980065742056, 52.177521186274284], [4.811972698144292, 52.177525644413684], [4.811972611225611, 52.17753238505745], [4.811942909020031, 52.17756819266026], [4.811931857605599, 52.17757487986562], [4.811931770680621, 52.17758162050931], [4.811913177790717, 52.17760624713652], [4.811905839148526, 52.177608458390395], [4.811902068409343, 52.17761742810139], [4.8118910169765705, 52.17762411530288], [4.811890930045296, 52.177630855946454], [4.811879878607523, 52.177637543146844], [4.811876049904918, 52.17765100661932], [4.811861314644178, 52.17765992288435], [4.811857138187967, 52.177700348930244], [4.811838400308024, 52.177736209950766], [4.811827377816619, 52.1777406502649], [4.81180910359713, 52.17774056118239], [4.811790742431014, 52.177747212740414], [4.811746855313706, 52.17774924580516], [4.811728465149374, 52.17775814423459], [4.8117320620242445, 52.177762655816], [4.811753933130041, 52.17776725649121], [4.811790481590689, 52.177767434670486], [4.8118013591837725, 52.17777422876545], [4.811800866493858, 52.1778124257443], [4.811782186486776, 52.177843792992896], [4.811760083469604, 52.177857167371506], [4.81175628369582, 52.17786838395846], [4.811745203194261, 52.17787731802689], [4.811741142551228, 52.17790875654277], [4.811733687909683, 52.1779199553099], [4.811715297672204, 52.17792885373692], [4.811656732956854, 52.177935309250074], [4.811631003986295, 52.17794641890159], [4.811630946005368, 52.1779509126636], [4.811641823618731, 52.17795770677302], [4.811667378661357, 52.177960078405185], [4.811685537019526, 52.1779691550338], [4.8116889889691725, 52.17798490102138], [4.811670308810757, 52.17801626825113], [4.811622302701367, 52.17805423354331], [4.811611019185729, 52.178078895765374], [4.81159628373042, 52.17808781199634], [4.811545086524537, 52.1780898093383], [4.811523070302303, 52.178096443028956], [4.811464563337282, 52.17809840468438], [4.8114500308442825, 52.178091592730866], [4.811431727481353, 52.17809375047061], [4.811424359734095, 52.17809820857506], [4.811427782600469, 52.17811620145069], [4.811449450849611, 52.17813653034827], [4.81144930585073, 52.17814776475257], [4.81144196709644, 52.178149975977234], [4.811445331973807, 52.1781724626139], [4.811434309335417, 52.17817690289078], [4.811434106331385, 52.178192631056646], [4.811419399804458, 52.17819930038445], [4.811419341801782, 52.178203794146114], [4.811404722275213, 52.178203722829565], [4.811389986737417, 52.178212639034435], [4.811331450608559, 52.178216847504395], [4.811320398941544, 52.17822353465137], [4.8113203119225, 52.17823027529369], [4.811327592684056, 52.17823255783823], [4.811327447654074, 52.17824379224216], [4.811305431323518, 52.17825042589187], [4.81130525728074, 52.17826390717647], [4.811297947507715, 52.17826387151135], [4.811272160240575, 52.17827947484509], [4.811253827782255, 52.178283879437785], [4.8112209337892615, 52.17828371892676], [4.811220991812066, 52.1782792251653], [4.811213711048381, 52.17827694261426], [4.811191781723224, 52.178276835600464], [4.811206314236906, 52.17828364758561], [4.811202398237762, 52.17830385167654], [4.811169504230277, 52.17830369115119], [4.8111696202863, 52.178294703628346], [4.811158713648506, 52.17829015635644], [4.811158771677588, 52.17828566259505], [4.811133274507581, 52.17827879709123], [4.811122135746379, 52.17829222486154], [4.8111038613027155, 52.1782921356695], [4.811096667595962, 52.17828311246913], [4.811082019025662, 52.17828528799327], [4.811074651211812, 52.17828974607567], [4.811067138300671, 52.178305438560976], [4.811052431681779, 52.17831210784275], [4.8110449477793376, 52.17832555344592], [4.811030241150491, 52.1783322227249], [4.811004656906776, 52.178332097835266], [4.810993837345378, 52.17832080990629], [4.810964569192998, 52.17832291404645], [4.810924452469411, 52.17831597712465], [4.810898868235402, 52.1783158522121], [4.810887845507307, 52.17832029243767], [4.810843986816518, 52.178320078284884], [4.8108474965561445, 52.178331330534576], [4.810869222702856, 52.178347165776536], [4.81086527751595, 52.17836961673638], [4.810872558276828, 52.17837189930893], [4.810872500218759, 52.17837639307011], [4.8108870907725185, 52.17837871133324], [4.810894284452165, 52.1783877345462], [4.810908875010775, 52.17839005280664], [4.8109306012078505, 52.17840588803723], [4.810930398024819, 52.17842161620136], [4.810915662320254, 52.17843053234645], [4.810915401077936, 52.17845075427159], [4.81092268185462, 52.178453036841034], [4.810922246455619, 52.178486740049486], [4.810885407125175, 52.17850903040581], [4.810881519989209, 52.17852698760452], [4.8108704391485775, 52.17853592158926], [4.810873832795187, 52.178556161359836], [4.8109250305654525, 52.17855416431008], [4.810939940463787, 52.17853176688084], [4.810940114618359, 52.178518285597555], [4.810951253491027, 52.178504857845084], [4.810977011976937, 52.17849150146297], [4.810977070024669, 52.17848700770183], [4.810991805735691, 52.17847809154915], [4.811002799469983, 52.17847589819462], [4.811003321875472, 52.17843545434393], [4.811032590099942, 52.178433350194275], [4.811029138348035, 52.17841760418898], [4.811051212842242, 52.17840647682994], [4.81109138770315, 52.17840891994748], [4.811083671648569, 52.178440340597895], [4.811101830082751, 52.178449417315655], [4.811101714012541, 52.1784584048382], [4.8111235563773205, 52.178465252510705], [4.811123382278471, 52.17847873379445], [4.811108704627941, 52.178483156202354], [4.811108530524512, 52.17849663748604], [4.811130198812062, 52.17851696644096], [4.811144847456179, 52.17851479091109], [4.811155899221801, 52.17850810378101], [4.811185196500304, 52.17850375271301], [4.811163441150627, 52.17849016440997], [4.811167386198368, 52.17846771344042], [4.811178350907825, 52.17846776695016], [4.811189402656754, 52.1784610798169], [4.811240571293683, 52.17846132951069], [4.811248026149961, 52.17845013077607], [4.811266300658741, 52.17845021994589], [4.811277178337909, 52.17845701408845], [4.811317411270399, 52.1784549633677], [4.8113135533200255, 52.178470673700346], [4.811284256075664, 52.178475024800335], [4.811280456129011, 52.17848624137056], [4.811258497691048, 52.17848838124969], [4.811247416935421, 52.178497315270036], [4.811232768302001, 52.1784994908127], [4.81122905537386, 52.17850396673924], [4.811196161218647, 52.17850380622108], [4.811203238931017, 52.17852181693765], [4.81121414562993, 52.17852636420534], [4.81122131038793, 52.17853763427891], [4.81121339131803, 52.17858478310153], [4.811191316775737, 52.1785959104905], [4.8111328381575245, 52.1785956250997], [4.811114476538411, 52.17860227655084], [4.811096201967717, 52.17860218735742], [4.811092605089869, 52.178597675757295], [4.81108529526236, 52.17859764007892], [4.811073924253994, 52.178629042888254], [4.811059188509353, 52.1786379590509], [4.811040884903408, 52.178640116729426], [4.811022291078513, 52.178664743210355], [4.811000361563263, 52.17866463616077], [4.810996561528901, 52.1786758527213], [4.811018491049654, 52.178675959771624], [4.81102220401329, 52.17867148385191], [4.811051472391834, 52.1786693796979], [4.811051298270158, 52.178682860981006], [4.811069456796287, 52.17869193770355], [4.8110840764822, 52.17869200906189], [4.811083902370265, 52.17870549034502], [4.811065598737769, 52.178707648027334], [4.811054546909072, 52.1787143351486], [4.8110362722926165, 52.1787142459458]]]}}, {"type": "Feature", "properties": {"class": "parcel", "candidate_index": 1, "raw_confidence": 0.49949391215341166, "boundary_alignment_score": 0.49949391215341166, "area_m2": 149521.875, "vertex_count": 1826, "vectorization": {"threshold": 0.5, "close_pixels": 5, "boundary_width_pixels": 0, "edge_buffer_pixels": 2, "min_area_m2": 20, "max_area_m2": 250000, "simplify_tolerance_m": 0.25, "min_boundary_alignment": 0.0}, "source_tile_id": "tile-110000-460000", "vectorization_aoi": "vectorization_v2", "calibration": "parameters selected only on train_selected_0; target reference excluded"}, "geometry": {"type": "Polygon", "coordinates": [[[4.803133302786886, 52.18098759115035], [4.803122396314012, 52.18098304313807], [4.803108070118302, 52.180960502021684], [4.803108629144064, 52.18091781135722], [4.803119800395938, 52.18090213747696], [4.803123808553529, 52.18087519303802], [4.803138723146729, 52.180852796610594], [4.803164514744221, 52.180837195067795], [4.803168316933861, 52.18082597876692], [4.803197969520911, 52.18079466716136], [4.803205603291478, 52.18076998767997], [4.80321662738809, 52.18076554817594], [4.803216686221689, 52.180761054421566], [4.8032313948176215, 52.18075438612219], [4.8032351381516, 52.18074766357339], [4.803239028562712, 52.18072970663847], [4.803246397562016, 52.18072524904898], [4.803246809375453, 52.180693792768025], [4.803243301371002, 52.18068254029954], [4.803236020625737, 52.180680257257194], [4.803236255951655, 52.18066228223944], [4.803243683770764, 52.18065333089561], [4.803258362912477, 52.180648909469895], [4.803287838839616, 52.180631079104025], [4.803299098193895, 52.18060866457402], [4.803321205109273, 52.180595291792514], [4.803321263932044, 52.18059079803797], [4.803335913634853, 52.180588623479835], [4.803339627528628, 52.18058414780474], [4.8033542478186515, 52.180584220121624], [4.803362175559196, 52.18053707185593], [4.803377119327541, 52.180512428519414], [4.80337726637, 52.180501194132745], [4.803388349198871, 52.18049226085765], [4.803388437422606, 52.18048552022561], [4.80341060306362, 52.18046765367227], [4.803414581598901, 52.18044295609844], [4.803433180365523, 52.18041833083133], [4.803441343233575, 52.18035320753954], [4.803448770959841, 52.18034425618215], [4.803463479383462, 52.18033758785311], [4.803467310858643, 52.18032412466404], [4.803482107481975, 52.180310715700315], [4.803482577930131, 52.1802747656611], [4.803497256923513, 52.180270344205184], [4.803504772830258, 52.18025465221172], [4.803519481215923, 52.18024798387553], [4.803523224463699, 52.180241261316866], [4.8035342189975445, 52.18023906866003], [4.803541705486019, 52.18022562354158], [4.803552729414506, 52.18022118400546], [4.803552994008987, 52.18020096210792], [4.8035717101914335, 52.18016734930762], [4.803572062971979, 52.18014038677721], [4.8035906909222845, 52.18011351460614], [4.803606075370559, 52.18005516807479], [4.803617128646469, 52.1800484816549], [4.803613708787165, 52.180030488563304], [4.803621136424866, 52.1800215371945], [4.8036395291370155, 52.18001264003591], [4.803658068811361, 52.1799925084863], [4.803669621750139, 52.17994762514158], [4.803676990576965, 52.17994316752437], [4.803677108148547, 52.17993418001371], [4.803699390966204, 52.17990732589317], [4.803699714275172, 52.179882610238714], [4.80371073810306, 52.17987817068746], [4.803721967662781, 52.17985800299128], [4.803736675885019, 52.17985133462732], [4.8037404484561685, 52.179842365183454], [4.803766209869567, 52.17982901038299], [4.803769982432876, 52.17982004093813], [4.803777321840825, 52.179817830192235], [4.803784925734223, 52.17979539754619], [4.803796008305614, 52.17978646423137], [4.8037998984055665, 52.17976850727445], [4.803829491073612, 52.179741689258286], [4.803844992616227, 52.17967435518015], [4.803856104529074, 52.17966317498157], [4.803860112127562, 52.17963623051096], [4.803871135878539, 52.17963179094441], [4.803882365303301, 52.179611623231914], [4.803882629743597, 52.17959140133125], [4.803897249709307, 52.179591473580366], [4.803900963463374, 52.179586997886645], [4.80391561280825, 52.17958482325563], [4.8039193559403, 52.17957810068343], [4.803952456504547, 52.17956253508596], [4.803959942752647, 52.179549089939044], [4.80396728210658, 52.17954687918114], [4.803971113360851, 52.17953341597349], [4.803982225206865, 52.17952223576275], [4.803989917076518, 52.17949306246835], [4.804023223178374, 52.17946176870506], [4.804023311303495, 52.179455028071175], [4.804034423116834, 52.179443847855275], [4.804034599363564, 52.17943036658752], [4.804064250411365, 52.179399054754334], [4.804068404723208, 52.1793608758852], [4.804087090790701, 52.179329509875146], [4.804087237649227, 52.179318275485045], [4.804109549281556, 52.17928917440525], [4.804131655298835, 52.17927580146753], [4.804135780171899, 52.179239869473136], [4.80417282904383, 52.17920185308613], [4.804172946512941, 52.1791928655737], [4.804184058223239, 52.179181685343025], [4.804188006846245, 52.17915923461493], [4.8042433597354925, 52.179119061590434], [4.80426953165261, 52.179074250383145], [4.804306374749628, 52.179051962100075], [4.804310352659536, 52.17902726448903], [4.804321611092151, 52.1790048498539], [4.804321934047759, 52.178980134193324], [4.804300444808414, 52.17894632272482], [4.804300826496392, 52.17891711330757], [4.804264335857636, 52.178912439050684], [4.804246149267822, 52.178905608161514], [4.804224219655444, 52.17890549985249], [4.80422439584203, 52.1788920185831], [4.804209805470085, 52.17888969949659], [4.804198928764953, 52.17888290470453], [4.8041660343634, 52.1788827422263], [4.804155128298749, 52.17887819430843], [4.804107672909155, 52.17887346584067], [4.804063960579441, 52.178862014776136], [4.804031095568071, 52.178859605382165], [4.804001944242794, 52.17885272028144], [4.803976359726271, 52.17885259386762], [4.803972763549481, 52.17884808205169], [4.803947237792421, 52.178843461875225], [4.80392908065871, 52.17883438405904], [4.803903525533515, 52.17883201075129], [4.803885339031938, 52.17882517980655], [4.803852474057553, 52.178822770362856], [4.803841568039633, 52.17881822241602], [4.803841626806918, 52.178813728659726], [4.803827036480664, 52.17881140952596], [4.803798002761874, 52.17879553686229], [4.803735986573599, 52.178786242227936], [4.803659556462529, 52.17876114713785], [4.803571985291202, 52.178749479051255], [4.8035065494966975, 52.1787221911996], [4.803426288280279, 52.17871055915286], [4.803368044836149, 52.17869229488952], [4.803364448733839, 52.17868778305505], [4.803324303465245, 52.17868309042922], [4.8033133975354865, 52.17867854243359], [4.803280503288875, 52.178678379708735], [4.803233107034306, 52.17866915713356], [4.8031712970615255, 52.1786441340566], [4.80311290670801, 52.178637104057394], [4.803043816449502, 52.178609797863004], [4.802996390891051, 52.178602822070765], [4.802985514441034, 52.178596027166925], [4.802978204622302, 52.17859599098635], [4.802967357604219, 52.178586949202845], [4.802952767398006, 52.17858462996107], [4.802934610572507, 52.17857555199192], [4.802854320337402, 52.17856616643443], [4.802770610729265, 52.17853878770234], [4.80266847950031, 52.17852255280178], [4.802661258022526, 52.17851577596798], [4.802653948217291, 52.17851573976734], [4.8026467267428155, 52.17850896293262], [4.802632166023242, 52.17850439677335], [4.802551934877335, 52.178490517254495], [4.802482815738555, 52.17846545760966], [4.802369720092145, 52.17844916813307], [4.802318816674759, 52.17842869269262], [4.802296916764129, 52.17842633714794], [4.80228966589693, 52.17842180716919], [4.802271391423349, 52.17842171660924], [4.802249550445707, 52.17841486730027], [4.802234930869197, 52.178414794847576], [4.802187682445514, 52.17839433746387], [4.802092802600704, 52.17838263205056], [4.802074646032859, 52.17837355394919], [4.802056401052824, 52.178371216478254], [4.802041928860676, 52.17835990961297], [4.802005497868661, 52.17835074090268], [4.801976288235993, 52.178348349057394], [4.8019690374140875, 52.17834381905888], [4.801954417861462, 52.17834374657151], [4.801918016380876, 52.17833233095653], [4.801896234463947, 52.17832098782675], [4.801815974393541, 52.17830935468563], [4.80173957567316, 52.178282011475076], [4.801724956141285, 52.17828193895928], [4.801710425081121, 52.17827512580865], [4.801688525278454, 52.1782727701512], [4.801612097203652, 52.178247673735804], [4.8015647017541685, 52.17823845049101], [4.8015281824609, 52.17823602226639], [4.8014954360559035, 52.17822462465633], [4.8014918401807964, 52.17822011276476], [4.801484530425256, 52.178220076491776], [4.801480934551618, 52.1782155645999], [4.801397078916439, 52.1781994192821], [4.801393483053315, 52.178194907387486], [4.801371612814546, 52.1781903047937], [4.801368016954733, 52.178185792898354], [4.801346146723079, 52.17818119029982], [4.801335270627678, 52.17817439524389], [4.801298780910821, 52.178169720070734], [4.801287875313706, 52.17816517188799], [4.801251356095841, 52.178162743577765], [4.801222235172588, 52.178153610913284], [4.801207763262734, 52.1781423039457], [4.80120045352025, 52.17814226765511], [4.801189577456572, 52.17813547258575], [4.801153117305501, 52.17812855049001], [4.801131188085027, 52.178128441606766], [4.801109347426791, 52.178121592086846], [4.801087418209877, 52.17812148319549], [4.801007306340624, 52.178098615117186], [4.800985377135334, 52.17809850620686], [4.800974471587683, 52.17809395799517], [4.800927017374618, 52.17808922824942], [4.800901610494289, 52.17807561990473], [4.800879740365095, 52.17807101721982], [4.8008761445646755, 52.178066505309474], [4.800766764461665, 52.1780457386983], [4.800763168674716, 52.17804122678456], [4.8007485787626445, 52.17803890727044], [4.800715891783171, 52.17802301568929], [4.8006501929132055, 52.17801594815152], [4.800639316964301, 52.17800915303143], [4.800624727069218, 52.17800683350203], [4.800617505985692, 52.17800005654312], [4.800610196267149, 52.178000020216004], [4.800602975186937, 52.17799324325624], [4.800588385298963, 52.17799092372236], [4.800584789534478, 52.17798641180312], [4.80055192536003, 52.17798400144105], [4.800541019884697, 52.1779794531893], [4.800504530411504, 52.177974777770736], [4.800489999638282, 52.17796796446992], [4.800479035068567, 52.17796790996724], [4.80044991443129, 52.177958777112266], [4.8004317583711, 52.17794969875824], [4.800362404800322, 52.177942612891094], [4.800355154208547, 52.17793808279347], [4.800333254643909, 52.17793572688474], [4.8002640784894295, 52.17791515969575], [4.800198379850892, 52.17790809190664], [4.800161979177116, 52.17789667575029], [4.800154758181793, 52.17788989876308], [4.80014016835114, 52.17788757917381], [4.800129292511362, 52.17788078400678], [4.800056313821392, 52.17787143290398], [4.800045437998348, 52.17786463772919], [4.800027193334017, 52.17786229994474], [4.800016347093179, 52.17785325789001], [4.800001757281772, 52.177850938283655], [4.799990881472045, 52.17784414310383], [4.799906967916329, 52.1778324904825], [4.799877847485085, 52.17782335748644], [4.799874251806019, 52.17781884554557], [4.799859662013323, 52.17781652592165], [4.799852441076942, 52.17780974891595], [4.799830571187076, 52.177805146036704], [4.799753937842111, 52.17779577655923], [4.799695785877286, 52.17777076985292], [4.799651986985223, 52.177766057786776], [4.799626521488594, 52.17775694292202], [4.79959006189129, 52.17775002034376], [4.799579215766454, 52.17774097824884], [4.799553750299061, 52.17773186336833], [4.7995026417877735, 52.17772711485393], [4.79949539131849, 52.177722584703496], [4.799477117138831, 52.177722493711265], [4.799469866672898, 52.17771796355928], [4.799444312428383, 52.1777155892867], [4.799433436736722, 52.17770879405549], [4.799418847003152, 52.17770647437711], [4.7994080009236475, 52.17769743226647], [4.799397036422167, 52.17769737766334], [4.7993788510756445, 52.177690546024486], [4.7993313678535525, 52.17768806251478], [4.799324117408043, 52.17768353235384], [4.799313152910112, 52.17768347774293], [4.799291401585795, 52.17766988725541], [4.799276811872403, 52.17766756755949], [4.799265936218007, 52.17766077231284], [4.799244007233555, 52.17766066307925], [4.799214857435044, 52.177653776796795], [4.7991819639638145, 52.1776536129306], [4.799178368368852, 52.17764910096851], [4.7991637786681896, 52.177646781258666], [4.7991529030361155, 52.177639986001594], [4.799152962273809, 52.17763549224746], [4.7991310925420345, 52.17763088923871], [4.7991129368843355, 52.17762181068182], [4.799072763405152, 52.177619363487906], [4.7990363928809625, 52.17760570010754], [4.799010838724202, 52.17760332574115], [4.799003617951406, 52.17759654868347], [4.798981777881667, 52.177589698770035], [4.798908799911225, 52.17758034695816], [4.798897924334255, 52.17757355167763], [4.798890614687445, 52.17757351524411], [4.798868893178787, 52.177557677801694], [4.798715687061945, 52.17753444379505], [4.798704811525637, 52.17752764849676], [4.798697501886555, 52.177527612051264], [4.798683030820551, 52.1775163047741], [4.798595493055997, 52.177502386120594], [4.798559241368376, 52.17747973508539], [4.798544681404948, 52.1774751684221], [4.798475358528915, 52.177465834569915], [4.798431678687079, 52.17745213454355], [4.798420803214168, 52.17744533921906], [4.798420862525294, 52.17744084546524], [4.798402736746285, 52.177429519922214], [4.798395427123607, 52.17742948345805], [4.798391861283298, 52.17742272459503], [4.798380956166079, 52.177418176143775], [4.798377597932836, 52.17739568914193], [4.7983961982000105, 52.177371064658], [4.798418364284338, 52.17735319903341], [4.798418512562334, 52.17734196464862], [4.79843333936296, 52.177326309434875], [4.798433457982253, 52.177317321927006], [4.798444481697283, 52.1773128828656], [4.798448255115356, 52.177303913588304], [4.798466677386417, 52.177292770354676], [4.798485396169936, 52.1772591583481], [4.7984927354165725, 52.17725694792966], [4.798492824371892, 52.17725020729861], [4.798500193268083, 52.17724575000271], [4.798500282222245, 52.177239009371625], [4.798518763754344, 52.17722337237561], [4.798530113586106, 52.17719421765865], [4.79853751211877, 52.17718751348325], [4.798545236788914, 52.17715609365967], [4.798563777566997, 52.17713596290217], [4.7985821700925655, 52.177127066527184], [4.798608405807541, 52.177077762812615], [4.798623262098433, 52.1770598606969], [4.798630601305435, 52.17705765026975], [4.798638325887164, 52.17702623043926], [4.798649497728189, 52.17701055697258], [4.7986496163028285, 52.17700156946392], [4.798656985142205, 52.17699711215789], [4.798664620766099, 52.176972432956866], [4.798698047273769, 52.176932153176935], [4.7986981658383545, 52.17692316566814], [4.7987129627607565, 52.17690975729496], [4.798728085709922, 52.17687163327033], [4.798772594921231, 52.17682242062429], [4.798772713470413, 52.17681343311518], [4.798791342911889, 52.176786561688544], [4.798798978424956, 52.17676188247772], [4.798824828434483, 52.17674178811644], [4.79882494697286, 52.1767328006071], [4.798832315750243, 52.17672834328987], [4.798851152552769, 52.17668574371185], [4.798880746138719, 52.176658926923785], [4.798884667570786, 52.17663872324439], [4.798910902662193, 52.17658941945749], [4.798908018306508, 52.176530982428396], [4.798915535191406, 52.176515290718534], [4.798989192822329, 52.17647296434353], [4.799011180471957, 52.17646857986866], [4.7990586920002105, 52.176468816628265], [4.799065882977259, 52.17647784056114], [4.7990913476295125, 52.17648695554765], [4.79918622264598, 52.176498663370865], [4.799197068389877, 52.176507705503276], [4.799208002983471, 52.1765100070021], [4.79920794375327, 52.17651450075717], [4.799215253226854, 52.17651453717078], [4.799222473857333, 52.176521314216544], [4.799237033579488, 52.17652588079661], [4.799342813717024, 52.17654213686671], [4.7993573142431325, 52.17655119718708], [4.799397368353992, 52.17656263179348], [4.799474029107011, 52.1765697546236], [4.799473969903509, 52.176574248378806], [4.799495839153217, 52.17657885132413], [4.799503059836775, 52.17658562835274], [4.799532208982583, 52.17659251456425], [4.799535804528628, 52.17659702651635], [4.799546768759818, 52.17659708110619], [4.799572233578752, 52.176606195988946], [4.79962337040777, 52.176608697594595], [4.799645239689887, 52.17661330051228], [4.799670615762612, 52.17662915600674], [4.799692455468867, 52.176636005793306], [4.7997837058001735, 52.176645448066886], [4.799830921683837, 52.17666815329254], [4.799874630772347, 52.17667960592462], [4.799896559276439, 52.17667971504031], [4.799914744291025, 52.176686546600116], [4.799940297971585, 52.17668892077041], [4.79995842384174, 52.17670024607884], [4.799980263627178, 52.17670709581217], [4.799998537392123, 52.17670718672588], [4.800027686694294, 52.176714072815116], [4.800104377379943, 52.176718948358356], [4.800097334006163, 52.176698690100025], [4.800042660587289, 52.17668718300759], [4.800035410231663, 52.17668265288972], [4.800002547047959, 52.17668024237557], [4.799944366817173, 52.176657482666606], [4.799845836513685, 52.17664575726534], [4.79983127668981, 52.17664119076032], [4.799802304977324, 52.17662082335649], [4.799787685994086, 52.17662075060148], [4.799769501025829, 52.17661391902214], [4.7997402630640735, 52.176613773502154], [4.799722107695232, 52.176604695037845], [4.799692928921221, 52.176600055750846], [4.799663868522124, 52.17658642894599], [4.7995580585639175, 52.17657242004114], [4.7995178564052035, 52.176572219877336], [4.7995033558395805, 52.17656315957665], [4.799496223961451, 52.17654964191518], [4.799488944082794, 52.17654735864137], [4.799463360905469, 52.176547231251], [4.799437836935413, 52.17654261009991], [4.7994305866648155, 52.17653807994492], [4.799375824795957, 52.17653331317655], [4.799339543888334, 52.176512909255436], [4.799266537990921, 52.17650580454319], [4.799226424736452, 52.17649886364755], [4.799219174494475, 52.17649433347952], [4.799204555553937, 52.176494260652326], [4.79916830437364, 52.176471609801055], [4.799120911319454, 52.17646238557548], [4.799047846293846, 52.17645977448309], [4.799044813650295, 52.17641257184341], [4.799052419335483, 52.17639013949182], [4.799063620493163, 52.17637221910617], [4.799070959565156, 52.17637000865119], [4.799082279195478, 52.17634310075338], [4.799093421087861, 52.176329674119884], [4.799108128834128, 52.176323006328055], [4.799130442205362, 52.17629390617725], [4.799134333872989, 52.176275949365696], [4.79914916006682, 52.17626029405822], [4.799153022106292, 52.17624458412356], [4.799182852146122, 52.17619979223582], [4.799182970610478, 52.1761908047252], [4.799194023587817, 52.176184118714716], [4.799209145877485, 52.17614599462261], [4.799242512045587, 52.17611020843643], [4.799253920343149, 52.176076559887626], [4.7992612593570465, 52.17607434942057], [4.799268776040148, 52.176058657686646], [4.799287197591101, 52.17604751432147], [4.799291029952742, 52.17603405125933], [4.799298398567937, 52.176029593912176], [4.799302349364299, 52.17600714333858], [4.799309717973907, 52.176002685990724], [4.799317234627794, 52.17598699425345], [4.799317412282581, 52.175973512986786], [4.7993248104938635, 52.17596680876015], [4.79932534345067, 52.17592636495981], [4.799354817817584, 52.17590853555941], [4.799354936246276, 52.175899548048115], [4.799336692422034, 52.1758972101574], [4.799299819850093, 52.17592174377898], [4.799263272967625, 52.17592156173323], [4.799256082039832, 52.17591253781159], [4.799256318936986, 52.1758945627893], [4.799242114772759, 52.17586303367782], [4.799234805405921, 52.17586299726603], [4.7992343612077315, 52.175896700432936], [4.799230499227513, 52.175912410371275], [4.799223130624958, 52.17591686771433], [4.799215584335689, 52.17593480632348], [4.799215317807592, 52.17595502822331], [4.799240871031341, 52.175957402544704], [4.799255312122565, 52.175970956633726], [4.799251035568478, 52.17601812286109], [4.79923989380169, 52.17603154951043], [4.799221501859568, 52.176040445990544], [4.799221442631539, 52.17604493974599], [4.799214133234909, 52.17604490333287], [4.799199395981181, 52.17605381801612], [4.7991953562827, 52.176083009219084], [4.799180441315855, 52.17610540516606], [4.799158513096414, 52.176105295917665], [4.799155095332471, 52.17608730268773], [4.799162730523088, 52.176062623449944], [4.799192441968924, 52.176026819069044], [4.799192915815889, 52.175990869025384], [4.799178326656573, 52.175988549317445], [4.799167244108768, 52.17599748220448], [4.799163441329871, 52.176008698384955], [4.799144960528447, 52.17602433548631], [4.799137266098116, 52.17605350847852], [4.7991078211681755, 52.17606909094618], [4.799096649725196, 52.176084764459475], [4.799081112664186, 52.17615434482437], [4.799066256859926, 52.176172247001254], [4.799040466536621, 52.17618784766284], [4.79902890992994, 52.17623273057805], [4.799028732186604, 52.17624621184357], [4.799035982368955, 52.17625074202342], [4.799035626886243, 52.17627770455429], [4.799024573861971, 52.17628439054981], [4.799009925365782, 52.176286564576166], [4.7989951583656545, 52.17629772611091], [4.798972667143559, 52.17634030750114], [4.798968479134795, 52.176380733082176], [4.798953712093043, 52.17639189461151], [4.79894640263984, 52.1763918581817], [4.798931665217805, 52.17640077283073], [4.79888049903564, 52.1764005178031], [4.7988550344759435, 52.17639140277112], [4.798789338307523, 52.176384334199355], [4.798756653238645, 52.17636844207381], [4.798625379599259, 52.176345317274624], [4.7985927242634645, 52.176327178226295], [4.7985344266193595, 52.17631340533215], [4.798501563790459, 52.17631099440038], [4.7984688195737855, 52.176299595949956], [4.798454319310208, 52.17629053552038], [4.798348510437895, 52.176276525531854], [4.798333950888456, 52.17627195884218], [4.79830495044005, 52.176253837948146], [4.798246623317863, 52.17624231178929], [4.798210105843452, 52.176239882539676], [4.798159206860518, 52.17621940530371], [4.798060796690201, 52.17619869090398], [4.797995308664571, 52.176175893749516], [4.797907773745924, 52.176161974586904], [4.7978932736412325, 52.1761529140884], [4.797849565580092, 52.17614146072294], [4.797762001087291, 52.1761297883295], [4.79774744164604, 52.17612522156753], [4.797714816519051, 52.17610483539912], [4.797649150649097, 52.176095519315886], [4.797550859783319, 52.17606581698244], [4.797463325220612, 52.176051897490375], [4.79743064086886, 52.1760360049977], [4.797405087698037, 52.17603363028442], [4.79736503457523, 52.17602219500224], [4.797317582954294, 52.17601746380722], [4.797263029942773, 52.17599696791943], [4.797171840913638, 52.17598302994417], [4.797157281580958, 52.175978463109416], [4.797146466098119, 52.17596717391244], [4.797121002141383, 52.17595805850647], [4.79704074757947, 52.17594642212104], [4.796997158844583, 52.175925980931794], [4.796920559059398, 52.17591436273994], [4.7968551315022365, 52.175887071199035], [4.796771222454956, 52.175875416350664], [4.796709390246599, 52.17585263676523], [4.796683866961511, 52.17584801501893], [4.796654629514994, 52.17584786873517], [4.796614576752256, 52.17583643319839], [4.796592678419532, 52.17583407659646], [4.796552744678202, 52.175813653530945], [4.7964688656013275, 52.17579975159078], [4.796432556868314, 52.17578159365314], [4.7963960696282175, 52.17577691696574], [4.796396158896563, 52.17577017633503], [4.796330493797452, 52.175760859518604], [4.796319619056845, 52.1757540639996], [4.796294125630088, 52.17574719529217], [4.796290530480552, 52.17574268324128], [4.7962832211365845, 52.17574264664666], [4.79627962598852, 52.17573813459543], [4.79623220455092, 52.17573115608746], [4.7961994315758965, 52.1757220038845], [4.796184812894948, 52.17572193068358], [4.796155694605941, 52.1757127967689], [4.796141195003718, 52.17570373605518], [4.796050006927824, 52.175689797213664], [4.795980895792001, 52.175664733760414], [4.795969931795713, 52.1756646788396], [4.795951747803853, 52.17565784667224], [4.795933474479622, 52.175657755132455], [4.795856964784184, 52.17563939562034], [4.795838929740301, 52.17562132905171], [4.795843031159746, 52.17558764421102], [4.795846804953297, 52.17557867501481], [4.795857858277429, 52.17557198931663], [4.79586187032942, 52.17554504510538], [4.795872983207475, 52.17553386565208], [4.795873072554243, 52.17552712502157], [4.795909916899354, 52.175504839348406], [4.795917345323953, 52.17549588845867], [4.795917821803403, 52.175459938428894], [4.795928845308041, 52.175455499600716], [4.795943702130149, 52.17543759781819], [4.795969284657854, 52.17543772597066], [4.795980129491229, 52.17544676839903], [4.7959984027291425, 52.17544685993144], [4.796012961769268, 52.175451426909156], [4.796023985262365, 52.17544698807205], [4.79604956779576, 52.17544711620715], [4.79607523964531, 52.17544050370588], [4.796108161239785, 52.17543842155876], [4.7961339223827695, 52.17542506841385], [4.79613419030382, 52.175404846521246], [4.79615246352497, 52.17540493802977], [4.7961713320885, 52.175360091995856], [4.7961934980597, 52.17534222678279], [4.796204729865504, 52.175322059789615], [4.796219407944683, 52.17531763923384], [4.796230550440415, 52.17530421286918], [4.796234621770205, 52.17527277488954], [4.796245704723605, 52.175263842277424], [4.796245794013342, 52.17525710164626], [4.79625681743525, 52.175252662787194], [4.796271822867523, 52.17522352657706], [4.796305041895056, 52.17519897560377], [4.796327029177973, 52.17519459162756], [4.796341766719784, 52.17518567730216], [4.79634182623646, 52.17518118354795], [4.796349165246445, 52.17517897326166], [4.796349314036225, 52.175167738876034], [4.796364111079082, 52.17515433079353], [4.796404401206757, 52.17514779139845], [4.796408174849915, 52.17513882218339], [4.796430102585395, 52.175138931942165], [4.796451881557219, 52.175150276082704], [4.796513891159188, 52.17515957454111], [4.796575692561317, 52.17518460110732], [4.796626738355452, 52.17519384464109], [4.79667760572218, 52.175216569416065], [4.796688569609448, 52.17521662427097], [4.796717687684582, 52.17522575805464], [4.796808904757894, 52.17523744950288], [4.796852552199919, 52.17525339700843], [4.79686351609652, 52.175253451847084], [4.796867111264853, 52.17525796388092], [4.796888949867856, 52.1752648141863], [4.7969472753591536, 52.17527634101575], [4.797009136616555, 52.175296873600495], [4.797085765086141, 52.17530624485721], [4.797133097051377, 52.17531996365416], [4.797154995160743, 52.17532232015568], [4.797162245002502, 52.17532685045087], [4.797184143116809, 52.175329206946984], [4.797191392962651, 52.17533373724035], [4.7972497483355125, 52.17534301704308], [4.797307925473864, 52.175365778081144], [4.79740636316062, 52.175384246231076], [4.797471849723124, 52.17540704371331], [4.797497432239018, 52.17540717153443], [4.797515646065959, 52.17541175658667], [4.797563156458074, 52.17541199394676], [4.7975704063559315, 52.175416524216864], [4.797581370293781, 52.17541657898888], [4.797595840400789, 52.17542788640382], [4.797610429293732, 52.17543020630724], [4.79762130415272, 52.17543700170783], [4.797654136596812, 52.17544165976156], [4.79767232076249, 52.17544849166709], [4.797686939356993, 52.17544856468361], [4.797705123530526, 52.17545539658408], [4.797734331035828, 52.175457789484646], [4.797774324374693, 52.175473718396944], [4.797850923628156, 52.175485336034654], [4.7978545189151, 52.175489848038424], [4.797898196659399, 52.17550354827987], [4.797901791952591, 52.175508060282205], [4.797934624478569, 52.17551271825794], [4.797952808716313, 52.17551955012024], [4.79798567093195, 52.17552196120427], [4.798014759798728, 52.17553334154559], [4.79804028304293, 52.17553796300423], [4.798054782978129, 52.17554702348531], [4.7981131388112255, 52.17555630286143], [4.798127668435912, 52.175563116456054], [4.798142287068952, 52.17556318941618], [4.798175030661912, 52.17557458795774], [4.798185994639584, 52.17557464267367], [4.798211428931807, 52.175586004728004], [4.798320801807613, 52.17560677370574], [4.798331706476507, 52.175611322163306], [4.798335272163962, 52.17561808103], [4.798382723469737, 52.17562281181561], [4.798404532830255, 52.17563190871831], [4.798426431160836, 52.17563426498409], [4.79848466858291, 52.17565253168708], [4.798488263947453, 52.17565704367151], [4.798510162294853, 52.17565939992178], [4.798517412329251, 52.17566393013371], [4.7985502746823885, 52.175666341060634], [4.798604887173565, 52.175682342599416], [4.7986377791882, 52.17568250662434], [4.798655933961008, 52.17569158525604], [4.798670552637281, 52.17569165815082], [4.798677802693244, 52.17569618835291], [4.7987215698102, 52.17570314765676], [4.798739724608502, 52.17571222627556], [4.798765248030746, 52.17571684757748], [4.798776123135825, 52.17572364287172], [4.798845384103629, 52.17573747030146], [4.798874502962195, 52.175746603553236], [4.7988890031349385, 52.17575566393188], [4.79890362183271, 52.1757557367978], [4.798932711086853, 52.17576711691296], [4.798976478313522, 52.17577407612232], [4.798994633192685, 52.17578315470193], [4.799009222275211, 52.17578547443253], [4.7990164427567406, 52.175792251491565], [4.799049245986978, 52.175799156035225], [4.799067371269609, 52.17581048148138], [4.799111168179393, 52.17581519376306], [4.799118388681231, 52.17582197081584], [4.799143941823529, 52.17582434515814], [4.799165751438258, 52.1758334419202], [4.799195048116352, 52.175829093826174], [4.799198880486768, 52.175815630766536], [4.799206249074973, 52.175811173424975], [4.7992868592908176, 52.175795845804274], [4.79930171488066, 52.175777943598135], [4.799316333586615, 52.175778016412984], [4.799323702156882, 52.175773559063956], [4.799349284889905, 52.17577368648396], [4.799371124128187, 52.17578053633026], [4.799371064915683, 52.175785030086004], [4.799378344663998, 52.17578731336722], [4.799385328357634, 52.17581206542672], [4.799396233185595, 52.17581661378596], [4.799406989993391, 52.175832396533565], [4.7994251449841405, 52.17584147504703], [4.799428681252288, 52.17585048075858], [4.799439556491196, 52.17585727599166], [4.799439467682579, 52.17586401662528], [4.799450342926426, 52.175870811857415], [4.7994795803998995, 52.17587095744848], [4.799497913020811, 52.175866554683445], [4.799498031420524, 52.17585756717192], [4.7994835014900685, 52.17585075374591], [4.799472803853111, 52.17583047724952], [4.799432720776417, 52.17582128954614], [4.7994109999257715, 52.17580545219971], [4.799411177551275, 52.17579197093244], [4.799418516510532, 52.17578976045538], [4.799433372045556, 52.17577185823259], [4.799444661701601, 52.175747197174665], [4.799463083079765, 52.175736053781144], [4.799466944962567, 52.1757203438345], [4.799492764466131, 52.175702496199825], [4.799529903133864, 52.17565774061491], [4.799533705790375, 52.175646524421815], [4.799552127104663, 52.1756353810141], [4.799552393477564, 52.175615159112134], [4.7995598803836925, 52.17560171423617], [4.799570933158323, 52.175595028189385], [4.799603913896271, 52.17558845131082], [4.799618680508807, 52.17557728969798], [4.799651602042764, 52.17557520656214], [4.799687911922574, 52.17559336351159], [4.799757320906244, 52.17559595601622], [4.799808367835689, 52.17560519817466], [4.799815617993478, 52.175609728307016], [4.799826581982407, 52.175609782870524], [4.799833802559997, 52.17561655987986], [4.799841111887083, 52.17561659625449], [4.7998483324679855, 52.17562337326296], [4.79986289196176, 52.17562793976618], [4.7998957543626055, 52.175630350318464], [4.799943117117517, 52.17564182111119], [4.800008871526103, 52.175644395283854], [4.8000306220842, 52.17565798564276], [4.800030562938356, 52.175662479399016], [4.800059622848948, 52.175676106114985], [4.8000778370505754, 52.175680690772104], [4.800128972847878, 52.1756831921575], [4.800136223050955, 52.17568772227017], [4.800147187059569, 52.17568777680388], [4.800158032802102, 52.175696818849254], [4.800190836140199, 52.17570372307576], [4.80019443168166, 52.17570823500846], [4.8002309192685235, 52.17571291052189], [4.800293078246752, 52.17571097260477], [4.800325733825781, 52.17572911118481], [4.800329240709119, 52.175740363747984], [4.800336550057021, 52.175740400091996], [4.8003510505254745, 52.17574946029141], [4.800350991411758, 52.17575395404783], [4.8003583007619115, 52.17575399039046], [4.800390985953828, 52.17576988207419], [4.800427503164975, 52.17577231064869], [4.800442240080594, 52.17576339581108], [4.800471477487866, 52.17576354115631], [4.800504221825547, 52.17577493905228], [4.8005261498868546, 52.17577504805036], [4.800544393724233, 52.175777385757215], [4.800551643984884, 52.1757819158444], [4.800631958261875, 52.17578905608667], [4.800660900273949, 52.17581167016778], [4.800671864313864, 52.17581172465279], [4.800686394413754, 52.175818537932756], [4.800759458488964, 52.1758211480094], [4.8007886073308175, 52.17582803391103], [4.800817667581426, 52.175841660440454], [4.800846816445716, 52.17584854632767], [4.800868567359076, 52.175862136532174], [4.800872103920474, 52.175871142200876], [4.8008866340703715, 52.17587795545618], [4.800886575010395, 52.175882449212835], [4.800919408126837, 52.175887106358665], [4.800930283602324, 52.17589390145466], [4.800941247662884, 52.17589395591469], [4.800948468455955, 52.175900732855816], [4.800992265655845, 52.17590544443968], [4.801021296495987, 52.17592131779727], [4.801057695780557, 52.17593273369035], [4.801116111785612, 52.175937517825616], [4.801148826899465, 52.17595116242117], [4.80119268319958, 52.17595138017392], [4.801199933554453, 52.17595591022129], [4.801218177501506, 52.175958247824084], [4.801221773167439, 52.17596275972542], [4.801247296992259, 52.17596738049089], [4.801323957022701, 52.17597450211882], [4.8013639226049785, 52.175992676694065], [4.801491718939679, 52.17600229904168], [4.801509874425079, 52.17601137723486], [4.801509756430243, 52.17602036474877], [4.801520632028305, 52.17602715979041], [4.80152057303195, 52.176031653547376], [4.801535162328326, 52.17603397296589], [4.801542383234373, 52.17604074987069], [4.801611675051892, 52.17605232879949], [4.801640735700651, 52.176065955126305], [4.8016735395411825, 52.176072858940906], [4.801688069879496, 52.17607967209759], [4.801786628908209, 52.17608914908203], [4.801790224642219, 52.17609366096608], [4.801797534049572, 52.1760936972196], [4.80180832125819, 52.176107232870365], [4.801819285372587, 52.17610728724889], [4.801841095673074, 52.17611638351701], [4.801855714495347, 52.1761164560174], [4.801870244875758, 52.17612326915163], [4.801910417164896, 52.17612571539199], [4.801921322327854, 52.17613026351815], [4.801972517698062, 52.176128270348194], [4.802005262688409, 52.17613966782787], [4.802005527952975, 52.17611944592047], [4.801998218541184, 52.176119409679785], [4.801983747092247, 52.176108102804086], [4.801972782977388, 52.17610804844085], [4.801929132861895, 52.176092102827745], [4.80191451404745, 52.17609203033645], [4.801816102401449, 52.176071319066], [4.8017652019488075, 52.17605084338271], [4.801677607107319, 52.1760414207721], [4.801612117455643, 52.1760186256219], [4.8015355457948585, 52.17600476354554], [4.801531950093775, 52.17600025165374], [4.8015173608085915, 52.1759979322348], [4.801506514716992, 52.17598889031436], [4.801499205327124, 52.17598885404279], [4.8014701447718915, 52.17597522768112], [4.801415383372165, 52.17597046185954], [4.801393543725533, 52.17596361239121], [4.80137161556876, 52.17596350355418], [4.80133521617837, 52.17595208775785], [4.801324252102893, 52.17595203333438], [4.8013133765530975, 52.17594523827462], [4.801284168533162, 52.17594284625944], [4.801258674229813, 52.175935978623514], [4.801211163253991, 52.17593574275056], [4.801167631643769, 52.17591080934221], [4.801069132184218, 52.17589683808452], [4.801054602000212, 52.17589002485164], [4.801036358089725, 52.17588768722357], [4.801029137285383, 52.17588091028776], [4.801003672580975, 52.17587179571843], [4.800967184782234, 52.175867120443776], [4.800930785574422, 52.17585570452273], [4.800880033426825, 52.17582399406607], [4.800832581638226, 52.17581926428416], [4.800818051515699, 52.17581245102217], [4.800774283961334, 52.175805492495385], [4.800763408531176, 52.17579869738494], [4.800672159721165, 52.175789255869844], [4.800632312774482, 52.175762093547185], [4.80061403939508, 52.1757620027322], [4.8005995093246625, 52.175755189443315], [4.800555712314332, 52.17575047771382], [4.800526593107312, 52.17574134487645], [4.800522997529553, 52.17573683295383], [4.800497444362774, 52.17573445891012], [4.800442831125375, 52.175718458246294], [4.8003771061371205, 52.17571363743706], [4.800315331420747, 52.17568636598164], [4.800304367412215, 52.1756863114636], [4.800297117192246, 52.175681781361206], [4.800267879839307, 52.17568163597286], [4.800216803162875, 52.175674640891245], [4.800205927849683, 52.17566784572946], [4.800143975898486, 52.17565405545354], [4.80013675526764, 52.175647278463124], [4.800122136602793, 52.175647205750046], [4.800060184706319, 52.17563341543016], [4.800023874641957, 52.17561525859507], [4.800005630898466, 52.17561292080779], [4.7999983807208135, 52.17560839068707], [4.799921691956169, 52.17560351507686], [4.799903507381446, 52.17559668351756], [4.799867019924344, 52.17559200790301], [4.7998524900236905, 52.17558519452217], [4.799837871379797, 52.17558512177388], [4.799812407088508, 52.17557600694759], [4.799717533867404, 52.175564299628675], [4.79971393838579, 52.17555978768145], [4.799688385364177, 52.17555741346265], [4.79966657577722, 52.17554831679682], [4.79964467742239, 52.17554596076111], [4.799641081949628, 52.17554144881165], [4.7996192131930755, 52.17553684589319], [4.799612081442678, 52.175523328236515], [4.799604801725371, 52.175521044969656], [4.799601383825161, 52.175503051750646], [4.79961623919092, 52.17548514950368], [4.799623548496242, 52.175485185891745], [4.799638285477055, 52.17547627115421], [4.7996458315181005, 52.17545833251625], [4.799656913835827, 52.17544939958305], [4.799660775625158, 52.17543368962917], [4.799675542172101, 52.175422528008795], [4.799675630943894, 52.17541578737442], [4.799682969828135, 52.17541357688071], [4.799694200075515, 52.17539340955329], [4.7997015389551505, 52.17539119905835], [4.799735229624533, 52.17533069706702], [4.7997390913758435, 52.1753149871102], [4.79975388745036, 52.17530157860153], [4.799780179959588, 52.17524778085087], [4.799795005583817, 52.175232125458585], [4.799795153505878, 52.17522089106747], [4.799802521936146, 52.1752164336879], [4.7998101566176805, 52.175191754403734], [4.799817525041626, 52.175187297023186], [4.7998288439188075, 52.17516038904718], [4.799851067491143, 52.175138029387576], [4.799862297592699, 52.17511786204295], [4.7998733502019135, 52.175111175967], [4.799877211885278, 52.175095466004976], [4.799899524137975, 52.17506636570094], [4.799922072984287, 52.17501929036565], [4.799936839328356, 52.17500812871147], [4.799940612249661, 52.17499915938211], [4.7999479510521965, 52.17499694887158], [4.799948010205216, 52.17499245511489], [4.7999553490062805, 52.1749902446039], [4.799955496886907, 52.17497901021203], [4.799970381510676, 52.17495886103995], [4.799974272721614, 52.17494090419586], [4.799989127749752, 52.17492300189969], [4.800014887435839, 52.17490964790416], [4.800026087832983, 52.17489172742141], [4.800026235695367, 52.17488049302921], [4.8000335744741305, 52.17487828251332], [4.800044804427361, 52.174858115150215], [4.800066761606866, 52.17485597735453], [4.800081232163874, 52.17486728446644], [4.800099475606532, 52.17486962224188], [4.80011397574431, 52.1748786824713], [4.800150521776761, 52.17487886425229], [4.80018697911644, 52.174885786657484], [4.800241502558246, 52.17490852807582], [4.800281644102353, 52.17491322174789], [4.8002925488026476, 52.174917770024855], [4.800361897660469, 52.17492485592966], [4.800401802803354, 52.174947524589136], [4.8004711221749155, 52.17495685730835], [4.800503865921089, 52.174968255205094], [4.8005256163014645, 52.174981845474065], [4.800576662689076, 52.1749910873003], [4.800631452337639, 52.17499360663136], [4.80067515999353, 52.17500505896805], [4.800678755528004, 52.175009570886495], [4.8007114993661135, 52.1750209687257], [4.8008136513956075, 52.175034958438054], [4.80087545504691, 52.17505998275609], [4.800959393170561, 52.175069387808215], [4.801002953368133, 52.17509207441692], [4.801112355861697, 52.17511059393038], [4.801159600317697, 52.17513105175027], [4.801243509124389, 52.17514270347917], [4.801298003911748, 52.17516769128835], [4.8014074362174215, 52.175183963649694], [4.8014619606476705, 52.17520670450441], [4.8015495538042945, 52.17521612727396], [4.801553149444259, 52.175220639165744], [4.801567738477222, 52.17522295858018], [4.801578584395611, 52.175232000495974], [4.801614983261644, 52.17524341621788], [4.801706142693361, 52.17525959763989], [4.801717018136367, 52.175266392664106], [4.8017279820439205, 52.175266447050795], [4.801771660765199, 52.175280145860455], [4.801851915375853, 52.17529177902961], [4.801913719967161, 52.175316802804126], [4.801997629322256, 52.175328453997196], [4.802044874416102, 52.175348911462855], [4.802063147630051, 52.175349002056016], [4.802150682263086, 52.175362918137566], [4.802165241908797, 52.1753674843571], [4.802179713164267, 52.17537879121172], [4.802212457658291, 52.17539018863464], [4.802234326612521, 52.17539479107289], [4.802285462206728, 52.17539729152356], [4.802329052857276, 52.17541773076396], [4.802340016803004, 52.17541778509381], [4.8023472671881615, 52.17542231507115], [4.802394718717637, 52.17542704424386], [4.802409278409358, 52.17543161043333], [4.802431206307921, 52.17543171907714], [4.80244576600492, 52.175436285262144], [4.802467693905898, 52.17543639389913], [4.802507600578541, 52.17545906184675], [4.802525814944747, 52.17546364612636], [4.802576950634725, 52.17546614645084], [4.8026498964847715, 52.17547774287256], [4.802686178070646, 52.17549814578047], [4.80274459368454, 52.175502929109335], [4.802791927607782, 52.1755166456388], [4.802806457936615, 52.17552345865839], [4.802809994862957, 52.175532464270056], [4.802817274746989, 52.175534747339434], [4.802890250201001, 52.175544096733596], [4.802963078560275, 52.17556468047832], [4.802995970508936, 52.17556484328829], [4.8030397381771675, 52.17557180099145], [4.80306520312836, 52.175580915122225], [4.803068769531298, 52.17558767384699], [4.803083299925652, 52.1755944868325], [4.803116103644586, 52.17560139024647], [4.803130604633947, 52.17561045010534], [4.803130545800523, 52.17561494386367], [4.803148819126335, 52.17561503428884], [4.803156069625822, 52.17561956421648], [4.803174342953596, 52.17561965463773], [4.803181593456432, 52.17562418456383], [4.80324734803303, 52.175626756932076], [4.803290733488922, 52.1756629239717], [4.803305352165632, 52.17566299629228], [4.803319882620733, 52.175669809248674], [4.803371047997565, 52.17567006235011], [4.8034074476816375, 52.175681477519426], [4.80345121552905, 52.17568843507008], [4.803505771018709, 52.17570892810165], [4.803542288353357, 52.17571135571238], [4.80364075879525, 52.17572757178594], [4.803673503919954, 52.175738968803635], [4.803680725103847, 52.17574574557834], [4.803720779606367, 52.1757571787193], [4.803731743637744, 52.17575723291998], [4.803738994219639, 52.17576176281183], [4.803786416876098, 52.17576873830469], [4.803837317938662, 52.17578921311796], [4.803928538051571, 52.17580089906574], [4.803943098022966, 52.17580546506607], [4.803964820486224, 52.17582130158063], [4.803986660460014, 52.175828150573714], [4.804001279192347, 52.17582822280813], [4.804030399170906, 52.17583735478907], [4.8040851313226405, 52.17584436627671], [4.804099691324314, 52.17584893225773], [4.804106912590808, 52.17585570900635], [4.804146967301798, 52.17586714200276], [4.8042236276304235, 52.17587426174739], [4.804234503607404, 52.17588105653964], [4.804241812982497, 52.17588109264177], [4.8042526596034945, 52.17589013431175], [4.8042781837033735, 52.175894754422075], [4.804292714382924, 52.1759015672587], [4.804318267850654, 52.17590394048092], [4.804325518516055, 52.17590847033674], [4.804380280155968, 52.175913234808114], [4.80442749761321, 52.17593593819969], [4.804493047285471, 52.17595423803069], [4.8045075193220015, 52.17596554459983], [4.804518454058748, 52.175967845606955], [4.804518395364543, 52.17597233936589], [4.804547515543466, 52.17598147121927], [4.8045949679044, 52.175986199507996], [4.8046168080560685, 52.175993048384534], [4.804678908565171, 52.175995601916405], [4.804686159282154, 52.176000131750044], [4.804722647584018, 52.176004805875344], [4.804726243608635, 52.17600931767044], [4.804817464407118, 52.176021002931584], [4.8048502393793875, 52.176030152743365], [4.804875792950907, 52.17603252584495], [4.804893890482954, 52.17604609727756], [4.804981486022495, 52.17605551750165], [4.804985082077395, 52.17606002928882], [4.805010577028541, 52.17606689612042], [4.805017798468818, 52.17607367281331], [4.8050323879625, 52.1760759917997], [4.805039609407566, 52.176082768491206], [4.805108872888858, 52.17609659224733], [4.805112468959956, 52.176101104030614], [4.805127058467573, 52.1761034230053], [4.80513790532225, 52.17611246459396], [4.805148869443206, 52.17611251866307], [4.805181585923355, 52.176126162142154], [4.805203455546719, 52.17613076403057], [4.805250937447355, 52.17613324517605], [4.805316399827782, 52.176158285188876], [4.805403966375389, 52.17616995197923], [4.80540756248226, 52.17617446375351], [4.805422152029348, 52.1761767826918], [4.80543299896174, 52.176185824253274], [4.805469399596478, 52.17619723878694], [4.805542376696332, 52.176206586542236], [4.80554962753544, 52.176211116322875], [4.805560591681297, 52.17621117035377], [4.805596904490542, 52.17622932548726], [4.805688096681148, 52.17624325695566], [4.805706253121142, 52.17625233450418], [4.805720842709359, 52.17625465340556], [4.80572443885512, 52.176259165170165], [4.8057390284465304, 52.17626148406928], [4.805746279314563, 52.176266013837775], [4.805746191458049, 52.17627275447707], [4.8057643772064855, 52.176279585136875], [4.805775077812957, 52.17629986106567], [4.80579320501053, 52.176311185480536], [4.805815074788101, 52.17631578725568], [4.805815016223942, 52.17632028101519], [4.80582589255245, 52.17632707566077], [4.805821857164816, 52.17635626709556], [4.805818085309662, 52.17636523661243], [4.8058107758535655, 52.17636520060786], [4.805799694537871, 52.17637413411909], [4.805784753502604, 52.17639877778414], [4.805784636367882, 52.176407765303004], [4.805769783166329, 52.17642566832687], [4.805762444415557, 52.17642787919899], [4.80575463710051, 52.176466040145684], [4.805747181199832, 52.17647723853557], [4.805741886451488, 52.17660304579148], [4.805683410491946, 52.176602757703996], [4.805676042418415, 52.17660721545022], [4.805675808103669, 52.176625190487], [4.805657329325299, 52.17664082860963], [4.805657212164066, 52.17664981612795], [4.805642446703652, 52.176660978496145], [4.8056385283300544, 52.17668118240453], [4.805631189530714, 52.176683393268306], [4.805619463670142, 52.176741758111895], [4.805608411515199, 52.17674844472486], [4.805604580997547, 52.17676190799321], [4.805593470248115, 52.176773088363746], [4.805593030843268, 52.17680679155631], [4.80558569202099, 52.1768090024172], [4.805581890785465, 52.17682021880517], [4.80556709595464, 52.176833628042935], [4.805566978774568, 52.17684261556085], [4.805548587755608, 52.17685151302726], [4.8055485291636835, 52.176856006786174], [4.805533792904369, 52.17686492226079], [4.805526483366679, 52.176864886238484], [4.805519056639163, 52.176873837733496], [4.8055189101517914, 52.17688507213073], [4.805511542015103, 52.17688952986637], [4.805507740753998, 52.17690074625176], [4.805507535667499, 52.17691647440775], [4.805496483452415, 52.17692316100994], [4.805492564989209, 52.17694336491241], [4.805474144614029, 52.17695450924641], [4.805452157355325, 52.176958894925775], [4.8053973357081095, 52.17695862470932], [4.805368156106856, 52.17695398682472], [4.805306347305053, 52.17692896486042], [4.805240678620159, 52.17691965299906], [4.805222551316512, 52.17690832850037], [4.805204306768697, 52.17690599151618], [4.805193430394283, 52.17689919681394], [4.805113172012254, 52.17688756591511], [4.805022213266311, 52.17685565896794], [4.804945580448193, 52.17684629286134], [4.804887397469053, 52.17682353558613], [4.8048362600895675, 52.17682103626106], [4.804792520247276, 52.176811832344264], [4.80477798919511, 52.176805019569684], [4.8047670249045, 52.17680496546588], [4.80473802149038, 52.17678684615018], [4.804643173727797, 52.17677289590908], [4.804599551347589, 52.17675470440404], [4.804482833847457, 52.176736152033975], [4.80447923778918, 52.17673164023201], [4.804464648110185, 52.17672932117722], [4.8044610520543, 52.17672480937467], [4.804453742540702, 52.176724773285954], [4.804424680601271, 52.17671114765163], [4.804377227487632, 52.17670641929388], [4.804329862455815, 52.17669495027972], [4.804326266416339, 52.1766904384731], [4.804293520426489, 52.176679041637115], [4.804205982537039, 52.17666512714355], [4.8041951063736805, 52.17665833234931], [4.8041877968712585, 52.176658296244135], [4.8041769500772284, 52.17664925456911], [4.804144204155899, 52.176637857691745], [4.8040566370233275, 52.17662618996655], [4.803994770665583, 52.176605661073694], [4.80397287156002, 52.176603305840565], [4.803965620817839, 52.176598775963555], [4.803947347086816, 52.17659868566425], [4.803943751093805, 52.17659417384593], [4.803870656177994, 52.176593812618215], [4.803867177714909, 52.17658031328146], [4.803852676260998, 52.17657125351399], [4.803757799850473, 52.176559549440825], [4.803688712409049, 52.17653224361841], [4.8036558491346915, 52.17652983412154], [4.803626728781613, 52.17652070204871], [4.803582930695622, 52.17651599144186], [4.803568458715877, 52.176504684760495], [4.803542993134709, 52.17649557073881], [4.8035028204207695, 52.176493125053824], [4.803480980196407, 52.17648627597159], [4.8034225926172756, 52.17647924612713], [4.803375345693961, 52.17645878921441], [4.803273160182517, 52.17644704859599], [4.803225972187241, 52.17642209786571], [4.803196851992863, 52.17641296568686], [4.803123845635132, 52.176405863360344], [4.803091188420636, 52.176387725554335], [4.803000026177942, 52.176371545201306], [4.802985466118984, 52.1763669790849], [4.8029746196397625, 52.17635793729939], [4.802945499538935, 52.17634880505857], [4.802901760552373, 52.17633960044145], [4.802879832205955, 52.17633949188444], [4.802825129071337, 52.17633023295894], [4.802814282633586, 52.176321191158664], [4.802803318465023, 52.176321136872545], [4.802766918414909, 52.17630972151758], [4.8027084134264655, 52.176311678835134], [4.802711920956466, 52.17632293132732], [4.8027228262495925, 52.176327479379445], [4.802762939898839, 52.17633441908733], [4.802806767152425, 52.1763368831195], [4.802828607199688, 52.17634373232645], [4.80283217362728, 52.17635049105753], [4.802853984253832, 52.176359587138535], [4.802912371585642, 52.17636661726412], [4.802956081174726, 52.1763780687561], [4.802977774139794, 52.17639615232949], [4.8030982036874414, 52.176410230515835], [4.8031199849796735, 52.17642157342659], [4.803127176771856, 52.17643059711323], [4.803141736866133, 52.176435163212126], [4.803181909507588, 52.17643760901999], [4.80323292870289, 52.176449096576945], [4.80325485710432, 52.17644920506841], [4.8032584236049285, 52.176455963786566], [4.80328745561139, 52.176471836586856], [4.803367683359147, 52.17648571560537], [4.803374934022115, 52.176490245519105], [4.803411393182406, 52.17649716692879], [4.803425894522429, 52.17650622675045], [4.803462441906044, 52.17650640750765], [4.803495246354261, 52.17651331081622], [4.803564598208282, 52.17652039484126], [4.8035971675307545, 52.17654527315314], [4.803622662544109, 52.17655214028408], [4.803688389125617, 52.17655695928721], [4.803724672063828, 52.176577361874024], [4.803779375689756, 52.176586620382864], [4.803779258150275, 52.17659560789885], [4.803786538257482, 52.17659789090832], [4.803837675320527, 52.17660039068797], [4.803844926049941, 52.176604920572856], [4.803863170402593, 52.17660725776704], [4.803870421135719, 52.176611787650344], [4.803870332994809, 52.1766185282874], [4.80387764249038, 52.17661856441223], [4.803892143964718, 52.176627624176625], [4.803979681681766, 52.17664153890287], [4.803990528433863, 52.176650580595954], [4.804005088688681, 52.176655146588374], [4.804052571078905, 52.17665762821658], [4.804078095596805, 52.176662248370185], [4.804085346360734, 52.17666677824031], [4.804099965368156, 52.176666850462894], [4.80412543116128, 52.1766759643644], [4.80415829456917, 52.17667837373065], [4.8041800468977085, 52.17669196332488], [4.804191011159613, 52.17669201748323], [4.804223757132668, 52.176703414347564], [4.804260275321341, 52.17670584173697], [4.804267526110886, 52.17671037159589], [4.804293080040497, 52.17671274482394], [4.8043185165416, 52.1767241055629], [4.804438888699483, 52.176742676140364], [4.804475142782725, 52.17676532537565], [4.804540840425644, 52.17677239078354], [4.804566306369416, 52.176781504589975], [4.804591654947141, 52.17679960590758], [4.8046062739991715, 52.17679967806753], [4.8046463590270525, 52.176808864014816], [4.804686561428925, 52.17680906243167], [4.8047303305836335, 52.17681601950847], [4.804752112489925, 52.176827362118026], [4.804752053817791, 52.176831855876465], [4.804777519838811, 52.17684096963735], [4.804814038170903, 52.176843396855524], [4.804839474879538, 52.17685475748223], [4.804872338458499, 52.17685716664981], [4.804937860340012, 52.1768777131123], [4.805018089335412, 52.176891591009564], [4.805047063610264, 52.17691195713561], [4.80508352337658, 52.17691887802905], [4.805127351335988, 52.1769213412001], [4.805171091355178, 52.17693054499282], [4.80520015366608, 52.17694417044341], [4.805305878372944, 52.17696491493002], [4.805334823520158, 52.17698752786477], [4.805341957238825, 52.17700104517504], [4.805341664173683, 52.1770235139684], [4.805334325303303, 52.17702572481349], [4.805315699699615, 52.17705259727769], [4.805300992637371, 52.17705926584341], [4.8052861390239014, 52.177077168803805], [4.805282308380379, 52.17709063206071], [4.8052712267782045, 52.177099565520784], [4.8052525131721895, 52.177133178612344], [4.805208303924077, 52.17715992491766], [4.805203945605031, 52.1772138319978], [4.80518897464332, 52.17724072246216], [4.805155964183995, 52.17724954777841], [4.805068278301414, 52.17724686831974], [4.80502819279274, 52.17723768251578], [4.805010094737638, 52.17722411110579], [4.804999159667589, 52.17722181014422], [4.8049772308807706, 52.17722170197631], [4.804933519943807, 52.177210251232715], [4.804889662382069, 52.177210034868466], [4.804878756651736, 52.17720548701666], [4.80483495775946, 52.17720077687389], [4.804798556469813, 52.17718936214552], [4.804780429169346, 52.17717803757944], [4.804743969238725, 52.177171116592405], [4.804722128491243, 52.17716426773992], [4.804718532374383, 52.17715975594549], [4.8046966622972445, 52.17715515396736], [4.804689440731372, 52.177148377255904], [4.804682131148113, 52.17714834118123], [4.804660349103225, 52.177136998559156], [4.804591025458603, 52.177127668298176], [4.804503662688397, 52.177100272750764], [4.804467144163295, 52.17709784543637], [4.804438023272883, 52.17708871356383], [4.804427176323692, 52.17707967191228], [4.804383495022664, 52.177065974086034], [4.80431057548004, 52.17705213185565], [4.804307038131212, 52.1770431262907], [4.80429613250125, 52.17703857838504], [4.80420493912448, 52.17702464584106], [4.8041976882903406, 52.17702011597845], [4.804179414386068, 52.17702002571484], [4.804135850688901, 52.176997340281154], [4.8040263248126145, 52.17698781108394], [4.803989982653702, 52.17697190234844], [4.803865925910211, 52.176955560129365], [4.803866014052654, 52.17694881949273], [4.803847887087078, 52.17693749478341], [4.803826017209319, 52.176932892644025], [4.80381879581181, 52.17692611587926], [4.803800551331141, 52.17692377867812], [4.8037933005545295, 52.17691924879076], [4.803767746533662, 52.17691687545444], [4.803745935447989, 52.17690777954247], [4.8037094465112915, 52.17690310511496], [4.803687635444277, 52.17689400919223], [4.803676671133512, 52.17689395498705], [4.803647550538693, 52.1768848229196], [4.803618312382917, 52.17688467836027], [4.803585537037464, 52.17687552820709], [4.803570917962723, 52.17687545592063], [4.80356007124134, 52.17686641418935], [4.8035382014283226, 52.17686181199666], [4.8035273253190995, 52.17685501714122], [4.803458061154774, 52.17684119245752], [4.8033888852477595, 52.17682062709691], [4.8032611743849225, 52.17680426616505], [4.803250298332011, 52.17679747128406], [4.8032503571554015, 52.176792977526574], [4.803235767520854, 52.17679065831991], [4.80322854623612, 52.17678388151906], [4.803213986019209, 52.17677931543099], [4.803126448273052, 52.17676540013697], [4.803071891667981, 52.176744906932136], [4.803017158572814, 52.17673789497419], [4.80301356266285, 52.17673338312777], [4.802998973060217, 52.17673106389186], [4.802980875828822, 52.17671749217065], [4.802973566317988, 52.17671745599024], [4.802962719756224, 52.17670841420405], [4.802933570001721, 52.17670152883919], [4.8028824328749655, 52.176699028667656], [4.802842407175719, 52.17668534836438], [4.802809573269035, 52.17668069175311], [4.802795042563399, 52.176673878734725], [4.8027767982401395, 52.17667154137545], [4.802765951729472, 52.17666249957118], [4.802722212472841, 52.17665329488762], [4.8026968352989465, 52.176637440047834], [4.80266037613584, 52.17663051841753], [4.8026311381509466, 52.176630373613854], [4.802623887540983, 52.176625843654556], [4.802565558808085, 52.176614319628975], [4.802536497519216, 52.17660069353028], [4.80251822379118, 52.17660060300966], [4.802481823586579, 52.17658918756707], [4.802375865448914, 52.176586415580466], [4.802375806537766, 52.17659090933754], [4.802393962442801, 52.176599987394404], [4.802393903533454, 52.17660448115145], [4.8024229942343055, 52.17661586040662], [4.802485007129982, 52.176625155729624], [4.802557778171666, 52.17665023348016], [4.802630784837731, 52.17665733615704], [4.8026526250145665, 52.176664185396376], [4.802663442061469, 52.176675474089635], [4.802685282252218, 52.176682323322936], [4.802710836080208, 52.17668469689347], [4.802725366776459, 52.17669150992223], [4.802780040897704, 52.17670301577266], [4.802779982027081, 52.17670750952992], [4.802809043460054, 52.17672113556858], [4.802918538988733, 52.17673291277335], [4.802925760218063, 52.1767396895932], [4.802940320392405, 52.17674425571682], [4.802943828014532, 52.17675550820142], [4.802969205343458, 52.17677136298801], [4.803031336261063, 52.176771670509474], [4.803042212274262, 52.17677846541062], [4.8030677073348516, 52.176785332661275], [4.8030749285953425, 52.176792109471954], [4.80308223811852, 52.17679214564611], [4.803096710067754, 52.176803452386494], [4.803136912455758, 52.17680365133133], [4.803144163146792, 52.176808181259034], [4.8031843361243025, 52.17681062706641], [4.8032098018115095, 52.17681974116514], [4.803216993685772, 52.17682876484582], [4.803235238096655, 52.17683110213708], [4.803246114155449, 52.17683789701944], [4.803326460179908, 52.17684278855114], [4.803337365662836, 52.176847336546366], [4.803381164047786, 52.17685204724455], [4.80339572430561, 52.176856613312], [4.803399290859922, 52.1768633720255], [4.803417505891288, 52.17686795616736], [4.80352334717418, 52.17687971473481], [4.80353784866108, 52.17688877454235], [4.803545158200591, 52.176888810687856], [4.803545099406738, 52.17689330444544], [4.803552408946999, 52.176893340590475], [4.803581470737589, 52.17690696643901], [4.803636145345178, 52.176918471893075], [4.803679943831952, 52.17692318248048], [4.803723536612249, 52.17694362120345], [4.803745465258375, 52.176943729604126], [4.803792859787438, 52.1769529519737], [4.803807420120518, 52.17695751799041], [4.803814582754533, 52.17696878851351], [4.8038218923074485, 52.1769688246419], [4.803829113712321, 52.17697560140639], [4.803898407580319, 52.176987178993535], [4.803931153694702, 52.176998575938725], [4.803942000523487, 52.17700761763589], [4.804015066744895, 52.17701022569929], [4.804029539001622, 52.17702153232532], [4.8040514676870245, 52.17702164066919], [4.804058689135355, 52.17702841741966], [4.804087898017523, 52.17703080874894], [4.804095090103533, 52.177039832376074], [4.804113275910403, 52.17704666328956], [4.80414611022392, 52.177051319538336], [4.804164296043314, 52.17705815044398], [4.804186224747148, 52.17705825876282], [4.804200785155029, 52.17706282473098], [4.804262828406962, 52.17706987224148], [4.804350220325593, 52.177095021088064], [4.804415889080678, 52.177104333444824], [4.8044304495272065, 52.17710889938467], [4.80443764169514, 52.17711792299096], [4.804448576710563, 52.177120224004504], [4.8044702999922135, 52.17713606042362], [4.804488573944796, 52.17713615064224], [4.80449582482737, 52.17714068048695], [4.804536027527475, 52.17714087895553], [4.804601520325677, 52.17716367248319], [4.8046343547768045, 52.177168328596245], [4.804648885925112, 52.177175141388226], [4.804678094935565, 52.17717753257153], [4.804721629747071, 52.17720246468409], [4.8047580896998054, 52.177209385678], [4.804834811098366, 52.177212011269376], [4.804856593224314, 52.177223353859226], [4.804860130698329, 52.17723235940757], [4.804900245496341, 52.17723929838947], [4.804903841637988, 52.17724381017836], [4.804932962725383, 52.17725294193595], [4.804951090095045, 52.17726426647857], [4.80495103144221, 52.177268760236785], [4.804972842950792, 52.17727785592606], [4.804998426567622, 52.17727798212252], [4.805056756801198, 52.17728950494646], [4.805096930319619, 52.1772919501033], [4.8051114615790205, 52.17729876283832], [4.805173417359083, 52.1773125505079], [4.805180639025097, 52.177319327189686], [4.805195199620399, 52.177323893035236], [4.80523902798407, 52.17732635616525], [4.805268149194255, 52.177335487840175], [4.8052789670662905, 52.17734677629358], [4.8052787912064305, 52.17736025756868], [4.8052638788618305, 52.17738265428349], [4.805256510617311, 52.17738711200265], [4.80523823655988, 52.17738702190279], [4.8052309855617645, 52.17738249210372], [4.805212682192954, 52.17738464887907], [4.80519426156531, 52.177395793168124], [4.8051756357218816, 52.17742266560812], [4.805149788172529, 52.17744276136196], [4.805145869505726, 52.17746296525078], [4.805138501236142, 52.17746742296249], [4.805138237381685, 52.17748764487428], [4.805130781154579, 52.177498843222736], [4.805123442195483, 52.17750105405439], [4.805115927325767, 52.17751674615996], [4.805104874903, 52.17752343272448], [4.805100985527726, 52.17754138973246], [4.805089962416259, 52.17754582941646], [4.80507461010768, 52.177601929291846], [4.805063557657574, 52.17760861585231], [4.805059668258103, 52.17762657285863], [4.805048586477818, 52.17763550629664], [4.805032970181985, 52.177711828076376], [4.80502194702158, 52.17771626775384], [4.8050144027559885, 52.17773420673123], [4.804999666099289, 52.17774312213716], [4.804999578126142, 52.17774986277398], [4.80501785233162, 52.17774995291102], [4.805017705714245, 52.177761187305705], [4.805006682540106, 52.17776562698169], [4.80499913825995, 52.17778356595794], [4.804988115078431, 52.17778800563213], [4.804980570786989, 52.17780594460709], [4.804969488946176, 52.17781487803733], [4.804969371642315, 52.177823865552945], [4.804947207942834, 52.17784173241021], [4.804954341679538, 52.17785524974193], [4.80497630010345, 52.17785311103563], [4.804983668453082, 52.17784865333448], [4.805005597548192, 52.1778487615016], [4.805016444801302, 52.17785780309926], [4.8050310348782, 52.17786012208597], [4.805030712326128, 52.177884837753886], [4.805000828371137, 52.177934124871555], [4.8049825540902384, 52.17793403473178], [4.804979045861959, 52.17792278230917], [4.8049717948033415, 52.17791825249451], [4.804971970758867, 52.17790477122132], [4.804935568860079, 52.177893356535755], [4.8049100142194945, 52.1778909834463], [4.80490258719671, 52.177899934900495], [4.8048660386635325, 52.17789975458767], [4.804844226873157, 52.177890658879285], [4.804800456646494, 52.1778837018444], [4.804771393846979, 52.1778700762969], [4.804745897903141, 52.177863209414284], [4.804614440672166, 52.17785357254563], [4.804585319258589, 52.17784444070988], [4.804581723101012, 52.17783992891177], [4.804559823358202, 52.177837573787095], [4.804552572356086, 52.177833043946706], [4.8045123983809415, 52.17783059860409], [4.804472341814321, 52.17781916573287], [4.8044540675819185, 52.177819075511294], [4.804450500791774, 52.177812316830455], [4.804432255915258, 52.17780997972675], [4.804417842008646, 52.1777941793937], [4.8043704464560495, 52.177784957274945], [4.80436319548175, 52.17778042742293], [4.80434492126551, 52.17778033718451], [4.804304982224724, 52.177759916741635], [4.804253902529314, 52.17775292340556], [4.804191770233738, 52.17775261652584], [4.804191682138459, 52.177759357161854], [4.804202617298247, 52.17776165819816], [4.804213464367151, 52.17777069986951], [4.804228054373427, 52.177773018955435], [4.804231650489814, 52.17777753076432], [4.804290010536809, 52.17778680708829], [4.804340914131071, 52.177807281680934], [4.804370123538598, 52.17780967294083], [4.804381029364379, 52.17781422083932], [4.8044139229788385, 52.177814383256454], [4.804443103042519, 52.177819021377], [4.804450354031214, 52.1778235512241], [4.804453862118329, 52.177834803662414], [4.8044902051452345, 52.17785071225393], [4.804526724287946, 52.17785313956181], [4.8045558456951385, 52.177862271412], [4.804592335505961, 52.17786694557833], [4.804639643163966, 52.17788290824436], [4.8047126815227506, 52.17788776275637], [4.8047454871810995, 52.17789466571754], [4.804767240280771, 52.17790825520178], [4.804800016628105, 52.177917405026605], [4.804810863856101, 52.17792644664301], [4.804840014702148, 52.17793333154428], [4.80484723641757, 52.17794010824584], [4.804850656617731, 52.177958101308704], [4.804857907670478, 52.177962631130725], [4.804872527104301, 52.17796270325823], [4.804890684076432, 52.17797178093038], [4.804912554573867, 52.177976382872515], [4.804912026651936, 52.178016826691135], [4.804893723007434, 52.17801898341635], [4.804882670426666, 52.178025669959204], [4.804878839578792, 52.17803913320052], [4.804867757659511, 52.17804806662073], [4.8048494833322755, 52.17804797646026], [4.804845916463988, 52.17804121779153], [4.8048349518693545, 52.17804116369358], [4.804820127074134, 52.178056819712666], [4.8048198924045, 52.17807479474273], [4.804812406664681, 52.1780882399484], [4.804826996806215, 52.17809055896034], [4.804826850139301, 52.17810179335409], [4.804804920920339, 52.17810168515356], [4.8048047742478195, 52.1781129195472], [4.804815738860046, 52.17811297364799], [4.804815386852278, 52.17813993619279], [4.804837169425559, 52.178151278785045], [4.804837110759727, 52.17815577254251], [4.804844420508265, 52.178155808607826], [4.804844244512893, 52.17816928988017], [4.804836876096256, 52.17817374757226], [4.804836612099593, 52.17819396948072], [4.804821376581278, 52.17824108180128], [4.804802926166773, 52.17825447290558], [4.804795616402106, 52.178254436837655], [4.804780234140037, 52.17831278354559], [4.80476529188822, 52.17833742707147], [4.804757923435863, 52.178341884758474], [4.804732339209608, 52.178341758508935], [4.804717837008174, 52.178332698849424], [4.804684943009981, 52.17833253651647], [4.804648540836281, 52.17832112174276], [4.804615646846959, 52.178320959390476], [4.804600909916388, 52.17832987474531], [4.804593336031397, 52.178350060572036], [4.804582253977521, 52.178358993964736], [4.804578364317679, 52.1783769509525], [4.804570995840139, 52.178381408627736], [4.804570702374764, 52.178403877413224], [4.804559590955825, 52.17841505768222], [4.804559532261568, 52.17841955143927], [4.804570408909045, 52.17842634619857], [4.804585028494272, 52.17842641836195], [4.804596081219114, 52.17841973184763], [4.8046148838961065, 52.17837937823353], [4.804633305075413, 52.178368234037634], [4.80465157953331, 52.178368324231755], [4.804651462163486, 52.178377311746054], [4.804662368156646, 52.17838185961837], [4.804665788315373, 52.17839985268517], [4.804673039420945, 52.178404382518295], [4.804702219897629, 52.178409020574925], [4.804701955838094, 52.17842924248212], [4.804675990125359, 52.1784583256417], [4.804671924445318, 52.17848976390355], [4.804664555958422, 52.17849422158455], [4.80466069566181, 52.178509931696084], [4.8046421277153755, 52.178532310288475], [4.80462742006389, 52.17853897876765], [4.804612595029743, 52.17855463475902], [4.804582592776808, 52.17861290927759], [4.8045715693486555, 52.17861734891186], [4.80457151065526, 52.17862184266874], [4.804549581181388, 52.178621734420396], [4.804546307792665, 52.1785925069587], [4.804539144714389, 52.17858123648251], [4.80452069407418, 52.178594627541564], [4.804516657621344, 52.17862381891866], [4.80452390874806, 52.17862834876082], [4.804549463790138, 52.178630721934226], [4.80454528061249, 52.17867114770429], [4.80453785338604, 52.17868009913403], [4.804515747786259, 52.17869347214988], [4.804497473195484, 52.17869338193447], [4.804497561246947, 52.178686641299265], [4.8044902514117656, 52.17868660521234], [4.804464549580157, 52.17869546641812], [4.804464285410643, 52.17871568832362], [4.8044715365469255, 52.17872021816893], [4.804489781797725, 52.17872255526672], [4.804489517639445, 52.17874277717221], [4.804474663137225, 52.17876068002389], [4.804467030416984, 52.178785359597526], [4.804462465568725, 52.17885499478184], [4.8044476990775635, 52.17886615699476], [4.804436411389829, 52.17889081852091], [4.804439361837852, 52.17894476164526], [4.804442840655803, 52.178958260960165], [4.804460880534453, 52.178976326210446], [4.804460733771519, 52.17898756060185], [4.804445996589248, 52.17899647593591], [4.804409300383849, 52.179007529871676], [4.804398335552328, 52.1790074757328], [4.804390908240136, 52.179016427152646], [4.804379884693068, 52.179020866768546], [4.804376112320594, 52.179029836234356], [4.804365088768737, 52.17903427584885], [4.804361198961506, 52.179052232827125], [4.804346403021125, 52.17906564190502], [4.804346314945842, 52.17907238253964], [4.804335262021501, 52.17907906902949], [4.804331342839079, 52.17909927288477], [4.804324003576861, 52.179101483665654], [4.804301750900157, 52.17912609103088], [4.804301633457231, 52.17913507854359], [4.804275637708912, 52.17916640848866], [4.80426803417073, 52.17918884116929], [4.804245869510245, 52.17920670788916], [4.804230662382353, 52.179251573245615], [4.804186391684509, 52.17928281291035], [4.804156006594109, 52.17937029672609], [4.804118928197173, 52.1794105599845], [4.8041073758517046, 52.1794554433783], [4.804096293425095, 52.179464376723125], [4.804088719117113, 52.179484562512826], [4.804081379779439, 52.17948677327837], [4.804081291663016, 52.17949351391225], [4.804070209221701, 52.17950244725452], [4.804032484394697, 52.17959214179886], [4.804021431294289, 52.179598828258435], [4.804002833195704, 52.179623453622746], [4.803991280677438, 52.179668337003264], [4.803954143125635, 52.179713093962896], [4.803953937474362, 52.17972882210767], [4.803946568710654, 52.17973327974247], [4.803938964909244, 52.17975571239932], [4.80393156675967, 52.17976241691092], [4.803927617952988, 52.17978486762786], [4.8039053940966365, 52.17980722803682], [4.8038978196434465, 52.17982741381288], [4.8038867076999585, 52.179838594015], [4.803879074467632, 52.17986327354524], [4.803868021276916, 52.179869959989986], [4.803867962510479, 52.179874453745455], [4.803856968082886, 52.17987664643374], [4.803856909315323, 52.179881140189195], [4.8038458855011985, 52.17988557975413], [4.803845767963797, 52.17989456726502], [4.803838369777116, 52.17990127177062], [4.8038344502959065, 52.17992147560605], [4.803841613409857, 52.17993274612247], [4.803841407717579, 52.17994847426641], [4.803862955855598, 52.17997779205747], [4.803866405194945, 52.17999353826444], [4.803880848996398, 52.18000709178194], [4.80388792398873, 52.180025102928425], [4.80390248533341, 52.180029668932484], [4.803916958538403, 52.18004097556784], [4.80392426859498, 52.1800410116906], [4.803927835482228, 52.18004777038489], [4.80393514553993, 52.18004780650695], [4.8039459931087505, 52.180056848200046], [4.803949413104144, 52.18007484128213], [4.803927336015721, 52.18008596730547], [4.803846866544094, 52.18009006368744], [4.803824760037019, 52.18010343656918], [4.803817449970314, 52.18010340044026], [4.803813706778509, 52.180110123008475], [4.80380639671072, 52.18011008687886], [4.803798998482247, 52.18011679138163], [4.8037806939222785, 52.180118947932044], [4.803765838675261, 52.18013685068911], [4.803758528603142, 52.1801368145565], [4.803729023800757, 52.18015689191988], [4.803706740875622, 52.180183746044705], [4.803673669157214, 52.18019706469322], [4.803673610370631, 52.18020155844831], [4.803662586458992, 52.18020599799572], [4.803632905195402, 52.180239556599844], [4.803618196829426, 52.18024622495021], [4.8036106221709565, 52.180266410706004], [4.8035920235658995, 52.18029103600193], [4.803584243102646, 52.18032694989818], [4.803558363749782, 52.18034929216715], [4.803543302536494, 52.180382923037286], [4.803532219765867, 52.18039185632718], [4.80353911827623, 52.180423348757806], [4.803520637170789, 52.18043898653204], [4.803502303063083, 52.18044338991633], [4.803479990454468, 52.18047249087398], [4.803465281988734, 52.18047915920484], [4.8034614210951965, 52.18049486927085], [4.803454022750878, 52.18050157375137], [4.803450044232078, 52.18052627132631], [4.803442704691252, 52.1805284820514], [4.80343893200166, 52.180537451484504], [4.803420539032742, 52.1805463486106], [4.803416795743705, 52.18055307116557], [4.803402146056486, 52.180555245733835], [4.8033872022875155, 52.180579889073336], [4.803357902891167, 52.18058423820055], [4.803353806672559, 52.18061792328096], [4.803327397634859, 52.18068070928842], [4.8033125420180545, 52.1806986119861], [4.803279410972714, 52.18071642427665], [4.803271777252265, 52.18074110376309], [4.803270836002387, 52.180813003833265], [4.803259811899402, 52.180817443342285], [4.803229982843281, 52.18086223622622], [4.803202985132651, 52.18096995974494], [4.803173538366299, 52.18098554321113], [4.803133302786886, 52.18098759115035]]]}}, {"type": "Feature", "properties": {"class": "parcel", "candidate_index": 2, "raw_confidence": 0.4979894364369102, "boundary_alignment_score": 0.4979894364369102, "area_m2": 123186.71875, "vertex_count": 625, "vectorization": {"threshold": 0.5, "close_pixels": 5, "boundary_width_pixels": 0, "edge_buffer_pixels": 2, "min_area_m2": 20, "max_area_m2": 250000, "simplify_tolerance_m": 0.25, "min_boundary_alignment": 0.0}, "source_tile_id": "tile-110000-460000", "vectorization_aoi": "vectorization_v2", "calibration": "parameters selected only on train_selected_0; target reference excluded"}, "geometry": {"type": "Polygon", "coordinates": [[[4.796078724843232, 52.18069406564773], [4.796045918478621, 52.18068716027943], [4.796016677862191, 52.180687013832916], [4.795991151884576, 52.180682391936564], [4.7959693703341655, 52.180671047717944], [4.795954779813978, 52.180668727611284], [4.795951184304045, 52.18066421555335], [4.79586370079929, 52.18064580112315], [4.7958455445837895, 52.18063672206744], [4.7958236737252635, 52.180632118446404], [4.795820078231549, 52.180627606384476], [4.79571063463523, 52.18061132883958], [4.795681513255255, 52.18060219481094], [4.795670667232996, 52.180593152361396], [4.795583124381701, 52.180579231472905], [4.79556859351579, 52.180572417569], [4.795543067650554, 52.1805677955758], [4.795539472190427, 52.180563283505315], [4.79549944529029, 52.180549600718685], [4.795419182897555, 52.18053796322772], [4.795404652070198, 52.18053114930364], [4.795393686878402, 52.18053109432753], [4.795364565615989, 52.180521960220716], [4.795360970177624, 52.180517448144776], [4.795328164054782, 52.18051054257711], [4.795255182082191, 52.18050118850432], [4.795226060867792, 52.18049205436336], [4.795200684186533, 52.18047619792281], [4.795120392180149, 52.180466807103464], [4.795047589291974, 52.1804439716545], [4.794941831319566, 52.18042546485872], [4.794930955656436, 52.180418669215825], [4.794923645547512, 52.18041863253585], [4.794912799723705, 52.18040959001669], [4.794876398370336, 52.18039817223382], [4.794850842839123, 52.18039579696558], [4.79483265709315, 52.18038896462872], [4.794803476358181, 52.18038432413269], [4.794789005357354, 52.18037301638372], [4.794781695256067, 52.18037297969495], [4.794774474680248, 52.18036620238207], [4.794763509530021, 52.180366147347414], [4.794749008702146, 52.18035708646809], [4.794705207801143, 52.18035237256494], [4.7946906771435955, 52.18034555855298], [4.794614130078237, 52.18032944511307], [4.794541118699902, 52.1803223374736], [4.794522933031483, 52.18031550508902], [4.794482817097382, 52.18030856258131], [4.794468316345355, 52.18029950166747], [4.7943661841383864, 52.18028325958483], [4.794315342049404, 52.18025828695192], [4.79426057617017, 52.180253517806634], [4.794231455322015, 52.180244383420366], [4.794209554953414, 52.180242026374856], [4.794162278419279, 52.18022381266146], [4.794118537461487, 52.18021460479191], [4.794085672002277, 52.18021219262793], [4.794031204995823, 52.180184954632146], [4.7939581939483205, 52.18017784663233], [4.793921793029481, 52.18016642855518], [4.793899892715749, 52.18016407145225], [4.793896297454467, 52.180159559331706], [4.793859896566463, 52.18014814123546], [4.793775980297514, 52.18013648425476], [4.79373241887028, 52.18011379499611], [4.793615697149146, 52.1800952318815], [4.793553830814062, 52.180074697527076], [4.793473539881566, 52.18006530558819], [4.793415388496721, 52.18004029579755], [4.793393518183155, 52.180035691726474], [4.793367933027483, 52.18003556301165], [4.7933533727648525, 52.18003099570937], [4.793331442633847, 52.18003088537528], [4.793320537397938, 52.18002633645825], [4.793284047016879, 52.1800216588072], [4.793280451829411, 52.18001714666791], [4.793265831746756, 52.18001707310323], [4.793236741176531, 52.18000569159749], [4.793211185958923, 52.1800033159745], [4.793200280742057, 52.17999876704635], [4.793178350627396, 52.17999865668385], [4.793171070511478, 52.17999637302122], [4.793171160278289, 52.17998963239865], [4.793116484628421, 52.17997812210029], [4.793087394121831, 52.17996674055771], [4.793018098459959, 52.17995515662525], [4.792989067856332, 52.179939281310176], [4.792959947474831, 52.179930146610346], [4.792854131717735, 52.179916131693375], [4.792825101197987, 52.17990025633796], [4.792817791176305, 52.179900219527674], [4.792810570975696, 52.17989344209464], [4.792781450660833, 52.1798843073508], [4.792748615462263, 52.17987964794065], [4.792745020340425, 52.17987513578503], [4.79273043024985, 52.17987281528001], [4.7927086798714145, 52.17985922358571], [4.792686839666614, 52.17985237250971], [4.792672219639255, 52.17985229887156], [4.7926503794434705, 52.179845447788814], [4.792624794399739, 52.17984531891301], [4.7926066092203525, 52.17983848623327], [4.792581024180781, 52.179838357348025], [4.792519158680206, 52.17981782245149], [4.792431618343257, 52.17980389922704], [4.7924280232596095, 52.17979938706176], [4.792413433210452, 52.179797066517565], [4.792409838129195, 52.17979255435172], [4.7923879980031385, 52.1797857032204], [4.792304112770575, 52.179771798319905], [4.792227687436239, 52.17974669583723], [4.79213649233395, 52.17973275397043], [4.792129242289532, 52.179728223369644], [4.7920964072747, 52.179723563778154], [4.792052757171942, 52.179707614521604], [4.792001677190124, 52.179700615883874], [4.791983522147358, 52.17969153623429], [4.791972557167516, 52.179691480940576], [4.791968962139391, 52.179686968761274], [4.791918002135028, 52.179670982591716], [4.791804907333882, 52.17965468299435], [4.7917795023553, 52.179641072692256], [4.791757662400645, 52.17963422144437], [4.791728452487663, 52.17963182706245], [4.791699332566155, 52.179622692051765], [4.791688367603697, 52.179622636731665], [4.791622907829029, 52.17959758917766], [4.791546273151708, 52.179588214370796], [4.79146981855254, 52.17956535827141], [4.791378654072345, 52.17954916894564], [4.791375059115799, 52.17954465674827], [4.7913459093100546, 52.17953776852419], [4.791338689391964, 52.1795309910011], [4.791324129502712, 52.17952642344859], [4.791222030241396, 52.17950793177326], [4.791192910504932, 52.17949879663771], [4.791178410685644, 52.179489735319784], [4.791079846435225, 52.179480249472356], [4.7910398218803305, 52.17946656517404], [4.791021727189279, 52.17945299162916], [4.790912318279123, 52.17943446276419], [4.790890538632758, 52.17942311760859], [4.790857764049909, 52.17941396392544], [4.79079571968592, 52.17940690936795], [4.79075204031616, 52.17939320650418], [4.790737540620917, 52.17938414513212], [4.7907156408619, 52.17938178743876], [4.790712045985944, 52.179377275221135], [4.790609887220281, 52.17936327676389], [4.7905662981094155, 52.17934283321065], [4.790442239751663, 52.179326476883205], [4.790409615636329, 52.17930608870793], [4.790303832236117, 52.17928982463254], [4.790256588379913, 52.179269362481854], [4.790212789028475, 52.179264646912756], [4.7902018842989165, 52.17926009770767], [4.790150744975534, 52.17925759201636], [4.790118151119483, 52.17923495688706], [4.790023242615106, 52.17922548864663], [4.790019677902201, 52.179218729534455], [4.790001523459994, 52.17920964958013], [4.790001764110098, 52.179191674592495], [4.790016624559117, 52.17917377357342], [4.790016955444237, 52.1791490579652], [4.790028130846724, 52.179133385326004], [4.790028281246026, 52.179122150958555], [4.790032026430584, 52.17911542882958], [4.790043051423856, 52.17911099055637], [4.7900543170431344, 52.17908857729407], [4.790065342027547, 52.17908413901871], [4.790076487319311, 52.179070713248294], [4.79009542370746, 52.17902137447917], [4.790102793734171, 52.17901691771073], [4.790107170489863, 52.17896301123423], [4.79011472095785, 52.17894507322347], [4.790122060895031, 52.17894286332735], [4.790129551204432, 52.178929419062804], [4.7901442611452785, 52.17892275239467], [4.790144351366765, 52.178916011773815], [4.79015543644604, 52.17890707974263], [4.790167062828736, 52.17885770398502], [4.79018566823719, 52.178833080809504], [4.790196693145314, 52.17882864252162], [4.79020055856331, 52.17881293289221], [4.790215298525237, 52.17880401934128], [4.79023045945253, 52.17876364955682], [4.790237799354109, 52.17876143965339], [4.790256404683174, 52.17873681646619], [4.790260330207671, 52.178716613087076], [4.790271445281274, 52.17870543417088], [4.790275400863155, 52.17868298391737], [4.790286485858123, 52.17867405187338], [4.79029029109839, 52.17866283598806], [4.790308685900039, 52.17865394090844], [4.790308746030662, 52.17864944716092], [4.790323485916852, 52.17864053359613], [4.790327531659648, 52.17861134271923], [4.790334901595297, 52.17860688593582], [4.790339308091895, 52.17855073257258], [4.790365283195102, 52.178521652582944], [4.790369148526685, 52.178505942947034], [4.790380233458762, 52.17849701089386], [4.79038409878291, 52.17848130125736], [4.790395334009792, 52.178461134833405], [4.79040641892546, 52.17845220277772], [4.790406509106082, 52.17844546215609], [4.79041765413487, 52.17843203635149], [4.790428678920692, 52.178427598041424], [4.790428739038823, 52.17842310429361], [4.790450878775461, 52.17840748704859], [4.790473649688706, 52.178344685446724], [4.790503369629225, 52.178308883281055], [4.790511280483555, 52.17826398275472], [4.790533510273023, 52.17824162487162], [4.790541030393091, 52.1782259337049], [4.7905520551156435, 52.17822149538308], [4.790552145273645, 52.178214754760994], [4.790563200044428, 52.17820806956405], [4.790567155434353, 52.178185619298546], [4.790582015319841, 52.17816771820428], [4.790582165575377, 52.17815648383401], [4.7906044253255144, 52.17813187906294], [4.790608260488803, 52.17811841629201], [4.790623030188339, 52.178107255814574], [4.790626925441441, 52.17808929929478], [4.790649215180875, 52.17806244764076], [4.790649335371398, 52.178053460144305], [4.7906973292530814, 52.17801775028697], [4.790704819232702, 52.17800430598322], [4.790705029546117, 52.17798857786411], [4.790712399340965, 52.1779841210565], [4.790712729829001, 52.177959405440596], [4.790753654201041, 52.17790568362532], [4.790753954623255, 52.17788321488319], [4.790765219572883, 52.17786080154724], [4.790791013753328, 52.177845202704795], [4.790791133914514, 52.17783621520777], [4.790805843395556, 52.17782954845521], [4.790805933514167, 52.17782280783245], [4.790824417981912, 52.17780717204769], [4.790824568174805, 52.17779593767631], [4.790839367751007, 52.17778253029667], [4.790839517940027, 52.1777712959252], [4.790854347540568, 52.17775564166924], [4.7908662131355415, 52.17768829083665], [4.7908736429365755, 52.17767934026991], [4.790884607419933, 52.17767939566499], [4.790892157356006, 52.17766145759971], [4.7909104915559215, 52.17765705617266], [4.790914236483686, 52.177650334013556], [4.790928945884965, 52.17764366724527], [4.790932840973689, 52.177625710713734], [4.790943925573584, 52.177616778605746], [4.790944105767919, 52.17760329735946], [4.790955190359969, 52.17759436525033], [4.790958995338932, 52.17758314934094], [4.790988474139583, 52.177565322042284], [4.790988564229897, 52.17755858141904], [4.7910033937071645, 52.17754292714361], [4.791003603912451, 52.17752719902257], [4.791010943572167, 52.17752498907018], [4.7910147785598625, 52.1775115262844], [4.791044167209089, 52.177500439594894], [4.791062711511988, 52.177480310022645], [4.791070561601263, 52.17743990320028], [4.79108158607669, 52.17743546482795], [4.791085481085456, 52.177417508290596], [4.791100340505976, 52.17739960712793], [4.791100490627577, 52.17738837275532], [4.791111575134776, 52.17737944063111], [4.791123109984821, 52.17733680538759], [4.791130539675525, 52.177327854803984], [4.791163643015229, 52.17731229279216], [4.7911637330784025, 52.17730555216843], [4.791182217205811, 52.17728991632572], [4.791182367306306, 52.17727868195273], [4.791189736935977, 52.17727422511447], [4.791201031530829, 52.17724956485934], [4.791205016531701, 52.17722486769347], [4.791216100977234, 52.17721593555905], [4.791219965894202, 52.17720022589108], [4.791231050330603, 52.177191293755236], [4.791249954619221, 52.17714420165626], [4.7912573242198775, 52.17713974481363], [4.7912648438981025, 52.17712405359711], [4.791275898291305, 52.17711736833159], [4.791287222813117, 52.17709046119268], [4.791302022015503, 52.17707705375276], [4.791309601694332, 52.177056868783765], [4.79132068607707, 52.177047936639205], [4.791324761031305, 52.17701649884405], [4.79134330500563, 52.17699636922555], [4.791354359355371, 52.17698968395244], [4.791361668898426, 52.17698972085266], [4.791376558075041, 52.176969572778724], [4.7914060062941095, 52.17695399224781], [4.791413435864022, 52.176945041645624], [4.791420745399825, 52.17694507854214], [4.791435484499649, 52.17693616483465], [4.7914574131027985, 52.17693627551884], [4.791468287388263, 52.17694307148387], [4.791490185990629, 52.176945429036785], [4.791497435518724, 52.176949959678254], [4.791577660423826, 52.176963846707274], [4.791614058128928, 52.1769752655089], [4.791628527224142, 52.17698657365099], [4.7916504258564485, 52.17698893117423], [4.791654020635919, 52.176993443364964], [4.791705007483095, 52.17700718277629], [4.791719506604537, 52.17701624403235], [4.7917377504821825, 52.17701858310039], [4.791759559163694, 52.177027681228026], [4.7918653677231875, 52.17704169712253], [4.791898020837233, 52.17705983802695], [4.791930793906685, 52.177068991422594], [4.791974591286939, 52.17707370635286], [4.79204007753785, 52.17709650684247], [4.7921604755064875, 52.17711284306266], [4.792204033206576, 52.17713553290767], [4.792225931942843, 52.17713789032419], [4.792240461179438, 52.177144704641265], [4.792302502629282, 52.17715175843749], [4.792364364336251, 52.17717229345131], [4.792393572673637, 52.17717468767442], [4.792422691141644, 52.17718382251545], [4.79245552432212, 52.17718848201538], [4.792477303278754, 52.17719982688547], [4.792484612857459, 52.177199863716176], [4.792491832574023, 52.17720664117161], [4.792572028302858, 52.177222774400185], [4.792586587569412, 52.17722734179959], [4.79259743214939, 52.177236384535675], [4.7926083965266315, 52.17723643977044], [4.79263020549276, 52.17724553773721], [4.792692307033274, 52.1772480975785], [4.792743354375803, 52.177257342791286], [4.792801501759993, 52.17728235291905], [4.792856174025826, 52.177293863363566], [4.7928781028094365, 52.17729397378401], [4.792907221454953, 52.177303108505555], [4.792910816386932, 52.17730762065798], [4.792939964979654, 52.17731450849629], [4.792943559915868, 52.17731902064771], [4.793031095539739, 52.17733294349121], [4.79306371941665, 52.177353330948335], [4.79307827877637, 52.17735789828714], [4.793111172000138, 52.177358063854406], [4.793143945538839, 52.177367216913346], [4.793187743341904, 52.17737193139374], [4.793194993112025, 52.17737646193097], [4.793213237215254, 52.177378800771066], [4.7932386413467025, 52.17739241076856], [4.793318867594084, 52.177406296614734], [4.793340706700072, 52.17741314757503], [4.793344301684786, 52.177417659714244], [4.793369825518512, 52.17742228218248], [4.793391634731264, 52.17743138000863], [4.793486420528448, 52.17744983303935], [4.793508229778523, 52.17745893084395], [4.793551997809799, 52.177465892064546], [4.793559247632249, 52.17747042257938], [4.793610325308238, 52.17747742054212], [4.793653854207665, 52.17750235672749], [4.793701307013236, 52.177507089396464], [4.793755949897603, 52.17752084629978], [4.793777729347973, 52.177532190929945], [4.793792348617136, 52.17753226442993], [4.793806878222084, 52.17753907855426], [4.793854331083198, 52.17754381116173], [4.793876170339095, 52.177550662023], [4.793879765389081, 52.17755517414589], [4.793894354782292, 52.17755749450866], [4.793919729341323, 52.177573351234955], [4.793941628384447, 52.177575708333336], [4.793970747432571, 52.177584842792584], [4.793996331184571, 52.177584971374635], [4.79401451566022, 52.17759180384177], [4.794036414717482, 52.1775941609226], [4.794069128870535, 52.17760780747561], [4.794123801864528, 52.17761931733327], [4.7941530105907875, 52.17762171112127], [4.7941675104101, 52.17763077207661], [4.794174820061252, 52.17763080880275], [4.7941783852784505, 52.17763756779197], [4.794200135025095, 52.177651159219636], [4.794214694598867, 52.177655726418294], [4.7943023507368, 52.177660660817736], [4.794313255495715, 52.17766520964518], [4.79433518446661, 52.17766531979513], [4.794357023856158, 52.17767217056745], [4.79437529800153, 52.17767226235258], [4.794393422853675, 52.177683588512316], [4.794429881583553, 52.17769051269499], [4.794429762156162, 52.17769950019708], [4.794458911240869, 52.1777063876604], [4.7944843159397434, 52.17771999738981], [4.794524489251442, 52.177722446145566], [4.794542673864305, 52.17772927853138], [4.794575507669976, 52.17773393744192], [4.7946409365319616, 52.17776123024011], [4.7947030687532415, 52.17776154214863], [4.79477236145055, 52.177773125091555], [4.794808611447993, 52.177795777286384], [4.7949253574879585, 52.17781209234451], [4.794947197040388, 52.1778189430077], [4.7949580422432545, 52.17782798552682], [4.795027275456803, 52.17784406207142], [4.795049025563236, 52.177857653342684], [4.795067269961589, 52.177859991896405], [4.795085424889972, 52.17786907107426], [4.795121913701805, 52.177873748167634], [4.795161967907363, 52.177885184209195], [4.795180242142174, 52.17788527586979], [4.795205736617288, 52.17789214481693], [4.795231320550206, 52.17789227313149], [4.79526766032242, 52.17790818455826], [4.795358882494737, 52.177919877129774], [4.79536975761539, 52.177926672735374], [4.795377067316327, 52.17792670938711], [4.795398757953332, 52.17794479434537], [4.795438871906474, 52.17795173654154], [4.795453401900213, 52.1779585504632], [4.795468021312729, 52.177958623755806], [4.795478896459477, 52.177965419351345], [4.795508045880889, 52.177972306555745], [4.795511641129994, 52.1779768186289], [4.795526260548624, 52.17797689191432], [4.795584559430182, 52.17799066629254], [4.7956429775318385, 52.177995453138834], [4.795671948231138, 52.17801582155748], [4.795686508075264, 52.178020388574645], [4.79570478236688, 52.17802048015409], [4.795708377639778, 52.17802499222121], [4.795788576011316, 52.17804112326543], [4.795821320816842, 52.178052522457115], [4.795905263489908, 52.17806193110656], [4.795941663203436, 52.178073348574216], [4.79597066386947, 52.178091470043654], [4.796054606647746, 52.178100878586974], [4.7960691665589845, 52.178105445556966], [4.796080012059196, 52.178114487973026], [4.79609460175083, 52.17811680806396], [4.7961018221647675, 52.178123585298515], [4.7961966700985235, 52.17813754240208], [4.796225789977134, 52.17814667630521], [4.796243885726845, 52.17816024905675], [4.796273005629978, 52.17816938294825], [4.796353263987469, 52.178181019857156], [4.796393229511022, 52.17819919610889], [4.796506352070377, 52.17821324443387], [4.796531757683942, 52.17822685372267], [4.796538948431113, 52.178235877806415], [4.796568068444291, 52.178245011625165], [4.796579033075888, 52.178245066491314], [4.79658262845536, 52.178249578531826], [4.796615433112028, 52.178256483751234], [4.796626308506492, 52.178263279241065], [4.796691917863784, 52.17827708964655], [4.796761271362611, 52.17828417767041], [4.796779426809244, 52.17829325658777], [4.796794016596055, 52.17829557659234], [4.7968084874342525, 52.17830688409929], [4.7968376075492065, 52.17831601785156], [4.796914211435144, 52.17832763609863], [4.796979702061047, 52.178350433848486], [4.797001631377429, 52.17835054350339], [4.797070925591667, 52.17836212509768], [4.797132731738371, 52.17838715136541], [4.797223895951263, 52.17840333624867], [4.797271142099441, 52.178423795616325], [4.79730038123732, 52.17842394174982], [4.7973368410269055, 52.178430865035054], [4.797387682733759, 52.17845583637347], [4.797427827165032, 52.17846053101789], [4.797464227595164, 52.178471948016174], [4.797475192283989, 52.17847200279913], [4.797497002849747, 52.1784810998669], [4.797518902530136, 52.17848345630202], [4.797551559003381, 52.178501595642444], [4.7976097998050395, 52.17851986277322], [4.797609473133926, 52.178544578411696], [4.79760186635155, 52.17856701066026], [4.797594497146952, 52.17857146789861], [4.797594348656055, 52.17858270227964], [4.797575628642002, 52.17861631413526], [4.79754225925517, 52.17865209982968], [4.797531027208994, 52.17867226693818], [4.7975194684299876, 52.17871714968295], [4.797500926520936, 52.178737280269125], [4.797493586981473, 52.17873949062488], [4.797493527574667, 52.178743984377064], [4.7974677649164486, 52.17875733780885], [4.797467705507007, 52.178761831561005], [4.797452967005047, 52.17877074602008], [4.797441675476307, 52.17879540687168], [4.797426847837575, 52.17881106195556], [4.7974265210622935, 52.17883577759213], [4.797415199794873, 52.17886268531692], [4.797404235010089, 52.17886263052822], [4.797396687486454, 52.17888056901002], [4.79738934791824, 52.17888277935921], [4.7973855741524725, 52.17889174859967], [4.797367180659743, 52.178900644783994], [4.79735232324909, 52.17891854673416], [4.797348103809372, 52.17896121911302], [4.797340764225474, 52.17896342945909], [4.797336990443049, 52.178972398697866], [4.79732596620732, 52.178976837653764], [4.797325906783209, 52.17898133140567], [4.797307453815602, 52.17899472133237], [4.79727729315316, 52.17906422835363], [4.797262554513052, 52.17907314278823], [4.797255066327942, 52.179086587508394], [4.797244012339535, 52.1790932733324], [4.797243893474378, 52.17910226083591], [4.797236524145434, 52.17910671805132], [4.797228857644384, 52.17913364402494], [4.797217684769765, 52.17914931734981], [4.7971956064660635, 52.17916044211373], [4.797191773199674, 52.179173905099134], [4.79717323095217, 52.179194035631696], [4.7971654752366515, 52.179227702228154], [4.797124735694914, 52.17926794500983], [4.79712458708266, 52.17927917938871], [4.797109699724797, 52.179299328182566], [4.797105806973505, 52.17931728491628], [4.797072496133731, 52.17934857672065], [4.7970686330884424, 52.17936428657727], [4.797053715950636, 52.17938668223936], [4.797049555631887, 52.17942486085223], [4.797023554625437, 52.179456189190084], [4.797008518520166, 52.179487572348684], [4.797001149103926, 52.17949202954896], [4.796989738223438, 52.17952567785613], [4.796982398528853, 52.17952788817953], [4.796967540753948, 52.179545790078734], [4.796941747742611, 52.17956139026844], [4.796934437772063, 52.179561353713254], [4.7969269791382185, 52.1795725515356], [4.796890131931256, 52.17959483750635], [4.79688282195528, 52.17959480094794], [4.796871767784925, 52.1796014867362], [4.796860505458892, 52.179623900652295], [4.796849510751216, 52.179626092687336], [4.796845736813442, 52.1796350619091], [4.796827313168428, 52.17964620488305], [4.796819557111847, 52.17967987145359], [4.7968120984292435, 52.17969106926835], [4.796804758698644, 52.17969327958062], [4.796800925267866, 52.179706742551836], [4.796771447366055, 52.179724571297236], [4.7967565894407285, 52.179742473169036], [4.79675967935697, 52.17978518208605], [4.796766870400328, 52.17979420615391], [4.7967584897028335, 52.17987505710353], [4.796784104519261, 52.17987293820769], [4.796784372180294, 52.179852716328796], [4.796799051695318, 52.17984829570656], [4.796842941537299, 52.17984626820615], [4.796842763114383, 52.179859749458885], [4.796835453095033, 52.17985971289751], [4.796828053861984, 52.179866416961985], [4.7968134040824975, 52.179868590712374], [4.796802320094517, 52.17987752336915], [4.796795010072298, 52.17987748680523], [4.796794920853529, 52.17988422743152], [4.796780152105224, 52.17989538867947], [4.79676187704244, 52.17989529726542], [4.796761966266232, 52.17988855663918], [4.796751060713878, 52.17988400803858], [4.7967437506906485, 52.17988397147151], [4.796729011672571, 52.1798928858376], [4.796728952186719, 52.179897379588404], [4.796706784158188, 52.17991524488483], [4.796691628694659, 52.17995561550149], [4.796658465818908, 52.17997567280756], [4.7966436375115284, 52.179991327788834], [4.796643429280274, 52.18000705591621], [4.796625124423838, 52.18000921135623], [4.796617606139752, 52.18002490290856], [4.796606611321281, 52.180027094920604], [4.796547625162353, 52.18006499917929], [4.796543583354575, 52.18009419026798], [4.796521444907341, 52.18010980865347], [4.796524713143042, 52.18013903632216], [4.7965173138168415, 52.180145740366704], [4.796517165047755, 52.180156974742886], [4.796498592330836, 52.180179352040156], [4.796490895442227, 52.18020852483503], [4.7964651911498235, 52.180217384292376], [4.796461327814182, 52.1802330941263], [4.796443052613859, 52.18023300266269], [4.796435177131235, 52.1802756567046], [4.796427807527282, 52.180280113868164], [4.796398596936025, 52.18027772064152], [4.7963838874793225, 52.180284388088445], [4.79638373867602, 52.18029562246417], [4.796376398824675, 52.18029783274934], [4.796383232744146, 52.18033381934128], [4.796375833364274, 52.180340523376636], [4.796375625036445, 52.18035625150241], [4.796368314936209, 52.18035621491193], [4.796364511077636, 52.18036743099206], [4.796346235822521, 52.18036733951335], [4.796346325110368, 52.18036059888807], [4.796335359958996, 52.18036054399952], [4.796334109903099, 52.18045491275255], [4.796282552132024, 52.180483865967155], [4.796282314004467, 52.180501840967324], [4.796271229752396, 52.18051077357281], [4.796267157955403, 52.18054221152447], [4.796256133224875, 52.18054665037847], [4.796237500677505, 52.18057352138265], [4.796230160773152, 52.180575731658536], [4.7962226720229175, 52.180589176308864], [4.796215332115254, 52.18059138658384], [4.796196759065265, 52.18061376383138], [4.796182019696321, 52.18062267812752], [4.796174530923645, 52.180636122774594], [4.7961598213151175, 52.180642790193], [4.7961521836691, 52.1806674692132], [4.796141010030018, 52.18068314243078], [4.796130015025878, 52.18068533439792], [4.796118930697601, 52.1806942669887], [4.796078724843232, 52.18069406564773]]]}}, {"type": "Feature", "properties": {"class": "parcel", "candidate_index": 3, "raw_confidence": 0.4985164378886111, "boundary_alignment_score": 0.4985164378886111, "area_m2": 56337.90625, "vertex_count": 572, "vectorization": {"threshold": 0.5, "close_pixels": 5, "boundary_width_pixels": 0, "edge_buffer_pixels": 2, "min_area_m2": 20, "max_area_m2": 250000, "simplify_tolerance_m": 0.25, "min_boundary_alignment": 0.0}, "source_tile_id": "tile-110000-460000", "vectorization_aoi": "vectorization_v2", "calibration": "parameters selected only on train_selected_0; target reference excluded"}, "geometry": {"type": "Polygon", "coordinates": [[[4.802971506981429, 52.18106094220295], [4.802792465404533, 52.181055561859], [4.802715825846592, 52.18104619430107], [4.802664948754745, 52.181023472137575], [4.802588397625056, 52.18100736386622], [4.802552141062213, 52.18098471406424], [4.802530210432782, 52.18098460543891], [4.802460969625851, 52.18096853329388], [4.80245018104881, 52.18095499771212], [4.802439274653815, 52.18095044963679], [4.802362605891556, 52.18094332872649], [4.802348044407331, 52.18093876253295], [4.802300557557198, 52.18093628021399], [4.802282340981229, 52.180931695900654], [4.802271493538228, 52.180922654056204], [4.8022569320701205, 52.180918087851396], [4.802129268842252, 52.18089723193555], [4.802078362745689, 52.18087675639602], [4.801998127508316, 52.18086287650022], [4.801947221511347, 52.18084240090418], [4.801932601139653, 52.180842328412886], [4.801892542535686, 52.18083089466888], [4.801841459707043, 52.18082390028755], [4.80181961762068, 52.18081705090015], [4.801805144697386, 52.18080574400952], [4.8017905833153876, 52.180801177747234], [4.801713973900016, 52.1807895626625], [4.801648536257951, 52.18076227378742], [4.801579266616459, 52.18074844800209], [4.801557542608971, 52.18073261105959], [4.801542981276299, 52.180728044766774], [4.8015211097806985, 52.18072344220079], [4.801451722216558, 52.18071860384723], [4.801422599585112, 52.18070947123369], [4.801397220571864, 52.18069361612278], [4.801276809520399, 52.18067728931769], [4.801262277749847, 52.18067047611367], [4.80123675123355, 52.18066585535119], [4.801207687716604, 52.18065222893149], [4.8011237685583845, 52.18064057717269], [4.8011165174515025, 52.18063604712324], [4.80109461652171, 52.18063369135482], [4.801080084793265, 52.180626878128365], [4.801047248172121, 52.18062222102583], [4.801039997076011, 52.180617690971644], [4.801025376779909, 52.180617618368046], [4.800992599228812, 52.18060846749727], [4.8009561075575995, 52.18060379221718], [4.80091979308839, 52.18058563566685], [4.800803067113252, 52.180567079656605], [4.800733916205675, 52.18054426586956], [4.8006901144795195, 52.18053955418676], [4.800588215828033, 52.18050534247409], [4.800504326662921, 52.18049144339874], [4.800460672790326, 52.18047549724882], [4.800416930276188, 52.18046629171197], [4.8003330116765355, 52.18045463939132], [4.800285761970853, 52.18043418125144], [4.800194622057372, 52.18041575185515], [4.800169243648524, 52.18039989648024], [4.800136436862235, 52.180392992248144], [4.800078015129736, 52.18038820762295], [4.800074419224622, 52.180383695689834], [4.800063454061612, 52.180383641147685], [4.800034391087928, 52.18037001443916], [4.800027080981537, 52.18036997807533], [4.800016234132828, 52.18036093602361], [4.799862899445744, 52.18034669100753], [4.799833747796948, 52.180339804878386], [4.799815679658444, 52.180323985803305], [4.79977921793436, 52.18031706328336], [4.799771967016871, 52.180312533151294], [4.799739130765129, 52.18030787568507], [4.7996879600941815, 52.18030762100097], [4.799655153450766, 52.18030071663518], [4.7996515575955065, 52.18029620468919], [4.7996405924546846, 52.1802961501078], [4.7996115000695125, 52.18028477017139], [4.799516616889061, 52.18027306268548], [4.799469338146108, 52.1802548510951], [4.799403665798299, 52.1802455359852], [4.799367233813077, 52.180236366461926], [4.799345481230146, 52.1802227759885], [4.799345540452903, 52.18021828223623], [4.799309138115147, 52.18020686581886], [4.799250775949077, 52.18019758703223], [4.799196187320755, 52.18017933892013], [4.7991049891344515, 52.18016540243512], [4.799079522381917, 52.180156287454224], [4.799061424959896, 52.180142715139716], [4.79897388192384, 52.18012879676532], [4.798926633188502, 52.18010833808153], [4.7988390902623586, 52.18009441960722], [4.798802569601401, 52.18009199053777], [4.798755350624842, 52.18006928490944], [4.798700673425846, 52.180057777196275], [4.798631316857059, 52.180050690309805], [4.79861681534374, 52.18004162990421], [4.798580413337464, 52.18003021326223], [4.798569448263754, 52.18003015858136], [4.798543981698268, 52.180021043484984], [4.798500180720456, 52.18001633099002], [4.798434686870803, 52.17999353408572], [4.798361705084657, 52.17998418193363], [4.798336238588032, 52.17997506679245], [4.798325273528271, 52.17997501208892], [4.798318052477243, 52.179968234991634], [4.798292585998674, 52.179959119841], [4.7982524104605595, 52.17995667236572], [4.798183113460661, 52.17994509146428], [4.798153992006362, 52.179935958044645], [4.79814314564335, 52.179926915820744], [4.798128584924746, 52.17992234910692], [4.7980884687778795, 52.17991540782416], [4.798066538688521, 52.179915298370084], [4.798022856576683, 52.17990159819479], [4.798011891535489, 52.179901543462165], [4.797979174491737, 52.17988789800333], [4.797869761599091, 52.1798693755845], [4.797847920592648, 52.17986252546251], [4.797844324955615, 52.17985801346143], [4.797796987959495, 52.179844294952964], [4.797691170868672, 52.179830284371185], [4.797669389299882, 52.1798189404647], [4.797614712689821, 52.1798074322487], [4.797611117080833, 52.17980292024051], [4.7976001520645575, 52.1798028654697], [4.797592901452362, 52.17979833520378], [4.797581936437245, 52.179798280431264], [4.797549189899657, 52.17978688172901], [4.797545594298953, 52.179782369718815], [4.797520068679004, 52.179777748153015], [4.797505537776853, 52.17977093448662], [4.797472702162916, 52.17976627639026], [4.7974363006754395, 52.179754859395565], [4.797421680669877, 52.179754786345924], [4.797392589205758, 52.179743405862816], [4.797341538047719, 52.17973416265953], [4.797334287473002, 52.179729632377764], [4.7972832066280535, 52.17972263602493], [4.797268646064552, 52.17971806920498], [4.79726142521581, 52.17971129204309], [4.797228619389125, 52.17970438700325], [4.7972250238275125, 52.179699874983264], [4.797199468569198, 52.17969750022382], [4.79713388668796, 52.179681443224915], [4.797061470481881, 52.179629399632496], [4.797061767741147, 52.17960693087632], [4.797069137170379, 52.179602473672354], [4.797072970511132, 52.17958901069204], [4.797069880307657, 52.17954630178136], [4.7970809938844345, 52.17953512222309], [4.797096208299404, 52.17949025780138], [4.797111066004135, 52.17947235588573], [4.797125804806704, 52.179463441470936], [4.797133352538821, 52.17944550300857], [4.797140692212383, 52.1794432926757], [4.797159353461972, 52.17941417464637], [4.797166693129091, 52.179411964311846], [4.7971853246290355, 52.17938509315397], [4.797192664290082, 52.1793828828178], [4.797203807513784, 52.17936945637178], [4.7972114740710605, 52.17934253040098], [4.797222528126269, 52.17933584458041], [4.797255927998983, 52.17929781210601], [4.797286118568413, 52.17922605821747], [4.79731200040404, 52.17920371732352], [4.797312148968756, 52.179192482944174], [4.797319577729483, 52.17918353197241], [4.797319904567354, 52.17915881633775], [4.79732733332089, 52.17914986536538], [4.797331255680048, 52.17912966174776], [4.797349797829433, 52.17910953118997], [4.797409821817645, 52.17899298586238], [4.797446876208736, 52.1789549715939], [4.797458464828688, 52.17890784198229], [4.7974694890341985, 52.1789034030139], [4.797480661758459, 52.17888772966428], [4.797488001322984, 52.178885519309404], [4.797502858668186, 52.17886761734198], [4.797506870030982, 52.17884067308917], [4.7975438648105495, 52.17880715254108], [4.797570072968745, 52.17876009595109], [4.797581631708146, 52.17871521320169], [4.797607691284152, 52.178679390983284], [4.797618715418298, 52.17867495200068], [4.797626144030945, 52.17866600100852], [4.797630066211333, 52.17864579737902], [4.797648726805912, 52.17861667926726], [4.797648845587795, 52.17860769176243], [4.797659929089909, 52.1785987590235], [4.7976637324702045, 52.17858754289746], [4.797674726881913, 52.17858535078573], [4.797704263053938, 52.17856302805697], [4.797715465302079, 52.178545107807714], [4.797733858578627, 52.178536211568186], [4.797752133087074, 52.178536302830906], [4.797763038412884, 52.17854085133972], [4.797817891631309, 52.178538878229446], [4.797828767278134, 52.17854567360849], [4.797861602031453, 52.17855033160545], [4.797894258693332, 52.17856847085114], [4.797985512590781, 52.17857791451753], [4.797989108139422, 52.17858242651515], [4.797996417950637, 52.178582463004794], [4.7979999541452365, 52.17859146875474], [4.798029015338369, 52.17860509596588], [4.798072755531996, 52.178614302387324], [4.798094684981624, 52.1786144118393], [4.798152837143688, 52.17863941933134], [4.798196577396697, 52.178648625706984], [4.798233096842204, 52.17865105496276], [4.798243972579739, 52.17865785030352], [4.798258562562663, 52.17866017012714], [4.798265783393625, 52.17866694722923], [4.798305839121216, 52.17867838220435], [4.7983386443617695, 52.17868528694512], [4.798375163845206, 52.17868771615696], [4.798433316260522, 52.17871272351079], [4.798517231082347, 52.17872437718025], [4.798579038544934, 52.17874940269086], [4.798611873527361, 52.17875406047925], [4.7986300591889455, 52.178760892235516], [4.798644678871259, 52.17876096513498], [4.798721106146962, 52.178786063468884], [4.798808676106415, 52.17879773515343], [4.798812271756074, 52.17880224712598], [4.798826861816052, 52.17880456687939], [4.798837708045879, 52.17881360904197], [4.798874109126514, 52.17882502560561], [4.798972555096911, 52.17884349245035], [4.798983430994205, 52.17885028772297], [4.799008956236593, 52.17885490897244], [4.799023487071268, 52.17886172245468], [4.799038106787473, 52.178861795305416], [4.799059947488111, 52.1788686452079], [4.7990818770659605, 52.17886875447662], [4.799096378293548, 52.178877814826436], [4.799107343084771, 52.17887786945792], [4.799121844320501, 52.17888692980466], [4.799132809114004, 52.17888698443378], [4.799136404803658, 52.17889149639641], [4.799147369598307, 52.17889155102417], [4.799154620221731, 52.178896081195276], [4.79927134113348, 52.17891463883388], [4.799285842414537, 52.17892369916047], [4.799307712795854, 52.178928302140456], [4.7993113085065415, 52.178932814097784], [4.7993842887744576, 52.178942165661994], [4.799402445024025, 52.17895124417594], [4.7994170351637075, 52.17895356385641], [4.799427881549532, 52.178962605964735], [4.799442471694263, 52.17896492564215], [4.799446067421537, 52.17896943759532], [4.799540859009569, 52.17898788576646], [4.7995590153096845, 52.17899696425632], [4.799599071666704, 52.17900839879273], [4.799672052119304, 52.179017750179156], [4.799733860638277, 52.17904277508515], [4.79981043694688, 52.179056638330366], [4.799886894970839, 52.17907948903293], [4.7999197599156735, 52.17908189958096], [4.799937945911908, 52.17908873113577], [4.799963500969672, 52.179091105302135], [4.799992622245332, 52.17910023827629], [4.8000143744797645, 52.17911382863254], [4.8000398999806055, 52.17911844965915], [4.800047150731712, 52.17912297977544], [4.800134692132682, 52.179136897353644], [4.800138287943873, 52.17914140928572], [4.800185624918709, 52.17915512685663], [4.800203899687294, 52.17915521774], [4.800211150461064, 52.17915974784624], [4.800254950781232, 52.17916445970581], [4.800305794961763, 52.1791894297875], [4.800382401259533, 52.17920104578495], [4.800477075515806, 52.17922848071203], [4.80049535031522, 52.17922857155035], [4.800546401553972, 52.17923781339015], [4.800604555907167, 52.17926281967451], [4.800677507445775, 52.17927441731653], [4.800728440611462, 52.17929264658539], [4.800743060472557, 52.17929271922513], [4.80077218204012, 52.17930185200706], [4.800794111836449, 52.17930196095783], [4.800805017660561, 52.17930650918567], [4.800834227856638, 52.17930890132138], [4.800899662869501, 52.179336190650915], [4.800943463436655, 52.17934090225517], [4.801056354145772, 52.179372921237935], [4.80113664544942, 52.17938230801909], [4.801151147262047, 52.17939136811651], [4.801169363092459, 52.179395952604615], [4.801180209941462, 52.17940499455185], [4.801227636065494, 52.179411971073904], [4.801242167421402, 52.17941878428308], [4.801264067762706, 52.179421140023685], [4.801344152627417, 52.17944625480328], [4.801377017922841, 52.179448664945795], [4.801460875897949, 52.17946481027786], [4.801493534695951, 52.17948294852775], [4.801570112311395, 52.17949681063194], [4.8016210460971225, 52.17951503951576], [4.801730518674025, 52.17952906470423], [4.801763295584866, 52.1795382153708], [4.801774142588997, 52.179547257263465], [4.80182510600189, 52.17956323918204], [4.801890807339181, 52.17957030606749], [4.801923495870555, 52.17958619732124], [4.801934460840447, 52.17958625169029], [4.801974518338445, 52.17959768542089], [4.802058465234062, 52.179607089696944], [4.802094720428296, 52.17962973965397], [4.802105685409164, 52.17962979400714], [4.802142087995779, 52.179641209563314], [4.802167643489254, 52.179643583252755], [4.802189485055287, 52.17965043257634], [4.802196706644322, 52.179657209437885], [4.8022076716321065, 52.17965726378154], [4.8022294837454185, 52.17966635997502], [4.802306091367989, 52.17967797472471], [4.802364217825521, 52.17970522701962], [4.802451761098654, 52.17971914288023], [4.802509976053644, 52.17973965447137], [4.802590238879666, 52.17975128714172], [4.802633804473021, 52.17977397313802], [4.80271038294522, 52.179787834502825], [4.802757691961602, 52.17980379791999], [4.802779592573071, 52.17980615337961], [4.802815995476799, 52.17981756872802], [4.80289994296597, 52.17982697240595], [4.802932573185184, 52.17984735713516], [4.802965409435047, 52.17985201371311], [4.802972660603022, 52.17985654364972], [4.803038362556631, 52.17986360989681], [4.803092922955909, 52.1798841031118], [4.803176811793326, 52.1798980003479], [4.803198653639549, 52.1799048494848], [4.803227687865093, 52.17992072229364], [4.803348038777974, 52.17994154086334], [4.803362541222362, 52.17995060068905], [4.803391663758012, 52.179959732824884], [4.803431810182519, 52.17996442542849], [4.803439061416219, 52.17996895533643], [4.803475523428462, 52.17997587672639], [4.8034827158630256, 52.17998490038676], [4.803508124618642, 52.179998508174045], [4.803529701961751, 52.1800255791478], [4.803532710183125, 52.18007502852763], [4.803525341320072, 52.1800794861357], [4.803524959111202, 52.180108695543744], [4.8035064487299906, 52.18012658019435], [4.8034913581510175, 52.18016245793676], [4.803476532176631, 52.18017811377953], [4.8034686634295625, 52.18022076830115], [4.803457551280233, 52.18023194846179], [4.803457257237997, 52.18025441723641], [4.803427752222252, 52.180274494523715], [4.803423773709663, 52.180299192098744], [4.803412690936013, 52.18030812537755], [4.803397629626965, 52.1803417562292], [4.803320844110598, 52.18034362345164], [4.803244235078302, 52.180332009360015], [4.803207831645004, 52.18032059414392], [4.8032006097950415, 52.18031381734465], [4.803186019011946, 52.180311498131566], [4.803167861437109, 52.180302420199915], [4.803080316794094, 52.18028850486991], [4.803033065999441, 52.18026804782785], [4.802934556330607, 52.18025407812255], [4.802920024443625, 52.180247265121984], [4.802912832080957, 52.180238241427865], [4.802890990115751, 52.180231392238255], [4.802876369942377, 52.180231319864134], [4.8028435922930415, 52.180222169506735], [4.80278157432288, 52.18021287437043], [4.802741604385651, 52.18019470028208], [4.802643065525824, 52.18018297721092], [4.802617745269426, 52.1801626286064], [4.802592248349751, 52.18015576125975], [4.802570318127853, 52.180155652642455], [4.802493739068374, 52.18014179118677], [4.8024537987671225, 52.180121370123835], [4.802409967815041, 52.18011890595665], [4.80232245323208, 52.18010274318767], [4.802300670349023, 52.18009140013457], [4.8022860796859, 52.18008908081027], [4.802282483581113, 52.180084568943904], [4.802249647232173, 52.180079912175934], [4.802231460476791, 52.18007308097743], [4.802202249704007, 52.180070689187026], [4.802154999543946, 52.18005023179355], [4.802100233067507, 52.180045466285584], [4.802071110741668, 52.180036333831474], [4.802041870526342, 52.18003618887851], [4.80203099387339, 52.18002939388805], [4.80202368382072, 52.18002935764799], [4.8020092700544215, 52.180013557026996], [4.801994708909772, 52.18000899078962], [4.801980088811207, 52.180008918304594], [4.801958247102127, 52.180002068942464], [4.801918071319231, 52.17999962271482], [4.801892574601005, 52.17999275521705], [4.801881727464816, 52.179983713335794], [4.801874417419789, 52.17998367708651], [4.801863540805189, 52.17997688208059], [4.801805119428959, 52.17997209831067], [4.801786932785844, 52.17996526704366], [4.801765032149434, 52.17996291139981], [4.801750500536409, 52.179956098255346], [4.801739535475871, 52.17995604386909], [4.80173231390821, 52.179949266979925], [4.801699566194502, 52.17993786942796], [4.80167035553931, 52.17993547750605], [4.801663104491138, 52.179930947489666], [4.801604742191552, 52.179921669866566], [4.8015720830276045, 52.179903531648314], [4.80150269673322, 52.17989869332589], [4.801466264596903, 52.179889524449884], [4.801455417572332, 52.17988048252944], [4.801448107544679, 52.179880446253755], [4.801440886033573, 52.17987366934677], [4.801426324993022, 52.17986910303936], [4.801386178868043, 52.179864409753804], [4.801357056807226, 52.1798552771236], [4.801316881190336, 52.179852830691445], [4.8012877591513305, 52.17984369804413], [4.801280537670558, 52.17983692112737], [4.801258637124272, 52.17983456538965], [4.801251386134393, 52.17983003534798], [4.801163872541244, 52.179813871720505], [4.8011455975002075, 52.1798137809854], [4.801145479418852, 52.179822768492876], [4.801152759916749, 52.17982505166415], [4.801152700876783, 52.1798295454179], [4.801181793360238, 52.17984092497541], [4.801258430521609, 52.179850293528], [4.801291207570898, 52.17985944432534], [4.801320270597728, 52.17987307072564], [4.801418778914326, 52.179887041777405], [4.801433339959952, 52.179891608085775], [4.801444216488095, 52.179898403131354], [4.801444157477372, 52.17990289688522], [4.801465969554326, 52.179911993219385], [4.801498805696986, 52.17991665020525], [4.801527927827001, 52.17992578280049], [4.801542547897354, 52.1799258553415], [4.801618978805216, 52.17995095179887], [4.80171020683857, 52.179962639465025], [4.801724767938831, 52.179967205737505], [4.801735585548392, 52.17997849451018], [4.801750176146451, 52.17998081390249], [4.801768333301138, 52.179989892052134], [4.801834005771823, 52.17999920584662], [4.801899530857504, 52.18001975398984], [4.801903126918301, 52.18002426586782], [4.801946928268486, 52.180028977100186], [4.8019541793614575, 52.18003350709913], [4.801983419574655, 52.18003365207379], [4.801987015645064, 52.180038163949256], [4.802016167431464, 52.180045049547026], [4.802019734029612, 52.18005180829855], [4.80202704408596, 52.1800518445388], [4.802048826879934, 52.180063187642396], [4.802154616437843, 52.18007944119597], [4.802165493121851, 52.18008623617503], [4.802187364372174, 52.180090838621716], [4.802190960467829, 52.18009535049095], [4.8022237968219335, 52.18010000727527], [4.80223104795462, 52.18010453725714], [4.8022931245838505, 52.18010933892836], [4.8023112819016225, 52.180118416994446], [4.80231122297789, 52.180122910748736], [4.802318533046202, 52.18012294697101], [4.802347596559358, 52.180136573118375], [4.802394994187787, 52.18014579604893], [4.802438825165442, 52.180148260221706], [4.802460696474567, 52.18015286261778], [4.802464292602887, 52.18015737447866], [4.802471602677009, 52.18015741069146], [4.802500666259504, 52.18017103680116], [4.802617391911662, 52.180189591132994], [4.80264642611473, 52.180205464084025], [4.802679174267715, 52.180216861373374], [4.8027448472647025, 52.18022617466132], [4.802773969852999, 52.180235306949285], [4.80277756601967, 52.18023981880065], [4.802821279366321, 52.18025127034049], [4.802850519725971, 52.18025141510054], [4.8028869818769255, 52.180258336672225], [4.802923238021133, 52.18028098637353], [4.8029342031634465, 52.18028104064996], [4.8029633258264885, 52.18029017289121], [4.802981601067561, 52.180290263345086], [4.803010723746373, 52.1802993955746], [4.803025343942349, 52.18029946793213], [4.803098121276896, 52.18032454534282], [4.8031419230499, 52.180329256132005], [4.803185518906202, 52.18034969504632], [4.803192829012614, 52.18034973121449], [4.803196425230896, 52.18035424305304], [4.80322198118986, 52.18035661651455], [4.8032292324658075, 52.18036114643513], [4.803276659929925, 52.18036812213452], [4.803283911213309, 52.18037265205174], [4.803349702206302, 52.180372977493974], [4.80336788925579, 52.18037980852022], [4.803367712802622, 52.18039328978445], [4.803360255642644, 52.180404488014], [4.803363528382195, 52.180433715498445], [4.803352416153272, 52.18044489564865], [4.80333729593124, 52.18048302024632], [4.803318873553183, 52.18049416423404], [4.803318726496044, 52.180505398620596], [4.803307584825964, 52.180518825643716], [4.803307467177902, 52.18052781315289], [4.80330009821739, 52.18053227074643], [4.803292405714696, 52.18056144398961], [4.803247985981581, 52.180603917678624], [4.80324766241544, 52.180628633328375], [4.803240293432265, 52.180633090918036], [4.803229328202902, 52.18063303666994], [4.803192424423647, 52.18065981836222], [4.803188504581837, 52.180680022173014], [4.8031735312339014, 52.18070691236193], [4.803151277118586, 52.1807315195012], [4.803100135358857, 52.18072901941884], [4.803049140730991, 52.18071528492861], [4.803020076626319, 52.180701658954504], [4.80290697511357, 52.18068536999039], [4.802885132930536, 52.18067852079988], [4.802874285426474, 52.1806694790104], [4.802866975267985, 52.180669442822406], [4.802856098334936, 52.180662647908335], [4.8027794888771425, 52.180651033515005], [4.802772237599966, 52.18064650356699], [4.8027467109396325, 52.18064188313091], [4.802732208396401, 52.18063282323046], [4.802666446470337, 52.18063025056637], [4.802651767276378, 52.18063467191834], [4.802651708386069, 52.18063916567243], [4.802658989094573, 52.18064144875076], [4.802713668037306, 52.180652954631306], [4.802728141141964, 52.18066426141107], [4.802750012734027, 52.18066886375353], [4.802760889652387, 52.18067565867738], [4.802819253180935, 52.18068493572925], [4.802870394873885, 52.18068743593326], [4.802902966842508, 52.180712314422735], [4.8029430256005, 52.18072374782423], [4.802975891925331, 52.18072615752246], [4.803030423923376, 52.180748897641884], [4.80304138918091, 52.1807489519085], [4.803077792920649, 52.18076036717555], [4.803107004192872, 52.18076275874962], [4.803117881188604, 52.18076955364059], [4.803117586970608, 52.180792022411985], [4.803098781913722, 52.18083237576703], [4.803073078568402, 52.18084123666419], [4.803061966164814, 52.180852416786], [4.8030581050964045, 52.18086812683746], [4.80305076547991, 52.18087033753797], [4.803050265250154, 52.18090853444826], [4.803013184571721, 52.18094879734506], [4.80300563894655, 52.18096673618189], [4.802987098571295, 52.18098686762454], [4.802983119749596, 52.18101156518119], [4.802990312250615, 52.181020588870076], [4.802990135679999, 52.181034070132085], [4.802979052636415, 52.18104300336859], [4.802978964349362, 52.18104974399959], [4.802971654128427, 52.18104970781802], [4.802971506981429, 52.18106094220295]]]}}, {"type": "Feature", "properties": {"class": "parcel", "candidate_index": 4, "raw_confidence": 0.49819893907988444, "boundary_alignment_score": 0.49819893907988444, "area_m2": 52816.84375, "vertex_count": 497, "vectorization": {"threshold": 0.5, "close_pixels": 5, "boundary_width_pixels": 0, "edge_buffer_pixels": 2, "min_area_m2": 20, "max_area_m2": 250000, "simplify_tolerance_m": 0.25, "min_boundary_alignment": 0.0}, "source_tile_id": "tile-110000-460000", "vectorization_aoi": "vectorization_v2", "calibration": "parameters selected only on train_selected_0; target reference excluded"}, "geometry": {"type": "Polygon", "coordinates": [[[4.80353795281448, 52.1799537152118], [4.803530701573184, 52.17994918530989], [4.803490555151849, 52.179944492739935], [4.803468713241184, 52.17993764365699], [4.803443128104211, 52.17993751712669], [4.803421256798501, 52.17993291491251], [4.803399414904196, 52.17992606581676], [4.8033958186997125, 52.17992155398406], [4.80338485364506, 52.179921499750684], [4.8033484505102875, 52.1799100845776], [4.803330175424043, 52.17990999418075], [4.803264561596182, 52.179896187463456], [4.803249941531913, 52.17989611513578], [4.803235380297922, 52.1798915490513], [4.803206375505143, 52.17987342936678], [4.803158919159005, 52.17986870051688], [4.803115176678641, 52.17985949597929], [4.80305333570084, 52.17983671972083], [4.803005879410223, 52.17983199080945], [4.802987692639493, 52.17982515972717], [4.802976727609188, 52.179825105455905], [4.80294397966712, 52.179813708248666], [4.802925851774614, 52.179802383401956], [4.802860179363176, 52.179793070214885], [4.802852928216949, 52.17978854027137], [4.802794595290975, 52.17977701635899], [4.802790999159715, 52.17977250450786], [4.80278003414267, 52.17977245021831], [4.802765502436028, 52.179765637198436], [4.80271439124731, 52.17976089007275], [4.802670648965012, 52.17975168537051], [4.80261614781467, 52.179726698205535], [4.802554130581034, 52.17971740294999], [4.8025323183763415, 52.17970830681645], [4.802521353375492, 52.17970825250289], [4.802463109002339, 52.17968998779472], [4.802426588470687, 52.17968755984683], [4.8023828463200875, 52.179678355038], [4.802361093087456, 52.17966476511818], [4.802353783094205, 52.17966472889866], [4.8023320004166665, 52.179653385850784], [4.80226632834986, 52.17964407233347], [4.802200862579677, 52.17961903063861], [4.802149781089569, 52.17961203639129], [4.802120659036231, 52.17960290394913], [4.802106039070527, 52.1796028314799], [4.8020841975406565, 52.179595982140874], [4.8020551639342095, 52.179580109050754], [4.8020259534938585, 52.17957771721698], [4.802007766977378, 52.17957088598379], [4.801949405076333, 52.17956160853118], [4.801934903045914, 52.179552548531824], [4.801923938084309, 52.17955249416283], [4.801905751593789, 52.17954566291388], [4.801858295736309, 52.17954093354139], [4.801829173789321, 52.17953180102735], [4.801799963392947, 52.17952940913772], [4.801756398463428, 52.1795067228336], [4.80171259764639, 52.17950201153087], [4.801705346664225, 52.17949748151686], [4.801665230337771, 52.17949054144927], [4.801610671077992, 52.179470047574505], [4.801596051156927, 52.179469975042146], [4.801585145211941, 52.179465426887404], [4.801548654412744, 52.17946075179092], [4.80153412299621, 52.17945393861949], [4.801508567645637, 52.17945156479297], [4.801494065740692, 52.17944250473944], [4.801479475332089, 52.17944018531552], [4.801461318459756, 52.17943110712099], [4.801384652467317, 52.17942398557759], [4.8013701505965525, 52.17941492550886], [4.801359185669683, 52.17941487108744], [4.801348309272164, 52.179408076033695], [4.801330063907617, 52.17940573845027], [4.801308252105685, 52.17939664209062], [4.8012899772352435, 52.17939655137814], [4.801220709825452, 52.179382725382396], [4.801180770787317, 52.179362303887764], [4.8011296602321245, 52.179357556076305], [4.801096883584636, 52.179348405233824], [4.801034867196621, 52.17933910918048], [4.801024020393112, 52.17933006721984], [4.801002179163651, 52.179323217680675], [4.800983904324106, 52.17932312692077], [4.800947443234948, 52.17931620476159], [4.800940192360828, 52.17931167470053], [4.800914637123878, 52.17930930074552], [4.800911041220576, 52.17930478883709], [4.800896450887613, 52.17930246934115], [4.800889229553719, 52.17929569240002], [4.800860107966086, 52.17928655964696], [4.800798091713877, 52.17927726346926], [4.800718007461264, 52.17925214831927], [4.800655991286798, 52.179242852066956], [4.800652395415026, 52.17923834015063], [4.800637805117372, 52.17923602062272], [4.800616023086534, 52.179224677258276], [4.800575966273348, 52.179213243066755], [4.80053944623709, 52.179210814535395], [4.800495704946036, 52.17920160902755], [4.800422930911396, 52.179176530011894], [4.800375446047623, 52.179174046920515], [4.80035725994936, 52.17916721543308], [4.8003426401302285, 52.17916714274558], [4.800320799085618, 52.17916029308038], [4.800306327079091, 52.17914898600407], [4.800299017172561, 52.179148949657375], [4.800284515612104, 52.179139889455264], [4.800237060360787, 52.17913515943137], [4.8001424160210915, 52.17910547743496], [4.800054874679327, 52.17909155986253], [4.80000040538212, 52.17906432461325], [4.799931050148175, 52.179057238491495], [4.799843716064438, 52.17902759262507], [4.799821786406052, 52.17902748349782], [4.799796290567664, 52.1790206155473], [4.799756145379921, 52.17901592170798], [4.799734304499796, 52.179009071934296], [4.79970527211334, 52.17899319826623], [4.79963594663323, 52.17898386509441], [4.799621415664958, 52.17897705168753], [4.799584955071701, 52.17897012910766], [4.799581359330302, 52.17896561715865], [4.799552238227072, 52.178956484083045], [4.79951937339491, 52.17895407343279], [4.799501187517885, 52.17894724181347], [4.799450136829939, 52.17893799952187], [4.7994247595252855, 52.17892214398444], [4.7993299385142585, 52.17890594259681], [4.799282690908376, 52.178885484052934], [4.799209710754724, 52.178876132426], [4.799198805198979, 52.17887158405082], [4.79916956575952, 52.178871438387276], [4.7991550052794905, 52.178866871799606], [4.799144129351955, 52.17886007654273], [4.799144188592643, 52.178855582789545], [4.799136878735439, 52.17885554637098], [4.799129657741465, 52.178848769322116], [4.799031182067838, 52.17883254948494], [4.799023931467288, 52.17882801930622], [4.798998406238716, 52.17882339805999], [4.798987530345674, 52.17881660278872], [4.798976565569707, 52.17881654814614], [4.798972969902256, 52.178812036178556], [4.798870869077697, 52.178793551116605], [4.798827276723691, 52.17877311060809], [4.79879441206662, 52.178770699756114], [4.798754356130267, 52.178759264946684], [4.798728801328005, 52.178756890518734], [4.798674214675401, 52.178738642163594], [4.798590359081546, 52.17872249485277], [4.7985394867451205, 52.17869977090864], [4.79845560161858, 52.17868587037863], [4.798386454830595, 52.178663055214706], [4.79836818026852, 52.17866296405017], [4.798298914909968, 52.17864913634073], [4.798277163425668, 52.17863554566831], [4.7982625734498185, 52.17863322584695], [4.798251697715431, 52.17862643050783], [4.798237078078059, 52.17862635755977], [4.798211612381287, 52.17861724239074], [4.7981824027813795, 52.17861484960646], [4.798153282194794, 52.17860571618583], [4.798149686627654, 52.17860120419317], [4.798127816526996, 52.17859660099874], [4.798124220963164, 52.178592089005285], [4.798022120996542, 52.17857360320952], [4.797978529247405, 52.178553162387594], [4.797949319702189, 52.17855076954569], [4.797909264180987, 52.178539334449574], [4.797887364452256, 52.17853697808689], [4.797872893265549, 52.17852567071216], [4.797847427700945, 52.178516555464576], [4.797803568899627, 52.17851633646479], [4.797792693263787, 52.17850954108343], [4.797767168346019, 52.17850491957111], [4.797756292718515, 52.178498124186376], [4.797756648997737, 52.17847116167088], [4.797764285375264, 52.178446482535556], [4.797812452117705, 52.17839728852093], [4.7978314687213155, 52.17834120786236], [4.797864807958455, 52.178307668959924], [4.797864926695723, 52.17829868145432], [4.7978760694450715, 52.17828525494156], [4.797876395965965, 52.17826053930106], [4.797891490409605, 52.17822466227075], [4.797910091292455, 52.17820003786793], [4.797921144959318, 52.17819335198003], [4.79792500760133, 52.17817764209171], [4.797939834853949, 52.17816198694292], [4.7979399535755896, 52.178152999437], [4.797958554401661, 52.17812837502616], [4.7979623873455415, 52.178114912012866], [4.797984613330443, 52.17809255271987], [4.798007314123976, 52.17803424339786], [4.7980183677351045, 52.17802755750059], [4.798029599397549, 52.17800739034285], [4.79804805173907, 52.17799400029994], [4.798074614965682, 52.17791998107054], [4.798089531097785, 52.17789758527216], [4.798100554990582, 52.177893146243534], [4.798107983375788, 52.177884195219555], [4.798108191077638, 52.17786846708305], [4.798123285200964, 52.17783259002019], [4.798160249009722, 52.177801316147715], [4.798171480550673, 52.17778114897549], [4.798175461741058, 52.17775645157083], [4.798186515258024, 52.17774976565733], [4.798227875426462, 52.177662338083046], [4.798235244417326, 52.17765788080411], [4.798242761730289, 52.17764218914081], [4.79826489834758, 52.177626570422944], [4.798276129796924, 52.177606403240034], [4.798287212923986, 52.17759747044005], [4.798313627209897, 52.17753468553495], [4.798313775515063, 52.17752345115073], [4.798328632073254, 52.17750554907392], [4.798358078225062, 52.177489966806384], [4.798380096095718, 52.17748333557387], [4.798405679805985, 52.177483463199856], [4.798420210102186, 52.177490276757176], [4.798500497455932, 52.17749966532912], [4.798558618746598, 52.17752691950107], [4.7985841728351275, 52.177529293965314], [4.798631507620276, 52.1775430121602], [4.798653406900994, 52.17754536838453], [4.798693372796498, 52.177563543859804], [4.7987918751828715, 52.177577517101085], [4.7988064352051065, 52.17758208373391], [4.798813655945557, 52.17758886080364], [4.798879176095868, 52.1776094106251], [4.798937534799014, 52.17761868959447], [4.798941130367142, 52.177623201563854], [4.798995775019526, 52.1776369560431], [4.799090622833855, 52.17765091082158], [4.799105182910759, 52.17765547741757], [4.799116028918585, 52.17766451955599], [4.799123338580551, 52.177664555975575], [4.799134184594268, 52.17767359811237], [4.799228973300113, 52.17769204653383], [4.799239819341947, 52.17770108866089], [4.799268939562169, 52.177710221814245], [4.79935288232828, 52.177719628011886], [4.799352823110585, 52.177724121766076], [4.7993746929110905, 52.1777287247338], [4.799385538991414, 52.17773776684744], [4.799407408802005, 52.177742369809074], [4.79941100442765, 52.17774688176413], [4.799436558688287, 52.17774925604395], [4.799454744067588, 52.177756087673934], [4.799502197767803, 52.177760818011215], [4.799520383161908, 52.17776764963104], [4.799531347680864, 52.177767704222724], [4.7995349433210945, 52.17777221617402], [4.799560497602947, 52.17777459042704], [4.799578653414102, 52.17778366891506], [4.799644322175611, 52.177792983926125], [4.79966616244703, 52.17779983371699], [4.799676979011197, 52.17781112268108], [4.799698848888029, 52.17781572558876], [4.799702444549078, 52.177820237534924], [4.799775363904935, 52.177834082610815], [4.799782614420808, 52.17783861274402], [4.799797233803241, 52.177838685500234], [4.799855474664496, 52.177856951524895], [4.7999503527970555, 52.17786865873565], [4.800026690558605, 52.17790049685831], [4.800092359586619, 52.177909811620275], [4.80010691985101, 52.17791437809275], [4.800110485990459, 52.17792113690378], [4.8001323263965014, 52.177927986608445], [4.800216240191324, 52.177939639069706], [4.8002380806227345, 52.177946488754785], [4.800248926931211, 52.17795553078912], [4.800285327675327, 52.177966946918616], [4.80031453696591, 52.177969339182134], [4.800347312439578, 52.177978490242346], [4.8003728668835315, 52.17798086431958], [4.800380117484047, 52.17798539441606], [4.800394736915866, 52.17798546709836], [4.800409238124316, 52.17799452728822], [4.8004420136360135, 52.178003678322106], [4.800540547096909, 52.17801540322755], [4.800551423032247, 52.17802219835672], [4.800558732754364, 52.17802223468746], [4.800569579146329, 52.178031276692295], [4.800576888869953, 52.17803131302195], [4.800584109952339, 52.17803808998328], [4.800613230668948, 52.178047222805134], [4.800671590308834, 52.17805650091763], [4.800726147408598, 52.178076995228345], [4.800788161977562, 52.17808629144328], [4.800824562966971, 52.178097707406536], [4.800831784097764, 52.17810448435271], [4.800846374035643, 52.17810680385655], [4.800857250039929, 52.17811359895752], [4.800871869514784, 52.17811367158071], [4.800926544896464, 52.178125178289015], [4.800933795576762, 52.17812970835149], [4.800999406081059, 52.17814351636404], [4.801013936989446, 52.17815032960211], [4.801090571211323, 52.17815969826207], [4.801166969322878, 52.17818704189249], [4.801181588822466, 52.17818711447739], [4.801196119772953, 52.17819392769302], [4.801225329261902, 52.17819631973132], [4.801243515098338, 52.178203151085725], [4.801265414842998, 52.178205506825726], [4.801305411907949, 52.17822143453921], [4.801385671685653, 52.178233068027325], [4.80140023218851, 52.178237634340285], [4.801411108309216, 52.178244429390205], [4.801411049298005, 52.178248923145375], [4.801418359058193, 52.17824895942292], [4.8014401408181175, 52.17826030264085], [4.801509465555824, 52.17826963475275], [4.801560456913317, 52.17828336990924], [4.801578731328324, 52.1782834605792], [4.801582327217314, 52.178287972468084], [4.801604227021757, 52.17829032814525], [4.801622383459738, 52.17829940631895], [4.801695333690564, 52.17831100333167], [4.8016989295935755, 52.17831551521702], [4.801709894250692, 52.17831556960646], [4.8017717324333, 52.17833834657078], [4.801844653283134, 52.178352190368926], [4.801884650687086, 52.17836811788618], [4.80194304049255, 52.17837514849267], [4.8019721617085995, 52.17838428097932], [4.801983126383056, 52.17838433534342], [4.802008533769827, 52.17839794345529], [4.802019498447701, 52.17839799781601], [4.802052215640893, 52.17841164215843], [4.802132505426952, 52.178421028261255], [4.802136101383073, 52.17842554013326], [4.802157971816566, 52.1784301425855], [4.802168818632241, 52.178439184443356], [4.802183379282882, 52.17844375065977], [4.802259984794388, 52.17845536543864], [4.802340039031472, 52.17848272642255], [4.802416644651094, 52.17849434109985], [4.802489448151575, 52.17851717201107], [4.802551463703496, 52.17852646730004], [4.802576930239218, 52.17853558153392], [4.80259885966448, 52.178535690148806], [4.802646108426931, 52.178556147367836], [4.802693563321692, 52.17856087642286], [4.8027772434866485, 52.178590502087374], [4.802864755270345, 52.178606664519116], [4.802882882662452, 52.17861798937683], [4.802897502306943, 52.17861806174937], [4.8029120336605695, 52.178624874753844], [4.802992265161071, 52.17863875402805], [4.803021386764923, 52.17864788625596], [4.803028608318834, 52.17865466306769], [4.803039573061443, 52.17865471733371], [4.803061384855506, 52.17866381337452], [4.803076004515393, 52.17866388572494], [4.803094190826829, 52.17867071679432], [4.803123430151324, 52.178670861485216], [4.803203426475398, 52.178702715639695], [4.803261787516462, 52.17871199247216], [4.803272664036884, 52.17871878735057], [4.803294564143318, 52.17872114271429], [4.803301815161389, 52.17872567263131], [4.803312779921891, 52.17872572687196], [4.803349182081912, 52.17873714205691], [4.803374737122787, 52.17873951548467], [4.803392923510958, 52.178746346508014], [4.803418507964373, 52.17874647304823], [4.803451255245619, 52.17875787012491], [4.8034584768827004, 52.178764646910324], [4.8034767220979555, 52.17876698416466], [4.803480318217992, 52.17877149599568], [4.8034985634372065, 52.178773833246666], [4.803513094933615, 52.178780646177174], [4.803545930459745, 52.178785302593354], [4.803596864244988, 52.1788035306266], [4.803611483951811, 52.178803602910754], [4.803626015475209, 52.17881041582734], [4.8036406351843475, 52.17881048810788], [4.803669757033608, 52.17881962017587], [4.803698967067332, 52.178822011602385], [4.803713498610121, 52.178828824508194], [4.803724463396636, 52.178828878710625], [4.803731685086757, 52.178835655479354], [4.803757210816836, 52.17884027570241], [4.803768087444134, 52.17884707053515], [4.803789987640069, 52.17884942580702], [4.803808174136857, 52.178856256766394], [4.803837384202125, 52.178858648158716], [4.803844605914236, 52.17886542492048], [4.8038665061232795, 52.1788677801782], [4.803881037706632, 52.17887459306336], [4.80389565743735, 52.178874665312335], [4.803917469514044, 52.17888376119495], [4.803935744181303, 52.17888385150028], [4.803968550450665, 52.17889075467715], [4.803975830941816, 52.17889303767462], [4.803975772187919, 52.17889753143093], [4.8039867369917415, 52.17889758560903], [4.803990333173919, 52.1789020974245], [4.8040012979788855, 52.17890215160124], [4.804012174658517, 52.178908946411454], [4.804055857647876, 52.17892264437329], [4.8040850383986715, 52.17892728258253], [4.804121587769822, 52.178927463138464], [4.804183574869016, 52.178939004448566], [4.804194363487512, 52.17895253987667], [4.804237899756724, 52.178977472162174], [4.804245062822043, 52.178988742655825], [4.804244710460252, 52.1790157051943], [4.804237224388107, 52.179029150360776], [4.804218802836409, 52.17904029449298], [4.804211492943553, 52.17904025838868], [4.80419672632817, 52.179051420569614], [4.8041816073046855, 52.17908954528652], [4.804181166803114, 52.179123248458644], [4.804158972772665, 52.179143362040534], [4.8041370724126855, 52.179141006836986], [4.804122335115038, 52.179149922130236], [4.804111076545426, 52.1791723367456], [4.804099994190137, 52.17918127009131], [4.804096104263142, 52.179199227060174], [4.8040813375661395, 52.17921038922628], [4.8040773595126955, 52.17923508682855], [4.804069932098067, 52.1792440382277], [4.804047943572603, 52.17924842364175], [4.804029551257479, 52.179257320865766], [4.803974697418786, 52.1792592968623], [4.803941890877574, 52.1792523936872], [4.8039310141251175, 52.17924559887076], [4.8038945232569255, 52.17924092449946], [4.80390908434655, 52.17924549050296], [4.803908996204705, 52.17925223113693], [4.803919902335488, 52.17925677907736], [4.803923410400008, 52.17926803152859], [4.803930661570808, 52.179272561406776], [4.803941626466768, 52.17927261558921], [4.803959783781112, 52.179281693403], [4.803974374268101, 52.17928401252043], [4.804007033959042, 52.17930215007658], [4.80401057142464, 52.179311155647156], [4.8040178519864964, 52.179313438642], [4.804017705110513, 52.179324673032], [4.804028581895446, 52.17933146784037], [4.804028317523341, 52.179351689742404], [4.804013521383321, 52.17936509877755], [4.8040058001756405, 52.17939651895215], [4.803998431472141, 52.179400976590536], [4.80399825521463, 52.179414457858336], [4.803979921575401, 52.179418861318325], [4.803954101706231, 52.179436709922754], [4.803950299833959, 52.17944792625211], [4.803939217377818, 52.17945685958216], [4.803935356741111, 52.17947256966681], [4.803898424966707, 52.17950159846526], [4.803890733035733, 52.17953077175356], [4.803879591782327, 52.17954419883357], [4.8038645017022965, 52.17958007662805], [4.803853507347167, 52.1795822693162], [4.803838769846799, 52.179591184573034], [4.803838681693433, 52.17959792520654], [4.80381294982121, 52.179609033145866], [4.803750814943613, 52.17960872603014], [4.80373259875943, 52.17960414194021], [4.803710874541497, 52.17958830539066], [4.803681693397718, 52.17958366708884], [4.803626868537894, 52.17958339604517], [4.803619499765661, 52.179587853659626], [4.803619440974665, 52.179592347415166], [4.803626750957391, 52.17959238355626], [4.803641253345271, 52.179601443348204], [4.803659528305891, 52.179601533696705], [4.803721457440052, 52.179617569004996], [4.803724994872715, 52.1796265745836], [4.803743152286663, 52.179635652430356], [4.803743093508048, 52.17964014618592], [4.8037576253236995, 52.17964695908573], [4.803768413983179, 52.17966049455113], [4.803767826221423, 52.17970543210678], [4.803756743664598, 52.17971436541911], [4.803749227938265, 52.17973005743037], [4.803730805974692, 52.17974120148441], [4.803715656926119, 52.179781573013834], [4.803708258738722, 52.17978827751137], [4.803700419675126, 52.1798286851741], [4.803689366466282, 52.179835371602174], [4.803681880088271, 52.17984881673103], [4.803670856264789, 52.17985325627965], [4.803663281697594, 52.17987344204034], [4.803655912880948, 52.179877899656766], [4.803651846348541, 52.179909337874406], [4.803611347195999, 52.17993160787736], [4.8036003821385345, 52.17993155366397], [4.803570848003018, 52.1799538778662], [4.80353795281448, 52.1799537152118]]]}}, {"type": "Feature", "properties": {"class": "parcel", "candidate_index": 5, "raw_confidence": 0.5010115820914507, "boundary_alignment_score": 0.5010115820914507, "area_m2": 51679.15625, "vertex_count": 600, "vectorization": {"threshold": 0.5, "close_pixels": 5, "boundary_width_pixels": 0, "edge_buffer_pixels": 2, "min_area_m2": 20, "max_area_m2": 250000, "simplify_tolerance_m": 0.25, "min_boundary_alignment": 0.0}, "source_tile_id": "tile-110000-460000", "vectorization_aoi": "vectorization_v2", "calibration": "parameters selected only on train_selected_0; target reference excluded"}, "geometry": {"type": "Polygon", "coordinates": [[[4.798278918103061, 52.17739519681652], [4.798198601317836, 52.17738805497085], [4.798154862299706, 52.17737884859583], [4.798122117389091, 52.17736745005022], [4.798023615678507, 52.17735347625036], [4.797980054796727, 52.177330788549625], [4.7978852376963195, 52.177314586002545], [4.797819748124512, 52.177291788752704], [4.797754050796726, 52.17728471960387], [4.79772493116572, 52.177275586076895], [4.7977104604282985, 52.17726427868042], [4.79770315083344, 52.177264242173436], [4.797692275517512, 52.17725744678182], [4.797615643568011, 52.17724807591687], [4.797579244096593, 52.177236658964354], [4.797568279711313, 52.177236604191464], [4.7975537496281815, 52.17722979052925], [4.79754278524463, 52.17722973575405], [4.797531909961584, 52.177222940347654], [4.797440718342405, 52.17720900257918], [4.797426158582336, 52.17720443577795], [4.797397187605743, 52.17718406778671], [4.797371633779176, 52.17718169306565], [4.797327895135201, 52.177172486384336], [4.797320644977301, 52.17716795610031], [4.797298745953231, 52.17716559962889], [4.797233227185863, 52.17714504893041], [4.79714931567321, 52.17713339434971], [4.797102100667485, 52.17711068805421], [4.797003629573348, 52.177094466526974], [4.796967230384572, 52.17708304938581], [4.796960010006742, 52.17707627220305], [4.796861509306915, 52.17706229743391], [4.796839669829076, 52.177055447124246], [4.796836104254413, 52.17704868821421], [4.7968106694810935, 52.177037325865584], [4.79673769287472, 52.177027972712175], [4.7966939545131835, 52.177018765796035], [4.7966576149538, 52.17700285480638], [4.796562799034821, 52.17698665119747], [4.796522864277309, 52.17696622812442], [4.796497310622829, 52.17696385321417], [4.7964681914596845, 52.17695471937724], [4.7964170841725675, 52.17694996952759], [4.796388024550059, 52.17693634191802], [4.79638071501036, 52.176936305329164], [4.796380774526158, 52.17693181157627], [4.796369869734628, 52.176927262939266], [4.796322417258289, 52.176922531343465], [4.796271399314, 52.176911040801485], [4.796238744524925, 52.17689290110431], [4.796147553988321, 52.176878962337376], [4.796082095720305, 52.17685391724737], [4.7960674766685925, 52.176853844031356], [4.796045637415258, 52.176846993574806], [4.79598362556715, 52.176837694869675], [4.795943691208752, 52.17681727160063], [4.795863435411994, 52.17680563441432], [4.7958561854627035, 52.17680110404034], [4.795830661724374, 52.176796482109545], [4.795823441565755, 52.176789704857256], [4.7957943226548485, 52.17678057085412], [4.7956958527691675, 52.17676434823651], [4.79565229364922, 52.17674165967682], [4.795561073807765, 52.176729967333294], [4.795484681640372, 52.176702620075595], [4.795415330805864, 52.17669553130354], [4.795393491730612, 52.176688680726386], [4.795382646715418, 52.17667963824577], [4.795375337218865, 52.176679601594685], [4.795368117148399, 52.17667282431453], [4.795353557776414, 52.176668257257724], [4.7952623679782596, 52.17665431780727], [4.795251493183488, 52.176647522190784], [4.7952259994120014, 52.17664065325311], [4.795222404298997, 52.17663614117045], [4.795189571232771, 52.17663148244011], [4.795182321380337, 52.17662695202472], [4.795120280198698, 52.176619899742434], [4.795094816285707, 52.176610783900294], [4.795073066771842, 52.17659719263547], [4.7950256147862325, 52.17659246051862], [4.794981877207441, 52.17658325296836], [4.794963722822572, 52.176574173773375], [4.794949133694657, 52.176571853542846], [4.7949455386152176, 52.17656734145171], [4.794934574398703, 52.17656728643438], [4.794894521434011, 52.1765558503149], [4.7948288256600895, 52.17654877953889], [4.794770707928441, 52.176521523530624], [4.794708666959352, 52.1765144710321], [4.794635840881299, 52.176493882199615], [4.794624966221246, 52.17648708652539], [4.794533777023287, 52.17647314651235], [4.794479284446283, 52.17644815558826], [4.79440633915515, 52.17643655411828], [4.794391809816824, 52.176429740066894], [4.794380845635026, 52.17642968499813], [4.794351727255764, 52.17642055063926], [4.794348132248973, 52.17641603852996], [4.794286151220199, 52.1764044920575], [4.794253408017075, 52.176393092439035], [4.794249813022443, 52.176388580326666], [4.794242503574806, 52.17638854360551], [4.7942389085816455, 52.176384031492844], [4.794224319553957, 52.17638171117275], [4.794220724563186, 52.17637719905955], [4.794107667131174, 52.17635865479535], [4.794060394748984, 52.17634044103517], [4.793972920504825, 52.17632202520353], [4.793922023381165, 52.17630154614298], [4.793823555239758, 52.176285321964194], [4.793779937765277, 52.176267126465355], [4.7936960587083925, 52.17625322255528], [4.793630602739517, 52.176228176106115], [4.793528510058985, 52.176209686425835], [4.793517635637192, 52.17620289064962], [4.793470273950143, 52.17619141728051], [4.793455655121181, 52.176191343741266], [4.793433816594981, 52.17618449280164], [4.793386395132976, 52.17617751315046], [4.793357277122808, 52.17616837854637], [4.793353682236972, 52.17616386640676], [4.793339093327751, 52.176161545977315], [4.793335498444305, 52.176157033837136], [4.793237060752665, 52.17613856229358], [4.793229841094917, 52.176131784882585], [4.793197098362898, 52.17612038497117], [4.793178824856542, 52.17612029300455], [4.79310225566491, 52.17610642545966], [4.793073137759572, 52.17609729078551], [4.793055043811282, 52.1760837175456], [4.792963915791706, 52.17606528256905], [4.79291667412057, 52.176044821475315], [4.792883811799565, 52.176042408979654], [4.792872907583096, 52.176037860019605], [4.792825486365597, 52.17603088014325], [4.792785554178662, 52.17601045580588], [4.79274175775514, 52.17600574117719], [4.792730853562162, 52.17600119220406], [4.792672498278004, 52.17599191016772], [4.792657999294639, 52.175982849027385], [4.7926397557916145, 52.17598051010174], [4.792625256818615, 52.17597144895734], [4.7926069833748155, 52.175971356902295], [4.792563246907564, 52.17596214845621], [4.7925413187797865, 52.17596203797828], [4.792523165145624, 52.175952958407976], [4.792516035481672, 52.17593944032659], [4.792505131327983, 52.17593489133266], [4.792402949916616, 52.17592314130598], [4.792392075736438, 52.17591634542606], [4.792384766368187, 52.17591630858989], [4.7923739221513095, 52.175907265832784], [4.792352083931007, 52.1759004146931], [4.792304632979578, 52.1758956814831], [4.792253617251042, 52.17588418920535], [4.7922209948172965, 52.17586380152126], [4.792053119353234, 52.17584497892879], [4.792016692479635, 52.175835807136984], [4.792013097756259, 52.1758312949565], [4.791991259628808, 52.17582444375008], [4.791962082176936, 52.17581980255282], [4.791870805230772, 52.17581260110983], [4.791856246499126, 52.17580803362181], [4.791841777727199, 52.17579672550581], [4.791819939643098, 52.17578987426772], [4.791819999616423, 52.17578538051694], [4.791801876188877, 52.17577405396031], [4.7918021160892605, 52.175756078957214], [4.791816824732378, 52.1757494120749], [4.791849806719149, 52.175742837365796], [4.79192667470689, 52.17573423696832], [4.791974515170704, 52.17570976094907], [4.791985479171644, 52.17570981624116], [4.7920075270822, 52.175700939320265], [4.792025830389811, 52.175698784592534], [4.792070076045068, 52.17566979635397], [4.792106742571206, 52.1756609931251], [4.7921325649790605, 52.17564314710528], [4.79215823751884, 52.17563653545754], [4.792184029923761, 52.17562093630186], [4.792195173708884, 52.175607510320965], [4.792235554748368, 52.175594231724624], [4.792279530493771, 52.175585465287135], [4.79230532282677, 52.1755698661047], [4.792342019184701, 52.17555881592675], [4.792356757641624, 52.17554990210105], [4.792360532132592, 52.17554093301735], [4.792415711410399, 52.17551424677959], [4.792415771323218, 52.175509753028216], [4.792426795187402, 52.17550531452782], [4.792437938870508, 52.17549188852353], [4.7924673857421025, 52.17547630772169], [4.792471190158127, 52.17546509175857], [4.792478559358925, 52.17546063483777], [4.792493687137634, 52.17542251161003], [4.792497910872882, 52.17537983938522], [4.792536134487296, 52.175254198480296], [4.792550992602053, 52.17523629712631], [4.792569385538247, 52.17522740168619], [4.792573159958929, 52.1752184325951], [4.792587868309545, 52.17521176561562], [4.792610305156382, 52.1751736791944], [4.792617614403168, 52.17517371601638], [4.79264706100166, 52.17515813516844], [4.792665334112388, 52.17515822721682], [4.792724077532368, 52.17513829986922], [4.792764338235696, 52.17513400859378], [4.792771707352437, 52.17512955165427], [4.792808283487525, 52.17512748883364], [4.792830271076237, 52.17512310550942], [4.792856033015191, 52.17510975308064], [4.792936584267374, 52.175098923549804], [4.792954977070144, 52.17509002804915], [4.792969625465193, 52.175087854773885], [4.792973339937639, 52.175083379421686], [4.79298064917002, 52.175083416221156], [4.792988048184017, 52.17507671239199], [4.793013690345448, 52.17507234743284], [4.793021059427122, 52.17506789047767], [4.7930722838825535, 52.17506365429156], [4.793083307571212, 52.175059215729206], [4.793138216544433, 52.17505275103471], [4.793189650390645, 52.17503278666477], [4.793248213927762, 52.17502634031206], [4.793273885947726, 52.17501972842006], [4.793295813614584, 52.17501983876122], [4.793325200054725, 52.17500875149549], [4.793354407028243, 52.17501114547958], [4.793365281135267, 52.175017941271754], [4.793387148987459, 52.17502254534836], [4.793445144304673, 52.1750587895457], [4.793514342774016, 52.17507711385452], [4.7935215623049885, 52.17508389124913], [4.793547025024558, 52.1750930074314], [4.793583541300354, 52.17509543812278], [4.79361993799864, 52.175106856307856], [4.793649145052494, 52.175109250219066], [4.793685422210498, 52.17512965588901], [4.793696386071597, 52.1751297110219], [4.793761900244491, 52.17515026368436], [4.793772774447589, 52.17515705943899], [4.793809260902498, 52.17516173693688], [4.793834723725499, 52.17517085305705], [4.793860306092299, 52.17517098166653], [4.793900417310806, 52.175177924384876], [4.793914946166784, 52.17518473849755], [4.793947748155063, 52.17519164445819], [4.793954967770471, 52.1751984218263], [4.793969526519341, 52.175202989055904], [4.793991424401775, 52.17520534614422], [4.794009607907912, 52.17521217861346], [4.794053433562074, 52.17521464589489], [4.79414441095335, 52.17524431441262], [4.794217413957846, 52.175251422291076], [4.794257286397386, 52.17527633989932], [4.794355812188846, 52.175288069963], [4.794421297044208, 52.175310869136055], [4.794527102378957, 52.175324882643075], [4.79453054806781, 52.17534062913], [4.794566885513748, 52.175356540776086], [4.794628924850122, 52.17536359334811], [4.794661667394898, 52.17537499286344], [4.794665262349958, 52.175379504963956], [4.794672571632684, 52.17537954165867], [4.794676166589212, 52.17538405375887], [4.794738116463425, 52.175397846902996], [4.794771008249672, 52.17539801200547], [4.794800126048471, 52.17540714626159], [4.794829154354986, 52.175423021140126], [4.79484739774626, 52.17542535972729], [4.794854647369757, 52.175429890163805], [4.794923996146633, 52.17543697926386], [4.794960274155445, 52.175457384541964], [4.79505508623817, 52.175473589437004], [4.795098673638776, 52.17549403134318], [4.795153344311386, 52.17550554072454], [4.7951935156665515, 52.17550798925043], [4.795229942929883, 52.17551716006264], [4.795251721779864, 52.17552850442379], [4.795353843431034, 52.17554474573738], [4.795382961445451, 52.17555387984979], [4.7954047105464825, 52.17556747105934], [4.795441108097979, 52.175578888683056], [4.795488529248716, 52.175585867508694], [4.795521272177107, 52.175597266785644], [4.795535771618558, 52.175606327575494], [4.795612340715207, 52.175620193542244], [4.795623215315228, 52.17562698912637], [4.795630524639535, 52.17562702576187], [4.7956446963805, 52.175660802181994], [4.79565194612336, 52.17566533256955], [4.7956513800460305, 52.17570802322672], [4.79566573058558, 52.175728318383875], [4.795665432656696, 52.17575078715065], [4.795646950738285, 52.17576642370314], [4.795646801768989, 52.175777658086425], [4.795639403037255, 52.175784362081906], [4.795639224271712, 52.17579784334175], [4.795627962294887, 52.17582025715554], [4.795627694141062, 52.1758404790452], [4.7956127774661175, 52.175862874539526], [4.795601753829287, 52.17586731333764], [4.795590611003142, 52.17588073964112], [4.795571771431467, 52.17592333870035], [4.795571533049165, 52.17594131371294], [4.795578663640264, 52.17595483161109], [4.795596817899097, 52.1759639107122], [4.795680726802523, 52.175975566395365], [4.795695256190729, 52.17598238028864], [4.7957134998566415, 52.17598471874211], [4.795724344770621, 52.17599376119324], [4.795738933750268, 52.17599608132794], [4.795742528864257, 52.17600059339539], [4.795753492942757, 52.176000648337464], [4.795793545630841, 52.17601208416605], [4.7958264080901305, 52.176014495851604], [4.795840937513325, 52.176021309726934], [4.795866460809428, 52.17602593165549], [4.795870055938726, 52.17603044371902], [4.7958955792430995, 52.17603506564125], [4.795899174376078, 52.17603957770391], [4.795972119410359, 52.17605117825145], [4.795986648867815, 52.176057992108916], [4.795997612960814, 52.17605804702831], [4.796012112648698, 52.176067107759245], [4.796037635988881, 52.17607172965076], [4.796048510763679, 52.17607852519543], [4.796143324564848, 52.1760947292169], [4.79616510392928, 52.176106073409095], [4.796197877179127, 52.17611522562138], [4.796259917831705, 52.17612227733694], [4.796325345367792, 52.176149569206736], [4.796376392213244, 52.176158812848875], [4.796409284568573, 52.17615897749548], [4.7964274688348185, 52.17616580959216], [4.796438432955029, 52.17616586447065], [4.796452903014046, 52.17617717202422], [4.796467462339038, 52.176181738945694], [4.796565960970406, 52.176195714042734], [4.796602359332683, 52.17620713130822], [4.796605954551055, 52.17621164334939], [4.79661691868282, 52.17621169821127], [4.796638698225064, 52.17622304231609], [4.796733482810049, 52.17624149274052], [4.796737078044457, 52.17624600477771], [4.79676622653868, 52.176252891671915], [4.796777101468825, 52.176259687149475], [4.796799029756561, 52.17625979684054], [4.796857386257923, 52.17626907683752], [4.796871945654497, 52.17627364370913], [4.796871886189332, 52.17627813746285], [4.796886386126635, 52.176287198086385], [4.7969155049405545, 52.17629633182064], [4.797017628960364, 52.17631257169571], [4.797068527523337, 52.176333049423114], [4.797101420010491, 52.176333213877], [4.797137878061064, 52.17634013722359], [4.797170800271358, 52.1763380547812], [4.797170919141643, 52.17632906727345], [4.797141800253818, 52.17631993360213], [4.797101628057896, 52.17631748573858], [4.797087098345169, 52.17631067201836], [4.797065199754371, 52.176308315503896], [4.796999741805265, 52.17628327092092], [4.796981468221991, 52.1762831795431], [4.796945039971313, 52.17627400927136], [4.79691583197479, 52.176271616175015], [4.796857683590832, 52.17624660806885], [4.796788392717187, 52.17623502635023], [4.796701036509669, 52.176207625031786], [4.796624406573979, 52.176198253524475], [4.79659184140149, 52.176173373292905], [4.796551669368482, 52.176170925242246], [4.796496967766112, 52.1761616633851], [4.796431480597616, 52.17613886536388], [4.796391338361376, 52.17613417038195], [4.796387772927802, 52.17612741145749], [4.796369499410019, 52.17612731998498], [4.796340351059443, 52.17612043299279], [4.796304071879403, 52.17610002813959], [4.796274864031809, 52.17609763488472], [4.79625667981679, 52.17609080276452], [4.796205603308161, 52.176083805947385], [4.796154705426877, 52.17606332784787], [4.796110908590324, 52.17605861446914], [4.796096379113622, 52.176051800626986], [4.796056236991441, 52.17604710553116], [4.796019958001251, 52.176026700590626], [4.796008993915918, 52.17602664567328], [4.7960017440781195, 52.17602211530782], [4.795936048912054, 52.17601504514854], [4.795914180308628, 52.176010441543994], [4.7958996806590655, 52.17600138080098], [4.7958596279532255, 52.175989945008354], [4.795772064284486, 52.175978271139186], [4.795750225504951, 52.175971420627654], [4.795750285082596, 52.175966926874445], [4.79572850589179, 52.17595558260564], [4.795688393687322, 52.17594864050816], [4.795644716189786, 52.17593493945012], [4.795633841511583, 52.17592814386821], [4.7956418063586534, 52.17587874921777], [4.795671311955555, 52.17585867386288], [4.79567888944876, 52.17583848860567], [4.795690002446024, 52.17582730917035], [4.795705187188797, 52.175784691776016], [4.795749519909578, 52.175748961524626], [4.795757186713362, 52.17572203563179], [4.795786811301476, 52.17569297274032], [4.795786930448412, 52.17568398523341], [4.79581988202086, 52.17567965629033], [4.795878326904326, 52.175682196140706], [4.795903820229572, 52.175689064937885], [4.795958550906512, 52.17569608019291], [4.795994829600201, 52.175716485153075], [4.796089672384086, 52.17573044234065], [4.796115076458883, 52.17574405172267], [4.796144194759915, 52.17575318564735], [4.79625728127578, 52.175769481084366], [4.796268185773177, 52.175774029732246], [4.796271751160578, 52.17578078866065], [4.796279060510785, 52.17578082525599], [4.796300839756872, 52.17579216942354], [4.796333642563605, 52.175799074721446], [4.796384748523361, 52.175803824606184], [4.796391998364763, 52.1758083549483], [4.796413926429362, 52.17580846471055], [4.796468508571397, 52.175826714113725], [4.796541423658395, 52.17584056118636], [4.796555982882748, 52.17584512809705], [4.796559548319437, 52.17585188701673], [4.796592291717782, 52.17586328599665], [4.7966725460119575, 52.17587492268689], [4.796745312548435, 52.17590000401839], [4.796854715238637, 52.175918527477094], [4.796861935413713, 52.17592530466733], [4.796883804073959, 52.17592990809638], [4.796894678943505, 52.1759367035634], [4.796982183374362, 52.17595287035396], [4.796996742680681, 52.17595743721029], [4.79700396288365, 52.175964214391854], [4.79702220661156, 52.17596655264305], [4.797025801853159, 52.175971064671636], [4.797040420617565, 52.175971137768464], [4.7970695392570875, 52.17598027146497], [4.797116990811755, 52.17598500275968], [4.797138829808876, 52.17599185301855], [4.797171484306769, 52.17600999246902], [4.797259018695335, 52.176023912177406], [4.797277143613373, 52.17603523789756], [4.797306262343407, 52.17604437153567], [4.797335470212493, 52.17604676453528], [4.797346374887934, 52.17605131308359], [4.797404731231646, 52.17606059280998], [4.79744832028525, 52.17608103384862], [4.7974592843862585, 52.17608108863222], [4.797488403183671, 52.176090222225405], [4.797550444008238, 52.176097273262705], [4.797565003420106, 52.176101840048965], [4.797572223732854, 52.17610861719573], [4.797597747259797, 52.17611323875005], [4.797604997274881, 52.17611776901764], [4.797652449033444, 52.17612250009718], [4.797696186716041, 52.17613170665845], [4.79775433542227, 52.17615671435239], [4.797801787238334, 52.17616144537199], [4.7978090372820095, 52.17616597562702], [4.797863709482034, 52.176177483753584], [4.797870929852444, 52.17618426088206], [4.797936566220923, 52.17619582371922], [4.797954750737066, 52.17620265558089], [4.797980304034438, 52.17620503017523], [4.797994863525668, 52.17620959690849], [4.798005708957525, 52.17621863915038], [4.798023952842591, 52.17622097724684], [4.798042107708827, 52.1762300559723], [4.7981332975173805, 52.17624399327561], [4.79815870250943, 52.17625760221779], [4.7981769464185415, 52.176259940290635], [4.79818419651639, 52.1762644705227], [4.798217059293513, 52.17626688154281], [4.798227964112918, 52.17627143000964], [4.798293630363915, 52.17628074577106], [4.798308130591595, 52.17628980622032], [4.798326344862474, 52.17629439114741], [4.798337190382208, 52.176303433358854], [4.798421100647968, 52.17631508709462], [4.798442940007784, 52.17632193711226], [4.798450160489652, 52.176328714205326], [4.7984902141671135, 52.17634014911941], [4.798508487777752, 52.17634024026365], [4.798592368511991, 52.176354140755116], [4.798621339497985, 52.176374508455886], [4.798643178917767, 52.17638135843649], [4.798697910879759, 52.17638837242201], [4.798705161051478, 52.17639290262203], [4.798730684859368, 52.17639752393148], [4.798745185213924, 52.176406584327026], [4.798756149397034, 52.176406638990244], [4.798763399577648, 52.176411169186714], [4.798807167409285, 52.17641812845903], [4.798847221258973, 52.176429563252015], [4.798861692015168, 52.17644087051071], [4.7988610400996965, 52.176490301814404], [4.798838370849366, 52.17654636444171], [4.798841492183832, 52.17658682645315], [4.798830350151147, 52.176600253062105], [4.798823011029356, 52.17660246350199], [4.798819237746514, 52.17661143279257], [4.79880081584544, 52.1766225760831], [4.798800667666859, 52.17663381046989], [4.798782127205213, 52.17665394126683], [4.798763260712691, 52.176698787711295], [4.798741184008941, 52.1767099127715], [4.798711916348368, 52.17671201387395], [4.798671743711062, 52.17670956654441], [4.798613564123843, 52.17668680618037], [4.798547956504762, 52.176672996842164], [4.798533337507091, 52.176672923931704], [4.798471503290991, 52.17665014526976], [4.798431330722919, 52.17664769785846], [4.798420425790852, 52.17664314941055], [4.798365693560511, 52.17663613529624], [4.798325758288192, 52.176615712831286], [4.798260121200429, 52.17660415021037], [4.798256525783024, 52.176599638219635], [4.798209162448425, 52.17658816675099], [4.798180102511876, 52.176574539581374], [4.798114435852514, 52.17656522375665], [4.798063269487778, 52.17656496837442], [4.798063477197395, 52.1765492402344], [4.798056167719349, 52.17654920374942], [4.798041667458856, 52.17654014326956], [4.798001495014017, 52.176537695712014], [4.797950477074065, 52.17652620589528], [4.797921268857487, 52.17652381304757], [4.797903143577422, 52.176512487426734], [4.797859405478684, 52.176503280942214], [4.797797274981622, 52.176502970698145], [4.797804436022806, 52.17651424158454], [4.79789562633706, 52.176528179071575], [4.797939186393468, 52.17655086680538], [4.798026781434112, 52.17656029219066], [4.798026692410152, 52.176567032822035], [4.79804128169811, 52.17656935267231], [4.798055752294792, 52.17658066002936], [4.79808487154071, 52.176589793475245], [4.798099490510176, 52.17658986644118], [4.798132264514236, 52.176599018116576], [4.79818334191816, 52.17660601410048], [4.798226931861844, 52.17662645485093], [4.798303562873789, 52.17663582531846], [4.798329027459658, 52.176644940469124], [4.7983544030812775, 52.17666079624589], [4.798460123907897, 52.17668154686126], [4.798478279050298, 52.176690625519306], [4.798500177904439, 52.17669298177176], [4.798514707958066, 52.17669979531802], [4.798591339157172, 52.176709165598844], [4.798616803843923, 52.17671828068744], [4.798616744553794, 52.17672277444198], [4.798631244990631, 52.17673183485116], [4.7986385544992185, 52.176731871300525], [4.798649429831837, 52.17673866660558], [4.798660394096432, 52.17673872127782], [4.798663989565902, 52.17674323325621], [4.7986785789449256, 52.17674555302777], [4.798711264261734, 52.176761445174265], [4.798707075974994, 52.176801870742686], [4.798670083737681, 52.176835391670956], [4.798658408015585, 52.176889262052875], [4.798647265851932, 52.176902688643594], [4.7986288437874, 52.17691383190648], [4.7986064704859315, 52.176947425712676], [4.798602548900173, 52.17696762938148], [4.798580383081743, 52.17698549504226], [4.798580323787482, 52.17698998879655], [4.798572984589149, 52.17699219922064], [4.798572895646616, 52.176998939852034], [4.798550700152066, 52.17701905238425], [4.798528208139436, 52.17706163368324], [4.798527881991191, 52.17708634933129], [4.798513144255661, 52.177095263926525], [4.798490859730847, 52.177122117078206], [4.798483135028389, 52.177153536898345], [4.798471933440195, 52.17717145722582], [4.798471547954131, 52.17720066662722], [4.798431078341933, 52.17722068798556], [4.798408615768742, 52.17726102238291], [4.798378962183327, 52.17729233280267], [4.798375040463582, 52.17731253646252], [4.79836015433008, 52.17733268542284], [4.79833801789236, 52.17734830415961], [4.798323339352997, 52.177352724976686], [4.798308512504993, 52.17736838017649], [4.798308423521511, 52.17737512080722], [4.798290001176911, 52.17738626401585], [4.798289941852696, 52.177390757769636], [4.798278918103061, 52.17739519681652]]]}}, {"type": "Feature", "properties": {"class": "parcel", "candidate_index": 6, "raw_confidence": 0.5010212431079708, "boundary_alignment_score": 0.5010212431079708, "area_m2": 42938.3125, "vertex_count": 661, "vectorization": {"threshold": 0.5, "close_pixels": 5, "boundary_width_pixels": 0, "edge_buffer_pixels": 2, "min_area_m2": 20, "max_area_m2": 250000, "simplify_tolerance_m": 0.25, "min_boundary_alignment": 0.0}, "source_tile_id": "tile-110000-460000", "vectorization_aoi": "vectorization_v2", "calibration": "parameters selected only on train_selected_0; target reference excluded"}, "geometry": {"type": "Polygon", "coordinates": [[[4.793295563530176, 52.174489539179596], [4.793229811226611, 52.17448696126858], [4.793218937269407, 52.17448016546353], [4.7932082428089675, 52.17445988839924], [4.793189969982885, 52.174459796435336], [4.793175471390938, 52.174450735356764], [4.793149889439819, 52.17445060659944], [4.793131676456521, 52.17444602087382], [4.793120802524261, 52.1744392250597], [4.793120862364159, 52.174434731306995], [4.793073712111729, 52.174407529643815], [4.793073981412254, 52.1743873077567], [4.793092673106811, 52.17435594346945], [4.793092792791968, 52.17434695596398], [4.793126222347992, 52.174306677748895], [4.793133980240782, 52.17427301139261], [4.793145302913252, 52.17424610405935], [4.793152671844962, 52.17424164709508], [4.793152791517629, 52.174232659589364], [4.793174898299425, 52.174219288693735], [4.793197214479244, 52.1741901896587], [4.793205151790576, 52.17414304203804], [4.793212490784183, 52.17414083194642], [4.793212580529383, 52.174134091316944], [4.793245920077008, 52.17410055369561], [4.793268505360517, 52.17405123275749], [4.793283362779018, 52.174033331306525], [4.793301755072561, 52.17402443574942], [4.793312898120834, 52.17401100965812], [4.793328353690113, 52.17394817066941], [4.793335872097653, 52.17393247931035], [4.793361812640686, 52.17390564550741], [4.793361992084693, 52.173892164247604], [4.793380922618727, 52.173842824898124], [4.7933956902057036, 52.17383166406219], [4.793395779922406, 52.17382492343217], [4.793403118854207, 52.17382271332846], [4.793425434685846, 52.173793614247764], [4.793440740503986, 52.17374200962522], [4.7934814782970925, 52.1737017680743], [4.793489205914055, 52.17367034856729], [4.7935115814121, 52.173636755715805], [4.793511701010334, 52.17362776820859], [4.79354135556088, 52.17359645899369], [4.7935453090338305, 52.17357400860755], [4.793563880466722, 52.17355163174753], [4.793567714337694, 52.1735381688678], [4.793597308998888, 52.173511353391916], [4.793605185974315, 52.17346869949174], [4.793620162638601, 52.17344181048843], [4.793627531389781, 52.173437353493625], [4.793631395124932, 52.17342164373461], [4.793657185732001, 52.17340604424824], [4.793668776889629, 52.17335891496743], [4.793676175513259, 52.17335221109255], [4.793691301546586, 52.17331408769475], [4.793717151848242, 52.17329399444092], [4.793743868865271, 52.17320874174778], [4.793751297339745, 52.17319979099094], [4.793765974961601, 52.17319537073807], [4.793777117662187, 52.17318194460045], [4.793799761658703, 52.173128129797085], [4.793814558787586, 52.17311472202976], [4.793814678322948, 52.173105734521386], [4.793829475439901, 52.173092326752055], [4.793840707743024, 52.17307215997685], [4.79384469090008, 52.173047462701184], [4.793859577633148, 52.1730273142965], [4.7938634412505, 52.173011604528604], [4.7938707800252605, 52.17300939439529], [4.793885666733783, 52.17298924598718], [4.793904088355435, 52.172978103456565], [4.793922808750517, 52.172944492151224], [4.793922928263473, 52.17293550464247], [4.793934011096316, 52.172926572243675], [4.793945332941405, 52.172899664826105], [4.79395270157039, 52.172895207810384], [4.793964232528811, 52.17285257225023], [4.793971601148113, 52.1728481152333], [4.793979178893159, 52.17282793007514], [4.7939902318132015, 52.172821244548075], [4.793997839419548, 52.172798812511324], [4.794016350554597, 52.17278092933085], [4.794027582694317, 52.17276076253648], [4.794050285916207, 52.17270245392573], [4.794079819991047, 52.1726801320783], [4.794079969341534, 52.17266889769157], [4.794094855841406, 52.17264874925558], [4.794106356730639, 52.17260836055675], [4.794113785031988, 52.17259940977589], [4.794154312107349, 52.172574896124026], [4.794162188381299, 52.17253224217872], [4.794169556927821, 52.17252778514906], [4.794184622527971, 52.1724941554364], [4.794199359602457, 52.172485241373714], [4.794206967045699, 52.17246280932194], [4.79420729554412, 52.172438093669676], [4.794214723796746, 52.17242914288216], [4.79421864696216, 52.17240893934572], [4.794229729604635, 52.17240000691805], [4.794244735392851, 52.1723708709519], [4.79425944255374, 52.17236420375898], [4.794286068392604, 52.17228569155968], [4.794300954670896, 52.172265543095975], [4.794315691646476, 52.17225662901828], [4.794323448279011, 52.17222296256997], [4.794342108326204, 52.172193844947984], [4.794342227752055, 52.17218485743745], [4.794357203538223, 52.1721579683333], [4.794379368638222, 52.17214010344987], [4.794402220348065, 52.17207056037555], [4.794417136354326, 52.17204816501856], [4.794431843382936, 52.172041497803576], [4.794462063384457, 52.17196749766918], [4.79448425819668, 52.171947385887435], [4.794484377593032, 52.17193839837639], [4.794499174120355, 52.171924990519486], [4.794532988589608, 52.1718555024729], [4.7945440411853015, 52.171848816892364], [4.7945478447663445, 52.171837600854], [4.794558927200603, 52.17182866839422], [4.794577646616767, 52.171795056976826], [4.7945780047476125, 52.171768094442506], [4.794589117002166, 52.171756915101874], [4.79459301009427, 52.17173895842819], [4.794615174891117, 52.1717210934987], [4.794637846969605, 52.17166503164036], [4.794648989023945, 52.17165160541588], [4.794652882082593, 52.17163364873986], [4.794678760814017, 52.17161130838943], [4.794712783624552, 52.17152609214081], [4.794738632427515, 52.171505998654695], [4.794772535706143, 52.17142976989921], [4.794783617993834, 52.17142083741748], [4.794787451311091, 52.171407374492354], [4.794798503757436, 52.17140068888725], [4.794817580793879, 52.171340114891535], [4.794850946869867, 52.171304329917376], [4.794851036360044, 52.17129758928296], [4.7948620887696105, 52.17129090367175], [4.794869725502717, 52.17126622469362], [4.794877123597785, 52.171259520740215], [4.7948773323986424, 52.17124379259307], [4.79491833504625, 52.17118332861957], [4.7949485834790515, 52.17110708146924], [4.7949633199418695, 52.17109816730811], [4.7949634094145255, 52.17109142667333], [4.794981889628497, 52.171075790212704], [4.794993150722271, 52.1710533764409], [4.7949971628790955, 52.17102643223823], [4.795037986241361, 52.17097944949018], [4.795064609874233, 52.17090093709312], [4.795108908420906, 52.170867453924096], [4.795130893683663, 52.170863070164444], [4.795156473584768, 52.17086319848924], [4.795171031044073, 52.17086776557203], [4.79519661094802, 52.17086789388817], [4.795244027054717, 52.1708748728101], [4.795316754832681, 52.17090220190906], [4.795389721120653, 52.17091155593553], [4.795436958502988, 52.170932016050784], [4.795469817201036, 52.170934427832044], [4.795495307752472, 52.170941296718944], [4.795550032541919, 52.17094831216024], [4.795568184761361, 52.17095739127054], [4.795567767650142, 52.17098884756956], [4.795560250527487, 52.17100453908071], [4.795541800340531, 52.171017928754026], [4.79553003300551, 52.17107853951244], [4.795522605242492, 52.171087490385666], [4.795511582778804, 52.1710919291808], [4.795511523185593, 52.17109642293767], [4.795485794159883, 52.171107529081716], [4.795463510820725, 52.17113438169129], [4.7954555764440085, 52.17118152949276], [4.795448118848952, 52.17119272723946], [4.795425984449492, 52.171208345449585], [4.795414723533607, 52.171230759262365], [4.7954065804734, 52.17129363520798], [4.795395557947188, 52.17129807399201], [4.795391814231392, 52.171304796302536], [4.795377167196258, 52.171306969882025], [4.795358716829002, 52.17132035952568], [4.7953437419293, 52.17134724876214], [4.79534344387634, 52.17136971754491], [4.795332033848404, 52.17140336574036], [4.7952986978910515, 52.17143690397217], [4.795287228195522, 52.17147504591926], [4.795286751263292, 52.17151099597057], [4.795290226739323, 52.17152449556743], [4.795304814235337, 52.17152681575534], [4.795338031032787, 52.171502265035265], [4.795356988162126, 52.17145067846532], [4.795371843873101, 52.171432776740765], [4.795371933284897, 52.17142603610596], [4.795383015451853, 52.17141710356777], [4.795386878391108, 52.171401393744574], [4.795398020154103, 52.17138796744835], [4.795413233449188, 52.17134310317873], [4.795446599050233, 52.171307318035424], [4.795473073168958, 52.171240039941615], [4.795502784344919, 52.17120423645958], [4.7955104505054225, 52.171177310560665], [4.795517848489551, 52.17117060656683], [4.795521860340332, 52.17114366234641], [4.795532942406938, 52.17113472979349], [4.79554045956132, 52.17111903828443], [4.795551482028856, 52.171114599486636], [4.795570021634011, 52.171094469176765], [4.795596525231342, 52.17102494417386], [4.7956223733456715, 52.17100485049132], [4.795648847018095, 52.170937572353935], [4.795659929007954, 52.17092863978866], [4.795663732229161, 52.17091742371199], [4.795682152550052, 52.17090628089786], [4.795693800483212, 52.170854657636426], [4.795720095242906, 52.17080086075268], [4.795731058043301, 52.17080091569491], [4.795734831450519, 52.17079194649428], [4.795742169767394, 52.17078973624302], [4.795746002740471, 52.17077627328476], [4.79576079850231, 52.17076286526578], [4.795764691034534, 52.170744908549544], [4.795775743170232, 52.17073822285164], [4.795805453767697, 52.17070241928946], [4.79580581114498, 52.170675456745215], [4.795824380232677, 52.17065307951467], [4.79584336621451, 52.170599245978906], [4.795865529943379, 52.17058138080943], [4.795876820245413, 52.170556720071744], [4.7958916456718885, 52.170541065156925], [4.7958994603649945, 52.17050290483519], [4.795914285765573, 52.17048724991737], [4.795914464420264, 52.17047376864457], [4.7959368067059405, 52.17044242218821], [4.79594072891326, 52.17042221858616], [4.795955703140621, 52.17039532926859], [4.795970439166973, 52.17038641497991], [4.795985294275912, 52.170368513173855], [4.795985413364333, 52.17035952565838], [4.795996495142849, 52.17035059306032], [4.7960191350125285, 52.17029677779853], [4.796033900763193, 52.170285616622785], [4.796034019841533, 52.17027662910708], [4.796052529110811, 52.17025874559658], [4.796052677953919, 52.17024751120186], [4.796082626137538, 52.170193732534315], [4.796093648322312, 52.17018929368472], [4.796135154341881, 52.17009063233024], [4.7961536039664425, 52.170077242561156], [4.796153693256572, 52.17007050192404], [4.796164774929419, 52.17006156930957], [4.79617612445784, 52.170032414782476], [4.796183522151526, 52.1700257107451], [4.796187533494567, 52.169998766495965], [4.796194901419714, 52.16999430933696], [4.796194990703386, 52.16998756869966], [4.796217302787186, 52.16995846906603], [4.796228354659894, 52.169951783324436], [4.796243477348567, 52.16991365957205], [4.796243685659471, 52.16989793141811], [4.796251053562325, 52.169893474255474], [4.7962586000112735, 52.169875535817454], [4.796269622099852, 52.16987109695103], [4.796269681614562, 52.169866603192744], [4.796288131105903, 52.16985321340189], [4.7963107703691295, 52.16979939807863], [4.796310919145204, 52.16978816368265], [4.796322149489421, 52.16976799665675], [4.7963406584314985, 52.16975011309894], [4.796352067271125, 52.16971646479457], [4.796359435133132, 52.16971200762499], [4.796374706387207, 52.16966264945758], [4.796404326533605, 52.16963358637397], [4.7964381660345765, 52.16956185086748], [4.796467786072499, 52.16953278776727], [4.796486622065599, 52.16949018851259], [4.796508903964346, 52.169463335700016], [4.796509022944126, 52.16945434818242], [4.796531245323827, 52.16943198912426], [4.796546546033769, 52.16938038405236], [4.79655765719852, 52.16936920452012], [4.7965614898018085, 52.169355741531476], [4.796576284846064, 52.169342333405915], [4.796599161422159, 52.169270542985736], [4.796606529185707, 52.1692660858002], [4.796621532360268, 52.169236949512076], [4.796647468187782, 52.16921011495798], [4.7966777123152795, 52.16913386733193], [4.796685050312577, 52.169131657020934], [4.796685139519938, 52.16912491638215], [4.796699934450259, 52.16911150824039], [4.796730029753382, 52.16904649499751], [4.796752162621521, 52.169030876534656], [4.796778157712243, 52.168999548191216], [4.796789595758188, 52.16896365295974], [4.796796993181951, 52.168956948882276], [4.796797201291878, 52.16894122072447], [4.796823166569869, 52.16891213925023], [4.7968458938882605, 52.16885158317466], [4.796860718406052, 52.16883592813211], [4.796871740177658, 52.16883148920819], [4.79687925647007, 52.16881579760633], [4.796890337685202, 52.16880686492103], [4.796894259314018, 52.16878666128078], [4.796935375850095, 52.16871720905391], [4.796935494741366, 52.1687082215346], [4.796942862378291, 52.168703764327454], [4.796965529984515, 52.16864770198599], [4.796972897608428, 52.16864324477687], [4.796980443553778, 52.16862530628806], [4.796987781452396, 52.16862309595786], [4.797006349089476, 52.16860071853124], [4.797025421916687, 52.16854014414303], [4.79704033541974, 52.16851774843701], [4.797051386811602, 52.168511062616005], [4.7970515651123495, 52.16849758133631], [4.797058902986427, 52.168495371001626], [4.797066389439928, 52.16848192626669], [4.797078005412093, 52.168432549723654], [4.797089235066089, 52.168412382618975], [4.797111367493234, 52.168396764086346], [4.797126340330776, 52.1683698746087], [4.797133707892664, 52.16836541738928], [4.797133826742755, 52.168356429869185], [4.797152542752899, 52.168322818018005], [4.797152691310575, 52.168311583617744], [4.797178715409386, 52.1682780083011], [4.797182696280119, 52.168253310888936], [4.797193896132, 52.16823539065363], [4.797194222935028, 52.16821067497257], [4.797205244518842, 52.16820623601667], [4.797205363353967, 52.16819724849624], [4.7972199795712385, 52.1681973215671], [4.797223722749113, 52.16819059919419], [4.797271552208255, 52.16816612097888], [4.7973263629855945, 52.16816639495448], [4.797337265736943, 52.168170943506894], [4.797399325227332, 52.16817574773643], [4.797439341624893, 52.16818942989203], [4.797490438989545, 52.168194179291085], [4.797501341764464, 52.16819872782834], [4.797526920146678, 52.16819885563702], [4.797537793234437, 52.16820565105113], [4.797581523137458, 52.168214857655684], [4.797610607143298, 52.16822623810362], [4.797658020825304, 52.168233216054944], [4.797683421119503, 52.168246825111204], [4.797716188914925, 52.168255976905925], [4.797727062045472, 52.168262772302626], [4.797727002680353, 52.1682672660631], [4.797741529876185, 52.168274079710216], [4.797741470512506, 52.16827857347069], [4.797755997714227, 52.168285387115986], [4.797766722455084, 52.16830341691025], [4.797766514690848, 52.16831914507202], [4.797737074399492, 52.16833472722548], [4.797737015035258, 52.16833922098591], [4.797722280038939, 52.16834813549992], [4.797710753852475, 52.16839077146764], [4.797666044120909, 52.16845571195687], [4.797661826010947, 52.16849838442607], [4.797650715340272, 52.16850956406475], [4.797632385564587, 52.168513966552624], [4.797632326189498, 52.168518460312924], [4.797621304570756, 52.16852289930837], [4.7976138776544195, 52.16853185031843], [4.797591032783815, 52.168601394067416], [4.797561325023764, 52.16863719809651], [4.797557314636043, 52.16866414240012], [4.7975461148216825, 52.168682062668665], [4.797545817901186, 52.16870453146899], [4.797534766535196, 52.16871121733616], [4.797530963974501, 52.16872243347841], [4.797519971988623, 52.16872462558413], [4.797490471953456, 52.16874470143443], [4.797478707877383, 52.16880531241585], [4.797471162101533, 52.168823250936185], [4.7974378296859275, 52.16885678979264], [4.797433819203359, 52.168883734090926], [4.797426451585569, 52.16888819132864], [4.797426065508181, 52.1689174007675], [4.797374343603724, 52.16895983581745], [4.7973515575422985, 52.16902488575437], [4.797318254589468, 52.16905617769572], [4.797295319871292, 52.16913246201943], [4.797273038611415, 52.16915931498304], [4.797262016798463, 52.169163753944126], [4.797254589702912, 52.16917270493032], [4.797239260175937, 52.16922655697694], [4.797228060091819, 52.16924447721313], [4.7972207221027094, 52.169246687557894], [4.797198440740654, 52.169273540506694], [4.79719823277017, 52.16928926866453], [4.79718703265374, 52.1693071888966], [4.797183051689023, 52.16933188630429], [4.7971385779467255, 52.169378851543414], [4.797115999325689, 52.169428173272046], [4.797115731896458, 52.16944839518846], [4.797078655436731, 52.16948865630654], [4.797059522836483, 52.16955372445205], [4.79705209563511, 52.169562675424736], [4.7970226245533025, 52.16958050427445], [4.797007770123821, 52.16959840621452], [4.796999748497428, 52.16965229477366], [4.796992321267587, 52.169661245742375], [4.796981299302588, 52.169665684676644], [4.796973753179916, 52.16968362316205], [4.796962671762955, 52.16969255585349], [4.796962523151434, 52.16970379025075], [4.796951412004321, 52.169714969820525], [4.796947430871889, 52.169739667218266], [4.796939914446471, 52.169755358821796], [4.796932546635143, 52.16975981602771], [4.7969324277396295, 52.16976880354538], [4.796917692109559, 52.169777717955746], [4.79691391902664, 52.16978668719626], [4.796902897022823, 52.16979112612307], [4.796891756112986, 52.16980455256642], [4.796876663742145, 52.16984042952414], [4.796876485381545, 52.16985391080033], [4.796865374175359, 52.16986509036165], [4.796846508655647, 52.169909936553665], [4.796831624316245, 52.16993008534961], [4.7968238402521735, 52.16996599885887], [4.7968127884649645, 52.16997268465637], [4.79681272900478, 52.16997717841498], [4.796798052743531, 52.16998159905134], [4.796794279619161, 52.16999056828768], [4.796779514156329, 52.17000172955959], [4.79676448109308, 52.17003311274296], [4.7967643324301665, 52.17004434713925], [4.796723333335335, 52.17010481177148], [4.79670422968487, 52.17016763297212], [4.796696861781793, 52.170172090162836], [4.796696772573477, 52.170178830800396], [4.796674698589268, 52.17018995549059], [4.796659873554398, 52.170205610505334], [4.796644632166229, 52.1702527218261], [4.796629807099873, 52.17026837683682], [4.796629688141601, 52.17027736435333], [4.796614833321448, 52.17029526624122], [4.796614684619708, 52.17030650063675], [4.796603602975742, 52.170315433293126], [4.796584677516919, 52.17036477319728], [4.79657359585243, 52.170373705850764], [4.796573506624962, 52.17038044648797], [4.796555086743843, 52.17039158944292], [4.796551254048373, 52.1704050524288], [4.796543915834748, 52.17040726273066], [4.796525257975477, 52.170436380713156], [4.796525020015578, 52.170454355745306], [4.796513819334543, 52.170472275909006], [4.796509897382221, 52.1704924795303], [4.796487614967515, 52.170519332337534], [4.796468748788929, 52.17056417846311], [4.796457696800067, 52.17057086422631], [4.796442722815707, 52.17059775360711], [4.796413191303882, 52.17062007605788], [4.796413072300745, 52.17062906357353], [4.7963944142627915, 52.17065818153392], [4.796390373231804, 52.17068737266606], [4.796360841634327, 52.170709695103234], [4.796349402790182, 52.17074559028114], [4.796338231719745, 52.170761263548215], [4.79633419064239, 52.17079045467781], [4.796315770531917, 52.170801597594256], [4.796315681264375, 52.17080833823071], [4.796297201628299, 52.17082397490183], [4.796278186339346, 52.170880055388004], [4.796244791965946, 52.170918087649355], [4.796237037013904, 52.1709517542341], [4.796229639174113, 52.170958458273496], [4.796229460612146, 52.170971939545815], [4.796218200159844, 52.17099435343689], [4.796192382081737, 52.171012200371706], [4.796188578985213, 52.171023416465395], [4.796170069451869, 52.17104129999453], [4.796154499851167, 52.17111312690909], [4.796124967853162, 52.171135449284975], [4.796109993477504, 52.171162338620356], [4.796109844644857, 52.17117357301336], [4.796087442576982, 52.171209413255276], [4.796087293738449, 52.1712206476482], [4.796076271297786, 52.171225086496], [4.796076211761228, 52.17122958025314], [4.796065189317257, 52.17123401909993], [4.796054047793465, 52.17124744545985], [4.796031288396343, 52.17131024823295], [4.796020206385597, 52.17131918083248], [4.796020087300848, 52.17132816834652], [4.795994060542249, 52.171361743385965], [4.795982502141179, 52.17140662603746], [4.795967765779378, 52.171415540325576], [4.795953118735636, 52.1714177139765], [4.7959309546248825, 52.17143557915931], [4.7959154440523415, 52.17150291227983], [4.795878215902966, 52.17155440739412], [4.795862883885004, 52.17160825923606], [4.7958554561000595, 52.171617210129355], [4.7958444335382575, 52.171621648955], [4.795844373977656, 52.17162614271169], [4.795822299063822, 52.17163726723828], [4.795814841484079, 52.17164846500722], [4.79580729455398, 52.171666403410676], [4.795806907385001, 52.17169561282861], [4.795795795450533, 52.17170679228451], [4.795791932628365, 52.17172250212046], [4.795762340475527, 52.17174931815888], [4.795746799752167, 52.17181889813128], [4.795698786807005, 52.17185685697504], [4.795691239794668, 52.171874795370265], [4.795690822759056, 52.17190625166482], [4.795686900305386, 52.171926455253015], [4.795679502220806, 52.17193315925645], [4.795679293698591, 52.17194888740357], [4.795660992104706, 52.171951042702], [4.795653594012144, 52.17195774670377], [4.795627149526812, 52.17202277795139], [4.795605014776843, 52.17203839619236], [4.795586444999739, 52.17206077338198], [4.795582611866592, 52.17207423633184], [4.795571529575738, 52.17208316888762], [4.795567517668175, 52.17211011310527], [4.7955228904607505, 52.17216831209627], [4.795496415860549, 52.17223559018973], [4.79548161952908, 52.17224899817129], [4.7954777863479014, 52.17226246111723], [4.795466674189288, 52.172273640540695], [4.795451401025389, 52.1723229985655], [4.795440318646302, 52.17233193110842], [4.79543651524691, 52.17234314717491], [4.795414350468297, 52.17236101225678], [4.795399136823049, 52.17240587651817], [4.79539176841927, 52.17241033362488], [4.795384042363852, 52.17244175326568], [4.79536550211245, 52.17246188354066], [4.7953581635015725, 52.17246409376744], [4.795354330264402, 52.17247755670879], [4.795346961844288, 52.17248201381268], [4.79532824271697, 52.172515625348574], [4.79532420081523, 52.17254481643351], [4.795294607834125, 52.17257163234959], [4.7952755905314195, 52.17262771265418], [4.795264537851626, 52.17263439830222], [4.795256960721157, 52.172654583544535], [4.795249622073185, 52.17265679376442], [4.795234736091658, 52.172676942346875], [4.7952273974389055, 52.17267915256533], [4.79520463613988, 52.17274195516057], [4.795197208033304, 52.17275090601017], [4.79517881664276, 52.17275980186604], [4.795175013140729, 52.17277101792309], [4.795163930594718, 52.172779950439114], [4.795144763954933, 52.17284726510843], [4.795129788410041, 52.17287415430972], [4.795096481016266, 52.17290544559639], [4.795084951125815, 52.17294808126847], [4.795073719416252, 52.17296824816347], [4.795062666621688, 52.17297493379202], [4.795055059520194, 52.172997365897494], [4.795047690984171, 52.17300182298212], [4.795043768140941, 52.17302202654452], [4.795032625861293, 52.17303545280277], [4.79503247674915, 52.17304668719035], [4.795017501069184, 52.17307357637622], [4.795002763962935, 52.173082490540125], [4.794998900740471, 52.17309820034577], [4.794984163622361, 52.173107114507275], [4.794969158067155, 52.17313625056412], [4.794968979112863, 52.17314973182889], [4.794957747299764, 52.17316989871198], [4.794946664610895, 52.173178831206776], [4.794946575130255, 52.17318557183911], [4.794939206552249, 52.173190028916714], [4.794935373125412, 52.17320349184248], [4.7949205763033245, 52.173216899750685], [4.794897933612737, 52.17327071477029], [4.794872173347681, 52.173284067651636], [4.794861030950669, 52.17329749389287], [4.794860911625475, 52.173306481402314], [4.794845995418472, 52.17332887681023], [4.794841923293045, 52.173360314751285], [4.794830810700682, 52.173371494112104], [4.794830721202028, 52.17337823474408], [4.794823382413832, 52.17338044493693], [4.794808525831177, 52.17339834658515], [4.794800679853331, 52.173438753690625], [4.794785644230683, 52.1734701365994], [4.794737360146644, 52.17352831693244], [4.794725949102988, 52.17356196505521], [4.794714866270052, 52.17357089752737], [4.794714776753356, 52.17357763815901], [4.79468146854159, 52.1736089293235], [4.794666134363166, 52.17366278098755], [4.794625337985959, 52.17370751670366], [4.794595027529289, 52.17378825748758], [4.794572921386309, 52.17380162865118], [4.7945728318475584, 52.1738083692824], [4.794550546603604, 52.17383522170411], [4.794550128739651, 52.17386667798274], [4.794542551074475, 52.1738868631741], [4.794535212188283, 52.17388907334869], [4.7945314084270505, 52.173900289382416], [4.794520385168857, 52.1739047280816], [4.794520325470889, 52.173909221835636], [4.794505617838485, 52.1739158890586], [4.794501754367623, 52.173931598845265], [4.794490641547218, 52.17394277817264], [4.794486569113584, 52.173974216097605], [4.794471652494152, 52.17399661145497], [4.794456885121096, 52.174007772425625], [4.794445623006167, 52.17403018613327], [4.79443016898151, 52.17409302526975], [4.794422740493613, 52.174101976067945], [4.794404437955906, 52.17410413116924], [4.794382271886747, 52.17412199604986], [4.794378259072586, 52.17414894021624], [4.794370800708189, 52.17416013788793], [4.794370322999921, 52.17419608791766], [4.794358971221436, 52.174225242246685], [4.7943368349322375, 52.17424086024146], [4.794307508969275, 52.17424745400816], [4.7942706648667395, 52.17426973918623], [4.794223006392826, 52.174280734886096], [4.794182776464722, 52.17428277978455], [4.794076316533366, 52.1743181972579], [4.794010415060328, 52.17432685416564], [4.794003046200003, 52.1743313111835], [4.793970095449942, 52.17433563962147], [4.793966381139961, 52.17434011500586], [4.7939407096136275, 52.17434672705004], [4.7938748678361796, 52.17435089012859], [4.79386015996171, 52.17435755727022], [4.793816185736266, 52.17436632430098], [4.793794108959162, 52.17437744844], [4.793761128267311, 52.174384023696085], [4.7936953163094, 52.174385939797766], [4.793673508521139, 52.17437684202511], [4.793673897117553, 52.17434763262989], [4.793685129809374, 52.174327465874406], [4.793707266369388, 52.17431184800253], [4.7937148145954405, 52.17429390974361], [4.793715502062251, 52.174242231581644], [4.7937230203836725, 52.17422654019858], [4.793719425616509, 52.174222028068726], [4.793704837322838, 52.17421970768468], [4.793689980010901, 52.174237609188346], [4.793689800664218, 52.17425109044799], [4.793675033011399, 52.17426225131985], [4.79366356119176, 52.174300393087236], [4.793633936150871, 52.17432945545194], [4.79360377295133, 52.17439896158648], [4.793589005227917, 52.1744101224472], [4.793515615001173, 52.174432223575444], [4.793489823749889, 52.17444782302711], [4.793467806656188, 52.1744544533518], [4.793383572223585, 52.17446751173791], [4.793379857843787, 52.174471987103665], [4.793343162636974, 52.174483037608184], [4.793310241621916, 52.17448511898513], [4.793295563530176, 52.174489539179596]]]}}, {"type": "Feature", "properties": {"class": "parcel", "candidate_index": 7, "raw_confidence": 0.49911354057257995, "boundary_alignment_score": 0.49911354057257995, "area_m2": 10750.625, "vertex_count": 232, "vectorization": {"threshold": 0.5, "close_pixels": 5, "boundary_width_pixels": 0, "edge_buffer_pixels": 2, "min_area_m2": 20, "max_area_m2": 250000, "simplify_tolerance_m": 0.25, "min_boundary_alignment": 0.0}, "source_tile_id": "tile-110000-460000", "vectorization_aoi": "vectorization_v2", "calibration": "parameters selected only on train_selected_0; target reference excluded"}, "geometry": {"type": "Polygon", "coordinates": [[[4.796664150524561, 52.167949615398264], [4.796605864417697, 52.167935841548896], [4.7965474891219095, 52.16792880831077], [4.796518405581938, 52.16791742760091], [4.796503789457868, 52.167917354443254], [4.79650028414707, 52.16790610175357], [4.796467427622114, 52.167903690261305], [4.7964346900900745, 52.16789229124001], [4.796416419945513, 52.16789219977973], [4.796365382544459, 52.16788295615606], [4.796339804347708, 52.167882828095856], [4.796292421000689, 52.16787360273529], [4.796255821215083, 52.167877913527704], [4.796252107674417, 52.16788238899021], [4.796233837534399, 52.16788229750164], [4.796226588994011, 52.167877767145576], [4.796226856814017, 52.16785754522629], [4.7961979817169915, 52.167830436277995], [4.796198398345369, 52.16779897995894], [4.796209955580014, 52.16775409725666], [4.796228493485767, 52.16773396682913], [4.796243228576488, 52.16772505250086], [4.796243407117366, 52.167711571220934], [4.796250774658268, 52.16770711405611], [4.796250893683951, 52.167698126536116], [4.796258290977917, 52.16769142249079], [4.796269788613199, 52.16765103354174], [4.796306655993277, 52.167626500824205], [4.796310548027123, 52.167608544079485], [4.796329145331553, 52.16758391987535], [4.796333096856883, 52.1675614693696], [4.796340464363996, 52.16755701219896], [4.796355437381941, 52.1675301228156], [4.79635941863995, 52.16750542542864], [4.796385680857806, 52.16745387524145], [4.796389662092105, 52.167429177853116], [4.796415626751388, 52.16740009646006], [4.796419548468916, 52.16737989283081], [4.796426915937351, 52.167375435654584], [4.796427034926397, 52.16736644813388], [4.796434402391862, 52.167361990957176], [4.796434521379354, 52.16735300343642], [4.796441888841848, 52.16734854625923], [4.7964532374919395, 52.16731939169057], [4.796468061636012, 52.16730373669266], [4.79647946974656, 52.167270088360716], [4.796494234377441, 52.16725892711984], [4.796509385659941, 52.16721855643375], [4.7965168125779165, 52.16720960549123], [4.796527833981159, 52.167205166597604], [4.796550114708317, 52.167178313764914], [4.796568979359627, 52.16713346759792], [4.796587487105621, 52.16711558399149], [4.79659895455415, 52.16707744188604], [4.796613748828836, 52.16706403374934], [4.796621294648845, 52.16704609527843], [4.796629048620254, 52.16701242864436], [4.796658696569899, 52.166981118600326], [4.796692414699065, 52.16691837050625], [4.796722092273506, 52.16688481356517], [4.796748442896193, 52.16682652264909], [4.7967632965021885, 52.166808620731885], [4.7967780311799295, 52.166799706334785], [4.7967820121372435, 52.16677500893], [4.796800698016116, 52.166743644005486], [4.796804678955756, 52.16671894659962], [4.796823275614941, 52.16669432231289], [4.796823364795067, 52.16668758167114], [4.796838129146715, 52.16667642038572], [4.796856844669579, 52.16664280857104], [4.796857023019387, 52.16662932728741], [4.796868282040402, 52.16660691331637], [4.79690149430506, 52.16658236212854], [4.796909277705341, 52.166546448592214], [4.796961264720519, 52.166483791798726], [4.796972999155663, 52.16642542772559], [4.7969804258480595, 52.166416476752275], [4.796988120000922, 52.166387303851856], [4.796995457530606, 52.1663850935198], [4.79702145090157, 52.16635376510594], [4.797021599483719, 52.16634253070208], [4.797036393386995, 52.16632912251015], [4.7970478008169355, 52.16629547411664], [4.79705891108483, 52.16628429452984], [4.797062772982448, 52.16626858463636], [4.797081309883952, 52.16624845406818], [4.79708888508975, 52.16622826868351], [4.797096252300836, 52.16622381146425], [4.797107629946451, 52.16619240994507], [4.797137158171659, 52.166170087298525], [4.797140930900941, 52.16616111804479], [4.797148268385844, 52.166158907703036], [4.79717108297167, 52.16609161089065], [4.797197016632957, 52.166064776197956], [4.797197165169638, 52.16605354179323], [4.797231000658051, 52.1659818060092], [4.797245734968828, 52.16597289155188], [4.797249537364072, 52.165961675413286], [4.797268074053341, 52.16594154481436], [4.797268192867952, 52.16593255729029], [4.797286699833971, 52.16591467356933], [4.797290650726341, 52.165892223024144], [4.797305503802465, 52.16587432103498], [4.797305622609302, 52.1658653335108], [4.797316732705136, 52.1658541538987], [4.797343022537733, 52.16580035659953], [4.797361618515177, 52.165775732223025], [4.797372609781627, 52.16577354012981], [4.797376382429749, 52.16576457086778], [4.79739111663963, 52.16575565639182], [4.79739123542881, 52.165746668867314], [4.797406118112451, 52.16572651998379], [4.797410068927703, 52.16570406943375], [4.797435913134304, 52.16568397532967], [4.797443398999112, 52.165670530563446], [4.797454924727786, 52.16562789460126], [4.797462291803011, 52.16562343735845], [4.797469866729273, 52.16560325194676], [4.797503048222651, 52.16558094746493], [4.797503374829086, 52.16555623177142], [4.797514781707039, 52.16552258332741], [4.7975331993338495, 52.16551144020992], [4.797548081874553, 52.16549129130742], [4.797613821180828, 52.16549386679641], [4.797661113227213, 52.16550983227059], [4.797755905172889, 52.165526034992745], [4.797821347788418, 52.165551079179465], [4.7978542026559206, 52.165553490293156], [4.797890622349433, 52.16556266028822], [4.7979161695510735, 52.16556503489166], [4.797948787081646, 52.16558542102992], [4.798025577069351, 52.16558131037885], [4.798028756269189, 52.16561727872324], [4.797998902523673, 52.1656643172912], [4.797998724523934, 52.165677798579345], [4.797987466306785, 52.16570021266303], [4.797954136621512, 52.165733751687455], [4.797923600297204, 52.16583246850469], [4.7978903594815465, 52.16585926686639], [4.797882903392061, 52.16587046477947], [4.797882755028849, 52.165881699185604], [4.797871615394535, 52.16589512573244], [4.797871437355133, 52.16590860701974], [4.797856465798294, 52.1659354966052], [4.797856317428144, 52.16594673101119], [4.797815353275939, 52.16600494919224], [4.797800055206332, 52.16605655446263], [4.797755555712361, 52.16610576684776], [4.797736544290552, 52.166161847620266], [4.797729206834161, 52.16616405799864], [4.797717948358018, 52.16618647205436], [4.797710581215073, 52.166190929312606], [4.79770267979473, 52.166235830429166], [4.797691361921779, 52.16626273824406], [4.797683994763556, 52.166267195500566], [4.797680192451138, 52.16627841165271], [4.797661774543553, 52.166289554791284], [4.797635722288332, 52.166325377109246], [4.797631830901715, 52.166343333902624], [4.79762072076241, 52.166354513543425], [4.797616740307749, 52.16637921097904], [4.7975870043672115, 52.166417261911455], [4.797567844154199, 52.1664845770578], [4.797531008103206, 52.16650686329581], [4.7975235815060175, 52.16651581430378], [4.797508371997806, 52.16656067888845], [4.797474981919846, 52.1665987115327], [4.797467347436651, 52.166623390702625], [4.7974562371861635, 52.16663457032725], [4.797456088712199, 52.166645804731225], [4.797441294829454, 52.166659212975084], [4.797437343943405, 52.1666816635224], [4.797411380369269, 52.16671074514551], [4.7974074888581475, 52.16672870193009], [4.7973963488684594, 52.16674212842956], [4.79739614098312, 52.16675785659472], [4.7973887143169245, 52.166766807593696], [4.797384793093188, 52.16678701125803], [4.797347540894873, 52.166840753766955], [4.79732110194051, 52.16690578545984], [4.797306397038466, 52.166912453044056], [4.797298970328425, 52.16692140403709], [4.797298851516583, 52.166930391559596], [4.797287770850707, 52.16693932428694], [4.7972876520365455, 52.16694831180945], [4.797269055526954, 52.166972936168555], [4.797268907004389, 52.166984170571595], [4.797254053542302, 52.16700207255218], [4.79723192185889, 52.16701769111644], [4.797216711884388, 52.16706255565896], [4.797212642019038, 52.16709399371915], [4.797205155844169, 52.167107438467], [4.797172002773281, 52.16712749597674], [4.797153019888244, 52.16718132976314], [4.79713448262974, 52.16720146033882], [4.797134363783791, 52.16721044786076], [4.7971270261250405, 52.16721265820094], [4.797115885929616, 52.16722608467246], [4.797100408347259, 52.167291171122], [4.797089178982573, 52.167311338232075], [4.797067106517665, 52.167322463003494], [4.797052282577262, 52.16733811807693], [4.7970521042827645, 52.16735159935926], [4.797041023462613, 52.16736053206253], [4.797025783460826, 52.16740764345768], [4.797014643186039, 52.16742106991907], [4.796992570648201, 52.167432194676195], [4.796985143788327, 52.16744114564844], [4.796980865688031, 52.16748831186054], [4.796969517339145, 52.167517466479595], [4.796910577794934, 52.16755312414685], [4.79690591320116, 52.167629499798295], [4.796898456567168, 52.16764069764492], [4.7968726407069155, 52.167658544742245], [4.796864857079536, 52.16769445826893], [4.796849854586571, 52.16772359459676], [4.796835179071282, 52.1677280152406], [4.796827781857773, 52.16773471932219], [4.796820473825331, 52.16773468276278], [4.796801995643453, 52.16775031952347], [4.796790617381098, 52.167781721003834], [4.796790349817231, 52.167801942925045], [4.796771722945424, 52.167828814081346], [4.796764385166962, 52.16783102439856], [4.796749531219339, 52.16784892631224], [4.796752887932239, 52.16787141339519], [4.796763760822194, 52.167878208880694], [4.796763612168454, 52.16788944328117], [4.796752590619254, 52.167893882196054], [4.796741242017036, 52.16792303679072], [4.796726388029353, 52.167940938701165], [4.796715336730483, 52.16794762449257], [4.796664150524561, 52.167949615398264]]]}}, {"type": "Feature", "properties": {"class": "parcel", "candidate_index": 8, "raw_confidence": 0.5002422102843411, "boundary_alignment_score": 0.5002422102843411, "area_m2": 9953.1875, "vertex_count": 305, "vectorization": {"threshold": 0.5, "close_pixels": 5, "boundary_width_pixels": 0, "edge_buffer_pixels": 2, "min_area_m2": 20, "max_area_m2": 250000, "simplify_tolerance_m": 0.25, "min_boundary_alignment": 0.0}, "source_tile_id": "tile-110000-460000", "vectorization_aoi": "vectorization_v2", "calibration": "parameters selected only on train_selected_0; target reference excluded"}, "geometry": {"type": "Polygon", "coordinates": [[[4.809301826922592, 52.17829680871866], [4.8092690784779855, 52.178285413262984], [4.809199781187659, 52.17827383882725], [4.809163377900802, 52.17826242544459], [4.809159781245987, 52.17825791378558], [4.809116039097084, 52.17824871147038], [4.809094226266456, 52.17823961654656], [4.809050455028398, 52.17823266108707], [4.808995893898238, 52.17821217061971], [4.808959403338262, 52.17820749781426], [4.808919374414876, 52.178193819571156], [4.808908526287628, 52.178184778331534], [4.808893935901094, 52.178182459823894], [4.80887583628502, 52.17816888900674], [4.808762622490834, 52.17816159317414], [4.80870434842902, 52.17814557842075], [4.808693471218524, 52.17813878404138], [4.808594964458976, 52.178124819060514], [4.808573210084806, 52.17811123028054], [4.80854774256059, 52.17810211733862], [4.80847838744494, 52.17809503623951], [4.808449265078978, 52.17808590535632], [4.808430990726835, 52.178085815750485], [4.808380114084865, 52.17806309604001], [4.808310759056878, 52.17805601484244], [4.808288917326236, 52.17804916664974], [4.808274443655152, 52.178037860546056], [4.8082634790559435, 52.17803780676664], [4.808245321368433, 52.17802872961255], [4.808143218461666, 52.17801025256789], [4.808099622608813, 52.17798981547689], [4.808055822601739, 52.17798510652865], [4.808044916358164, 52.17798055896927], [4.808015677465537, 52.177980415498475], [4.807972169224846, 52.17795323772096], [4.807891879036112, 52.17794385559016], [4.807881001998769, 52.17793706113583], [4.80787003742496, 52.17793700731992], [4.807815477200476, 52.17791651630706], [4.807764367584152, 52.17791177136946], [4.80773884196662, 52.17790715201262], [4.8077243101067255, 52.17790033960099], [4.807713345542192, 52.17790028577051], [4.807695217211569, 52.177888961652044], [4.807666095141116, 52.177879830575726], [4.807640511169227, 52.1778797049571], [4.807633259846626, 52.17787517530558], [4.807552940674725, 52.177868039824055], [4.807538379659464, 52.177863474269245], [4.807527531892781, 52.17785443290265], [4.80751294168672, 52.17785211422445], [4.807505719579793, 52.177845337685376], [4.8074182075936, 52.177829178692996], [4.807389144027242, 52.17781555378897], [4.807381834331798, 52.17781551788138], [4.807378237893292, 52.17781100616803], [4.807349057526759, 52.17780636877287], [4.807341806245727, 52.17780183910341], [4.807272422581217, 52.17779700417578], [4.8072067814172925, 52.177785446527835], [4.807199559367715, 52.177778669970024], [4.807159531370822, 52.17776499113028], [4.8071230413712085, 52.17776031775746], [4.80711581933843, 52.17775354119454], [4.807093948721237, 52.17774893966038], [4.807075849829407, 52.17773536856717], [4.807002899127502, 52.17772377487892], [4.806981057761158, 52.17771692644425], [4.806951848271836, 52.17771453583053], [4.806911820408734, 52.177700856906796], [4.806878956095845, 52.17769844830653], [4.8068060347392825, 52.177684607617095], [4.806740598518811, 52.17765732155317], [4.806707792723922, 52.177650419146204], [4.806663963958584, 52.17764795656127], [4.8066275618340475, 52.17763654239677], [4.806602153466839, 52.17762293527619], [4.806547418733191, 52.17761592495437], [4.806525635984646, 52.17760458267651], [4.80651844331565, 52.1775955591975], [4.806503882495648, 52.177590993515125], [4.806387103499978, 52.177576936785876], [4.806379852354095, 52.177572407057355], [4.8063543270752485, 52.17756778740125], [4.8063471051905235, 52.177561010791244], [4.806325264004978, 52.177554162235275], [4.806237723759075, 52.17754024924758], [4.806161352897818, 52.17751066201474], [4.80606650314705, 52.177496712916515], [4.806052000948058, 52.17748765341961], [4.806008289473182, 52.17747620307387], [4.805924345742924, 52.17746680160892], [4.805917123939931, 52.177460024972675], [4.805902533947338, 52.17745770609544], [4.8058989669661925, 52.17745094745765], [4.805880809999852, 52.177441869939905], [4.805869845550932, 52.177441815938295], [4.805840724147617, 52.177432684411734], [4.805826104885498, 52.1774326124044], [4.805800638311945, 52.177423498869985], [4.805782364238171, 52.17742340885437], [4.805760552492831, 52.17741431331463], [4.805735027369083, 52.177409693524666], [4.805731431129937, 52.17740518176114], [4.805636581739203, 52.17739123231762], [4.805629389284545, 52.1773822087844], [4.805614857918634, 52.17737539611312], [4.805614916504766, 52.177370902354525], [4.805604010660937, 52.1773663545697], [4.805604069248146, 52.17736186081114], [4.805596759628935, 52.17736182479307], [4.805556878979251, 52.177336911013555], [4.805516851884355, 52.1773232316169], [4.80548767203215, 52.177318593761775], [4.805469573804213, 52.1773050224222], [4.805469720305809, 52.177293788025864], [4.805480772616964, 52.177287101426764], [4.805513724444035, 52.17728276977821], [4.8055139588286035, 52.1772647947439], [4.805535887638307, 52.1772649028121], [4.805546764153988, 52.177271697482546], [4.805583282881484, 52.17727412446306], [4.805583341470623, 52.177269630704465], [4.80557603186655, 52.17726959468511], [4.805568839443674, 52.1772605711481], [4.80555787503982, 52.17726051711754], [4.8055506533258825, 52.17725374045874], [4.8055360634199635, 52.17725142153629], [4.805525186910848, 52.17724462686479], [4.805525245505789, 52.17724013310616], [4.805507117999774, 52.17722880865148], [4.80550729378994, 52.17721532737565], [4.8055182874804006, 52.17721313453153], [4.805540421341468, 52.17719751444359], [4.805551825171141, 52.17716386528566], [4.805562965324228, 52.17715043804059], [4.805588724635291, 52.17713708283285], [4.805596151392884, 52.177128131333845], [4.80560006982574, 52.17710792742855], [4.80561875386674, 52.17707656116067], [4.805640916916211, 52.177058694174015], [4.8056701551945915, 52.177058838232334], [4.805699276319005, 52.177067969801136], [4.805754068817218, 52.17707048675695], [4.805779593748955, 52.17707510654279], [4.805783189966494, 52.177079618305086], [4.805826871712806, 52.17709331561381], [4.80587798018206, 52.17709806138954], [4.805907130652924, 52.17710494602762], [4.805950958841835, 52.177107408893036], [4.805958180593088, 52.17711418552762], [4.805969115686601, 52.17711648640037], [4.805972682651834, 52.17712324503642], [4.805979992232337, 52.17712328103114], [4.805987213990568, 52.177130057663945], [4.806001774607119, 52.17713462341011], [4.806034579912867, 52.17714152601325], [4.806071098560943, 52.17714395284276], [4.806118347449623, 52.17716440867659], [4.806238721551826, 52.17718297741952], [4.806253282211504, 52.177187543134714], [4.8062604747613085, 52.17719656663031], [4.806267784354131, 52.177196602607225], [4.806275006167992, 52.177203379222405], [4.806315091904331, 52.17721256460323], [4.806344301030243, 52.17721495537427], [4.806409765612295, 52.17723999477907], [4.806519234130829, 52.17725401552455], [4.806584669624602, 52.177281301712014], [4.806672180232056, 52.177297461322034], [4.806734078022774, 52.177315741932226], [4.806796092798419, 52.17732503499122], [4.806803343946559, 52.17732956469438], [4.806828869136051, 52.177334184253404], [4.806836061825983, 52.1773432077139], [4.806850622599352, 52.17734777335546], [4.806865241835815, 52.1773478452358], [4.806872492994695, 52.1773523749347], [4.806901702242567, 52.17735476556787], [4.806927198229803, 52.17736163198532], [4.806974652314694, 52.1773663593185], [4.806992809473658, 52.17737543666836], [4.807054736725101, 52.17739147023074], [4.807083975227585, 52.17739161393906], [4.807109471264083, 52.17739848031721], [4.807138709771394, 52.177398624012], [4.807138622122428, 52.1774053646513], [4.807149528132826, 52.177409912294515], [4.807149469701256, 52.177414406054034], [4.80718218774908, 52.17742804897765], [4.807262447648306, 52.177439678470385], [4.807320632646552, 52.177462434575006], [4.807415482720675, 52.17747638266575], [4.807437236432332, 52.17748997165966], [4.807459077758046, 52.177496820010106], [4.807480977488804, 52.17749917459678], [4.807506444450305, 52.17750828776904], [4.807524718563384, 52.17750837751772], [4.80753562463844, 52.177512925125264], [4.807575769302881, 52.17751761631844], [4.807619364454169, 52.17753805360359], [4.8076558835150145, 52.177540479943076], [4.807666789611333, 52.1775450275385], [4.807706934318626, 52.177549718687054], [4.807735939436721, 52.17756783727314], [4.807761406489691, 52.17757695039037], [4.807848947287353, 52.177590862248444], [4.8079144716232625, 52.177611407059146], [4.807991106386487, 52.17762077123925], [4.808023854015765, 52.17763216704969], [4.8080528884868805, 52.177648038677894], [4.8081148748344935, 52.17765957792435], [4.808136803846498, 52.17765968550947], [4.808213205440563, 52.17768702458536], [4.808297120915809, 52.17769867130303], [4.80834793878901, 52.17772588481004], [4.808373522675253, 52.177726010275165], [4.808391709419401, 52.17773284052979], [4.808431883524355, 52.1777352845519], [4.808486443811784, 52.17775577528052], [4.808555769256105, 52.17776510325459], [4.808555710965625, 52.17776959701479], [4.808573985188523, 52.177769686601124], [4.808632113005581, 52.177796935819565], [4.808730619053053, 52.177810900769146], [4.80874515103806, 52.17781771305718], [4.808770676709523, 52.177822332196456], [4.808788834420409, 52.177831409270034], [4.808828979504894, 52.177836100037204], [4.808858101786045, 52.17784523082698], [4.80888003089167, 52.177845338274125], [4.80890544008224, 52.177858944904884], [4.808923656089094, 52.177863528197456], [4.808938158994736, 52.17787258734186], [4.808938042490453, 52.17788157486249], [4.809007455593485, 52.177884161930976], [4.8090292973542725, 52.17789100999096], [4.809032835723799, 52.17790001541451], [4.8090473677841, 52.17790682766532], [4.809065642064513, 52.177906917175605], [4.80909839017936, 52.17791831268799], [4.809149529062826, 52.17792081016776], [4.809160435404847, 52.17792535762524], [4.809163711770771, 52.17795458496668], [4.809130818030468, 52.17795442387337], [4.809116256824743, 52.177949858513074], [4.809090672807368, 52.17794973320881], [4.80907248586743, 52.177942903061876], [4.809025001821896, 52.177940423451744], [4.809025060065381, 52.17793592969143], [4.808999505179359, 52.17793355748725], [4.808985002241446, 52.1779244983504], [4.808970353687028, 52.17792667361258], [4.808995762951477, 52.17794028022383], [4.809021317841149, 52.177942652428825], [4.809021172231436, 52.17795388682962], [4.809042955786723, 52.177965228647324], [4.809185378907996, 52.1779749142789], [4.809185437135382, 52.17797042051852], [4.809170846804402, 52.17796810204513], [4.8091672501724485, 52.17796359038615], [4.809167424859988, 52.177950109104955], [4.8092112249516905, 52.177954817640774], [4.809302567347287, 52.17795751191743], [4.809331718911358, 52.177964395710106], [4.809331456954392, 52.17798461763232], [4.809371689547489, 52.177982567574276], [4.80939715717259, 52.1779916803387], [4.809466512275564, 52.17799876089791], [4.809466163080687, 52.17802572346122], [4.809440579018512, 52.178025598232765], [4.809393182173703, 52.178016378129904], [4.809356633521546, 52.178016199207825], [4.8093457271372655, 52.178011651768514], [4.809345785348558, 52.17800715800806], [4.809323914375391, 52.17800255688687], [4.809320346832085, 52.177995798352356], [4.809294850112204, 52.1779889324516], [4.80920359499111, 52.177979497528305], [4.80920353676554, 52.177983991288684], [4.809225349493714, 52.177993086192565], [4.8092252621586065, 52.17799982683318], [4.809265320112029, 52.178011258092646], [4.809305494516766, 52.17801370181764], [4.8093200266558265, 52.17802051403484], [4.809330991252443, 52.17802056771609], [4.809378184360533, 52.178045516005554], [4.809465872084589, 52.17804819226388], [4.809465784785693, 52.178054932904665], [4.809476720291912, 52.17805723345263], [4.80948753940508, 52.178068521520586], [4.809487248419386, 52.17809099032313], [4.80947985137972, 52.178097695186175], [4.809479705884855, 52.178108929587374], [4.809464882695321, 52.17812458619222], [4.809464649897281, 52.178142561234026], [4.8094609077218, 52.178149283985185], [4.8094388329595175, 52.17816041104687], [4.8094315232054035, 52.17816037526612], [4.8094241261458235, 52.178167080125554], [4.809405124188022, 52.17822316267519], [4.809390271830617, 52.178241066150434], [4.809371880994329, 52.17824996421081], [4.809349456891859, 52.178288053817155], [4.809334720916231, 52.178296969764595], [4.809301826922592, 52.17829680871866]]]}}, {"type": "Feature", "properties": {"class": "parcel", "candidate_index": 9, "raw_confidence": 0.4995662136352621, "boundary_alignment_score": 0.4995662136352621, "area_m2": 9047.03125, "vertex_count": 321, "vectorization": {"threshold": 0.5, "close_pixels": 5, "boundary_width_pixels": 0, "edge_buffer_pixels": 2, "min_area_m2": 20, "max_area_m2": 250000, "simplify_tolerance_m": 0.25, "min_boundary_alignment": 0.0}, "source_tile_id": "tile-110000-460000", "vectorization_aoi": "vectorization_v2", "calibration": "parameters selected only on train_selected_0; target reference excluded"}, "geometry": {"type": "Polygon", "coordinates": [[[4.811470776588541, 52.16572182278962], [4.811452623249568, 52.165712746116164], [4.8114454894696035, 52.16569922914898], [4.811420144394863, 52.16568112927429], [4.811416606502644, 52.16567212390406], [4.81140924081021, 52.16567658202018], [4.811383634830365, 52.16567870410885], [4.8112996251514595, 52.165676047136806], [4.811288837569582, 52.16566251232896], [4.811237654612261, 52.16566450956289], [4.811230404904217, 52.165659980125234], [4.811193924369636, 52.16565530801549], [4.811164838559503, 52.16564393090845], [4.811117396488583, 52.16563920526859], [4.81104452251372, 52.165623120311196], [4.811030023151832, 52.16561406141177], [4.811019409731618, 52.16558704526566], [4.811004910386538, 52.16557798636309], [4.810997805775583, 52.16556222248314], [4.810957265305471, 52.165588988858104], [4.81092438067421, 52.16558882827792], [4.81087699672365, 52.165579608770344], [4.8108552477553355, 52.16556602038966], [4.810855741078698, 52.165527823335054], [4.810874329491688, 52.16550319681655], [4.810878186457433, 52.16548748646167], [4.810889264045261, 52.16547855245128], [4.810893121003584, 52.165462842095806], [4.810907939468034, 52.16544718527039], [4.810908258647086, 52.165422469528515], [4.810934038591767, 52.16540686622888], [4.810934096621653, 52.16540237245759], [4.81095984753205, 52.165389016037885], [4.810974752987096, 52.16536661854684], [4.81097495607705, 52.1653508903471], [4.810986062623787, 52.16533970944164], [4.810997720386661, 52.165285837706755], [4.811016134555879, 52.16527469247898], [4.811016221587968, 52.16526795182179], [4.811034693764676, 52.16525231281957], [4.81103913084205, 52.16519166474362], [4.811050179315116, 52.16518497760326], [4.811057660996101, 52.16517153196601], [4.8110649976318545, 52.16516932075716], [4.811094808273809, 52.16512452574441], [4.811105769703723, 52.16512457925616], [4.81111348340303, 52.165093158528656], [4.81112812763759, 52.16509098298927], [4.811128214652288, 52.165084242331794], [4.811142945895661, 52.165075326133056], [4.81114303290808, 52.16506858547554], [4.811165071752698, 52.1650597049456], [4.811172669388421, 52.16503727175727], [4.811161852995651, 52.165025983822446], [4.811158663246656, 52.16499001581312], [4.811180818057928, 52.16497214773656], [4.811206394640731, 52.16497227257696], [4.811206336639, 52.16497676634873], [4.811224460628871, 52.16498808994657], [4.811227853429557, 52.16500832975296], [4.811238698834061, 52.165017370795915], [4.8112460064365985, 52.16501740646158], [4.8112459484387795, 52.16502190023337], [4.811267900246489, 52.16501976034183], [4.811279209617729, 52.16499285120649], [4.811290229008894, 52.16498841092925], [4.811293969797212, 52.16498168810277], [4.811315863592147, 52.16498404197409], [4.811319285429213, 52.165002034891984], [4.811311832851222, 52.16501323366046], [4.811300813456059, 52.16501767393974], [4.811297043669391, 52.16502664365226], [4.811286053266344, 52.16502883704423], [4.811278571678233, 52.16504228269641], [4.811263927466928, 52.165044458254535], [4.811260157670568, 52.16505342796585], [4.811249138260337, 52.165057868240226], [4.811248819273525, 52.16508258398484], [4.811230405241773, 52.165093729249506], [4.811212136204241, 52.16509364008203], [4.811212194205588, 52.16508914631033], [4.811190445373447, 52.165075557990505], [4.8111684645317565, 52.165079944753444], [4.811164723716243, 52.16508666757579], [4.8111537042883255, 52.165091107841185], [4.811153646281087, 52.16509560161286], [4.811160924893091, 52.16509788416967], [4.811164230663771, 52.16512486463497], [4.811208076384373, 52.16512507865003], [4.811192504088063, 52.16519915454562], [4.811181397628118, 52.16521033547092], [4.811177395780755, 52.165237280265636], [4.811166318310615, 52.16524621430361], [4.811166115288744, 52.165261942504074], [4.811151238968755, 52.16528209313414], [4.811150861917737, 52.165311302648995], [4.8111396974103044, 52.16532697734155], [4.811139523383114, 52.16534045865598], [4.811124763046014, 52.16535162173949], [4.81111722334345, 52.16536956115199], [4.811095068308778, 52.16538742921505], [4.811091182421138, 52.16540538646314], [4.811080075884295, 52.165416567378415], [4.811076160980225, 52.16543677151158], [4.811068824300988, 52.16543898272096], [4.811057659732638, 52.165454657405355], [4.811046640203069, 52.165459097660325], [4.811035475621871, 52.16547477234256], [4.8110353595822595, 52.165483759885156], [4.8110243400432795, 52.165488200138], [4.8110169163204874, 52.16549715200102], [4.811005316547526, 52.165546529964594], [4.811016278080983, 52.16554658348482], [4.811038433226438, 52.165528715437176], [4.81108613623795, 52.16551321913784], [4.811086223260067, 52.165506478480886], [4.811104782530622, 52.16548409881149], [4.8111086394135665, 52.16546838844883], [4.811141755993207, 52.16545057389206], [4.811141814002244, 52.16544608012067], [4.811152862523114, 52.165439392971074], [4.811157125437328, 52.16539222620672], [4.811164549114478, 52.16538327433463], [4.811175568613597, 52.165378834068505], [4.811175626619109, 52.16537434029704], [4.811190299945032, 52.16536991786445], [4.811205060271837, 52.165358754772775], [4.811220052595177, 52.16532961659311], [4.811217268786675, 52.16526219218614], [4.811228404250594, 52.165248764371796], [4.811254154984289, 52.16523540788725], [4.81126537742471, 52.165215239411836], [4.811262535557798, 52.16515230877626], [4.811269901178095, 52.16514785066878], [4.811277498776318, 52.16512541747398], [4.811284806396594, 52.165125453137264], [4.81128863418783, 52.16511198965351], [4.811299624611253, 52.165109796261405], [4.8113217214355295, 52.16509642193049], [4.811336568621969, 52.16507851816397], [4.811344311144674, 52.165044850534954], [4.811351763719832, 52.165033651764496], [4.811366436916197, 52.16502922930953], [4.811381226078064, 52.16501581930899], [4.811392796303371, 52.16496868818911], [4.811403931640919, 52.16495526035733], [4.811411297214513, 52.16495080224081], [4.811429595183677, 52.164948644491425], [4.811444355310936, 52.16493748136872], [4.811456360271955, 52.16485664695161], [4.811467437587086, 52.164847712885546], [4.811475208957523, 52.164811798360404], [4.8115047870624155, 52.164784978328825], [4.81150916548105, 52.164728824001486], [4.811516531006681, 52.16472436587816], [4.811520387677964, 52.16470865549969], [4.811553358612761, 52.1647020752545], [4.811568205574505, 52.16468417145726], [4.811568408451204, 52.16466844325434], [4.811561216836429, 52.164659420064226], [4.811561709542324, 52.16462122299981], [4.811576440546029, 52.16461230674587], [4.8115840089164195, 52.16459212041509], [4.811606192339835, 52.16457200537069], [4.811606916848518, 52.164515833215866], [4.811614340289014, 52.16450688131378], [4.811618747520773, 52.1644484800932], [4.811633478455934, 52.16443956383179], [4.8116335364137335, 52.16443507005929], [4.811670334745106, 52.164415026283855], [4.81167801894571, 52.16438585240113], [4.811689096099275, 52.164376918313295], [4.811689212003446, 52.16436793076814], [4.811700347101246, 52.164354502906654], [4.811700520953965, 52.16434102158887], [4.811726386918246, 52.16431867745292], [4.811726850503769, 52.1642827272717], [4.8117380145423825, 52.164267052520074], [4.811742044935191, 52.16423786081491], [4.811753179984494, 52.164224432948025], [4.8117570365285705, 52.16420872256031], [4.811801200025395, 52.164184220603524], [4.811827384506037, 52.16413716069416], [4.811849480689629, 52.16412378626122], [4.811860905349721, 52.16408788951942], [4.811879434673068, 52.164067756607714], [4.811872503790541, 52.164038511457406], [4.811883609784683, 52.164027330464116], [4.81188369668254, 52.164020589804686], [4.811898456388464, 52.164009426622734], [4.811902341827509, 52.16399146934313], [4.811920957984055, 52.163964595764924], [4.811924872373884, 52.16394439159789], [4.81193600729464, 52.16393096371291], [4.811961757054962, 52.16391760706947], [4.811991710758079, 52.163861577385035], [4.8120027877183675, 52.16385264326667], [4.81201029784693, 52.1638369506786], [4.8120249995429765, 52.163830281253595], [4.8120363371116275, 52.16380112515247], [4.812047443005447, 52.16378994414318], [4.812048109027204, 52.163738265750574], [4.812059156988642, 52.163731578513314], [4.812070118077838, 52.16373163193497], [4.8120738296865, 52.163727155968644], [4.812103175073507, 52.163718310873854], [4.812110627235487, 52.16370711205227], [4.812129040474245, 52.16369596664641], [4.812158270022467, 52.16369610908456], [4.812165519506592, 52.16370063846637], [4.812205681190404, 52.16370308119126], [4.812220180172037, 52.1637121399486], [4.812242044446131, 52.1637167405344], [4.812252918690676, 52.16372353459923], [4.8123295594742395, 52.16373064906364], [4.812344029547495, 52.16374195469251], [4.812362269092884, 52.16374429057066], [4.812373114421407, 52.16375333151119], [4.81243882311651, 52.16375814562443], [4.8124533511004906, 52.163764957466356], [4.8124716195971935, 52.16376504644089], [4.812486176523832, 52.163769611392006], [4.812489772353137, 52.16377412295964], [4.81250798298509, 52.163778705702114], [4.812522134849541, 52.163814727063574], [4.812580594105071, 52.1638150117381], [4.81259874690354, 52.16382408824006], [4.812605909664989, 52.16383535825518], [4.812605562511704, 52.163862320896556], [4.812575869957385, 52.16389812875721], [4.812575696371408, 52.1639116100777], [4.812560647549304, 52.16394524221218], [4.812545801232387, 52.163963146137505], [4.812531070636782, 52.16397206251405], [4.812527272252965, 52.16398327915471], [4.81251625323311, 52.16398771954885], [4.812505118472548, 52.1640011474887], [4.812493810093959, 52.16402805674755], [4.812486444780968, 52.164032514932714], [4.812482646380733, 52.16404373157179], [4.8124679157458665, 52.16405264794031], [4.812464088402484, 52.164066111465395], [4.812453040418557, 52.16407279874015], [4.812434279845338, 52.16411090683534], [4.812426943451372, 52.1641131181301], [4.812415750754031, 52.164131039834366], [4.812408414355838, 52.164133251128], [4.812404558047675, 52.16414896153751], [4.812393452153502, 52.16416014257976], [4.812389480075278, 52.164184840535064], [4.812378287344796, 52.164202762235504], [4.812378113697574, 52.16421624355494], [4.812363238274914, 52.16423639434276], [4.812363093564972, 52.164247628775506], [4.812337112187053, 52.164278960597954], [4.812329399492204, 52.16431038141135], [4.812318206705919, 52.164328303105606], [4.812318004095559, 52.16434403131114], [4.812280771919387, 52.16439777858643], [4.8122806561342815, 52.16440676613228], [4.812265751656746, 52.16442916379345], [4.812265606921439, 52.16444039822569], [4.812258212570024, 52.16444710328262], [4.812258067832745, 52.16445833771484], [4.812202364034362, 52.16452772416085], [4.812194506447206, 52.16457037939574], [4.812175948104503, 52.164592759241465], [4.812168611618467, 52.16459497051979], [4.812153764927196, 52.164612874393285], [4.812149937440331, 52.16462633790665], [4.812142571994061, 52.1646307960697], [4.812138599734069, 52.16465549401432], [4.812127435738314, 52.16467116880292], [4.812123521375144, 52.16469137297424], [4.812101251258303, 52.164718228774575], [4.8120899134966555, 52.16474738487703], [4.812078778417444, 52.164760812774425], [4.81204560480714, 52.1647831213702], [4.8120231897994845, 52.16482121158636], [4.812015824308331, 52.16482566974131], [4.8120157374283945, 52.164832410399974], [4.812000977478688, 52.16484357359464], [4.812000861635712, 52.16485256113943], [4.81197873617372, 52.16486818248477], [4.8119785334404925, 52.16488391068804], [4.811963715539093, 52.16489956765028], [4.811944983161433, 52.16493542877496], [4.8119339928124925, 52.16493762222738], [4.811911896250152, 52.16495099667371], [4.81189641208244, 52.165018332007904], [4.8118853348105555, 52.16502726611402], [4.811881449272833, 52.165045223389754], [4.811866689218979, 52.165056386567066], [4.811850770417731, 52.165157425184546], [4.81184337588481, 52.1651641302144], [4.811839519287223, 52.165179840602285], [4.811828441963742, 52.16518877470275], [4.8118245853587345, 52.165204485090044], [4.811809825237834, 52.16521564825986], [4.8117949202523445, 52.165238045857656], [4.811790976716227, 52.16526049690169], [4.811779870390719, 52.165271677883375], [4.811779667584997, 52.165287406085135], [4.81177230199242, 52.165291864224386], [4.811764733587236, 52.16531205056482], [4.811746261641177, 52.16532768968146], [4.811742260124089, 52.16535463449529], [4.811731211712392, 52.16536132170036], [4.811705229239626, 52.16539265337603], [4.811701198715461, 52.16542184507397], [4.811671330526198, 52.16547113401002], [4.81167063505636, 52.165525059270315], [4.811618640817054, 52.16558996947269], [4.811599791943762, 52.16563481808059], [4.811588714459035, 52.16564375215759], [4.811588598530302, 52.16565273970064], [4.811577550021627, 52.16565942689081], [4.811573780235833, 52.16566839661124], [4.811562760704567, 52.165672836914254], [4.811540344835043, 52.16571092703168], [4.8115219306159815, 52.16572207234036], [4.811470776588541, 52.16572182278962]]]}}, {"type": "Feature", "properties": {"class": "parcel", "candidate_index": 10, "raw_confidence": 0.4987436863593757, "boundary_alignment_score": 0.4987436863593757, "area_m2": 5061.15625, "vertex_count": 195, "vectorization": {"threshold": 0.5, "close_pixels": 5, "boundary_width_pixels": 0, "edge_buffer_pixels": 2, "min_area_m2": 20, "max_area_m2": 250000, "simplify_tolerance_m": 0.25, "min_boundary_alignment": 0.0}, "source_tile_id": "tile-110000-460000", "vectorization_aoi": "vectorization_v2", "calibration": "parameters selected only on train_selected_0; target reference excluded"}, "geometry": {"type": "Polygon", "coordinates": [[[4.8078738392629, 52.16385266865281], [4.807852033713559, 52.16384357348761], [4.8078376230870035, 52.1638277735391], [4.807834144403247, 52.16381427428935], [4.807819617110746, 52.1638074618797], [4.80770272787613, 52.16380464089823], [4.807695537182648, 52.163795617472495], [4.807673702519859, 52.163788769159595], [4.807648155807471, 52.1637863966691], [4.807637282250539, 52.163779602180966], [4.807597179117368, 52.163772664130796], [4.807575490394428, 52.16375458137366], [4.807553626586431, 52.16374997992373], [4.807535504032186, 52.16373865576171], [4.807528984638126, 52.16367795396595], [4.807540062444662, 52.16366902026758], [4.8075401499978305, 52.16366227961189], [4.80755873945758, 52.16363765360954], [4.807573441751082, 52.1636309847399], [4.807584577901257, 52.163617557266754], [4.807599280184272, 52.16361088839384], [4.807610474683216, 52.163592967147615], [4.807639908400195, 52.16357738250815], [4.807639966758769, 52.16357288873757], [4.807662093092543, 52.16355726820382], [4.807666476220563, 52.1635011140143], [4.807673841926056, 52.16349665613021], [4.80767769984213, 52.16348094587596], [4.807688835923339, 52.16346751839253], [4.807718269530092, 52.163451933732986], [4.807725751921699, 52.16343848830411], [4.807736800454978, 52.16343180147218], [4.80772960981439, 52.163422778047995], [4.807729784862166, 52.163409296735686], [4.807752027777146, 52.16338468864285], [4.807755914829131, 52.16336673150026], [4.807770733693877, 52.163351075063886], [4.807774679079938, 52.1633286241497], [4.807785815093799, 52.16331519665665], [4.807789906326489, 52.1632815113146], [4.807797359496644, 52.16327031276615], [4.80781206163333, 52.16326364386613], [4.807834508614454, 52.163223307558575], [4.807834625291175, 52.163214320016586], [4.807845761258352, 52.16320089251755], [4.807857159730935, 52.16316724304776], [4.807875661307441, 52.163149357649395], [4.807879519121966, 52.163133647387454], [4.807905502956241, 52.16310231654424], [4.807909448252016, 52.16307986562448], [4.807924296131817, 52.16306196228224], [4.807931603410626, 52.16306199815273], [4.807946334621959, 52.163053082350025], [4.807953787714507, 52.163041883791166], [4.807953962692601, 52.16302840247754], [4.807976146969652, 52.16300828811161], [4.8079838916618955, 52.16297462069447], [4.807991257248625, 52.16297016278997], [4.8079913447318425, 52.16296342213307], [4.808017357547816, 52.162929844378375], [4.808017590825537, 52.16291186929299], [4.808028784980125, 52.16289394800446], [4.808036529612473, 52.1628602805831], [4.808073619821911, 52.162817769067445], [4.8080776816336925, 52.16278633059786], [4.808085047179918, 52.16278187268731], [4.808085222117021, 52.16276839137286], [4.808100157288449, 52.16274374734999], [4.808122253894847, 52.16273037361263], [4.808144496253724, 52.16270576544209], [4.808162910066549, 52.16269462065419], [4.80822528376913, 52.162674703440274], [4.808229024823537, 52.16266798070872], [4.808240014793744, 52.162665787600034], [4.80825106305834, 52.16265910071861], [4.80825112135379, 52.1626546069469], [4.808262111319623, 52.16265241383616], [4.808284207832256, 52.16263904006807], [4.808342607225819, 52.16264382061207], [4.8083716320774466, 52.162659692188505], [4.808371573794123, 52.1626641859603], [4.8083969450609265, 52.162680039608965], [4.808418866711236, 52.162680147131056], [4.808459231227366, 52.16266686292879], [4.808503016245454, 52.16267157171751], [4.808513889665163, 52.16267836612697], [4.808568664658275, 52.162680881756096], [4.808568606394761, 52.162685375527936], [4.808575884481177, 52.16268765824439], [4.808572026950941, 52.1627033685307], [4.808612071017347, 52.16271480002147], [4.808630339074057, 52.16271488959018], [4.8086448952635985, 52.16271945501501], [4.80864460398395, 52.16274192387445], [4.808637267628461, 52.16274413493409], [4.808637180243385, 52.16275087559189], [4.808644429215997, 52.16275540519006], [4.808644196191872, 52.16277338027749], [4.80865863589267, 52.16278693324433], [4.808665593603616, 52.162813931700335], [4.808672871715962, 52.16281621441079], [4.8086761758181416, 52.162843194953844], [4.8086687811938305, 52.16284989978722], [4.808668460798211, 52.16287461553214], [4.808653671534602, 52.162888025197375], [4.808649784886288, 52.16290598237157], [4.808638736620023, 52.162912669290044], [4.808634937349401, 52.162923885806094], [4.808620206318093, 52.16293280169526], [4.808605562671253, 52.162934976925044], [4.808605446150778, 52.16294396446844], [4.808598080629598, 52.162948422411375], [4.808576158846916, 52.162948314922424], [4.8085762462417145, 52.162941574264934], [4.808568938981952, 52.16294153843434], [4.808550554301049, 52.162950436399335], [4.808546667605708, 52.1629683935699], [4.8085281081049915, 52.16299077284619], [4.808520451223844, 52.1630176996422], [4.808509373775482, 52.163026633434164], [4.8085018625539595, 52.16304232579989], [4.808501600334993, 52.163062547771844], [4.808486607005233, 52.16309168561584], [4.808490056694919, 52.16310743173402], [4.808482749408084, 52.163107395898095], [4.808471613655821, 52.163120823457795], [4.808464277229425, 52.16312303450644], [4.808463927580538, 52.16314999713519], [4.80844919644031, 52.163158913002476], [4.808445426239225, 52.163167882626155], [4.808434407016334, 52.163172322639355], [4.808434319599521, 52.16317906329646], [4.808423212954244, 52.163190243965666], [4.808419267906948, 52.16321269490258], [4.808444814332617, 52.163215067225885], [4.808444610363416, 52.163230795425676], [4.808433416290655, 52.16324871675283], [4.808433008343652, 52.16328017315217], [4.808425526191744, 52.163293618626604], [4.808421377158274, 52.16333179776265], [4.808414040694672, 52.16333400880808], [4.808410270471588, 52.16334297843029], [4.808373471565731, 52.16336302119172], [4.808354649525119, 52.16340562240921], [4.808332377787293, 52.16343247750159], [4.808310310040589, 52.16344360439077], [4.808295462187889, 52.16346150778046], [4.808291575344587, 52.163479464940856], [4.808280556029367, 52.16348390493927], [4.8082731320918075, 52.163492856632395], [4.808265824742075, 52.16349282078298], [4.808247410624679, 52.16350396558493], [4.808246827651359, 52.16354890329509], [4.808232008887466, 52.16356455979087], [4.808231833990649, 52.16357804110379], [4.808213274077404, 52.16360042032759], [4.8081950056592095, 52.16360033069378], [4.808188427083934, 52.163544122702696], [4.808166417551615, 52.16355075579361], [4.808166359246106, 52.16355524956456], [4.808155339899723, 52.1635596895512], [4.808151569605416, 52.163568659164724], [4.80814055025425, 52.16357309914998], [4.808133126273724, 52.163582050834094], [4.808129210199744, 52.16360225487408], [4.808118015906628, 52.16362017616978], [4.808125206657519, 52.16362919957016], [4.808125060883014, 52.163640433997315], [4.808117666043414, 52.1636471387949], [4.808106296799068, 52.163678541401794], [4.808098931106581, 52.16368299931277], [4.808098814481506, 52.163691986854346], [4.808109717243325, 52.16369653441476], [4.8081317851652585, 52.16368540756384], [4.808131872629071, 52.163678666907614], [4.808150432615801, 52.163656287697044], [4.808168701056791, 52.16365637733777], [4.808171917456491, 52.163690098547015], [4.808153270005739, 52.16371921841706], [4.808141696688701, 52.1637663492247], [4.808123107496456, 52.16379097531876], [4.8081083469202595, 52.163802138027464], [4.808086424719653, 52.163802030446895], [4.808082829333913, 52.16379751874574], [4.808064589993447, 52.16379518220626], [4.808061023768729, 52.16378842361903], [4.808046438131895, 52.16378610500793], [4.808042696955585, 52.16379282773223], [4.808013234075795, 52.16381065935694], [4.808005664224658, 52.16383084545915], [4.807990874444065, 52.16384425503835], [4.807979913333583, 52.163844201237644], [4.807968864734286, 52.163850888091794], [4.8079067809323375, 52.16384833631085], [4.807895761487718, 52.163852776272876], [4.8078738392629, 52.16385266865281]]]}}, {"type": "Feature", "properties": {"class": "parcel", "candidate_index": 11, "raw_confidence": 0.4971812857547775, "boundary_alignment_score": 0.4971812857547775, "area_m2": 1908.6875, "vertex_count": 127, "vectorization": {"threshold": 0.5, "close_pixels": 5, "boundary_width_pixels": 0, "edge_buffer_pixels": 2, "min_area_m2": 20, "max_area_m2": 250000, "simplify_tolerance_m": 0.25, "min_boundary_alignment": 0.0}, "source_tile_id": "tile-110000-460000", "vectorization_aoi": "vectorization_v2", "calibration": "parameters selected only on train_selected_0; target reference excluded"}, "geometry": {"type": "Polygon", "coordinates": [[[4.807642984784094, 52.16390321675498], [4.807624803784391, 52.16389638637716], [4.80754088524922, 52.16388698607771], [4.8075263579780065, 52.16388017363202], [4.807482513503889, 52.16387995825045], [4.807442381115363, 52.16387526703278], [4.807383863438908, 52.16387947358231], [4.807365624101984, 52.16387713693483], [4.807347472349787, 52.16386805962923], [4.807325579314548, 52.16386570502218], [4.80732198400073, 52.16386119329797], [4.807281910041278, 52.163852008255574], [4.807219797077812, 52.16385170299822], [4.807168703632781, 52.16384695781518], [4.807161454633436, 52.16384242812719], [4.807117697816141, 52.163835471954975], [4.807103199833026, 52.163826412572234], [4.807066721234202, 52.1638217391877], [4.807044886655623, 52.16381489075853], [4.8069937640596105, 52.16381239238482], [4.806960997611155, 52.163803243161844], [4.806946499670381, 52.16379418375985], [4.806891811056581, 52.16378492672123], [4.806884562095468, 52.163780397016254], [4.806869947304738, 52.163780325144735], [4.8068626983465945, 52.16377579543834], [4.806826190594189, 52.16377336886444], [4.806797077905228, 52.16376423756543], [4.806793482653055, 52.16375972582509], [4.806771618923764, 52.163755124230356], [4.806760774731945, 52.16374608277665], [4.806738940237531, 52.16373923429091], [4.806633129256561, 52.163727478626306], [4.806593260184653, 52.1637025651558], [4.80649841039996, 52.16369086329994], [4.806483883352171, 52.163684050726005], [4.80647292228342, 52.16368399678535], [4.80645842448064, 52.16367493732339], [4.8064401852763226, 52.16367260053293], [4.806436590067634, 52.16366808878173], [4.806392804293127, 52.16366337922576], [4.8063746235831655, 52.16365654865545], [4.806338115955452, 52.163654121930676], [4.806301813058905, 52.16363596700075], [4.80616317778615, 52.163619555269634], [4.8061086650887885, 52.16359681655942], [4.80607215752473, 52.16359438975242], [4.806043015847754, 52.16358750515216], [4.806028518163755, 52.16357844563745], [4.806028576684625, 52.163573951867896], [4.805970556749959, 52.163539960675806], [4.805959859092163, 52.163519684724584], [4.805945332182504, 52.163512872084326], [4.805945566298966, 52.16349489700616], [4.805956615112393, 52.163488210341406], [4.805956673640352, 52.16348371657184], [4.8059639809861725, 52.163483752564304], [4.805989761532805, 52.16346815034081], [4.805997185923796, 52.16345919879199], [4.806004493265643, 52.16345923478197], [4.806011888391024, 52.16345253011703], [4.806026532333011, 52.163450355209854], [4.806037581123277, 52.16344366853741], [4.806187381582596, 52.1634444061898], [4.806212928020305, 52.16344677899632], [4.806220176858997, 52.16345130874269], [4.806253001394609, 52.1634559644016], [4.806263874661548, 52.16346275901726], [4.806278489346983, 52.163462830963674], [4.806300323635282, 52.163469679534636], [4.806332943477711, 52.16349006336561], [4.80635840221816, 52.16349917679538], [4.80636196816181, 52.163505935433975], [4.806380119565865, 52.163515012891196], [4.806398329460847, 52.16351959657583], [4.8064384906581585, 52.16352204126337], [4.80646754463896, 52.163535666420835], [4.806489437466407, 52.16353802118694], [4.806518520708943, 52.16354939944691], [4.806580604012695, 52.163551951957835], [4.806617228493395, 52.16354539106765], [4.80665011159827, 52.16354555284615], [4.806664521712956, 52.16356135293968], [4.806675424296188, 52.16356590063248], [4.806675365840483, 52.16357039440244], [4.80671163961019, 52.163590796102746], [4.806799152651047, 52.163604708731846], [4.8068064015749945, 52.16360923844219], [4.80683191892049, 52.1636138579998], [4.8068609730815, 52.16362748306044], [4.806886519660396, 52.16362985572122], [4.8069156322801705, 52.163638986998315], [4.807010569698512, 52.16364394786364], [4.8070178186503325, 52.16364847756104], [4.807036057875397, 52.163650814262205], [4.807039653143397, 52.16365532599525], [4.807061546060147, 52.16365768065529], [4.807068765811261, 52.16366445723462], [4.80710161979955, 52.163666865772456], [4.807116176142122, 52.16367143138545], [4.807163294454089, 52.16370087436815], [4.8072070511466345, 52.16370783052342], [4.807214300128806, 52.16371236020871], [4.807232568590302, 52.163712449994456], [4.807261681335064, 52.16372158118624], [4.80728722798947, 52.16372395376032], [4.807309004168808, 52.16373529591499], [4.807334492444007, 52.1637421622491], [4.807352760918023, 52.16374225201625], [4.807400142184835, 52.16375147293816], [4.807454976807834, 52.163749495315464], [4.807476723854716, 52.163763084324344], [4.807553218013172, 52.1637814363164], [4.807556813344004, 52.16378594803367], [4.8075713989550986, 52.163788266705275], [4.807578618804828, 52.1637950432534], [4.807629537154713, 52.16381326957012], [4.80769162089144, 52.16381582149692], [4.807709831044609, 52.16382040497921], [4.8077242999739935, 52.16383171117284], [4.807727836976019, 52.163840716655315], [4.807738739736172, 52.16384526424989], [4.807738681387088, 52.16384975802034], [4.807745988794728, 52.163849793902514], [4.807753004464112, 52.16387229863644], [4.807745580355901, 52.16388125029552], [4.807701444114847, 52.163903503847344], [4.807642984784094, 52.16390321675498]]]}}, {"type": "Feature", "properties": {"class": "parcel", "candidate_index": 12, "raw_confidence": 0.49894951755413786, "boundary_alignment_score": 0.49894951755413786, "area_m2": 1838.03125, "vertex_count": 196, "vectorization": {"threshold": 0.5, "close_pixels": 5, "boundary_width_pixels": 0, "edge_buffer_pixels": 2, "min_area_m2": 20, "max_area_m2": 250000, "simplify_tolerance_m": 0.25, "min_boundary_alignment": 0.0}, "source_tile_id": "tile-110000-460000", "vectorization_aoi": "vectorization_v2", "calibration": "parameters selected only on train_selected_0; target reference excluded"}, "geometry": {"type": "Polygon", "coordinates": [[[4.815517185547116, 52.17417457839121], [4.815502682501635, 52.17416552004941], [4.815480783977887, 52.174163166951864], [4.81548092794446, 52.17415193253335], [4.81550650980666, 52.174152056449046], [4.8155065673906865, 52.17414756268164], [4.815517617419224, 52.174140875135535], [4.815532264413338, 52.17413869905692], [4.8155214735088405, 52.17412516465093], [4.815514193201339, 52.17412288236421], [4.815518279621665, 52.17408919680976], [4.8155293584247625, 52.174080262378716], [4.815529444797168, 52.17407352172747], [4.815489273591541, 52.17407108012447], [4.815474741791773, 52.17406426866291], [4.815460123613621, 52.174064197850704], [4.815456353891203, 52.17407316768228], [4.815445390255425, 52.17407311457161], [4.815437994778709, 52.17407981981506], [4.815415981114413, 52.1740864542404], [4.815397708382792, 52.17408636571576], [4.815386831137833, 52.17407957194852], [4.815376126687293, 52.17405929687808], [4.8153614509124765, 52.17406371982108], [4.815284734283053, 52.174061101079516], [4.815280993328961, 52.17406782402177], [4.815288216009607, 52.1740746000902], [4.815287985585906, 52.174092575159555], [4.815291496118673, 52.174103827286416], [4.815298747609175, 52.174108356470526], [4.815294776231965, 52.17413305448238], [4.815283639762334, 52.17414648265855], [4.815265367006464, 52.17414639411339], [4.8152581155131875, 52.17414186492725], [4.815221598811807, 52.17413944094262], [4.8152180018743165, 52.17413492946461], [4.815152306400758, 52.174127870001435], [4.8151415156142985, 52.174114335560795], [4.815134235328096, 52.174112053250674], [4.815134350571021, 52.17410306571627], [4.815116077833322, 52.17410297714801], [4.815108941610281, 52.17408946041827], [4.815098035596122, 52.17408491350809], [4.8150981796587695, 52.174073679090036], [4.8151092297300435, 52.17406699158216], [4.8151311569975785, 52.17406709786496], [4.815134725110153, 52.17407385622923], [4.815160479782612, 52.17406049891812], [4.815178781311472, 52.17405834059584], [4.815240908558365, 52.17405864168326], [4.815259238887014, 52.1740542364648], [4.815266663190312, 52.17404528434888], [4.815259354104554, 52.17404524893013], [4.815215758849443, 52.17402481445514], [4.815164566464132, 52.17402681337597], [4.815146380187755, 52.174019984161525], [4.815139186347905, 52.17401096120073], [4.815143388281472, 52.173968288124364], [4.81513625207154, 52.17395477139599], [4.815132395861246, 52.17397048186829], [4.81511412317787, 52.1739703932998], [4.815114180801127, 52.17396589953248], [4.815106900540527, 52.17396361722068], [4.81510684291654, 52.17396811098799], [4.815095821682023, 52.173972551612145], [4.815088195666, 52.17399723190291], [4.815080857774973, 52.17399944335676], [4.815077059168322, 52.17401066005983], [4.815066009106228, 52.17401734756479], [4.815058498323933, 52.17403304031894], [4.81505116042554, 52.174035251770945], [4.815050987536331, 52.17404873307257], [4.815058152549855, 52.17406000292228], [4.815072655470615, 52.17406906131866], [4.815072482587733, 52.17408254262032], [4.815043073329328, 52.17409588219596], [4.81502842632565, 52.17409805821386], [4.814969953572753, 52.17409777473299], [4.814940774837565, 52.17409313921461], [4.814929868839708, 52.174088592288896], [4.81491525065471, 52.174088521409196], [4.814897122036842, 52.17407719838932], [4.814864375250733, 52.17406580448064], [4.814773184616203, 52.17405188010105], [4.814758624102777, 52.17404731543495], [4.814751401507114, 52.174040539334186], [4.814744092422668, 52.17404050388352], [4.8147407550159125, 52.17401577043931], [4.814733503597222, 52.174011241221], [4.814686109912788, 52.17400202324235], [4.814679060336871, 52.173981765836096], [4.814671808929973, 52.17397723661391], [4.8146720107673255, 52.173961508429315], [4.8146867730759455, 52.17395034492144], [4.814694082145559, 52.173950380375636], [4.814705161078866, 52.17394144602195], [4.814719836878164, 52.17393702316049], [4.814738657326608, 52.17389442100246], [4.814775548572705, 52.173867635649735], [4.814794109489744, 52.17384525543464], [4.81479419597267, 52.173838514783796], [4.814823720439822, 52.17381618773497], [4.814827720874823, 52.1737892428543], [4.814835116394786, 52.173782537648805], [4.814846627632135, 52.17373990002667], [4.814865073164287, 52.173726507334415], [4.81488705790941, 52.173722119895025], [4.814894511054255, 52.173710920918296], [4.814938365238023, 52.173711133559166], [4.8149455878089835, 52.17371790964882], [4.814952896840779, 52.173717945086956], [4.814978305542582, 52.17373155041904], [4.815036604923428, 52.17374531519739], [4.815065812255141, 52.17374770380832], [4.8150949331527695, 52.17375683306322], [4.815120341920128, 52.17377043836472], [4.815131305481007, 52.173770491505515], [4.815134902380469, 52.17377500298634], [4.815178612587635, 52.17378644995667], [4.8151894897294945, 52.17379324374329], [4.815196337856373, 52.17382922930624], [4.815177719530957, 52.17385610335248], [4.815162986185341, 52.17386502003844], [4.815162899758083, 52.17387176068958], [4.815151820933664, 52.1738806950865], [4.81514799354522, 52.17389415867588], [4.815140626863884, 52.17389861701718], [4.815136655418264, 52.17392331502452], [4.815173229555259, 52.1739212452679], [4.815191588641717, 52.1739145931761], [4.815210322210198, 52.17387873159311], [4.8152287676909395, 52.17386533884426], [4.815251184538508, 52.17382724808099], [4.815262234525702, 52.17382056055836], [4.8152914707215455, 52.17382070222972], [4.815298722166127, 52.17382523141396], [4.815324275039368, 52.17382760225267], [4.815327871962956, 52.173832113727656], [4.815367927749429, 52.173843542920515], [4.8153824306630355, 52.17385260127917], [4.815429939516329, 52.17385283144311], [4.815462772673306, 52.17385748454381], [4.8154699377604375, 52.17386875436901], [4.815491692176472, 52.17388234188752], [4.815509936033136, 52.1738846772813], [4.815520784458395, 52.17389371792115], [4.815550020703266, 52.17389385952854], [4.815561070662301, 52.173887171977945], [4.815630449163306, 52.173892002027614], [4.815645009715733, 52.173896566586315], [4.815684864161899, 52.173923723858614], [4.815692173228182, 52.17392375925098], [4.815703050481855, 52.173930552990264], [4.815728603437243, 52.1739329237415], [4.81572843075331, 52.173946405044695], [4.815742876213777, 52.17395995712674], [4.815742559634132, 52.17398467284917], [4.815735192997102, 52.17398913122761], [4.815723884010345, 52.174016040748924], [4.815709150720698, 52.174024957502894], [4.815690820448259, 52.174029362791366], [4.815643282620158, 52.174031379616], [4.815621412940847, 52.17402677966077], [4.815595831150082, 52.174026655770064], [4.8155958887249035, 52.174022162002515], [4.815563228167012, 52.174004027636066], [4.815548638798193, 52.174001709951135], [4.815534135802384, 52.17399265161298], [4.815508582823286, 52.173990280819645], [4.8154903965089035, 52.17398345165811], [4.815453851129757, 52.17398327462919], [4.815398889075167, 52.173994243483236], [4.815387378298958, 52.174036881158074], [4.815390946447985, 52.17404363951467], [4.81540547822821, 52.174050450986584], [4.815452900908493, 52.174057421792774], [4.815456814602427, 52.17403721754258], [4.8154678358171354, 52.17403277688467], [4.81547157674013, 52.17402605393643], [4.815551976652012, 52.174026443373144], [4.815559228156476, 52.17403097254131], [4.815592119033359, 52.17403113183854], [4.815592003882917, 52.17404011937366], [4.815606506905904, 52.174049177704646], [4.815628376594639, 52.17405377766259], [4.815650131149081, 52.17406736515171], [4.8156499584407495, 52.1740808464544], [4.8156352251148995, 52.17408976319902], [4.815624261474765, 52.17408971010499], [4.815616894808548, 52.17409416847589], [4.815573011455346, 52.174096202970404], [4.815572925089468, 52.17410294362168], [4.815554422034168, 52.174120830191264], [4.8155540765589935, 52.17414779279609], [4.815535688639706, 52.174156691827676], [4.815535458315184, 52.17417466689737], [4.815517185547116, 52.17417457839121]]]}}, {"type": "Feature", "properties": {"class": "parcel", "candidate_index": 13, "raw_confidence": 0.49314701004186645, "boundary_alignment_score": 0.49314701004186645, "area_m2": 1712.15625, "vertex_count": 183, "vectorization": {"threshold": 0.5, "close_pixels": 5, "boundary_width_pixels": 0, "edge_buffer_pixels": 2, "min_area_m2": 20, "max_area_m2": 250000, "simplify_tolerance_m": 0.25, "min_boundary_alignment": 0.0}, "source_tile_id": "tile-110000-460000", "vectorization_aoi": "vectorization_v2", "calibration": "parameters selected only on train_selected_0; target reference excluded"}, "geometry": {"type": "Polygon", "coordinates": [[[4.816225833484086, 52.16306646918485], [4.816196748071193, 52.163055093313915], [4.8161785086043825, 52.163052758028385], [4.816164009030956, 52.16304369975563], [4.816149394462221, 52.16304362903399], [4.816131212505041, 52.16303679996477], [4.816109290655449, 52.16303669387551], [4.816087483819644, 52.16302760022939], [4.816058254693091, 52.16302745876534], [4.816032736719865, 52.163022841202], [4.816025486952096, 52.163018312056884], [4.816014526031991, 52.16301825900294], [4.816010929906477, 52.16301374754175], [4.815974451028238, 52.163009076910484], [4.815970854907516, 52.16300456544801], [4.815948990594988, 52.16299996555267], [4.815934376041024, 52.162999894804386], [4.815912569258953, 52.16299080112596], [4.815872436772551, 52.16298611277519], [4.815850687540457, 52.16297252530902], [4.815792344434581, 52.1629632547039], [4.815785094700934, 52.16295872554405], [4.8157522695262065, 52.16295407253599], [4.81574867343239, 52.16294956106675], [4.815726809169861, 52.16294496113027], [4.815708684862583, 52.162933638219684], [4.815708828724576, 52.16292240377907], [4.815727355827829, 52.16290227025574], [4.81572752845641, 52.162888788926885], [4.8157499968675594, 52.162846204211895], [4.815662309849222, 52.16284577954773], [4.815647551469288, 52.1628569432047], [4.81564740759214, 52.16286817764534], [4.815654714847249, 52.16286821303743], [4.815654427096383, 52.16289068191872], [4.8156433798812275, 52.1628973694947], [4.815639582372002, 52.16290858623891], [4.81561766058693, 52.162908480058384], [4.815610295770584, 52.16291293844019], [4.815584691573656, 52.16291506144431], [4.815544501628929, 52.16291486675822], [4.8155372519283395, 52.162910337583135], [4.815489725942909, 52.16291235436709], [4.8154752265551695, 52.16290329600976], [4.815460554464092, 52.162907718978964], [4.815413057265379, 52.16290748884398], [4.815402153949091, 52.162902941957135], [4.815402297888138, 52.162891707516955], [4.815416969979689, 52.16288728455496], [4.815439093255327, 52.16287166255638], [4.815439150827182, 52.162867168780224], [4.815457534104017, 52.16285826973959], [4.815464956495772, 52.162849317591146], [4.815461504363337, 52.162833571672735], [4.8154835700294125, 52.16282244344173], [4.815465330695419, 52.162820108046056], [4.81545431225463, 52.16282454871632], [4.815432390511421, 52.16282444250148], [4.815417862376895, 52.16281763102508], [4.815403247883751, 52.16281756021111], [4.815381268566538, 52.162821947762865], [4.8153811246224905, 52.16283318220317], [4.815395652756445, 52.162839993684074], [4.815395508815943, 52.16285122812438], [4.815388115198438, 52.16285793338036], [4.815380462478793, 52.162884860628274], [4.815365704015511, 52.162896024249775], [4.815340128607796, 52.16289590031277], [4.815332907722372, 52.16288912423711], [4.815292804182374, 52.1628821888013], [4.815281929678408, 52.16287539501532], [4.815282160029091, 52.16285741991122], [4.815289582455849, 52.162848467773834], [4.815304254544288, 52.16284404482588], [4.81531164817206, 52.16283733957512], [4.815340934752672, 52.162832987447885], [4.8153377993660875, 52.16279252575725], [4.815352529011788, 52.162783609027066], [4.815356787222207, 52.16273644208264], [4.815349623940597, 52.16272517223171], [4.815342345499911, 52.162722889932645], [4.8153277310379545, 52.1627228191094], [4.815320337431635, 52.162729524361275], [4.815309347791222, 52.16273171813002], [4.815276465245545, 52.162731558765906], [4.8152765228335435, 52.16272706498975], [4.815269244396305, 52.16272478268622], [4.8152108441415296, 52.1627200055699], [4.815159895128207, 52.16270402940726], [4.815149049488236, 52.16269498872088], [4.8151493086915975, 52.16267476672852], [4.8151566735144895, 52.162670308375326], [4.815164499129236, 52.16262989981272], [4.815171863943189, 52.16262544145856], [4.815208400017633, 52.16262561856151], [4.815270338579613, 52.162639400939156], [4.815431097362206, 52.16264017997346], [4.815434491897244, 52.16266041966954], [4.815412483873454, 52.16266705411552], [4.815408772687923, 52.16267153018828], [4.815408657538738, 52.1626805177408], [4.815415907188986, 52.162685046923876], [4.81544516487404, 52.16268294165863], [4.815448933627424, 52.162673971808424], [4.815467316822563, 52.16266507276585], [4.815496545709276, 52.16266521437596], [4.815500112972075, 52.162671972741194], [4.815514641071853, 52.16267878420757], [4.815518179556679, 52.162687789460385], [4.815529082832342, 52.16269233633666], [4.815529025269837, 52.16269683011298], [4.815543582162651, 52.16270139468763], [4.815543438259978, 52.162712629128414], [4.815576205677374, 52.16272177597076], [4.815590820139501, 52.16272184676327], [4.815601924874152, 52.16271066541558], [4.815660411483292, 52.16270870167377], [4.815664007548855, 52.16271321314582], [4.815682246849692, 52.16271554851077], [4.81570428362995, 52.16270666712632], [4.815729858930511, 52.162706790984224], [4.815740733461851, 52.16271358472915], [4.8157367345971664, 52.16274052969436], [4.81574412814284, 52.16273382441625], [4.815769703459112, 52.16273394826557], [4.8157805204658795, 52.16274523578325], [4.815780376622681, 52.16275647022431], [4.815773011847707, 52.16276092861644], [4.815776607928858, 52.16276544008507], [4.81595198165451, 52.16276628917793], [4.815966538613433, 52.16277085370042], [4.815981009299654, 52.16278215888594], [4.8159992486454435, 52.16278449420192], [4.81600632582885, 52.16280250467835], [4.816002470903969, 52.162818215211104], [4.81600972063696, 52.16282274435771], [4.816031584869017, 52.162827344241855], [4.816064467488798, 52.16282750339563], [4.8161154169683575, 52.16284347916796], [4.8161556356018504, 52.16284142677118], [4.816155578102199, 52.16284592054775], [4.816162885354188, 52.162845955908374], [4.816177557355645, 52.16284153285163], [4.81620678636089, 52.16284167428593], [4.816228765607243, 52.16283728658028], [4.81622528445978, 52.16282378757213], [4.816250859829362, 52.16282391131719], [4.81625439847426, 52.16283291654792], [4.816283426270513, 52.16284878618156], [4.816290417349631, 52.16287353730597], [4.816305060605267, 52.162871361121724], [4.816323472453032, 52.16286021505757], [4.8163235299357945, 52.16285572128087], [4.816338259405885, 52.16284680442746], [4.816345566658207, 52.16284683977674], [4.816345624138723, 52.16284234600003], [4.816389438910464, 52.16284480497471], [4.816389352696296, 52.16285154563984], [4.816400284838515, 52.16285384554727], [4.816414726924889, 52.16286739756798], [4.816422034180662, 52.16286743291254], [4.81642189049848, 52.16287866735441], [4.8164106709789625, 52.162898836332616], [4.816403306243264, 52.162903294764035], [4.816374077196837, 52.162903153378345], [4.816359405194482, 52.16290757645948], [4.816359347715243, 52.16291207023614], [4.816344675708497, 52.16291649331545], [4.816344589487388, 52.162923233980415], [4.8163335423673495, 52.162929921621135], [4.8163262351014335, 52.16292988627107], [4.816318841610502, 52.1629365915855], [4.816311534343509, 52.162936556234555], [4.8163004584726075, 52.16294549076043], [4.816289468826797, 52.16294768462038], [4.8162893251109, 52.16295891906189], [4.816311074470273, 52.16297250644742], [4.8163329388069425, 52.16297710627573], [4.8163249992222505, 52.16302650246799], [4.816310269690056, 52.16303541931945], [4.816302732466258, 52.163053359074084], [4.816295367694231, 52.16305781749858], [4.816273359601579, 52.163064452104585], [4.816225833484086, 52.16306646918485]]]}}, {"type": "Feature", "properties": {"class": "parcel", "candidate_index": 14, "raw_confidence": 0.4990371147287078, "boundary_alignment_score": 0.4990371147287078, "area_m2": 1523.65625, "vertex_count": 169, "vectorization": {"threshold": 0.5, "close_pixels": 5, "boundary_width_pixels": 0, "edge_buffer_pixels": 2, "min_area_m2": 20, "max_area_m2": 250000, "simplify_tolerance_m": 0.25, "min_boundary_alignment": 0.0}, "source_tile_id": "tile-110000-460000", "vectorization_aoi": "vectorization_v2", "calibration": "parameters selected only on train_selected_0; target reference excluded"}, "geometry": {"type": "Polygon", "coordinates": [[[4.817200191495275, 52.16716750869861], [4.817160169927658, 52.16715383323576], [4.817134850409655, 52.16713348770173], [4.817123888476775, 52.167133434749466], [4.817116637931585, 52.16712890567344], [4.81709106009094, 52.167128782112535], [4.817087492233179, 52.16712202379973], [4.817047327198535, 52.16711958273329], [4.8170256043070765, 52.16710374860294], [4.816992718530957, 52.167103589712575], [4.816978160054492, 52.16709902531787], [4.816923407863396, 52.16709426669966], [4.816912503371023, 52.16708971995393], [4.816883271579674, 52.1670895786905], [4.816854125943159, 52.16708269675919], [4.8168322021032575, 52.16708259080146], [4.816813989677212, 52.16707800872646], [4.816788612917315, 52.16706215689192], [4.8167156483864035, 52.16705281609571], [4.816690070590828, 52.167052692447925], [4.816679194859451, 52.16704589879382], [4.81665732849434, 52.16704129902992], [4.816646481499351, 52.16703225848596], [4.816631894352375, 52.16702994093538], [4.816628297842549, 52.16702542949552], [4.816610056730439, 52.167023094275905], [4.81659190181432, 52.16701401839299], [4.8165081479168474, 52.1669911431449], [4.816336526511768, 52.166981324983446], [4.81625999448888, 52.166965225569975], [4.816223483604925, 52.166962801900915], [4.81621257921622, 52.16695825509053], [4.816176039588354, 52.16695807829349], [4.816143297693045, 52.16694668473295], [4.816128681845792, 52.166946614006896], [4.816103219136853, 52.16693750268517], [4.81608860329269, 52.16693743195418], [4.816066880830648, 52.16692159764746], [4.8160268598322515, 52.16690792180038], [4.815997628163676, 52.16690778031767], [4.815979300846695, 52.16691218566065], [4.815924059989847, 52.166945623652275], [4.815909041423741, 52.16697700931192], [4.815897993232398, 52.16698369690563], [4.815879723408815, 52.1669836084598], [4.815876731092946, 52.166931912378004], [4.815869509475002, 52.16692513633884], [4.815869624545617, 52.16691614879228], [4.815862431699301, 52.166907125866025], [4.815847930940515, 52.16689806755871], [4.81584062302515, 52.16689803217759], [4.81582615104356, 52.166886726980934], [4.815818843130077, 52.16688669159852], [4.815804371157685, 52.16687538639919], [4.815786130150518, 52.166873051052285], [4.8157716006457685, 52.16686623962219], [4.815735118644299, 52.16686156891541], [4.815706002110669, 52.16685243981406], [4.815702405708824, 52.166847928346], [4.815665981285334, 52.16683876384471], [4.815592959794347, 52.16683391612784], [4.815578401549665, 52.166829351560544], [4.8155530541544485, 52.16681125257386], [4.81551665857706, 52.1667998411399], [4.81550204277921, 52.16679977033629], [4.81546927238509, 52.16679062347538], [4.815425741689898, 52.16676569528953], [4.815381923122715, 52.16676323595305], [4.8152873236731955, 52.16673131917771], [4.815243591544659, 52.16672211913033], [4.815218013944004, 52.16672199516373], [4.8151998594342125, 52.16671291906673], [4.815200089843772, 52.166694943974704], [4.815211138067805, 52.166688256446044], [4.815211195669038, 52.16668376267303], [4.815225869028027, 52.16667933973958], [4.81522592662776, 52.1666748459665], [4.815251504201412, 52.16667496993137], [4.815262379624657, 52.166681763717065], [4.815295265081791, 52.16668192308931], [4.8153317180953, 52.166688840818445], [4.8153609496176655, 52.166688982465914], [4.81545580812533, 52.166700677203146], [4.815477559050006, 52.16671426473595], [4.815554090358383, 52.166730364656566], [4.815663651118099, 52.166735389364106], [4.815681863285568, 52.16673997161652], [4.815710864638909, 52.1667580882705], [4.815743663832816, 52.16676498817776], [4.815842234089092, 52.166772206524776], [4.815915370567684, 52.16676806654048], [4.815951996328698, 52.166761502757865], [4.815981400472556, 52.166748162931306], [4.815992707444652, 52.1667212533487], [4.816000072853042, 52.16671679494681], [4.816000187896652, 52.16670780739978], [4.81602590929, 52.166696696763005], [4.816029678268889, 52.16668772690073], [4.816044437824372, 52.16667656320499], [4.816048379348425, 52.16665411202137], [4.816063311434051, 52.16662946700239], [4.816081724896694, 52.16661832098552], [4.8160999945712035, 52.16661840939984], [4.816099649501431, 52.166645372041664], [4.81608845763889, 52.16666329408779], [4.816088285100349, 52.1666767754086], [4.816073496798563, 52.16669018599663], [4.816069612798695, 52.16670814340741], [4.816058593456066, 52.166712584129854], [4.816051170537535, 52.16672153630892], [4.816050911712339, 52.166741758289824], [4.816039806082736, 52.16675293967071], [4.816032153079026, 52.16677986694249], [4.816021018675289, 52.166793295208265], [4.816020846115714, 52.16680677652863], [4.81601345193419, 52.16681348181846], [4.816013308132565, 52.16682471625207], [4.816031434094312, 52.166836039110706], [4.816093436265458, 52.16684532728179], [4.816151669494691, 52.16686358528633], [4.8163232041708985, 52.16688014437657], [4.81637041818123, 52.16690284301914], [4.816388687973003, 52.166902931388954], [4.816414179460996, 52.16690979576235], [4.816476296763431, 52.16691009618511], [4.816505585906722, 52.166905743775544], [4.816520316680826, 52.166896826907475], [4.816534961246697, 52.1668946506981], [4.81656810545871, 52.16687458773402], [4.81657555703127, 52.166863388635676], [4.816597480762655, 52.16686349464095], [4.816608184054723, 52.16688376962403], [4.81661155070908, 52.16690625615962], [4.816625994166835, 52.16691980814709], [4.816625907978151, 52.1669265488077], [4.81667668997321, 52.16695600565477], [4.816683997898933, 52.166956040984076], [4.816702095358774, 52.16696961062663], [4.8167130572507455, 52.166969663618026], [4.816727586933313, 52.16697647493236], [4.816767694376288, 52.166983409881304], [4.816774944862379, 52.166987938978735], [4.816822417694763, 52.166990415458514], [4.816833293434507, 52.16699720909951], [4.8168406013671445, 52.16699724441915], [4.816840543929512, 52.167001738192944], [4.816880450395181, 52.16702440131193], [4.816913278682055, 52.16702905400735], [4.816949674805126, 52.16704046501081], [4.81701910023415, 52.16704080046044], [4.817026494302574, 52.167034095107695], [4.817081447378032, 52.167023125469214], [4.817092495402183, 52.16701643776444], [4.81709263893285, 52.16700520332953], [4.817103658245311, 52.16700076251071], [4.817111080999572, 52.166991810265586], [4.817147620659891, 52.16699198677306], [4.8171469030752325, 52.16704815894806], [4.81715398139195, 52.16706616934417], [4.817201109920584, 52.16709560831549], [4.817230255619385, 52.167102490161156], [4.817263141395793, 52.1671026489853], [4.817273988533032, 52.16711168947267], [4.817303162949256, 52.16711632441336], [4.817317606685196, 52.16712987631605], [4.817317348430972, 52.16715009829914], [4.817306243016284, 52.16716127979877], [4.817284319136364, 52.16716117392497], [4.817276953782475, 52.16716563240678], [4.817200191495275, 52.16716750869861]]]}}, {"type": "Feature", "properties": {"class": "parcel", "candidate_index": 15, "raw_confidence": 0.49914984789211303, "boundary_alignment_score": 0.49914984789211303, "area_m2": 1506.8125, "vertex_count": 212, "vectorization": {"threshold": 0.5, "close_pixels": 5, "boundary_width_pixels": 0, "edge_buffer_pixels": 2, "min_area_m2": 20, "max_area_m2": 250000, "simplify_tolerance_m": 0.25, "min_boundary_alignment": 0.0}, "source_tile_id": "tile-110000-460000", "vectorization_aoi": "vectorization_v2", "calibration": "parameters selected only on train_selected_0; target reference excluded"}, "geometry": {"type": "Polygon", "coordinates": [[[4.815061240099049, 52.16669427089535], [4.815035748943395, 52.16668740622983], [4.815010171363395, 52.16668728221823], [4.8149518235787205, 52.16667801119648], [4.814940948203794, 52.166671217382216], [4.814915428264415, 52.16666659957716], [4.8148936199013725, 52.166657505713786], [4.814824310369978, 52.166648181468645], [4.8148170601374725, 52.16664365225142], [4.8147915114050654, 52.166641281306006], [4.814736904135068, 52.16662528724189], [4.814667594686817, 52.16661596290479], [4.81457627517115, 52.166613272809435], [4.814554438069889, 52.16660642576975], [4.814514302476951, 52.1666017369553], [4.814496148159589, 52.166592660750155], [4.8144851863636875, 52.166592607552865], [4.814470657149362, 52.16658579596266], [4.814415992381677, 52.16657429552278], [4.8143906167617, 52.16655844317274], [4.8143723759589205, 52.16655610760744], [4.81436155838867, 52.16654481996718], [4.81432878841669, 52.16653567278969], [4.814296162691003, 52.1665152911717], [4.814267046678938, 52.16650616171543], [4.814215978284253, 52.166499172694785], [4.814150236503619, 52.166496606453656], [4.814139361295164, 52.16648981256555], [4.814113812687416, 52.16648744147352], [4.814081100523315, 52.166473800454796], [4.8139861274139975, 52.166471092157884], [4.813913193308661, 52.166459502743635], [4.813884135146206, 52.166445879420564], [4.813865894416249, 52.16644354377704], [4.813840461327525, 52.166432185081106], [4.813800354838712, 52.1664252491378], [4.813789479701022, 52.16641845521744], [4.813767613943237, 52.166413854918396], [4.813749546476519, 52.16639803793991], [4.813731305773239, 52.16639570227557], [4.813684007013728, 52.166379743236064], [4.813651179544694, 52.1663750896428], [4.813647583389185, 52.166370578112044], [4.813618438724241, 52.16636369538198], [4.813560062770933, 52.16635667055859], [4.813395752294237, 52.16634688364502], [4.81336309824016, 52.16632874865523], [4.813337520871851, 52.16632862428126], [4.813330270842451, 52.166324094972715], [4.813293789542653, 52.16631942351165], [4.813286539519198, 52.166314894200454], [4.81323915430622, 52.16630567564087], [4.81321018315344, 52.1662853114938], [4.813180951904478, 52.16628516931382], [4.81316276908432, 52.16627833978961], [4.813140874555694, 52.16627598626049], [4.81311175893715, 52.16626685651936], [4.813108162844937, 52.16626234497215], [4.81308626832708, 52.16625999143292], [4.813079018334377, 52.166255462108936], [4.813042508207815, 52.16625303745627], [4.813038912123722, 52.16624852590699], [4.813024325422008, 52.16624620791075], [4.8129808255391, 52.16621903193727], [4.8129736333895865, 52.16621000883484], [4.812973806866962, 52.16619652751891], [4.812981230314494, 52.16618757553341], [4.812995932641851, 52.16618090599099], [4.813021567745164, 52.16617653666687], [4.813061731705318, 52.166178979102625], [4.813065501235676, 52.16617000933508], [4.813102271453129, 52.166152212006146], [4.813106098785418, 52.166138748465166], [4.813117176090121, 52.16612981424617], [4.813117320618126, 52.16611857981582], [4.813135821317588, 52.166100693600335], [4.81313590803151, 52.16609395294208], [4.813143244716627, 52.16609174160438], [4.813143389237904, 52.166080507173945], [4.813168995366219, 52.16607838470372], [4.813176389852304, 52.16607167959176], [4.8131873804202, 52.16606948602432], [4.8131911499159745, 52.16606051625258], [4.813198486592862, 52.166058304911395], [4.813202602900287, 52.16602237250577], [4.813213766858651, 52.16600669761902], [4.813224815208866, 52.16600001027575], [4.813250392388368, 52.166000134673894], [4.813249987804973, 52.166031591080014], [4.813231487179977, 52.16604947731375], [4.813216206919832, 52.166101084608094], [4.813208841335804, 52.166105542836384], [4.8132050140374, 52.166119006380846], [4.813204436013204, 52.166163944102564], [4.813211686003833, 52.16616847341894], [4.813211512598481, 52.16618195473537], [4.813200146284805, 52.166213357823786], [4.813207280678421, 52.16622687468458], [4.813221867383413, 52.16622919265826], [4.8132327134885555, 52.166238233516985], [4.8132618580117335, 52.166245116342324], [4.813265454118126, 52.16624962788479], [4.8133055314690605, 52.16625881089587], [4.813309127580971, 52.16626332243705], [4.813360166668732, 52.16627255873597], [4.813360079988242, 52.166279299394205], [4.813374637825605, 52.1662838642351], [4.813444004263552, 52.16628869555895], [4.8134911584058155, 52.1663158891252], [4.813509399063762, 52.16631822482663], [4.813516649110437, 52.16632275412422], [4.813586044506701, 52.16632533847849], [4.813619016334795, 52.166318757659155], [4.813622756884797, 52.166312034760026], [4.813630064701876, 52.16631207027832], [4.813644824732011, 52.166300906882775], [4.813663411930883, 52.16627627992634], [4.813663498565535, 52.16626953926783], [4.813696730229794, 52.166242736450904], [4.813730250602127, 52.16619346476209], [4.813770789962925, 52.16616669743542], [4.813778559713586, 52.16613078276427], [4.813785982988839, 52.166121830727775], [4.813786185092191, 52.166106102523806], [4.813804772131534, 52.166081475544054], [4.8138231859303655, 52.16607032987912], [4.813842148231628, 52.166016493371025], [4.8138605908623235, 52.166003100813704], [4.813882514162528, 52.166003207322916], [4.813889764196102, 52.16600773659776], [4.813881879088654, 52.1660526388225], [4.813855637904529, 52.16610419294657], [4.813855464694094, 52.16611767426439], [4.813844387539994, 52.166126608552965], [4.8138405026930995, 52.16614456589085], [4.813829367789786, 52.16615799395049], [4.813825078754083, 52.166207407695495], [4.813813741736134, 52.166236563957284], [4.813802693415265, 52.16624325135544], [4.8138024335745095, 52.16626347333153], [4.813787586980255, 52.1662813774056], [4.813790721193624, 52.16632183911151], [4.8137979712695165, 52.166326368391864], [4.813797826912034, 52.166337602822814], [4.813812384813402, 52.16634216760976], [4.813812298201061, 52.16634890826833], [4.813830394540123, 52.166362478351175], [4.81383770236568, 52.166362513856654], [4.813852202541683, 52.166371572411045], [4.813877722201464, 52.166376190445874], [4.813903126401593, 52.16638979602006], [4.813990733778259, 52.16639696266051], [4.814074340975363, 52.166431074125754], [4.814147361638465, 52.16643592278163], [4.814154611769143, 52.166440452040014], [4.814180189204531, 52.16644057623691], [4.814224151637483, 52.16643180158785], [4.814238911558977, 52.16642063811802], [4.814239026956388, 52.16641165057285], [4.814250161800152, 52.16639822247497], [4.814250536833935, 52.16636901295273], [4.814254306141626, 52.16636004314717], [4.814261642815385, 52.16635783174004], [4.81426549866377, 52.16634212127505], [4.814287681753347, 52.16632200573202], [4.814305980147775, 52.16631984753763], [4.8143027012370165, 52.16629062027661], [4.814314297558306, 52.166241241990086], [4.814347269217562, 52.16623466096689], [4.814350980807256, 52.16623018493082], [4.814372904220573, 52.166230291349], [4.814365019559071, 52.16627519360501], [4.814342692307522, 52.16630654359478], [4.814335355646205, 52.166308755006995], [4.814338605735375, 52.16634022915343], [4.814327586312089, 52.166344669714334], [4.814323817020436, 52.16635363952228], [4.814312797592365, 52.1663580800818], [4.814312739901186, 52.16636257385453], [4.814290614496092, 52.166378195629434], [4.814293576092565, 52.166432138639934], [4.814304480156606, 52.166436685627595], [4.814304422464457, 52.166441179400245], [4.81431898045166, 52.16644574412465], [4.814318922760957, 52.16645023789731], [4.814333480752603, 52.16645480261996], [4.814344298294, 52.16646609026293], [4.814380722140415, 52.166475255172], [4.814431559816132, 52.16650021921207], [4.814493561184456, 52.16650950822331], [4.814500811362297, 52.166514037460445], [4.814544600800876, 52.1665187440102], [4.8145918423533995, 52.16653919647774], [4.814635631826397, 52.16654390299378], [4.814646535952699, 52.16654844994981], [4.814799914486037, 52.16655593506816], [4.814803510773082, 52.16656044656382], [4.814836338499877, 52.16656509983666], [4.814869050962557, 52.166578740646244], [4.814883666686682, 52.166578811528176], [4.814916436804683, 52.16658795855166], [4.814949293377339, 52.16659036490664], [4.815000160314278, 52.16661308181544], [4.815051228963455, 52.16662007049687], [4.815058479215968, 52.166624599699766], [4.815080374018151, 52.1666269528733], [4.815098528468647, 52.16663602898868], [4.8151167693425405, 52.16663836444179], [4.8151348373918115, 52.16665418121111], [4.815130953017421, 52.16667213859055], [4.815108885355834, 52.16668326674534], [4.815101462251859, 52.16669221886444], [4.815061240099049, 52.16669427089535]]]}}, {"type": "Feature", "properties": {"class": "parcel", "candidate_index": 16, "raw_confidence": 0.4980182289145887, "boundary_alignment_score": 0.4980182289145887, "area_m2": 1306.21875, "vertex_count": 90, "vectorization": {"threshold": 0.5, "close_pixels": 5, "boundary_width_pixels": 0, "edge_buffer_pixels": 2, "min_area_m2": 20, "max_area_m2": 250000, "simplify_tolerance_m": 0.25, "min_boundary_alignment": 0.0}, "source_tile_id": "tile-110000-460000", "vectorization_aoi": "vectorization_v2", "calibration": "parameters selected only on train_selected_0; target reference excluded"}, "geometry": {"type": "Polygon", "coordinates": [[[4.787656705498166, 52.179074176136695], [4.787649456016789, 52.179069645261016], [4.787620246698218, 52.17906724986289], [4.7875947829295855, 52.17905813240639], [4.787572883499133, 52.17905577413018], [4.7875620092949, 52.17904897780874], [4.787540109870702, 52.179046619526424], [4.787536515343324, 52.179042107212375], [4.787500117002691, 52.179030687156065], [4.787467252781311, 52.17902827315022], [4.787452723663984, 52.179021458247824], [4.787427169323438, 52.179019081373184], [4.787419950085544, 52.179012303610754], [4.787405360556864, 52.17900998244789], [4.787398141323757, 52.1790032046841], [4.787383582012192, 52.17899863664591], [4.787288765253395, 52.17898242558947], [4.787281546042481, 52.17897564781856], [4.787270581246277, 52.178975592088214], [4.787245147821633, 52.17896422768369], [4.787135741693227, 52.17894569531993], [4.787124867582555, 52.17893889895826], [4.7871102780933805, 52.17893657775895], [4.7871030589170305, 52.178929799977126], [4.787088469431982, 52.17892747877511], [4.787070345935452, 52.17891615149785], [4.787063036081295, 52.178916114331315], [4.78706333837178, 52.17889364560543], [4.7870743636044475, 52.17888920760981], [4.787081854822767, 52.17887576353997], [4.7870891948980425, 52.178873553832666], [4.787092970731724, 52.178864584924725], [4.787103995954259, 52.17886014692625], [4.787111456932168, 52.178848949727126], [4.787119401524772, 52.17880180256516], [4.787126771811763, 52.17879734598282], [4.7871269531662, 52.17878386474689], [4.787134383900166, 52.17877491441875], [4.787134625702827, 52.17875693943743], [4.787171477078297, 52.17873465651619], [4.787175283106808, 52.17872344073264], [4.787197454351922, 52.17870557722813], [4.787244998400556, 52.178703571875175], [4.787252247781383, 52.17870810277585], [4.787281487062539, 52.17870825139206], [4.787310575261861, 52.17871963436481], [4.787328849817445, 52.17871972724179], [4.7873397239059745, 52.17872652358488], [4.787357968250418, 52.1787288633301], [4.787379776870044, 52.178737962264414], [4.787427290734752, 52.178738203710815], [4.787430855016311, 52.17874496290117], [4.787449069163665, 52.1787495495051], [4.787449008744718, 52.17875404325062], [4.7874818727630615, 52.178756457261414], [4.787481782139574, 52.17876319787976], [4.787503590801316, 52.17877229679118], [4.787514555547917, 52.17877235249978], [4.787529084593721, 52.17877916739473], [4.787598497798383, 52.1787817670566], [4.787612996658871, 52.178790828814016], [4.787631241044117, 52.17879316851704], [4.787645770114581, 52.17879998339762], [4.787660389786106, 52.17880005765795], [4.787693163258371, 52.1788092122284], [4.787711437851695, 52.17880930504618], [4.7877113472627695, 52.178816045664696], [4.787740526227001, 52.17882068791302], [4.787751400402979, 52.17882748421816], [4.787776984844362, 52.17882761414967], [4.787817098393891, 52.17883455893515], [4.787853677791233, 52.17883249765665], [4.787845884917065, 52.17886841050466], [4.787823744040688, 52.17888402725788], [4.7878236534685366, 52.178890767876446], [4.787801391805827, 52.17891537211679], [4.787797525533979, 52.178931081666], [4.787790185484139, 52.17893329141738], [4.78777903953947, 52.17894671697119], [4.787753394641128, 52.17895108078567], [4.787745994196437, 52.17895778427987], [4.78774566205459, 52.178982499880554], [4.787723490890526, 52.17900036348735], [4.7877231889316985, 52.17902283221505], [4.78771944340725, 52.17902955427031], [4.787708418203777, 52.17903399232618], [4.7877007761621515, 52.17905867079937], [4.787689720751998, 52.1790653557262], [4.787689660356742, 52.17906984947166], [4.787674980199967, 52.1790742689603], [4.787656705498166, 52.179074176136695]]]}}, {"type": "Feature", "properties": {"class": "parcel", "candidate_index": 17, "raw_confidence": 0.4973525890382007, "boundary_alignment_score": 0.4973525890382007, "area_m2": 1282.9375, "vertex_count": 109, "vectorization": {"threshold": 0.5, "close_pixels": 5, "boundary_width_pixels": 0, "edge_buffer_pixels": 2, "min_area_m2": 20, "max_area_m2": 250000, "simplify_tolerance_m": 0.25, "min_boundary_alignment": 0.0}, "source_tile_id": "tile-110000-460000", "vectorization_aoi": "vectorization_v2", "calibration": "parameters selected only on train_selected_0; target reference excluded"}, "geometry": {"type": "Polygon", "coordinates": [[[4.812676525232442, 52.17509554668433], [4.812643749332329, 52.17508639904353], [4.812625476198226, 52.17508631008902], [4.812596412820259, 52.17507268646135], [4.812589103568904, 52.17507265087698], [4.812585506823116, 52.17506813931978], [4.812559982328532, 52.175063521005214], [4.812552730961888, 52.17505899165372], [4.8125198682844434, 52.17505658462581], [4.81248343782168, 52.17504741914599], [4.812457884403253, 52.17504504769178], [4.8123923906800625, 52.17502225851501], [4.8122829257691535, 52.17500824321803], [4.812246524351768, 52.17499683078277], [4.812242927646758, 52.17499231921515], [4.81219921701673, 52.17498087115902], [4.812195620317787, 52.17497635958993], [4.812181030807737, 52.17497404148877], [4.812170182798729, 52.17496500054411], [4.812174213902743, 52.17493580887894], [4.812181581051591, 52.17493135072433], [4.812182160254336, 52.17488641307723], [4.812207945237454, 52.174870809532045], [4.812211744639387, 52.1748595929242], [4.812248522373642, 52.17484179589907], [4.812271000169327, 52.174799211948084], [4.812289417958012, 52.17478806654517], [4.812293217332337, 52.174776849934425], [4.812289678549432, 52.17476784460318], [4.812282398303307, 52.174765562117415], [4.812282716807575, 52.17474084641044], [4.812290054958778, 52.174738635131334], [4.8122866899077374, 52.17471614850512], [4.812294172826249, 52.17470270281334], [4.812305194519386, 52.1746982624521], [4.812320044522784, 52.174680358595516], [4.812338462250048, 52.174669213184636], [4.812360389805024, 52.174669319982755], [4.812371266731375, 52.174676114027825], [4.812436817830363, 52.17469440945191], [4.812498859107115, 52.17470145263189], [4.812538770234791, 52.1747241171962], [4.812560610994678, 52.17473096460481], [4.812608033949004, 52.17473793655392], [4.81261893986784, 52.17474248369357], [4.812662766115937, 52.17474494406418], [4.812677297706278, 52.17475175587098], [4.81270285096858, 52.17475412727762], [4.812746445780314, 52.17477456267777], [4.812749753204621, 52.17480154305618], [4.812738731530019, 52.174805983458874], [4.812734932265168, 52.17481720008401], [4.8127201981141585, 52.174826116462306], [4.812654444151226, 52.17482354937346], [4.8126325454568715, 52.1748211957473], [4.812632603331583, 52.17481670198222], [4.812625323059862, 52.17481441951761], [4.812599740828212, 52.17481429497672], [4.812603337555073, 52.17481880653368], [4.812625265184419, 52.17481891328267], [4.812628775101576, 52.17483016548643], [4.812647019194107, 52.174832501322825], [4.8126542415973335, 52.17483927755119], [4.812679794908515, 52.174841648962826], [4.812683275906375, 52.17485514804751], [4.812694152927233, 52.17486194206271], [4.812701462144164, 52.17486197764056], [4.812701317474509, 52.17487321205321], [4.812664742444997, 52.17487528104196], [4.812646585144124, 52.17486620456075], [4.812624657491461, 52.174866097815666], [4.812624715367044, 52.174861604050626], [4.8126137804802, 52.174859303794044], [4.812613838356869, 52.17485481002903], [4.812606558079899, 52.174852527563246], [4.812588285041711, 52.17485243860309], [4.812562587024747, 52.17486130158415], [4.812562413379178, 52.17487478287911], [4.812580483846247, 52.1748906000207], [4.812606066121592, 52.17489072456585], [4.812609923302267, 52.17487501418005], [4.812628196349759, 52.17487510313686], [4.81262810953687, 52.1748818437844], [4.81265728854512, 52.17488647987443], [4.812657143864236, 52.17489771428701], [4.812675301180066, 52.174906790766585], [4.81267884005179, 52.174915796086204], [4.8126970552477895, 52.174920378797374], [4.8127153572473675, 52.174918220858224], [4.812737400654572, 52.17490934005633], [4.812781284933184, 52.17490730661805], [4.8127887098759, 52.17489835466029], [4.812825342774159, 52.17489179186802], [4.8128509250510785, 52.17489191636008], [4.812865456718045, 52.17489872814363], [4.812861454995727, 52.17492567295071], [4.812846749760692, 52.17493234246206], [4.812839295896879, 52.17494354130596], [4.8128099721896165, 52.17495013967356], [4.812788044495179, 52.174950032958805], [4.8127806484737015, 52.17495673803389], [4.81276516208462, 52.17502407336286], [4.812754111425059, 52.17503076064924], [4.8127539956993814, 52.17503974817922], [4.812743031830206, 52.17503969481709], [4.812735520057596, 52.175055387419114], [4.812728181876194, 52.17505759872584], [4.812720496496463, 52.17508677262163], [4.812705762253308, 52.17509568899756], [4.812676525232442, 52.17509554668433]]]}}, {"type": "Feature", "properties": {"class": "parcel", "candidate_index": 18, "raw_confidence": 0.4978971973177977, "boundary_alignment_score": 0.4978971973177977, "area_m2": 1111.8125, "vertex_count": 209, "vectorization": {"threshold": 0.5, "close_pixels": 5, "boundary_width_pixels": 0, "edge_buffer_pixels": 2, "min_area_m2": 20, "max_area_m2": 250000, "simplify_tolerance_m": 0.25, "min_boundary_alignment": 0.0}, "source_tile_id": "tile-110000-460000", "vectorization_aoi": "vectorization_v2", "calibration": "parameters selected only on train_selected_0; target reference excluded"}, "geometry": {"type": "Polygon", "coordinates": [[[4.811335337880834, 52.1787651398867], [4.8113281730576665, 52.1787538698204], [4.811328782191331, 52.17870668532799], [4.811306823647063, 52.17870882521589], [4.811307026699045, 52.17869309705171], [4.811328985235555, 52.178690957163774], [4.811329072254458, 52.178684216521916], [4.811336382096413, 52.178684252185235], [4.811358659679991, 52.17865739660494], [4.811380676203819, 52.17865076294604], [4.811384418132515, 52.17864404013422], [4.811395440891496, 52.178639599862564], [4.811399762870756, 52.17858793943703], [4.811425376264045, 52.17858581736051], [4.811429176182846, 52.178574600785794], [4.811440198920198, 52.17857016050988], [4.811444114835495, 52.17854995641186], [4.81145522456473, 52.17853877549236], [4.8114590824712, 52.17852306515518], [4.811499663425891, 52.178494051803725], [4.811511353065986, 52.17843793326376], [4.811526146646496, 52.17842452328258], [4.811529975522007, 52.17841105982345], [4.811541027204254, 52.17840437265713], [4.811544856073525, 52.178390909197496], [4.811559533650617, 52.178386486735164], [4.811582622761273, 52.1782967184477], [4.811589961532801, 52.17829450721438], [4.811593761385121, 52.17828329063371], [4.811604842018147, 52.17827435658031], [4.811605015970418, 52.178260875295145], [4.8115579083688695, 52.17822918725248], [4.8115433178288045, 52.17822686907223], [4.811543375819028, 52.17822237531052], [4.811536066052562, 52.17822233966013], [4.811525188390958, 52.17821554554115], [4.811521881462482, 52.17818856514515], [4.811532904095072, 52.17818412486012], [4.811562143135947, 52.17818426745962], [4.811569510883717, 52.17817980934661], [4.811653602108635, 52.178177972393655], [4.811664682703444, 52.17816903833442], [4.811664943603868, 52.17814881640613], [4.811679708053861, 52.17813765328574], [4.811690701670581, 52.17813545986682], [4.811690817621, 52.17812647234305], [4.81170181123442, 52.17812427892307], [4.811727598261654, 52.17810867549464], [4.811738736794716, 52.17809524766638], [4.811746307403532, 52.178075061375374], [4.811742884411703, 52.17805706850867], [4.811765596192212, 52.17799650963272], [4.811783899499259, 52.1779943518411], [4.811787728259553, 52.177980888372474], [4.811809831329919, 52.17796751398902], [4.811824856509809, 52.17793612892052], [4.811832195209979, 52.177933917671844], [4.8118396788090845, 52.177920472017384], [4.8118618397914865, 52.177902603861845], [4.811876835934744, 52.17787346566739], [4.811885043949739, 52.17780384798191], [4.811903347171972, 52.17780169017158], [4.8119180824712835, 52.17779277390157], [4.811921882197876, 52.17778155730919], [4.811929249843084, 52.17777709917323], [4.8119294816453, 52.17775912412396], [4.81194456461922, 52.17772324527649], [4.81197780587577, 52.177696443010824], [4.8119852893908845, 52.177682997346416], [4.811985492197514, 52.17766726917795], [4.811992859817453, 52.177662811037905], [4.811993033649326, 52.17764932975053], [4.812011597542222, 52.17762694999215], [4.812022619987208, 52.17762250966067], [4.812030161416455, 52.17760457023072], [4.812041241793055, 52.177595636134946], [4.812048985993845, 52.1775619685348], [4.812056382558715, 52.17755526350939], [4.812060442946409, 52.17752382498036], [4.812071610200515, 52.177508150237664], [4.812086287434761, 52.17750372770864], [4.812093770884633, 52.17749028203685], [4.812101109498082, 52.177488070771176], [4.812108737770796, 52.177463390691756], [4.812116134310289, 52.1774566856624], [4.812116366035014, 52.177438710611675], [4.81217162276693, 52.1774052744868], [4.812175827871959, 52.1773626015459], [4.81218331127101, 52.17734915586802], [4.812216494183768, 52.1773268472956], [4.8122351447082385, 52.17729772685609], [4.8122394366196195, 52.17724831326765], [4.812246775186019, 52.17724610199274], [4.812261626065186, 52.17722819815276], [4.812276332145774, 52.17722152871821], [4.8122875571614845, 52.17720136019104], [4.812291877961602, 52.177149699718235], [4.81229921650917, 52.17714748844003], [4.812303016084344, 52.17713627183387], [4.812310383584692, 52.17713181367338], [4.8123360250531215, 52.17712744451586], [4.812343421502589, 52.177120739471796], [4.812358098582365, 52.17711631690843], [4.812380027340536, 52.17711642370464], [4.812390904865243, 52.17712321774589], [4.812394299097057, 52.17714345747852], [4.8124159962668145, 52.177161539320466], [4.812422784761963, 52.177202018783916], [4.812415446211509, 52.17720423006981], [4.8124079918575715, 52.177215428881375], [4.812393314750062, 52.17721985145078], [4.812375040742499, 52.17721976245625], [4.81235299611965, 52.17722864318508], [4.812349109688025, 52.17724660043712], [4.812323004872133, 52.17728691970103], [4.812301047074164, 52.17728905977556], [4.812300989161867, 52.17729355353848], [4.812289995782636, 52.17729574701498], [4.812282570338934, 52.17730469893688], [4.8122750001048455, 52.177324885265534], [4.812274536784594, 52.17736083536852], [4.8122596858662305, 52.17737873920969], [4.812245037649325, 52.17738091487904], [4.812237612182365, 52.17738986679799], [4.812226589816295, 52.17739430714984], [4.812226531896315, 52.17739880091265], [4.812215509526934, 52.17740324126347], [4.81220750483097, 52.17745713080809], [4.8121853442088645, 52.17747499903045], [4.812177802864112, 52.17749293847085], [4.812170435290742, 52.17749739662262], [4.812166432909312, 52.17752434139301], [4.81214757949595, 52.177569189989455], [4.812140240871431, 52.177571401257985], [4.812136441217838, 52.177582617857915], [4.812121734997115, 52.177589287274365], [4.812110596706187, 52.17760271514032], [4.812099226675802, 52.17763411805534], [4.8120988211429925, 52.17766557439299], [4.812083999019632, 52.177681231329586], [4.81205093165276, 52.177694552338], [4.812039127010999, 52.17775965846475], [4.812024275864813, 52.17777756227471], [4.812024159982773, 52.17778654979947], [4.812013108526257, 52.177793237012104], [4.812009279850305, 52.17780670048861], [4.811998199414711, 52.17781563458098], [4.811964494504098, 52.17787838694988], [4.811949788160041, 52.17788505634438], [4.811931484905795, 52.17788721416187], [4.811924030315621, 52.17789841294121], [4.811916691625834, 52.17790062419558], [4.811916054152414, 52.17795005557964], [4.81190862852429, 52.17795900747675], [4.811901260846902, 52.177963465611214], [4.811890296260305, 52.177963412168836], [4.811890238305476, 52.177967905931006], [4.811871848079327, 52.17797680438231], [4.811867961387657, 52.177994761615835], [4.81185690985606, 52.178001448813475], [4.81185992718385, 52.17805089801156], [4.811845104848144, 52.17806655491682], [4.811826830495072, 52.17806646583685], [4.811801043526937, 52.17808206928716], [4.811796751046036, 52.17813148285169], [4.811785670486996, 52.17814041692343], [4.811785583538487, 52.17814715756632], [4.811767309152541, 52.17814706847708], [4.811756228583727, 52.17815600254604], [4.811730209653828, 52.17818958102803], [4.811730122696811, 52.17819632167083], [4.811722783948375, 52.178198532912965], [4.811718897177029, 52.17821649014076], [4.811685655376309, 52.178243292330265], [4.8116854234725475, 52.17826126737742], [4.81166317527344, 52.17828587614096], [4.811663001338623, 52.1782993574262], [4.811651862731564, 52.178312785246725], [4.811651717782929, 52.178324019651], [4.811633211399502, 52.178341905587686], [4.8116330374553415, 52.17835538687271], [4.811625669684834, 52.17835984498953], [4.811621782860084, 52.17837780221357], [4.811610731196516, 52.17838448938753], [4.811606873355627, 52.178400199730135], [4.811573544369057, 52.17843374252933], [4.811573312418814, 52.17845171757558], [4.811565944626396, 52.17845617568855], [4.8115583448760475, 52.178478608847236], [4.811547235187676, 52.1784897897766], [4.81154711920709, 52.17849877729959], [4.811539780399792, 52.17850098853013], [4.811521244901351, 52.178521121329325], [4.811524493860647, 52.17855259548523], [4.811513471136008, 52.1785570357691], [4.811509700237005, 52.17856600546586], [4.81150932327448, 52.17859521491506], [4.811494471636297, 52.178613118655015], [4.811490526740032, 52.17863556963515], [4.811479416995428, 52.178646750557775], [4.8114538325696365, 52.17864662576525], [4.811446261730469, 52.17866681203519], [4.811431526047582, 52.17867572824434], [4.811423984194857, 52.17869366763203], [4.811394367781359, 52.17872273444592], [4.811390509834551, 52.178738444780365], [4.811375745112824, 52.17874960786302], [4.811371974169703, 52.17875857755502], [4.811353612518923, 52.178765229043165], [4.811335337880834, 52.1787651398867]]]}}, {"type": "Feature", "properties": {"class": "parcel", "candidate_index": 19, "raw_confidence": 0.5001946393749677, "boundary_alignment_score": 0.5001946393749677, "area_m2": 1092.28125, "vertex_count": 157, "vectorization": {"threshold": 0.5, "close_pixels": 5, "boundary_width_pixels": 0, "edge_buffer_pixels": 2, "min_area_m2": 20, "max_area_m2": 250000, "simplify_tolerance_m": 0.25, "min_boundary_alignment": 0.0}, "source_tile_id": "tile-110000-460000", "vectorization_aoi": "vectorization_v2", "calibration": "parameters selected only on train_selected_0; target reference excluded"}, "geometry": {"type": "Polygon", "coordinates": [[[4.816974493712478, 52.16338242599751], [4.816908842496156, 52.16337312063362], [4.816883467804675, 52.163357268812454], [4.8168506709364145, 52.16335036922144], [4.81683240259817, 52.163350280925236], [4.816810652895952, 52.16333669363621], [4.816796009511921, 52.16333886988285], [4.816784933637678, 52.16334780445361], [4.816752050631092, 52.16334764550013], [4.816701215238507, 52.16332268244979], [4.81665737125499, 52.16332247047867], [4.816617295845088, 52.16331328860445], [4.816602824825594, 52.16330198349752], [4.816603140829962, 52.16327726772656], [4.816618100198911, 52.16325037573272], [4.8166401945096355, 52.163237000397764], [4.81664764545305, 52.16322580128694], [4.816633203180227, 52.16321224929529], [4.81660040645745, 52.16320534963474], [4.816585791834863, 52.163205278967055], [4.816582080721924, 52.163209755076466], [4.816574773409922, 52.16320971974172], [4.816567293721525, 52.16322316573625], [4.81654525685693, 52.16323204728098], [4.8165447684374625, 52.16327024438152], [4.8165374036536805, 52.16327470282097], [4.816511828024665, 52.163274579137635], [4.816504606899951, 52.16326780313383], [4.816471752687887, 52.16326539721401], [4.8164462632710645, 52.163258532851785], [4.816413380331846, 52.163258373803984], [4.816384352223328, 52.163242504203005], [4.8163771598621725, 52.16323348130313], [4.816377361035055, 52.16321775308554], [4.816381100907959, 52.163211030094395], [4.81640319527003, 52.16319765480384], [4.816417838626658, 52.16319547860585], [4.8164106175289945, 52.16318870259623], [4.81641081868982, 52.163172974378455], [4.816421894595311, 52.163164039842606], [4.816433114176912, 52.16314387086432], [4.8164625732582085, 52.16312603712932], [4.816502792130945, 52.16312398461461], [4.81650307945654, 52.163101515731555], [4.8165215488133635, 52.163085875860375], [4.81650696296241, 52.163083558294666], [4.816496088224169, 52.163076764620506], [4.816496145689912, 52.163072270843905], [4.816466916532407, 52.16307212948101], [4.816441484697859, 52.1630607713411], [4.8164268701229584, 52.16306070065382], [4.816419620308953, 52.16305617153291], [4.816401380829901, 52.16305383628182], [4.816383256306908, 52.16304251347478], [4.816383572430513, 52.16301779770351], [4.816390937187124, 52.16301333927342], [4.816398445630931, 52.162997646401294], [4.816409464020906, 52.16299320564292], [4.816409722655271, 52.16297298364798], [4.816373272507088, 52.16296606625171], [4.816366022713873, 52.162961537127416], [4.8163661951497785, 52.162948055797486], [4.816380895903357, 52.16294138582724], [4.816410096237763, 52.16294377409959], [4.816413519976519, 52.162961766878816], [4.816420769774604, 52.16296629600015], [4.816424739510685, 52.16294159790056], [4.816432075514605, 52.16293938635619], [4.816439583931406, 52.162923693481204], [4.816450631034041, 52.16291700583053], [4.816457938297974, 52.16291704117288], [4.816465389233348, 52.162905842072945], [4.816476407593979, 52.16290140130818], [4.816480176158789, 52.16289243142509], [4.816498444308664, 52.16289251977556], [4.816509347734523, 52.16289706656127], [4.816542230407908, 52.162897225581936], [4.816553105109536, 52.162904019252], [4.816560412371452, 52.16290405458803], [4.8165712583485645, 52.1629130951448], [4.8165930939553, 52.16291994181332], [4.816684377316758, 52.16292487722691], [4.816688145841783, 52.16291590733716], [4.816706414001805, 52.162915995655396], [4.816706270391027, 52.162927230097644], [4.81668431987022, 52.16292937100379], [4.816684233700391, 52.16293611166909], [4.816669532993754, 52.16294278167723], [4.816669446821656, 52.162949522342466], [4.816691196292489, 52.16296310965813], [4.816734953760833, 52.16297006228146], [4.816734752715461, 52.16298579050046], [4.8167236194742005, 52.162999218843], [4.816712601113894, 52.163003659630775], [4.816690679278785, 52.163003553649595], [4.816683458170573, 52.162996777656396], [4.816668843616136, 52.16299670699912], [4.8166579688743045, 52.16298991333977], [4.816658026323598, 52.16298541956297], [4.8166140390374705, 52.16299644201824], [4.816606674305893, 52.163000900462265], [4.816602762120016, 52.1630211047911], [4.816591628830225, 52.163034533121056], [4.81659879247521, 52.1630458028965], [4.816598591381398, 52.163061531115005], [4.816583948077486, 52.16306370733556], [4.8165582001908325, 52.163077064992535], [4.816550777980099, 52.16308601720967], [4.816543470688395, 52.16308598187302], [4.816539529735582, 52.163108433087764], [4.816546837030958, 52.16310846842467], [4.816550433218324, 52.1631129798696], [4.816579662402934, 52.16311312121178], [4.81659053716277, 52.16311991487822], [4.816612516508833, 52.16311552710142], [4.816670974882118, 52.163115809747794], [4.816696320638094, 52.16313390850337], [4.816729174765714, 52.16313631436054], [4.816765424072909, 52.163158959865555], [4.816787403421149, 52.16315457205622], [4.816787489575942, 52.16314783139106], [4.81679859411757, 52.163136649931275], [4.816853370154951, 52.163139161715115], [4.816878802139301, 52.16315051976632], [4.816878515002505, 52.163172988650395], [4.81685990216118, 52.16319986301927], [4.816815943429887, 52.16320863866081], [4.816797301818118, 52.16323775990794], [4.816793131234729, 52.16327818623744], [4.8168221020789215, 52.16329854951471], [4.81682204464563, 52.163303043291386], [4.816840456543112, 52.16329189714744], [4.816855387059139, 52.1632672520117], [4.816870087845176, 52.16326058198093], [4.8168740286454295, 52.16323813075551], [4.816877768445272, 52.163231407748526], [4.8168924692161434, 52.163224737714884], [4.816892526642211, 52.1632202439381], [4.816914506008255, 52.16321585610514], [4.816918245800125, 52.16320913309684], [4.8169255531123865, 52.16320916841033], [4.816929264190862, 52.16320469229007], [4.8169621758024235, 52.1632026043056], [4.816976876551211, 52.16319593426135], [4.817046267292985, 52.163198516574944], [4.817046181177159, 52.16320525724027], [4.8170606522779265, 52.16321656229312], [4.817060336527557, 52.163241278065954], [4.817056481935176, 52.16325698863245], [4.817041608944738, 52.163277140017016], [4.817041293183261, 52.16330185578951], [4.817059417978738, 52.16331317849533], [4.8170591883410045, 52.16333115360255], [4.817055477264979, 52.16333562972676], [4.8170298154805264, 52.16334224682091], [4.817029384886869, 52.163375950146566], [4.817018337756874, 52.16338263785089], [4.816974493712478, 52.16338242599751]]]}}, {"type": "Feature", "properties": {"class": "parcel", "candidate_index": 20, "raw_confidence": 0.49888124654535204, "boundary_alignment_score": 0.49888124654535204, "area_m2": 988.125, "vertex_count": 106, "vectorization": {"threshold": 0.5, "close_pixels": 5, "boundary_width_pixels": 0, "edge_buffer_pixels": 2, "min_area_m2": 20, "max_area_m2": 250000, "simplify_tolerance_m": 0.25, "min_boundary_alignment": 0.0}, "source_tile_id": "tile-110000-460000", "vectorization_aoi": "vectorization_v2", "calibration": "parameters selected only on train_selected_0; target reference excluded"}, "geometry": {"type": "Polygon", "coordinates": [[[4.78847088847785, 52.17941536279605], [4.7884563590807785, 52.179408548017264], [4.788423554850079, 52.17940164053168], [4.7883359261246525, 52.17939445488965], [4.788321638083618, 52.17936966511168], [4.7882851789381755, 52.17936273904314], [4.788267024791706, 52.1793536588226], [4.788241470216756, 52.1793512821241], [4.788230595838509, 52.17934448586437], [4.788208696233396, 52.179342127705986], [4.788175952436884, 52.17933072640602], [4.788135747858846, 52.1793305223607], [4.78810297391255, 52.17932136791326], [4.7880664243041995, 52.179321182395476], [4.787993445818733, 52.179311823835064], [4.7879607926522345, 52.17929368185721], [4.787898869669132, 52.179277638286415], [4.787898930043675, 52.179273144540986], [4.787891650317735, 52.179270860552975], [4.787899624349883, 52.179221466468064], [4.787925480690787, 52.17920137451294], [4.787947500950649, 52.17919474523273], [4.787943936555049, 52.17918798605837], [4.78792212760019, 52.17917888722855], [4.78791143443194, 52.17915860970272], [4.787904124537125, 52.17915857258823], [4.787900409215542, 52.17916304777636], [4.787860234979433, 52.179160596764646], [4.787860476492257, 52.179142621782596], [4.787875186841612, 52.179135955398166], [4.7878721054774465, 52.179093246257075], [4.787879445549607, 52.179091036500715], [4.787879536113854, 52.17908429588234], [4.787864946537486, 52.17908197477628], [4.787843530118981, 52.179043666585514], [4.787832565305138, 52.179043610907335], [4.787832172829536, 52.17907282025361], [4.78782483275805, 52.179075030007], [4.787821057053472, 52.17908399893825], [4.787802782347288, 52.17908390613729], [4.787791787331121, 52.1790860973281], [4.7877843566768234, 52.17909504769724], [4.78776608196621, 52.17909495489056], [4.787766444291591, 52.17906799241751], [4.787788857013128, 52.179032153820685], [4.787818126700202, 52.17903005543148], [4.787843681068214, 52.17903243222149], [4.78784362068853, 52.179036925967104], [4.787850930563338, 52.179036963085274], [4.787862287831298, 52.179007809415154], [4.787887993126886, 52.17899895183149], [4.787913577667153, 52.17899908173349], [4.7879317014120035, 52.17901040888146], [4.787968099847167, 52.17902182880482], [4.787978642093422, 52.179053340690174], [4.787996765876832, 52.1790646678281], [4.788033254913944, 52.17906934711285], [4.788036849493827, 52.17907385941178], [4.788073308364401, 52.17908078555699], [4.788080557890752, 52.17908531640667], [4.788117077129761, 52.179087748792654], [4.7881316063704995, 52.17909456361334], [4.788164410329957, 52.17910147118008], [4.788233733564007, 52.17911081108755], [4.788259137155897, 52.17912442215215], [4.788288346546864, 52.179126817392245], [4.788331994729969, 52.17914276803988], [4.788375763596904, 52.17914973117965], [4.788390262735048, 52.17915879284146], [4.788408175535368, 52.17918584802671], [4.7884154854351975, 52.17918588510997], [4.788419080063153, 52.1791903973973], [4.788437354814644, 52.179190490102904], [4.788437204014265, 52.17920172446759], [4.788426208999959, 52.179203915717466], [4.788422433405237, 52.17921288466793], [4.788407723111984, 52.17921955112054], [4.78838579339601, 52.17921943986796], [4.788371113258569, 52.179223859443105], [4.788363652533509, 52.17923505672158], [4.788334171579814, 52.179252883356014], [4.788319491426259, 52.1792573029247], [4.788290251780618, 52.1792571545651], [4.788261102642214, 52.179250265579704], [4.78821358822607, 52.17925002446822], [4.788198847717291, 52.179258937767536], [4.788198787372995, 52.17926343151318], [4.788217031982588, 52.1792657711258], [4.788216971640115, 52.17927026487146], [4.788245939765984, 52.179290635104756], [4.788318857938147, 52.1793044872548], [4.78832610752578, 52.17930901808933], [4.788351631916614, 52.179313641642366], [4.788355226548344, 52.179318153931554], [4.788421046002973, 52.179316240821436], [4.788428295602919, 52.179320771649714], [4.788446570407863, 52.17932086435397], [4.7884757196212036, 52.1793277532936], [4.788490218837442, 52.179336814942914], [4.788493753170352, 52.17934582097367], [4.7885046577459445, 52.1793503703363], [4.788511816890561, 52.179361641778094], [4.788522721471867, 52.17936619113902], [4.78852248022439, 52.17938416612217], [4.788507528635764, 52.179408807570056], [4.788492818290446, 52.17941547403297], [4.78847088847785, 52.17941536279605]]]}}, {"type": "Feature", "properties": {"class": "parcel", "candidate_index": 21, "raw_confidence": 0.5017200392321683, "boundary_alignment_score": 0.5017200392321683, "area_m2": 793.625, "vertex_count": 78, "vectorization": {"threshold": 0.5, "close_pixels": 5, "boundary_width_pixels": 0, "edge_buffer_pixels": 2, "min_area_m2": 20, "max_area_m2": 250000, "simplify_tolerance_m": 0.25, "min_boundary_alignment": 0.0}, "source_tile_id": "tile-110000-460000", "vectorization_aoi": "vectorization_v2", "calibration": "parameters selected only on train_selected_0; target reference excluded"}, "geometry": {"type": "Polygon", "coordinates": [[[4.808717916303567, 52.164133193910594], [4.8087106671001685, 52.16412866431771], [4.808681437282947, 52.16412852102496], [4.808663314288382, 52.164117197036305], [4.808645074786541, 52.164114860586444], [4.808637825593523, 52.164110330989075], [4.808590385424415, 52.16410560433462], [4.8085575892981876, 52.16409870244012], [4.80854306180243, 52.16409189011958], [4.808528446906192, 52.16409181845335], [4.808499391932518, 52.164078193803306], [4.808470191287149, 52.164075803572906], [4.808364524762121, 52.16405281503313], [4.808335324140714, 52.1640504247694], [4.808317172120276, 52.16404134761289], [4.808280693217173, 52.16403667460348], [4.80826979035488, 52.16403212705899], [4.8082478680407625, 52.16403201950825], [4.808233311464337, 52.16402745403491], [4.808200457148262, 52.16402504581182], [4.808178622295458, 52.16401819759234], [4.808160353706294, 52.164018107952955], [4.808145884605931, 52.16400680181291], [4.808116771493464, 52.163997670839215], [4.808043755490195, 52.163992818455796], [4.808036506378155, 52.16398828882146], [4.807981846460855, 52.1639767854025], [4.807967348256045, 52.16396772612587], [4.807898044364782, 52.16395839781586], [4.80784689238595, 52.16395814669682], [4.807846950724322, 52.163953652926395], [4.807839672469113, 52.16395137016521], [4.807799481635214, 52.16395117283937], [4.807792261726712, 52.16394439630486], [4.807792640961497, 52.1639151867972], [4.807800006722938, 52.16391072890562], [4.8077965572158705, 52.16389498276971], [4.807818479461237, 52.16389509040421], [4.8078258743869675, 52.163888385625775], [4.807836864677695, 52.16388619255555], [4.80786609433262, 52.16388633605731], [4.8078842170308125, 52.163897660168466], [4.807931598573219, 52.1639068808771], [4.8079463009000465, 52.163900211961376], [4.807997511136294, 52.16389596926668], [4.808034339810774, 52.16387367973998], [4.8080599157523745, 52.16387380526161], [4.808070789396726, 52.163880599710794], [4.808099931579828, 52.16388748381056], [4.808140122358085, 52.16388768103398], [4.808183879387449, 52.16389463682723], [4.8082493837872455, 52.16391518147082], [4.808282208877901, 52.16391983656555], [4.808289458003849, 52.163924366184844], [4.808322283105485, 52.16392902126842], [4.80834046422567, 52.16393585153887], [4.808387933329405, 52.163938331408225], [4.808402489892689, 52.16394289686258], [4.808439027010778, 52.16394307606353], [4.808460891005284, 52.1639476773495], [4.80846448644134, 52.163952189039136], [4.808493599595667, 52.163961319927125], [4.80851186816245, 52.16396140951491], [4.808566528198549, 52.16397291268851], [4.8085701236473275, 52.16397742437491], [4.808581084791463, 52.163977478120806], [4.808602919686431, 52.163984326265926], [4.808606515139808, 52.1639888379512], [4.808642935780076, 52.16399800463086], [4.80866105872116, 52.164009328622825], [4.808679269053412, 52.16401391195562], [4.808697362883768, 52.16402748282748], [4.808715573227171, 52.164032066154675], [4.808722793290268, 52.16403884263278], [4.808766463190616, 52.1640525388665], [4.8088135247545, 52.16408647496136], [4.808813175306839, 52.164113437587005], [4.8087910199768515, 52.164131305220835], [4.808717916303567, 52.164133193910594]]]}}, {"type": "Feature", "properties": {"class": "parcel", "candidate_index": 22, "raw_confidence": 0.5003172500291839, "boundary_alignment_score": 0.5003172500291839, "area_m2": 583.53125, "vertex_count": 85, "vectorization": {"threshold": 0.5, "close_pixels": 5, "boundary_width_pixels": 0, "edge_buffer_pixels": 2, "min_area_m2": 20, "max_area_m2": 250000, "simplify_tolerance_m": 0.25, "min_boundary_alignment": 0.0}, "source_tile_id": "tile-110000-460000", "vectorization_aoi": "vectorization_v2", "calibration": "parameters selected only on train_selected_0; target reference excluded"}, "geometry": {"type": "Polygon", "coordinates": [[[4.788409231560368, 52.17611192108087], [4.7883801146173965, 52.17610278525008], [4.788376550401388, 52.17609602608546], [4.788365646633256, 52.17609147670965], [4.788354863513306, 52.17607793983638], [4.788355134966494, 52.17605771796921], [4.788340757489763, 52.17603966880324], [4.788322604681862, 52.176030588588105], [4.788304361389421, 52.17602824899255], [4.7882972631576095, 52.17601248378427], [4.78828270472857, 52.176007915855976], [4.788286630901679, 52.175987712533946], [4.788301370309129, 52.17597879921692], [4.7883051456517585, 52.1759698302649], [4.788338067990876, 52.17596775028701], [4.788356250937736, 52.175974583625646], [4.788367245158681, 52.17597239237985], [4.788356522389474, 52.17595436175814], [4.788338399775195, 52.175943034671135], [4.788312816986392, 52.17594290486386], [4.788298258578437, 52.175938336937435], [4.788254402374045, 52.175938114392345], [4.788232383769451, 52.175944743736075], [4.7882248330577095, 52.175962681635305], [4.788239361298841, 52.17596949644493], [4.788250325357583, 52.17596955208412], [4.788250144357608, 52.17598303332891], [4.788261078253571, 52.175985335841254], [4.7882609274229075, 52.1759965702119], [4.788253618045971, 52.175996533119864], [4.788235042929209, 52.176018909128835], [4.788220333663464, 52.1760255755634], [4.78816913782144, 52.17602756276601], [4.788154368199929, 52.17603872294045], [4.788132379703475, 52.1760431053913], [4.7881286646655665, 52.176047580589426], [4.788088463047395, 52.17604737653242], [4.788066625420132, 52.176040524600744], [4.78805215753577, 52.176029216021895], [4.788037599126503, 52.17602464806341], [4.788037719836144, 52.176015660567224], [4.788030470811856, 52.17601112971325], [4.788026967012016, 52.1759998767899], [4.788027238613255, 52.17597965492347], [4.788038323383508, 52.17597072308616], [4.7880458741715906, 52.175952785199016], [4.788097401850742, 52.175926082434685], [4.788159531455574, 52.175926397784764], [4.788152282433351, 52.17592186693819], [4.7881489596399165, 52.17589713277353], [4.788174813935358, 52.175877040749064], [4.7881823344825865, 52.175861349726915], [4.788207917224114, 52.1758614795624], [4.788218820919963, 52.17586602895285], [4.788226009604326, 52.175875053543685], [4.788244282996848, 52.17587514627713], [4.78825536769766, 52.17586621441919], [4.788255548695438, 52.17585273317409], [4.788270288064368, 52.17584381986068], [4.788310640317649, 52.175832789484424], [4.788332568368182, 52.17583290074852], [4.7883468251285315, 52.17585993741285], [4.788361323193992, 52.17586899908172], [4.788375911746074, 52.17587132012618], [4.788394034340835, 52.175882647207494], [4.788397568383411, 52.17589165324607], [4.7884266550346055, 52.17590303594688], [4.788433813609652, 52.175914307399246], [4.788452026705933, 52.17591889384901], [4.78845912497773, 52.17593465904829], [4.78848105307883, 52.17593477028485], [4.788495611504437, 52.175939338188755], [4.788510079472396, 52.17595064671348], [4.788517388842091, 52.175950683789644], [4.788539105886636, 52.175966523135], [4.7885461740449875, 52.17598453520319], [4.788571575955657, 52.175998146205345], [4.788578704432387, 52.17601166452305], [4.788578463231106, 52.176029639516806], [4.788571093547314, 52.17603409619287], [4.788563482654543, 52.17605652786213], [4.788523100107788, 52.17606980519837], [4.7884899364643525, 52.176089860221104], [4.788464263122815, 52.176096471069044], [4.788449493552115, 52.17610763128034], [4.788409231560368, 52.17611192108087]]]}}, {"type": "Feature", "properties": {"class": "parcel", "candidate_index": 23, "raw_confidence": 0.4986950339654745, "boundary_alignment_score": 0.4986950339654745, "area_m2": 520.96875, "vertex_count": 60, "vectorization": {"threshold": 0.5, "close_pixels": 5, "boundary_width_pixels": 0, "edge_buffer_pixels": 2, "min_area_m2": 20, "max_area_m2": 250000, "simplify_tolerance_m": 0.25, "min_boundary_alignment": 0.0}, "source_tile_id": "tile-110000-460000", "vectorization_aoi": "vectorization_v2", "calibration": "parameters selected only on train_selected_0; target reference excluded"}, "geometry": {"type": "Polygon", "coordinates": [[[4.788139187830089, 52.179074378857806], [4.788106444247739, 52.17906297753834], [4.788106595130828, 52.17905174317393], [4.788117590123169, 52.17904955195373], [4.788121335589345, 52.17904282988574], [4.788103181606304, 52.17903374963972], [4.788088893809516, 52.179008959832416], [4.788070739846862, 52.1789998795814], [4.788019570764386, 52.178999619839956], [4.787913788971079, 52.178983353623615], [4.787899923912799, 52.178927107573344], [4.787892644243225, 52.17892482358534], [4.787892885741323, 52.17890684860246], [4.787900255968616, 52.178902391971825], [4.7879004069029385, 52.17889115760748], [4.7879332710472395, 52.17889357149266], [4.78794049034413, 52.178900349223895], [4.7879403394198645, 52.178911583588295], [4.787951274017111, 52.17891388612929], [4.788006097928126, 52.17891416445442], [4.788013468145345, 52.178909707816686], [4.788009933943693, 52.17890070177109], [4.7879953746025725, 52.1788961338082], [4.787988245845292, 52.17888261546159], [4.787959217733932, 52.178866738909974], [4.787959429020943, 52.17885101079961], [4.787966859599287, 52.17884206041895], [4.787985134206815, 52.17884215319437], [4.7879922629567355, 52.17885567154126], [4.788017817234294, 52.17885804829346], [4.788025187441049, 52.17885359165497], [4.788050771898448, 52.17885372152715], [4.788079890567419, 52.178862857437444], [4.788116409624268, 52.17886528982343], [4.788123628944478, 52.178872067543566], [4.788134593716617, 52.178872123194594], [4.7881636520676745, 52.178885752830176], [4.78821463999447, 52.17889949374684], [4.78822185933515, 52.17890627146094], [4.788240103799924, 52.178908611069886], [4.78824732314595, 52.178915388782436], [4.788258287928941, 52.17891544442201], [4.788272817135299, 52.17892225922544], [4.7883239861309335, 52.178922518856986], [4.788353074736927, 52.17893390157291], [4.788385938937732, 52.17893631533213], [4.78840043800874, 52.1789453769929], [4.7884001967149405, 52.17896335197701], [4.7883891414330515, 52.178970036969666], [4.788396089354031, 52.178997036530085], [4.788384973738075, 52.179008215268276], [4.788384611787278, 52.179035177744105], [4.788369690403694, 52.17905757230307], [4.788362380524945, 52.17905753521704], [4.7883476401096114, 52.17906644853539], [4.788296470948655, 52.179066188913865], [4.788256387284681, 52.179056997418286], [4.788165013804054, 52.17905653372227], [4.788157673751661, 52.179058743496434], [4.788157462533282, 52.17907447160669], [4.788139187830089, 52.179074378857806]]]}}, {"type": "Feature", "properties": {"class": "parcel", "candidate_index": 24, "raw_confidence": 0.4993760618381202, "boundary_alignment_score": 0.4993760618381202, "area_m2": 352.15625, "vertex_count": 79, "vectorization": {"threshold": 0.5, "close_pixels": 5, "boundary_width_pixels": 0, "edge_buffer_pixels": 2, "min_area_m2": 20, "max_area_m2": 250000, "simplify_tolerance_m": 0.25, "min_boundary_alignment": 0.0}, "source_tile_id": "tile-110000-460000", "vectorization_aoi": "vectorization_v2", "calibration": "parameters selected only on train_selected_0; target reference excluded"}, "geometry": {"type": "Polygon", "coordinates": [[[4.793175638295985, 52.16345827005681], [4.7931757579263525, 52.16344928253432], [4.79316485675274, 52.16344473359608], [4.7931612928147445, 52.16343797456168], [4.793161502172782, 52.163422246397296], [4.793172552879191, 52.16341556093266], [4.79317267251003, 52.16340657341013], [4.793198367754339, 52.16339771463054], [4.793198517286301, 52.163386480227274], [4.793216875293556, 52.16337983154112], [4.793217114537072, 52.16336185649578], [4.793254249169875, 52.16331710278499], [4.793254488397896, 52.16329912773936], [4.7932694618348854, 52.16327223872867], [4.793269551543002, 52.16326549808651], [4.793258590598121, 52.163265442918274], [4.793258740114341, 52.16325420851467], [4.793277008351228, 52.163254300461084], [4.793280572292203, 52.16326105949222], [4.793280781607111, 52.16324533132712], [4.793288178605658, 52.16323862746243], [4.793295814812754, 52.16321394855127], [4.793321480021599, 52.163207336625135], [4.793325253264539, 52.16319836748961], [4.793339927634088, 52.16319394727718], [4.793343730771074, 52.16318273126024], [4.793358494828087, 52.16317157040314], [4.793355319560168, 52.163135601923834], [4.793362716529274, 52.163128898054325], [4.793362955712281, 52.16311092300783], [4.793388919817374, 52.16308184225852], [4.79339272293238, 52.163070626239765], [4.793400030197203, 52.16307066301037], [4.793407427148796, 52.163063959137915], [4.7934075467310935, 52.163054971614514], [4.793414913783759, 52.16305051462247], [4.793411648792594, 52.16302128678654], [4.793415362211261, 52.16301681140951], [4.793433690139801, 52.16301240956979], [4.793437672601582, 52.162987712264155], [4.793452346890683, 52.16298329203746], [4.793448872625931, 52.16296979236845], [4.793463546908026, 52.16296537214033], [4.793467619026308, 52.16293393419068], [4.793478699457596, 52.16292500181568], [4.793482532428186, 52.162911538912745], [4.79350094997906, 52.162900396419616], [4.793533832545929, 52.16290056185328], [4.79356629668889, 52.162932183611154], [4.79356605758905, 52.16295015865877], [4.793554977168951, 52.16295909104195], [4.79355117410433, 52.16297030706621], [4.793514488411187, 52.162981357660335], [4.793510775005417, 52.162985833040494], [4.793509997856215, 52.16304425194397], [4.79350613499174, 52.16305996172836], [4.793491221551785, 52.16308235700865], [4.793480200867673, 52.16308679562284], [4.793476427665387, 52.163095764763504], [4.793461663662978, 52.16310692563563], [4.793435968638416, 52.16311578447336], [4.793425007730048, 52.16311572932069], [4.793431657325238, 52.163165197467436], [4.793420606719717, 52.163171882956796], [4.793413060275146, 52.163189821233885], [4.7934020395567005, 52.16319425984063], [4.7933869466389005, 52.16323013639179], [4.793350260691383, 52.16324118693397], [4.793345949270619, 52.16329059992373], [4.793338522372833, 52.16329955067269], [4.793327053122223, 52.1633376924832], [4.7933122890022215, 52.16334885333598], [4.793308455942182, 52.16336231623222], [4.7932752740111, 52.163384619542136], [4.793274825472961, 52.163418322752236], [4.793267278927735, 52.163436261019136], [4.793252544663811, 52.163445174983515], [4.793205047045067, 52.163444935906746], [4.7931939066161995, 52.16345836201626], [4.793175638295985, 52.16345827005681]]]}}, {"type": "Feature", "properties": {"class": "parcel", "candidate_index": 25, "raw_confidence": 0.5031614907784387, "boundary_alignment_score": 0.5031614907784387, "area_m2": 333.96875, "vertex_count": 67, "vectorization": {"threshold": 0.5, "close_pixels": 5, "boundary_width_pixels": 0, "edge_buffer_pixels": 2, "min_area_m2": 20, "max_area_m2": 250000, "simplify_tolerance_m": 0.25, "min_boundary_alignment": 0.0}, "source_tile_id": "tile-110000-460000", "vectorization_aoi": "vectorization_v2", "calibration": "parameters selected only on train_selected_0; target reference excluded"}, "geometry": {"type": "Polygon", "coordinates": [[[4.799333450076024, 52.18030360891864], [4.799278683595292, 52.18029884210137], [4.799245995487964, 52.1802829501176], [4.799147575849456, 52.1802622366246], [4.799133103784482, 52.18025092940646], [4.79912213865562, 52.18025087477693], [4.799114917438794, 52.180244097728455], [4.799092987184516, 52.1802439884649], [4.799074800847827, 52.180237156780734], [4.799034625015295, 52.1802347095714], [4.79900187778475, 52.180223311272115], [4.798987257622275, 52.1802232384162], [4.7989800364304385, 52.18021646135951], [4.798958195082847, 52.18020961144288], [4.798885123928504, 52.18020700024221], [4.79886328260019, 52.18020015030802], [4.7988596868332145, 52.18019563833797], [4.798845096316681, 52.180193318588486], [4.798819777790744, 52.1801729691717], [4.798757731095242, 52.1801659187979], [4.798735919448725, 52.18015682196422], [4.798695773351667, 52.180152127763684], [4.798681301437095, 52.18014082049018], [4.798659460172612, 52.18013397051828], [4.7986375299739485, 52.18013386117016], [4.798626653817226, 52.180127065866756], [4.798582852726463, 52.18012235340245], [4.798553760725461, 52.18011097320551], [4.798553879330132, 52.180101985701825], [4.798546658223825, 52.180095208618624], [4.798469991563156, 52.18008808518145], [4.798440869956556, 52.18007895183259], [4.798422594814121, 52.18007886067562], [4.79841911773322, 52.18006536118857], [4.79845201297969, 52.18006552527], [4.798470347427414, 52.18006112267059], [4.798547102996221, 52.18006150547973], [4.7985762542633115, 52.180068391926504], [4.798616133440265, 52.180093308051134], [4.798707420255223, 52.18010050428577], [4.798725636122271, 52.18010508915057], [4.798725576837245, 52.18010958290251], [4.798747447741423, 52.18011418598623], [4.798754668881355, 52.18012096305716], [4.7989006330986665, 52.18013966683063], [4.798907913532752, 52.180141950140175], [4.798911450033939, 52.18015095586084], [4.798933261713526, 52.18016005266216], [4.798944226819756, 52.180160107309234], [4.798966038510525, 52.180169204104516], [4.799020775170404, 52.18017621794274], [4.799035306436627, 52.1801830314226], [4.799049926586025, 52.18018310427257], [4.799097145833325, 52.180205809782954], [4.799170157758251, 52.18021291460453], [4.799184659439825, 52.18022197494209], [4.799191969521059, 52.18022201135805], [4.799199161127293, 52.18023103527789], [4.799217406716312, 52.180233373190774], [4.799224657564492, 52.18023790335686], [4.799275828151992, 52.18023815824172], [4.799312319345916, 52.18024283404097], [4.799352169479651, 52.18026999679308], [4.799384916834353, 52.180281394995276], [4.799421408075212, 52.18028607076081], [4.799432284392015, 52.18029286599105], [4.799432136356632, 52.180304100371664], [4.799333450076024, 52.18030360891864]]]}}, {"type": "Feature", "properties": {"class": "parcel", "candidate_index": 26, "raw_confidence": 0.4988351917968077, "boundary_alignment_score": 0.4988351917968077, "area_m2": 323.03125, "vertex_count": 60, "vectorization": {"threshold": 0.5, "close_pixels": 5, "boundary_width_pixels": 0, "edge_buffer_pixels": 2, "min_area_m2": 20, "max_area_m2": 250000, "simplify_tolerance_m": 0.25, "min_boundary_alignment": 0.0}, "source_tile_id": "tile-110000-460000", "vectorization_aoi": "vectorization_v2", "calibration": "parameters selected only on train_selected_0; target reference excluded"}, "geometry": {"type": "Polygon", "coordinates": [[[4.816067634122337, 52.16315109066491], [4.816060384330231, 52.16314656152204], [4.815994704895233, 52.16313950253798], [4.81598385898029, 52.16313046192861], [4.815965619493954, 52.1631281266102], [4.815947638854332, 52.163105569295844], [4.81593302426578, 52.16310549854734], [4.815925774494758, 52.16310096939619], [4.8159001702046345, 52.163103092468525], [4.8158527303255765, 52.163098368734055], [4.8158454805638815, 52.16309383957797], [4.815845624392103, 52.163082605137426], [4.815856614092837, 52.16308041131896], [4.815856700388062, 52.16307367065462], [4.815849450629968, 52.16306914149874], [4.815812885421749, 52.16307121148188], [4.81579470350505, 52.16306438236087], [4.8157691567687495, 52.16306201162863], [4.815769214307682, 52.16305751785247], [4.815758253378343, 52.16305746477471], [4.815758051988157, 52.16307319299132], [4.815743379869047, 52.16307761599554], [4.815692257616221, 52.163075121391365], [4.815692315162919, 52.16307062761524], [4.8156777581344965, 52.163066063059034], [4.8156670561747115, 52.1630457879802], [4.815630548530267, 52.16304336413075], [4.815634403605825, 52.163027653611], [4.815649075719238, 52.163023230620276], [4.815649277147545, 52.16300750240381], [4.815638431334701, 52.162998461762626], [4.815642286403542, 52.16298275124243], [4.815653304864821, 52.1629783105548], [4.815653362415282, 52.1629738167786], [4.815671630596344, 52.162973905257154], [4.815675226684314, 52.16297841672873], [4.81569343732089, 52.16298299898005], [4.8157701636981365, 52.16298337054486], [4.815781067071686, 52.16298791739775], [4.81581392104149, 52.16299032350963], [4.815861216977651, 52.16300628170038], [4.815890187219549, 52.163026645206536], [4.815952212830456, 52.163033686561946], [4.815963001196144, 52.16304722095065], [4.8159739046049905, 52.163051767785696], [4.816028680490269, 52.16305427995225], [4.816057765859618, 52.163065655864564], [4.816127127592065, 52.16307048560665], [4.816156097997156, 52.16309084904753], [4.816163405289255, 52.16309088440817], [4.816181529775926, 52.16310220724883], [4.816184809691453, 52.16313143447508], [4.816170137595268, 52.16313585753235], [4.816158975396748, 52.163151532709115], [4.816137053490698, 52.16315142662494], [4.816133543595668, 52.163140174503], [4.816126265047078, 52.1631378922523], [4.816107968045227, 52.16314005073223], [4.816107881787794, 52.163146791396755], [4.816100516980884, 52.16315124980897], [4.816067634122337, 52.16315109066491]]]}}, {"type": "Feature", "properties": {"class": "parcel", "candidate_index": 27, "raw_confidence": 0.4938599825836718, "boundary_alignment_score": 0.4938599825836718, "area_m2": 296.0625, "vertex_count": 78, "vectorization": {"threshold": 0.5, "close_pixels": 5, "boundary_width_pixels": 0, "edge_buffer_pixels": 2, "min_area_m2": 20, "max_area_m2": 250000, "simplify_tolerance_m": 0.25, "min_boundary_alignment": 0.0}, "source_tile_id": "tile-110000-460000", "vectorization_aoi": "vectorization_v2", "calibration": "parameters selected only on train_selected_0; target reference excluded"}, "geometry": {"type": "Polygon", "coordinates": [[[4.812578188445035, 52.176771347114205], [4.81255631774161, 52.17676674659157], [4.812556491398616, 52.17675326530106], [4.812567542515541, 52.17674657803577], [4.812582653572327, 52.17670845221743], [4.8125828272210756, 52.17669497092675], [4.81259019462045, 52.17669051274833], [4.812590339325775, 52.17667927833933], [4.81260150618121, 52.17666360354361], [4.812601679824031, 52.17665012225277], [4.8126090761541835, 52.17664341719131], [4.812620040417388, 52.17664347056644], [4.812620127235962, 52.17663672992095], [4.812634775190185, 52.17663455420438], [4.8126423162047445, 52.176616614731635], [4.812638835083883, 52.17660311564972], [4.812616906577288, 52.17660300890198], [4.812584245348002, 52.17658487371808], [4.812580966837214, 52.17655564646152], [4.812592046842255, 52.176546712311826], [4.812668738644723, 52.176551579690894], [4.812698179168642, 52.17653599383423], [4.81272085993575, 52.17647768163732], [4.812728227285379, 52.17647322345006], [4.812739191506929, 52.176473276814065], [4.812746674586009, 52.17645983109793], [4.8127576966691725, 52.17645539069629], [4.812761756459437, 52.17642395213626], [4.812754475919031, 52.176421669679875], [4.812754649514389, 52.176408188388145], [4.812769384182426, 52.17639927200876], [4.8127876867857085, 52.1763971140598], [4.8127913993813936, 52.17639263808213], [4.812835429759718, 52.17637937021646], [4.812835921542979, 52.17634117322246], [4.812843549210609, 52.176316493089764], [4.812850887593697, 52.176314281776655], [4.812850945448933, 52.17630978801261], [4.812869219084886, 52.17630987693295], [4.812869103378081, 52.17631886446103], [4.81287641283396, 52.176318900028384], [4.812876644244573, 52.176300924972125], [4.812891349927191, 52.176294255459325], [4.812909623556888, 52.17629434437335], [4.8129093921596136, 52.17631231942974], [4.812898399052139, 52.176314512963614], [4.812894657548294, 52.17632123582679], [4.812883693363879, 52.176321182477324], [4.812883461955972, 52.176339157533526], [4.81286869840384, 52.17635032080931], [4.812868524843251, 52.17636380210138], [4.812857387084386, 52.17637723004143], [4.812849701558378, 52.176406403938806], [4.812823886980273, 52.17642425450103], [4.812823742334858, 52.17643548891087], [4.812816346071531, 52.176442193986105], [4.812804340374523, 52.17652302837918], [4.8127822672505065, 52.17653415607183], [4.812767648268404, 52.176534084924924], [4.81276010731831, 52.17655202440601], [4.8127490852114665, 52.17655646480772], [4.812745285798386, 52.176567681429574], [4.812737947368344, 52.17656989273595], [4.812737831634205, 52.17657888026348], [4.812715613792596, 52.17660124235288], [4.812711496083358, 52.17663717467397], [4.812722460345188, 52.176637228039596], [4.812714832555032, 52.176661908162956], [4.812703781481168, 52.17666859544213], [4.812700010982568, 52.17667756518044], [4.812688988838686, 52.17668200557642], [4.812677850945996, 52.17669543349863], [4.812677735199323, 52.17670442102587], [4.812659345651804, 52.176713319602875], [4.812659172026091, 52.176726800893704], [4.8126443793508455, 52.17674021102221], [4.812636838316023, 52.176758150494635], [4.812611081328943, 52.17677150724525], [4.812578188445035, 52.176771347114205]]]}}, {"type": "Feature", "properties": {"class": "parcel", "candidate_index": 28, "raw_confidence": 0.5006364468882338, "boundary_alignment_score": 0.5006364468882338, "area_m2": 290.3125, "vertex_count": 50, "vectorization": {"threshold": 0.5, "close_pixels": 5, "boundary_width_pixels": 0, "edge_buffer_pixels": 2, "min_area_m2": 20, "max_area_m2": 250000, "simplify_tolerance_m": 0.25, "min_boundary_alignment": 0.0}, "source_tile_id": "tile-110000-460000", "vectorization_aoi": "vectorization_v2", "calibration": "parameters selected only on train_selected_0; target reference excluded"}, "geometry": {"type": "Polygon", "coordinates": [[[4.788264647048033, 52.17626398531849], [4.788235499868024, 52.17625709632617], [4.788224656411409, 52.17624805318941], [4.788210067744124, 52.17624573212627], [4.788188320511123, 52.17623213959508], [4.788181131777133, 52.176223115002465], [4.788185329546748, 52.176182689818454], [4.788159957820793, 52.17616683185959], [4.788145339011345, 52.17616675766241], [4.788141623964387, 52.17617123286092], [4.788112386342743, 52.17617108446028], [4.788097858055531, 52.17616426963525], [4.788097918404535, 52.1761597758872], [4.788090609001026, 52.17615973878503], [4.788072486371207, 52.17614841165761], [4.788062367204405, 52.17608544352942], [4.788084536779183, 52.17606757984752], [4.7881137743328575, 52.17606772825496], [4.788124647896331, 52.17607452452802], [4.788142921370302, 52.1760746172773], [4.788150291103484, 52.176070160628136], [4.788175873964666, 52.17607029047076], [4.788190432403042, 52.17607485841224], [4.788204930506335, 52.17608392010001], [4.78821208905414, 52.17609519156548], [4.7882081628376145, 52.17611539488458], [4.788215411896904, 52.17611992572759], [4.788215019705545, 52.17614913509035], [4.788240572444966, 52.1761515117931], [4.788244317647469, 52.176144789717426], [4.788251627048694, 52.17614482681005], [4.788266366515173, 52.17613591349774], [4.788302943678426, 52.176133852075566], [4.788321518809269, 52.17611147605632], [4.788343446996856, 52.17611158731855], [4.788350665907576, 52.176118365027406], [4.788372563938018, 52.17612072315837], [4.788390626313558, 52.17613654398809], [4.78839793571359, 52.17613658107171], [4.788401530095246, 52.17614109336154], [4.788419803597245, 52.176141186068], [4.788430677225329, 52.17614798231288], [4.788422915451626, 52.176181648343025], [4.788382351788575, 52.17620840687519], [4.788374861413251, 52.176221851035066], [4.7883675519992694, 52.17622181395006], [4.78835278236278, 52.17623297414894], [4.788345472946999, 52.176232937062494], [4.78830856390088, 52.17625971411216], [4.788290230020826, 52.17626411513649], [4.788264647048033, 52.17626398531849]]]}}, {"type": "Feature", "properties": {"class": "parcel", "candidate_index": 29, "raw_confidence": 0.49822789218585956, "boundary_alignment_score": 0.49822789218585956, "area_m2": 286.125, "vertex_count": 81, "vectorization": {"threshold": 0.5, "close_pixels": 5, "boundary_width_pixels": 0, "edge_buffer_pixels": 2, "min_area_m2": 20, "max_area_m2": 250000, "simplify_tolerance_m": 0.25, "min_boundary_alignment": 0.0}, "source_tile_id": "tile-110000-460000", "vectorization_aoi": "vectorization_v2", "calibration": "parameters selected only on train_selected_0; target reference excluded"}, "geometry": {"type": "Polygon", "coordinates": [[[4.815022490147207, 52.17456091621243], [4.815022634230887, 52.174549681795476], [4.81504830276586, 52.174543065160606], [4.815066719756181, 52.17453191932252], [4.8150780004572855, 52.17450725675079], [4.815089079452585, 52.174498322362], [4.815144042204453, 52.174487353654186], [4.8151514377931, 52.174480648429785], [4.815184444233755, 52.17447182030724], [4.81518450185077, 52.17446732654026], [4.815191811005617, 52.174467361963714], [4.815206573352307, 52.174456198391866], [4.815217565888711, 52.1744540046414], [4.815218084411064, 52.17441356073824], [4.815236357276263, 52.174413649290884], [4.815261766460276, 52.174427254560996], [4.815280068134856, 52.174425096223324], [4.815294801642567, 52.17441617952381], [4.815294888051265, 52.1744094388732], [4.815306024583478, 52.17439601069669], [4.815313362528715, 52.174393799229094], [4.815317161108972, 52.17438258251909], [4.815324470250069, 52.17438261793435], [4.815324527852827, 52.17437812416722], [4.81531362174614, 52.174373577277066], [4.815317535531443, 52.174353373032744], [4.815354110012993, 52.17435130322074], [4.815354167612711, 52.17434680945357], [4.815368814682387, 52.1743446333954], [4.815398310400848, 52.17432455308841], [4.81541295746108, 52.17432237702476], [4.815420381778406, 52.17431342489958], [4.815427690908276, 52.17431346030843], [4.815453474426693, 52.1742978560504], [4.815453532016312, 52.17429336228312], [4.81546823665175, 52.1742866924453], [4.815468294239863, 52.174282198678], [4.815479344307555, 52.17427551113564], [4.815505041409407, 52.174266647517165], [4.815526997567406, 52.174264506842874], [4.815530709710172, 52.17426003077672], [4.8155490113032515, 52.174257872397135], [4.815552723443256, 52.17425339633026], [4.815570996243708, 52.17425348483098], [4.815581815982463, 52.174264772348536], [4.815607397909748, 52.174264896242455], [4.815614649458526, 52.17426942540709], [4.815632893479955, 52.17427176078194], [4.815632519264897, 52.17430097027001], [4.815603052454587, 52.17431880375214], [4.815595455446864, 52.174341237190845], [4.815588117524204, 52.17434344867608], [4.81558805994806, 52.17434794244337], [4.815544089972979, 52.1743567175777], [4.81551462309048, 52.17437455103744], [4.8154817031672605, 52.17437663860188], [4.815474451614623, 52.17437210942912], [4.815459833335576, 52.17437203861678], [4.815445157465998, 52.17437646156982], [4.8154340785722605, 52.17438539599238], [4.815423086063349, 52.174387589763086], [4.81541914352615, 52.174410040894465], [4.815400697876556, 52.17442343367159], [4.815364152137371, 52.17442325661436], [4.815334685139035, 52.17444109002877], [4.815320066837671, 52.17444101919907], [4.8153163546586555, 52.174445495258425], [4.815305390931575, 52.17444544213461], [4.815279664883366, 52.17445655259267], [4.8152430903121255, 52.17445862238144], [4.8152098822422005, 52.17448317870493], [4.8151952351193215, 52.1744853547432], [4.815176702944622, 52.17450548813539], [4.815154602601165, 52.174518863161495], [4.815128934095811, 52.17452547981953], [4.815125164267485, 52.174534449639665], [4.815114171706728, 52.174536643381494], [4.815103092706895, 52.17454557777256], [4.815095783539324, 52.174545542343566], [4.815088387931528, 52.17455224756437], [4.815059035997419, 52.174561093375644], [4.815022490147207, 52.17456091621243]]]}}, {"type": "Feature", "properties": {"class": "parcel", "candidate_index": 30, "raw_confidence": 0.5039794281930536, "boundary_alignment_score": 0.5039794281930536, "area_m2": 248.8125, "vertex_count": 56, "vectorization": {"threshold": 0.5, "close_pixels": 5, "boundary_width_pixels": 0, "edge_buffer_pixels": 2, "min_area_m2": 20, "max_area_m2": 250000, "simplify_tolerance_m": 0.25, "min_boundary_alignment": 0.0}, "source_tile_id": "tile-110000-460000", "vectorization_aoi": "vectorization_v2", "calibration": "parameters selected only on train_selected_0; target reference excluded"}, "geometry": {"type": "Polygon", "coordinates": [[[4.796103677841644, 52.18101776205314], [4.796096427184805, 52.18101323169619], [4.796070871235206, 52.18101085669182], [4.7960563699319225, 52.1810017959734], [4.796041779299015, 52.180999475877464], [4.796038392204467, 52.180979235699134], [4.796049387285602, 52.18097704374077], [4.796056786820468, 52.180970339726855], [4.796067752121335, 52.18097039464152], [4.796075151652339, 52.180963690626434], [4.7960861169516, 52.18096374553938], [4.79608620628032, 52.180957004915065], [4.796100975554624, 52.18094584375683], [4.796104839079923, 52.180930133936954], [4.796119608340642, 52.18091897277631], [4.796119727438691, 52.18090998527709], [4.796134466915246, 52.18090107098935], [4.79613461578398, 52.18088983661529], [4.796149325477902, 52.18088316920044], [4.796153278298985, 52.180860718754275], [4.796168136840587, 52.18084281696289], [4.796183352624912, 52.18079795267113], [4.796213010090664, 52.18076664282804], [4.79623176180878, 52.18073078432914], [4.796231970189631, 52.18071505620476], [4.796243054500492, 52.18070612360334], [4.796246888186738, 52.180692660653], [4.796298654579773, 52.18064797933068], [4.7963138106366685, 52.18060760877029], [4.796332085990165, 52.18060770025412], [4.796331788354562, 52.180630169004004], [4.796357403624777, 52.18062805020176], [4.796357106001755, 52.18065051895164], [4.796345902675992, 52.18066843906379], [4.796331252609609, 52.180670612753545], [4.796330806154627, 52.18070431587801], [4.796312262879893, 52.18072444626838], [4.796301238108712, 52.18072888512638], [4.796297463966516, 52.18073785432863], [4.79630459553898, 52.18075137217311], [4.796304178827901, 52.18078282842202], [4.79627092586127, 52.180809626239856], [4.79626709217208, 52.18082308919072], [4.796259722460679, 52.180827546343195], [4.796255888766547, 52.18084100929365], [4.796237315632413, 52.180863386546534], [4.796218921096515, 52.180872282547256], [4.796211491832458, 52.18088123344639], [4.796207598578958, 52.18089919014477], [4.796192740034304, 52.18091709194099], [4.796192561409244, 52.18093057318993], [4.796185161901378, 52.18093727721244], [4.796177494446646, 52.18096420310777], [4.796147836824047, 52.1809955129406], [4.796147747504541, 52.181002253564905], [4.796125608466879, 52.18101787187279], [4.796103677841644, 52.18101776205314]]]}}, {"type": "Feature", "properties": {"class": "parcel", "candidate_index": 31, "raw_confidence": 0.5002585302108988, "boundary_alignment_score": 0.5002585302108988, "area_m2": 211.09375, "vertex_count": 66, "vectorization": {"threshold": 0.5, "close_pixels": 5, "boundary_width_pixels": 0, "edge_buffer_pixels": 2, "min_area_m2": 20, "max_area_m2": 250000, "simplify_tolerance_m": 0.25, "min_boundary_alignment": 0.0}, "source_tile_id": "tile-110000-460000", "vectorization_aoi": "vectorization_v2", "calibration": "parameters selected only on train_selected_0; target reference excluded"}, "geometry": {"type": "Polygon", "coordinates": [[[4.8131417389381355, 52.17586629217147], [4.813141825675894, 52.17585955152463], [4.813134574120912, 52.17585502220924], [4.8131387492400854, 52.1758145961033], [4.8131498000367845, 52.17580790878195], [4.813149886773178, 52.175801168135], [4.8131646211613734, 52.17579225170492], [4.81316839149105, 52.17578328195014], [4.813183096959203, 52.175776612400014], [4.8131874454878485, 52.1757227049976], [4.8132133173312965, 52.17570036058809], [4.813227936041055, 52.175700431679395], [4.813238957888512, 52.175695991231926], [4.813239044611145, 52.17568925058473], [4.813246411778558, 52.175684792364244], [4.813265552345284, 52.175617474750595], [4.8132840569403434, 52.175599588546824], [4.813306476324746, 52.17556149816818], [4.813310535644429, 52.17553005958374], [4.813317960585206, 52.17552110759362], [4.813325674553235, 52.17548968677815], [4.813336638533932, 52.17548974008629], [4.813336696338834, 52.17548524632128], [4.813344034560658, 52.17548303497695], [4.813358942212687, 52.17546063722686], [4.81336628042936, 52.175458425881104], [4.813373820949167, 52.17544048635727], [4.813384871617791, 52.17543379901329], [4.813414108863332, 52.17543394115137], [4.813435863413166, 52.17544752904541], [4.813439402481029, 52.17545653434168], [4.813446711796175, 52.17545656987351], [4.813464840604254, 52.1754678931138], [4.813468292992134, 52.17548363905681], [4.813450019693145, 52.175483550229764], [4.813442739270676, 52.175481267815584], [4.813442797064874, 52.17547677405049], [4.813435458848954, 52.175478985400986], [4.813434909796471, 52.17552167616895], [4.813427542674862, 52.175526134401444], [4.813409269358571, 52.175526045568034], [4.813401902233679, 52.1755305037989], [4.81340181553606, 52.17553724444639], [4.813390764844277, 52.17554393179177], [4.813390533645982, 52.1755619068517], [4.813375914981291, 52.175561835780634], [4.813364719773988, 52.175579757535914], [4.813357381537253, 52.17558196888146], [4.813353293343997, 52.175615654349734], [4.813345810590276, 52.175629100106796], [4.813331047389382, 52.17564026344234], [4.813330931777902, 52.1756492509721], [4.813301520965408, 52.17566259010779], [4.813294211616647, 52.17566255456686], [4.813283074161732, 52.17567598254924], [4.813275735905116, 52.17567819388963], [4.813242063325051, 52.17573869976932], [4.813223587563622, 52.1757543390836], [4.813223443021713, 52.17576557349542], [4.813208650835794, 52.175778983697604], [4.8132047937865305, 52.17579469410071], [4.813193771911251, 52.175799134544874], [4.813189885944853, 52.17581709182977], [4.813178748419796, 52.175830519801806], [4.813171410132574, 52.17583273113562], [4.813163667084148, 52.17586639882119], [4.8131417389381355, 52.17586629217147]]]}}, {"type": "Feature", "properties": {"class": "parcel", "candidate_index": 32, "raw_confidence": 0.4975743592931674, "boundary_alignment_score": 0.4975743592931674, "area_m2": 203.71875, "vertex_count": 35, "vectorization": {"threshold": 0.5, "close_pixels": 5, "boundary_width_pixels": 0, "edge_buffer_pixels": 2, "min_area_m2": 20, "max_area_m2": 250000, "simplify_tolerance_m": 0.25, "min_boundary_alignment": 0.0}, "source_tile_id": "tile-110000-460000", "vectorization_aoi": "vectorization_v2", "calibration": "parameters selected only on train_selected_0; target reference excluded"}, "geometry": {"type": "Polygon", "coordinates": [[[4.805445279437985, 52.17720603363977], [4.805416363396186, 52.1771811738534], [4.80538358746221, 52.17717202419925], [4.805376365789072, 52.17716524752971], [4.805336163062132, 52.17716504934737], [4.805336397517461, 52.177147074313154], [4.805347625650085, 52.17712690645059], [4.805340990122569, 52.17707519219279], [4.805344762134222, 52.17706622269252], [4.8053594984979044, 52.17705730724199], [4.805367276951215, 52.17702139320536], [4.805389469377848, 52.17700127938647], [4.805415052837558, 52.17700140549234], [4.805429554749128, 52.17701046506788], [4.805433004416413, 52.177026211237646], [4.805440313980443, 52.17702624726577], [4.805447740749243, 52.177017295775975], [4.805469669437046, 52.17701740385629], [4.805465692352657, 52.17704210151623], [4.8054729433194625, 52.177046631301096], [4.805480252886882, 52.17704666732675], [4.805487650351905, 52.17703996271389], [4.805505924267791, 52.17704005277491], [4.805509520454798, 52.17704456454555], [4.805520484805485, 52.17704461858047], [4.80552027972262, 52.17706034673611], [4.805509139579306, 52.17707377397737], [4.805508875895939, 52.17709399589165], [4.805516097577747, 52.17710077255317], [4.8055117689348315, 52.17715243276645], [4.805504371454708, 52.17715913738069], [4.80550425426088, 52.17716812489803], [4.805489459290926, 52.17718153412507], [4.805485628699669, 52.17719499738842], [4.8054672082185785, 52.17720614172067], [4.805445279437985, 52.17720603363977]]]}}, {"type": "Feature", "properties": {"class": "parcel", "candidate_index": 33, "raw_confidence": 0.49792312906712904, "boundary_alignment_score": 0.49792312906712904, "area_m2": 197.28125, "vertex_count": 40, "vectorization": {"threshold": 0.5, "close_pixels": 5, "boundary_width_pixels": 0, "edge_buffer_pixels": 2, "min_area_m2": 20, "max_area_m2": 250000, "simplify_tolerance_m": 0.25, "min_boundary_alignment": 0.0}, "source_tile_id": "tile-110000-460000", "vectorization_aoi": "vectorization_v2", "calibration": "parameters selected only on train_selected_0; target reference excluded"}, "geometry": {"type": "Polygon", "coordinates": [[[4.812899237882356, 52.17624935338422], [4.812895756711934, 52.176235854308935], [4.812888505120966, 52.17623132497865], [4.812888678674844, 52.17621784368624], [4.812936942034001, 52.176159655923335], [4.81293714449601, 52.17614392774854], [4.812929950762721, 52.17613490465653], [4.812904541321148, 52.17612129888795], [4.812901146933709, 52.176101059166164], [4.812915939319135, 52.17608764900356], [4.812959795827537, 52.1760878623831], [4.812970875640251, 52.17607892819684], [4.812981868686074, 52.17607673465602], [4.812996689959234, 52.17606107760099], [4.813004635605465, 52.17601168175247], [4.813012002849641, 52.17600722354694], [4.813015802147382, 52.175996006915234], [4.813052580500632, 52.1759782096439], [4.813060092318451, 52.17596251702426], [4.8130747978619475, 52.175955847487955], [4.813082222921201, 52.175946895513555], [4.813100496409073, 52.175946984397825], [4.813107747975502, 52.175951513715226], [4.813106793799289, 52.17602566082888], [4.813099426561515, 52.17603011904028], [4.813099281987169, 52.17604135345132], [4.813081008460634, 52.1760412645668], [4.813077238091383, 52.17605023431835], [4.813062532517073, 52.176056903854764], [4.813062445766831, 52.17606364450133], [4.813043883054367, 52.17608602443286], [4.813039736740798, 52.176124203651206], [4.8130176638731195, 52.17613533138906], [4.813013864563842, 52.17614654802055], [4.813006497296781, 52.17615100622604], [4.812991473554138, 52.176182391456805], [4.812987124741667, 52.1762362988473], [4.8129760448929835, 52.17624523303482], [4.812946807117427, 52.17624509078748], [4.8129394398273675, 52.176249548988615], [4.812899237882356, 52.17624935338422]]]}}, {"type": "Feature", "properties": {"class": "parcel", "candidate_index": 34, "raw_confidence": 0.49910371406873066, "boundary_alignment_score": 0.49910371406873066, "area_m2": 168.125, "vertex_count": 47, "vectorization": {"threshold": 0.5, "close_pixels": 5, "boundary_width_pixels": 0, "edge_buffer_pixels": 2, "min_area_m2": 20, "max_area_m2": 250000, "simplify_tolerance_m": 0.25, "min_boundary_alignment": 0.0}, "source_tile_id": "tile-110000-460000", "vectorization_aoi": "vectorization_v2", "calibration": "parameters selected only on train_selected_0; target reference excluded"}, "geometry": {"type": "Polygon", "coordinates": [[[4.81133543733144, 52.16488302125745], [4.81132459193985, 52.164873980223256], [4.811295419616011, 52.1648693438055], [4.811284545239028, 52.164862549653535], [4.811277237661813, 52.164862513990265], [4.811277527633665, 52.16484004513063], [4.811284893200791, 52.16483558702187], [4.8112886919702, 52.16482437042344], [4.811289068925621, 52.16479516090555], [4.811300262242784, 52.164777239311114], [4.8113149353598, 52.16477281686229], [4.8113260706716385, 52.16475938903734], [4.811340772774139, 52.16475271969922], [4.81134912409874, 52.16467186746087], [4.81138960551604, 52.16464959471762], [4.811397058013428, 52.16463839594344], [4.811397231959233, 52.1646249146269], [4.8114045684882445, 52.16462270339656], [4.8114012336174845, 52.16459796982159], [4.8114050033466595, 52.164589000105], [4.811416051615423, 52.1645823129294], [4.811412571790583, 52.16456881378522], [4.811434494378368, 52.16456892074821], [4.811441656964289, 52.164580190832346], [4.81144478893634, 52.16462065260905], [4.811455576314901, 52.16463418740475], [4.8114920850288545, 52.164636612547135], [4.811491853139222, 52.16465458763605], [4.8114808048638515, 52.164661274818684], [4.811476832234823, 52.16468597274034], [4.811458563363618, 52.16468588361124], [4.811458679315274, 52.164676896066865], [4.811433305825164, 52.16466104307879], [4.811400392884806, 52.164663129518345], [4.811396420211104, 52.164687827437206], [4.811385313929978, 52.16469900838294], [4.811384792080267, 52.16473945233192], [4.81141732820709, 52.16476657541549], [4.811417125276547, 52.16478230361782], [4.811406105948953, 52.16478674390715], [4.811402278221437, 52.16480020739555], [4.811387489137615, 52.164813617399375], [4.811383574426697, 52.164833821545116], [4.811376208869697, 52.16483827965998], [4.8113686983483275, 52.16485397220446], [4.811368466407513, 52.16487194729238], [4.8113573600733766, 52.16488312823505], [4.81133543733144, 52.16488302125745]]]}}, {"type": "Feature", "properties": {"class": "parcel", "candidate_index": 35, "raw_confidence": 0.4985447328242045, "boundary_alignment_score": 0.4985447328242045, "area_m2": 167.46875, "vertex_count": 46, "vectorization": {"threshold": 0.5, "close_pixels": 5, "boundary_width_pixels": 0, "edge_buffer_pixels": 2, "min_area_m2": 20, "max_area_m2": 250000, "simplify_tolerance_m": 0.25, "min_boundary_alignment": 0.0}, "source_tile_id": "tile-110000-460000", "vectorization_aoi": "vectorization_v2", "calibration": "parameters selected only on train_selected_0; target reference excluded"}, "geometry": {"type": "Polygon", "coordinates": [[[4.793017816735115, 52.163785542039825], [4.793010688850758, 52.163772023962764], [4.792999787615314, 52.16376747500943], [4.792999877365472, 52.16376073436811], [4.79299259990514, 52.16375845069213], [4.792992749490487, 52.16374721628989], [4.793003919968774, 52.16373154331979], [4.793004219133446, 52.163709074515175], [4.793019073196998, 52.16369117306052], [4.793019222775387, 52.163679938658106], [4.793037580930174, 52.16367329000041], [4.793037700589099, 52.16366430247842], [4.793052494796327, 52.16365089478037], [4.793053003333282, 52.16361269781166], [4.793075015131429, 52.16360606754393], [4.793075074957011, 52.16360157378289], [4.793093462983077, 52.163592678235815], [4.79310463338711, 52.16357700525564], [4.793108526349472, 52.16355904860553], [4.793115893515369, 52.16355459163269], [4.793119816381685, 52.163534388101546], [4.793142097315388, 52.16350753589595], [4.7931494345604575, 52.16350532580154], [4.793156921347695, 52.16349188130368], [4.793171595830489, 52.163487461112595], [4.793197171495532, 52.16348758985588], [4.793208072682904, 52.163492138791156], [4.793211636632282, 52.16349889782409], [4.793211367479754, 52.1635191197496], [4.793196513550819, 52.16353702122924], [4.79319259071899, 52.163557224762975], [4.79316665611637, 52.163584058585485], [4.793147729744153, 52.16363339799394], [4.7931366490702265, 52.16364233033642], [4.793132786021712, 52.16365804010668], [4.7931180815682435, 52.163664707173304], [4.793118021746882, 52.16366920093434], [4.793106970969346, 52.16367588639344], [4.793099364489399, 52.16369831840963], [4.793092027210086, 52.163700528500804], [4.793088223965195, 52.16371174450841], [4.793077173172639, 52.16371842996464], [4.79306956667038, 52.16374086197874], [4.7930511486642535, 52.163752004402234], [4.79305102900773, 52.16376099192408], [4.793036085188905, 52.16378563402392], [4.793017816735115, 52.163785542039825]]]}}, {"type": "Feature", "properties": {"class": "parcel", "candidate_index": 36, "raw_confidence": 0.5003870934379259, "boundary_alignment_score": 0.5003870934379259, "area_m2": 165.03125, "vertex_count": 34, "vectorization": {"threshold": 0.5, "close_pixels": 5, "boundary_width_pixels": 0, "edge_buffer_pixels": 2, "min_area_m2": 20, "max_area_m2": 250000, "simplify_tolerance_m": 0.25, "min_boundary_alignment": 0.0}, "source_tile_id": "tile-110000-460000", "vectorization_aoi": "vectorization_v2", "calibration": "parameters selected only on train_selected_0; target reference excluded"}, "geometry": {"type": "Polygon", "coordinates": [[[4.788149782084346, 52.176380247789474], [4.788146187709016, 52.176375735492144], [4.788091578142248, 52.17635972911926], [4.788062581808869, 52.176341605714676], [4.788048023296684, 52.17633703775756], [4.788029749715452, 52.176336944993416], [4.788015281744605, 52.17632563641048], [4.787967770445953, 52.17632539520467], [4.78796798171427, 52.17630966708734], [4.787975321323022, 52.176307457323254], [4.787975381684623, 52.17630296357543], [4.787997309965228, 52.176303074902115], [4.788000904319651, 52.17630758720403], [4.788015523174947, 52.17630766141915], [4.788015915498776, 52.17627845205806], [4.788052553143986, 52.176271896965886], [4.788052613497744, 52.176267403218], [4.788059922918855, 52.17626744032255], [4.788070977578394, 52.17626075535667], [4.788078437876268, 52.17624955809026], [4.788096771771099, 52.176245157098904], [4.788100486828741, 52.17624068190189], [4.788126069787545, 52.176240811755484], [4.788144132123955, 52.17625663262261], [4.788180649050904, 52.17625906498652], [4.788195207551315, 52.17626363292734], [4.78823498701743, 52.17629529318432], [4.788234625004636, 52.17632225567227], [4.788230909953612, 52.176326730873434], [4.788223600522599, 52.17632669377944], [4.788219764796049, 52.17634015647615], [4.78820137053529, 52.17634905123451], [4.788193759402269, 52.176371482878295], [4.7881790198432705, 52.176380396181045], [4.788149782084346, 52.176380247789474]]]}}, {"type": "Feature", "properties": {"class": "parcel", "candidate_index": 37, "raw_confidence": 0.49804942921943773, "boundary_alignment_score": 0.49804942921943773, "area_m2": 138.125, "vertex_count": 47, "vectorization": {"threshold": 0.5, "close_pixels": 5, "boundary_width_pixels": 0, "edge_buffer_pixels": 2, "min_area_m2": 20, "max_area_m2": 250000, "simplify_tolerance_m": 0.25, "min_boundary_alignment": 0.0}, "source_tile_id": "tile-110000-460000", "vectorization_aoi": "vectorization_v2", "calibration": "parameters selected only on train_selected_0; target reference excluded"}, "geometry": {"type": "Polygon", "coordinates": [[[4.796477044004328, 52.18042641684998], [4.796469823161817, 52.18041963964046], [4.7964699719439725, 52.1804084052649], [4.796477341564972, 52.180403948098785], [4.796474460171738, 52.18034551105342], [4.796481829781873, 52.18034105388699], [4.796485633608674, 52.18032983780298], [4.796496628507749, 52.180327645802436], [4.796515082271469, 52.18031425600679], [4.796519064610735, 52.18028955867064], [4.796526463960624, 52.18028285462617], [4.796541738696633, 52.180233496532615], [4.7965491380337815, 52.18022679248665], [4.7965564481129945, 52.18022682906588], [4.796563847446825, 52.18022012501894], [4.796574812564035, 52.18022017988625], [4.796578527104692, 52.180215704424654], [4.796582539150371, 52.18018876021063], [4.796593712509868, 52.18017308694941], [4.796597962540389, 52.18012816773252], [4.796609046631729, 52.180119235095496], [4.796623726251886, 52.180114814495454], [4.796631185053042, 52.18010361669355], [4.7966458646658685, 52.18009919609074], [4.796657008233848, 52.18008576969858], [4.796675283374406, 52.18008586112895], [4.796678551709261, 52.18011508879366], [4.796671122664099, 52.1801240397232], [4.79666708093164, 52.18015323081598], [4.796656026590261, 52.18015991658309], [4.796652103832796, 52.18018012017407], [4.796641049482496, 52.18018680593976], [4.796640960239649, 52.180193546565526], [4.796629935632529, 52.180197985454924], [4.796622417318041, 52.180213677006954], [4.796611392704095, 52.180218115894554], [4.796607559169216, 52.18023157885815], [4.796596504799467, 52.18023826461957], [4.7965922845066915, 52.18028093696034], [4.79658128962381, 52.180283128969855], [4.796555436546142, 52.18030322282269], [4.796551335216749, 52.180336907660745], [4.796536417492109, 52.180359303252814], [4.79653240540281, 52.180386247464405], [4.796506671261472, 52.18039735380554], [4.796499242134603, 52.18040630472368], [4.796495319284006, 52.180426508308464], [4.796477044004328, 52.18042641684998]]]}}, {"type": "Feature", "properties": {"class": "parcel", "candidate_index": 38, "raw_confidence": 0.49556053922948057, "boundary_alignment_score": 0.49556053922948057, "area_m2": 138.0, "vertex_count": 29, "vectorization": {"threshold": 0.5, "close_pixels": 5, "boundary_width_pixels": 0, "edge_buffer_pixels": 2, "min_area_m2": 20, "max_area_m2": 250000, "simplify_tolerance_m": 0.25, "min_boundary_alignment": 0.0}, "source_tile_id": "tile-110000-460000", "vectorization_aoi": "vectorization_v2", "calibration": "parameters selected only on train_selected_0; target reference excluded"}, "geometry": {"type": "Polygon", "coordinates": [[[4.817261775574007, 52.16320405167496], [4.817218075186703, 52.163192605469874], [4.817218419545819, 52.163165642807776], [4.817233148940046, 52.16315672584296], [4.817230499646283, 52.16307806709712], [4.817252593688335, 52.16306469164671], [4.8172818515375, 52.16306258592629], [4.817292697699466, 52.16307162641679], [4.817300004989592, 52.163071661707036], [4.817314303961536, 52.163096448060486], [4.817328803786146, 52.163105506192124], [4.817390887112277, 52.16310805301439], [4.817405415643348, 52.16311486424802], [4.817416376589337, 52.163114917172784], [4.817434558775779, 52.16312174604418], [4.817434386661811, 52.16313522737576], [4.817408782422548, 52.16313735077562], [4.817404956649106, 52.163150814465375], [4.817393909631146, 52.1631575022053], [4.8173866023268666, 52.16315746692087], [4.817368190621097, 52.163168613150546], [4.817368133243026, 52.16317310692769], [4.817360825936216, 52.16317307164163], [4.817346067871877, 52.16318423551092], [4.817338760563266, 52.16318420022351], [4.8173313384910585, 52.16319315248982], [4.8173240311810055, 52.16319311720146], [4.8173166377960115, 52.163199822578264], [4.817298312133048, 52.16320422813137], [4.817261775574007, 52.16320405167496]]]}}, {"type": "Feature", "properties": {"class": "parcel", "candidate_index": 39, "raw_confidence": 0.5008967268948603, "boundary_alignment_score": 0.5008967268948603, "area_m2": 133.5, "vertex_count": 23, "vectorization": {"threshold": 0.5, "close_pixels": 5, "boundary_width_pixels": 0, "edge_buffer_pixels": 2, "min_area_m2": 20, "max_area_m2": 250000, "simplify_tolerance_m": 0.25, "min_boundary_alignment": 0.0}, "source_tile_id": "tile-110000-460000", "vectorization_aoi": "vectorization_v2", "calibration": "parameters selected only on train_selected_0; target reference excluded"}, "geometry": {"type": "Polygon", "coordinates": [[[4.815909431214744, 52.174082102684196], [4.815905978071352, 52.17406635680771], [4.815887705346699, 52.17406626835898], [4.815873144713987, 52.17406170383021], [4.815818240217532, 52.174068179111835], [4.815774385677256, 52.17406796679749], [4.815763479600265, 52.1740634199487], [4.815756285628461, 52.174054397025394], [4.815756688539078, 52.17402294065173], [4.815764055179565, 52.174018482271975], [4.815760947441221, 52.17397577378489], [4.815783104889409, 52.17395790487557], [4.8158014351233955, 52.1739534995727], [4.815856195609871, 52.1739582587181], [4.815892625880981, 52.17396742315798], [4.815925286546403, 52.17398555743351], [4.8159324805413855, 52.17399458034666], [4.815935588445238, 52.174037288829304], [4.8159208264197195, 52.174048452493665], [4.815913517332767, 52.17404841711544], [4.815909632616293, 52.17406637449715], [4.8159315311154725, 52.1740687275151], [4.815931387262745, 52.17407996193445], [4.815909431214744, 52.174082102684196]]]}}, {"type": "Feature", "properties": {"class": "parcel", "candidate_index": 40, "raw_confidence": 0.4993632228133526, "boundary_alignment_score": 0.4993632228133526, "area_m2": 132.125, "vertex_count": 25, "vectorization": {"threshold": 0.5, "close_pixels": 5, "boundary_width_pixels": 0, "edge_buffer_pixels": 2, "min_area_m2": 20, "max_area_m2": 250000, "simplify_tolerance_m": 0.25, "min_boundary_alignment": 0.0}, "source_tile_id": "tile-110000-460000", "vectorization_aoi": "vectorization_v2", "calibration": "parameters selected only on train_selected_0; target reference excluded"}, "geometry": {"type": "Polygon", "coordinates": [[[4.796891348689945, 52.179779099579434], [4.7968841873587875, 52.179767828643556], [4.796866031291638, 52.17975874974371], [4.796866269178754, 52.17974077473968], [4.796877472061061, 52.17972285457458], [4.796881394675401, 52.1797026509743], [4.796903562528091, 52.17968478564411], [4.7969476008631515, 52.17967152372677], [4.796976840817718, 52.17967166994164], [4.796991371606546, 52.17967848367306], [4.797027862100365, 52.17968316017814], [4.7970314576406645, 52.179687672204075], [4.797060638154102, 52.17969231214939], [4.797085955603781, 52.179712661943654], [4.7970893430800094, 52.17973290209688], [4.797096593630313, 52.17973743239371], [4.797107558629695, 52.179737487211305], [4.797107410011073, 52.17974872158924], [4.797096415284644, 52.17975091364722], [4.797059865275885, 52.179750730914435], [4.797012201622353, 52.17976172772263], [4.796946322396109, 52.17976813937506], [4.79694260792978, 52.179772614848716], [4.7969243031838955, 52.179774770335406], [4.796916933711684, 52.17977922753013], [4.796891348689945, 52.179779099579434]]]}}, {"type": "Feature", "properties": {"class": "parcel", "candidate_index": 41, "raw_confidence": 0.4979736917451316, "boundary_alignment_score": 0.4979736917451316, "area_m2": 129.8125, "vertex_count": 29, "vectorization": {"threshold": 0.5, "close_pixels": 5, "boundary_width_pixels": 0, "edge_buffer_pixels": 2, "min_area_m2": 20, "max_area_m2": 250000, "simplify_tolerance_m": 0.25, "min_boundary_alignment": 0.0}, "source_tile_id": "tile-110000-460000", "vectorization_aoi": "vectorization_v2", "calibration": "parameters selected only on train_selected_0; target reference excluded"}, "geometry": {"type": "Polygon", "coordinates": [[[4.816846522298641, 52.163103176182595], [4.816813696905863, 52.16309852346974], [4.816799225905958, 52.16308721838651], [4.816784668758359, 52.16308265396671], [4.81675178594719, 52.163082495013434], [4.816726440197794, 52.1630643962696], [4.816730467215723, 52.1630352043831], [4.816763522308165, 52.163021882011776], [4.816781790511771, 52.16302197031844], [4.816796318921589, 52.163028781627], [4.816829230409436, 52.163026693679406], [4.816836623838774, 52.16301998833301], [4.8168332286407995, 52.16299974867756], [4.816851611695146, 52.16299084941958], [4.816906416268779, 52.162991114290115], [4.816913637409995, 52.162997890269665], [4.816942837810396, 52.16300027841029], [4.816942464576052, 52.16302948796054], [4.816935128582478, 52.163031699536646], [4.8169350711610175, 52.1630361933136], [4.816909409531204, 52.163042810382095], [4.816909352107135, 52.16304730415901], [4.8169166593928825, 52.163047339472975], [4.816938380276156, 52.16306317363146], [4.816938150591333, 52.16308114873913], [4.816930728456064, 52.16309010098026], [4.816919710093815, 52.163094541787295], [4.8169159703118405, 52.16310126479578], [4.816904980657676, 52.16310345871302], [4.816846522298641, 52.163103176182595]]]}}, {"type": "Feature", "properties": {"class": "parcel", "candidate_index": 42, "raw_confidence": 0.5007532404363155, "boundary_alignment_score": 0.5007532404363155, "area_m2": 121.59375, "vertex_count": 29, "vectorization": {"threshold": 0.5, "close_pixels": 5, "boundary_width_pixels": 0, "edge_buffer_pixels": 2, "min_area_m2": 20, "max_area_m2": 250000, "simplify_tolerance_m": 0.25, "min_boundary_alignment": 0.0}, "source_tile_id": "tile-110000-460000", "vectorization_aoi": "vectorization_v2", "calibration": "parameters selected only on train_selected_0; target reference excluded"}, "geometry": {"type": "Polygon", "coordinates": [[[4.817256256761719, 52.16335008177995], [4.817249006816412, 52.163345552710055], [4.817219806173426, 52.163343164645056], [4.817150357795983, 52.16334507621013], [4.817143107862263, 52.16334054713371], [4.817139655100053, 52.16332480126479], [4.817125069138637, 52.16332248377547], [4.817110569285139, 52.16331342561906], [4.8171107127957375, 52.16330219117695], [4.817129210724436, 52.16328430432253], [4.817133122695521, 52.163264099976814], [4.817144112378149, 52.16326190603843], [4.817155188159207, 52.16325297143371], [4.817195378417631, 52.16325316557148], [4.817206253305494, 52.16325995918119], [4.817220839250739, 52.163262276660504], [4.817228060483506, 52.1632690526207], [4.817231398488608, 52.16329378604106], [4.8172534065527435, 52.16328715125654], [4.81727898219164, 52.1632872747791], [4.817311951232069, 52.16328069292018], [4.817315662277803, 52.163276216787814], [4.817337584248813, 52.16327632265301], [4.81735576648883, 52.16328315153652], [4.817359190634572, 52.163301144287786], [4.817329502266036, 52.16333695335437], [4.8173221375494455, 52.163341411842865], [4.817285572184604, 52.16334348228213], [4.817274525100974, 52.16335017001054], [4.817256256761719, 52.16335008177995]]]}}, {"type": "Feature", "properties": {"class": "parcel", "candidate_index": 43, "raw_confidence": 0.4977102389374932, "boundary_alignment_score": 0.4977102389374932, "area_m2": 117.34375, "vertex_count": 25, "vectorization": {"threshold": 0.5, "close_pixels": 5, "boundary_width_pixels": 0, "edge_buffer_pixels": 2, "min_area_m2": 20, "max_area_m2": 250000, "simplify_tolerance_m": 0.25, "min_boundary_alignment": 0.0}, "source_tile_id": "tile-110000-460000", "vectorization_aoi": "vectorization_v2", "calibration": "parameters selected only on train_selected_0; target reference excluded"}, "geometry": {"type": "Polygon", "coordinates": [[[4.811387782512806, 52.17838340197368], [4.811369595043088, 52.17837657218049], [4.8113476656684515, 52.17837646519563], [4.811347752683733, 52.17836972455342], [4.811333278132002, 52.178358418824224], [4.811333655207224, 52.17832920937458], [4.811326403435724, 52.178324679949725], [4.811326606478524, 52.178308951784395], [4.811333974270427, 52.17830449368631], [4.811334322338913, 52.1782775311171], [4.811360080578855, 52.17826417465049], [4.811371045238568, 52.17826422814228], [4.811389464685974, 52.17825308288893], [4.811458907514359, 52.17825342163545], [4.811466275283875, 52.17824896352899], [4.8114845497107925, 52.1782490526649], [4.811491772488391, 52.178255828960964], [4.811491598501913, 52.178269310245916], [4.811465898296398, 52.17827817297965], [4.8114578925336575, 52.17833206246361], [4.811450379750089, 52.178347754973444], [4.811443040962902, 52.17834996619802], [4.811439125065031, 52.17837017029671], [4.811431699271009, 52.17837912216293], [4.811420676580109, 52.17838356243828], [4.811387782512806, 52.17838340197368]]]}}, {"type": "Feature", "properties": {"class": "parcel", "candidate_index": 44, "raw_confidence": 0.49824253610202246, "boundary_alignment_score": 0.49824253610202246, "area_m2": 112.46875, "vertex_count": 22, "vectorization": {"threshold": 0.5, "close_pixels": 5, "boundary_width_pixels": 0, "edge_buffer_pixels": 2, "min_area_m2": 20, "max_area_m2": 250000, "simplify_tolerance_m": 0.25, "min_boundary_alignment": 0.0}, "source_tile_id": "tile-110000-460000", "vectorization_aoi": "vectorization_v2", "calibration": "parameters selected only on train_selected_0; target reference excluded"}, "geometry": {"type": "Polygon", "coordinates": [[[4.816271491229312, 52.16321049983905], [4.816260587751306, 52.16320595303153], [4.816224079942883, 52.16320352936557], [4.816213205218647, 52.163196735665466], [4.816205897909156, 52.1631967003079], [4.816206559102817, 52.163145021879565], [4.816217577548272, 52.16314058113928], [4.816243153099414, 52.16314070488627], [4.81628716936244, 52.163127435681716], [4.8162946203759756, 52.16311623659306], [4.816305638805578, 52.16311179584449], [4.816313089811857, 52.163100596754646], [4.816331501752441, 52.16308945068982], [4.816346173817429, 52.163085027612404], [4.816368095691502, 52.16308513365764], [4.816386248966332, 52.16309420957868], [4.81638975892155, 52.16310546169333], [4.816385702935742, 52.163136900455775], [4.816374368378201, 52.16316605698252], [4.816333862050567, 52.16319057833564], [4.816330093430942, 52.1631995482135], [4.816315335100409, 52.16321071195341], [4.816271491229312, 52.16321049983905]]]}}, {"type": "Feature", "properties": {"class": "parcel", "candidate_index": 45, "raw_confidence": 0.5004543808585439, "boundary_alignment_score": 0.5004543808585439, "area_m2": 110.78125, "vertex_count": 32, "vectorization": {"threshold": 0.5, "close_pixels": 5, "boundary_width_pixels": 0, "edge_buffer_pixels": 2, "min_area_m2": 20, "max_area_m2": 250000, "simplify_tolerance_m": 0.25, "min_boundary_alignment": 0.0}, "source_tile_id": "tile-110000-460000", "vectorization_aoi": "vectorization_v2", "calibration": "parameters selected only on train_selected_0; target reference excluded"}, "geometry": {"type": "Polygon", "coordinates": [[[4.813003047908981, 52.179258621176324], [4.812984830911144, 52.17925403851313], [4.812959419679298, 52.17924043276107], [4.812952312219365, 52.17922466903178], [4.812952948567909, 52.179175237651386], [4.812960374190124, 52.17916628569044], [4.81297139692205, 52.179161845271935], [4.812971541541787, 52.179150610867204], [4.812978909309034, 52.17914615266695], [4.812979140697439, 52.17912817761927], [4.812986479537048, 52.17912596629952], [4.81299396298986, 52.17911252057442], [4.813004985705142, 52.17910808015267], [4.813048845184384, 52.179108293503404], [4.813048758424342, 52.17911503414637], [4.813063262575916, 52.17912409278363], [4.813066744019115, 52.17913759184759], [4.813077651059068, 52.179142138943085], [4.813077506466094, 52.179153373348015], [4.813066483746794, 52.17915781377646], [4.813066425908462, 52.17916230753843], [4.813073706911786, 52.17916458997519], [4.8130808722420735, 52.179175859935455], [4.813080669812826, 52.17919158810228], [4.813062105801403, 52.17921396802259], [4.813047399179752, 52.17922063755194], [4.813047341339391, 52.17922513131384], [4.813054622351978, 52.179227413751775], [4.8130544777528455, 52.17923864815651], [4.813043426089751, 52.179245335463655], [4.813039655439548, 52.17925430520862], [4.813028632691504, 52.17925874563341], [4.813003047908981, 52.179258621176324]]]}}, {"type": "Feature", "properties": {"class": "parcel", "candidate_index": 46, "raw_confidence": 0.5030252117377061, "boundary_alignment_score": 0.5030252117377061, "area_m2": 93.59375, "vertex_count": 25, "vectorization": {"threshold": 0.5, "close_pixels": 5, "boundary_width_pixels": 0, "edge_buffer_pixels": 2, "min_area_m2": 20, "max_area_m2": 250000, "simplify_tolerance_m": 0.25, "min_boundary_alignment": 0.0}, "source_tile_id": "tile-110000-460000", "vectorization_aoi": "vectorization_v2", "calibration": "parameters selected only on train_selected_0; target reference excluded"}, "geometry": {"type": "Polygon", "coordinates": [[[4.814091806555551, 52.163363967110456], [4.814088383723117, 52.16334597426642], [4.814099431282124, 52.163339286837086], [4.814111027048519, 52.16328990854476], [4.8141295838772775, 52.16326752838745], [4.814144285069581, 52.1632608586969], [4.814155419151792, 52.163247430599654], [4.8141633323277295, 52.163200281446365], [4.814178033492807, 52.16319361175151], [4.814181773694804, 52.163186888830545], [4.8142110029180385, 52.16318703075966], [4.814218252528527, 52.1631915600159], [4.814218108290083, 52.163202794453646], [4.8142360880932475, 52.16322535203], [4.814235770778126, 52.16325006779292], [4.814217069770818, 52.16328368240465], [4.814202339733262, 52.163292598991724], [4.8142022820361206, 52.163297092766726], [4.814187609689817, 52.16330151557694], [4.81418384062951, 52.16331048538545], [4.81415443821954, 52.16332382477443], [4.814150669150667, 52.16333279458175], [4.814143332969456, 52.163335005983875], [4.814135765971848, 52.16335519248523], [4.814121035894417, 52.163364109062], [4.814091806555551, 52.163363967110456]]]}}, {"type": "Feature", "properties": {"class": "parcel", "candidate_index": 47, "raw_confidence": 0.4997469060037328, "boundary_alignment_score": 0.4997469060037328, "area_m2": 92.84375, "vertex_count": 32, "vectorization": {"threshold": 0.5, "close_pixels": 5, "boundary_width_pixels": 0, "edge_buffer_pixels": 2, "min_area_m2": 20, "max_area_m2": 250000, "simplify_tolerance_m": 0.25, "min_boundary_alignment": 0.0}, "source_tile_id": "tile-110000-460000", "vectorization_aoi": "vectorization_v2", "calibration": "parameters selected only on train_selected_0; target reference excluded"}, "geometry": {"type": "Polygon", "coordinates": [[[4.812847745539889, 52.17939718092947], [4.812836867392115, 52.1793903869321], [4.8128370120467086, 52.17937915252802], [4.812844350934681, 52.17937694121725], [4.812844408795753, 52.179372447455606], [4.812833472792349, 52.179370147219515], [4.812833530654504, 52.17936565345787], [4.812818997539532, 52.17935884167354], [4.812819142198494, 52.17934760726939], [4.812804666956611, 52.179336301721605], [4.812804840551571, 52.179322820436646], [4.812815979065351, 52.17930939250949], [4.812830627888488, 52.17930721677088], [4.812834340723269, 52.179302740794476], [4.812878200392893, 52.17930295420891], [4.812889252095013, 52.17929626691735], [4.812907526954788, 52.17929635583349], [4.812918376163724, 52.179305396705296], [4.812951213068058, 52.179310050506004], [4.812965630489905, 52.179325849797664], [4.812998409568797, 52.179334997346984], [4.812998236032287, 52.1793484786323], [4.812990868233465, 52.17935293683355], [4.812968909449421, 52.179355077030166], [4.812968793752415, 52.179364064553646], [4.812939525006436, 52.17936616918241], [4.812921018704623, 52.17938405531795], [4.812895433850601, 52.179383930837425], [4.812895549562457, 52.17937494331407], [4.812888239605668, 52.179374907747174], [4.812888094963999, 52.179386142151344], [4.812877014310472, 52.179395076323516], [4.812847745539889, 52.17939718092947]]]}}, {"type": "Feature", "properties": {"class": "parcel", "candidate_index": 48, "raw_confidence": 0.494396915816399, "boundary_alignment_score": 0.494396915816399, "area_m2": 91.09375, "vertex_count": 23, "vectorization": {"threshold": 0.5, "close_pixels": 5, "boundary_width_pixels": 0, "edge_buffer_pixels": 2, "min_area_m2": 20, "max_area_m2": 250000, "simplify_tolerance_m": 0.25, "min_boundary_alignment": 0.0}, "source_tile_id": "tile-110000-460000", "vectorization_aoi": "vectorization_v2", "calibration": "parameters selected only on train_selected_0; target reference excluded"}, "geometry": {"type": "Polygon", "coordinates": [[[4.7877067014479975, 52.180249624611996], [4.787695796734588, 52.18024507517613], [4.787637376556237, 52.180240284394195], [4.787619191983352, 52.18023345094731], [4.787597261771356, 52.18023333954745], [4.787582762446263, 52.1802242777896], [4.787582822854326, 52.180219784045114], [4.787575542990321, 52.180217500037756], [4.787576147077475, 52.18017256259263], [4.7875688672215135, 52.18017027858489], [4.787569048449576, 52.18015679735128], [4.7875801041490185, 52.180150112437495], [4.787598379291521, 52.18015020527361], [4.787612787988375, 52.18016600764643], [4.787634687965944, 52.18016836591567], [4.7876455624535454, 52.18017516222947], [4.787722287899543, 52.18017779895195], [4.78773319259924, 52.1801823483854], [4.787743916125864, 52.180200379051705], [4.787751226191271, 52.18020041617632], [4.78775098462695, 52.180218391154796], [4.787743583970812, 52.18022509464704], [4.78774690685209, 52.180249828804726], [4.7877067014479975, 52.180249624611996]]]}}, {"type": "Feature", "properties": {"class": "parcel", "candidate_index": 49, "raw_confidence": 0.4992082929131628, "boundary_alignment_score": 0.4992082929131628, "area_m2": 88.0, "vertex_count": 24, "vectorization": {"threshold": 0.5, "close_pixels": 5, "boundary_width_pixels": 0, "edge_buffer_pixels": 2, "min_area_m2": 20, "max_area_m2": 250000, "simplify_tolerance_m": 0.25, "min_boundary_alignment": 0.0}, "source_tile_id": "tile-110000-460000", "vectorization_aoi": "vectorization_v2", "calibration": "parameters selected only on train_selected_0; target reference excluded"}, "geometry": {"type": "Polygon", "coordinates": [[[4.817115666569286, 52.16348647132662], [4.817104935152923, 52.16346844326698], [4.817094060229831, 52.16346164964811], [4.817094749102879, 52.16340772432723], [4.817080335339083, 52.16339192550207], [4.817084189934907, 52.163376214935184], [4.81710976562425, 52.16337633849449], [4.817116900752912, 52.1633898551265], [4.81713514040714, 52.163392190267075], [4.817138707976036, 52.16339894858236], [4.81717892706462, 52.16339689583756], [4.817200676908529, 52.163410483058776], [4.817200619513179, 52.16341497683559], [4.8172406951351485, 52.1634241585118], [4.817258820030914, 52.163435481186916], [4.817258619167482, 52.16345120940588], [4.817236496239466, 52.16346683174466], [4.817221824136611, 52.16347125493245], [4.817199902070182, 52.16347114904556], [4.817185201263792, 52.16347781911718], [4.817166932872499, 52.16347773087269], [4.817163336593466, 52.16347321944674], [4.817137818250175, 52.16346860212224], [4.817137588642982, 52.16348657722918], [4.817115666569286, 52.16348647132662]]]}}, {"type": "Feature", "properties": {"class": "parcel", "candidate_index": 50, "raw_confidence": 0.5037840563675453, "boundary_alignment_score": 0.5037840563675453, "area_m2": 85.96875, "vertex_count": 21, "vectorization": {"threshold": 0.5, "close_pixels": 5, "boundary_width_pixels": 0, "edge_buffer_pixels": 2, "min_area_m2": 20, "max_area_m2": 250000, "simplify_tolerance_m": 0.25, "min_boundary_alignment": 0.0}, "source_tile_id": "tile-110000-460000", "vectorization_aoi": "vectorization_v2", "calibration": "parameters selected only on train_selected_0; target reference excluded"}, "geometry": {"type": "Polygon", "coordinates": [[[4.817065167064538, 52.16314917329182], [4.817065224473086, 52.16314467951489], [4.8170434747997835, 52.16313109226831], [4.8170361675001905, 52.16313105696218], [4.81700713925222, 52.16311518751382], [4.817007340202333, 52.16309945929455], [4.8170298074997655, 52.16305687433575], [4.8170518441815995, 52.16304799269994], [4.817084755671938, 52.16304590468106], [4.817110216364251, 52.163055015794065], [4.817117437546767, 52.16306179176117], [4.817143013055995, 52.16306191531302], [4.817142812153929, 52.163077643532716], [4.817150119444888, 52.16307767883223], [4.817153543492224, 52.16309567158997], [4.817153170394783, 52.16312488114062], [4.817142209446753, 52.16312482819144], [4.81714209464522, 52.16313381574546], [4.8171200866403385, 52.163140450509495], [4.817090828732618, 52.163142556189605], [4.817083435321041, 52.16314926155186], [4.817065167064538, 52.16314917329182]]]}}, {"type": "Feature", "properties": {"class": "parcel", "candidate_index": 51, "raw_confidence": 0.5015062582724302, "boundary_alignment_score": 0.5015062582724302, "area_m2": 85.40625, "vertex_count": 31, "vectorization": {"threshold": 0.5, "close_pixels": 5, "boundary_width_pixels": 0, "edge_buffer_pixels": 2, "min_area_m2": 20, "max_area_m2": 250000, "simplify_tolerance_m": 0.25, "min_boundary_alignment": 0.0}, "source_tile_id": "tile-110000-460000", "vectorization_aoi": "vectorization_v2", "calibration": "parameters selected only on train_selected_0; target reference excluded"}, "geometry": {"type": "Polygon", "coordinates": [[[4.788554675076114, 52.17916412087596], [4.788547455643186, 52.17915734318237], [4.788544102242109, 52.179134855914974], [4.788536852660514, 52.17913032509373], [4.788533529421909, 52.17910559095294], [4.788540839308718, 52.17910562802841], [4.788555579698519, 52.17909671468596], [4.78855603200854, 52.179063011590664], [4.788563552963559, 52.179047320553515], [4.788574638391592, 52.17903838867156], [4.788592913081218, 52.179038481353], [4.788607623287042, 52.17903181487692], [4.788618588099241, 52.17903187048303], [4.788626018575743, 52.17902292006098], [4.788640728771491, 52.17901625358072], [4.788652025219969, 52.178991593579894], [4.788670299890628, 52.17899168624929], [4.788669877816107, 52.17902314247246], [4.788662507645527, 52.1790275991512], [4.788662236308168, 52.17904782100886], [4.788651030298555, 52.17906574039127], [4.788636289938047, 52.17907465374574], [4.788628769003955, 52.17909034478749], [4.788635536188407, 52.17913082557168], [4.788624480900086, 52.179137510586145], [4.788602521072051, 52.17913964624693], [4.788584246340945, 52.17913955356693], [4.788580651700339, 52.17913504128458], [4.788566001763468, 52.17913721401109], [4.788576785683539, 52.17915075085914], [4.78857663491846, 52.1791619852241], [4.788554675076114, 52.17916412087596]]]}}, {"type": "Feature", "properties": {"class": "parcel", "candidate_index": 52, "raw_confidence": 0.490301946530471, "boundary_alignment_score": 0.490301946530471, "area_m2": 83.28125, "vertex_count": 29, "vectorization": {"threshold": 0.5, "close_pixels": 5, "boundary_width_pixels": 0, "edge_buffer_pixels": 2, "min_area_m2": 20, "max_area_m2": 250000, "simplify_tolerance_m": 0.25, "min_boundary_alignment": 0.0}, "source_tile_id": "tile-110000-460000", "vectorization_aoi": "vectorization_v2", "calibration": "parameters selected only on train_selected_0; target reference excluded"}, "geometry": {"type": "Polygon", "coordinates": [[[4.788555332159444, 52.17884279949275], [4.788526183250398, 52.1788359105727], [4.788515308954008, 52.17882911433873], [4.78848975466607, 52.178826737694216], [4.788471600695574, 52.17881765750458], [4.788453326096765, 52.17881756480451], [4.788453476891392, 52.17880633043907], [4.788468428306511, 52.17878168899521], [4.788453868957004, 52.17877712108879], [4.788454019751316, 52.178765886723255], [4.788439490568025, 52.17875907194194], [4.788439641365877, 52.17874783757639], [4.788468850520144, 52.178750232771584], [4.788476220664079, 52.17874577610473], [4.788476341294918, 52.17873678861225], [4.788483741593204, 52.178730085071756], [4.7885056409126445, 52.17873244317896], [4.788497878737782, 52.178766109198335], [4.788508722860082, 52.17877515230705], [4.7885635767584205, 52.17877318349982], [4.788567171368278, 52.17877769578291], [4.788603660231271, 52.1787823748912], [4.788621753913556, 52.178795948806915], [4.788621663462254, 52.17880268942636], [4.788628943149437, 52.17880497336945], [4.788628762248925, 52.17881845460833], [4.788614142569272, 52.178818380467995], [4.788610367045273, 52.178827349425156], [4.788588226456468, 52.178842966322414], [4.788555332159444, 52.17884279949275]]]}}, {"type": "Feature", "properties": {"class": "parcel", "candidate_index": 53, "raw_confidence": 0.5023404269013554, "boundary_alignment_score": 0.5023404269013554, "area_m2": 71.40625, "vertex_count": 32, "vectorization": {"threshold": 0.5, "close_pixels": 5, "boundary_width_pixels": 0, "edge_buffer_pixels": 2, "min_area_m2": 20, "max_area_m2": 250000, "simplify_tolerance_m": 0.25, "min_boundary_alignment": 0.0}, "source_tile_id": "tile-110000-460000", "vectorization_aoi": "vectorization_v2", "calibration": "parameters selected only on train_selected_0; target reference excluded"}, "geometry": {"type": "Polygon", "coordinates": [[[4.795927397296369, 52.168118947634206], [4.795931646800669, 52.168074028346965], [4.795938984660204, 52.168071818081756], [4.795946530923464, 52.16805387965778], [4.795961266176313, 52.168044965365475], [4.795965158386327, 52.168027008633686], [4.795976209817057, 52.16802032291286], [4.7959841132979095, 52.1679754219288], [4.796010138078083, 52.167941846869006], [4.796014030259268, 52.16792389013528], [4.796025170961002, 52.16791046377017], [4.796039846616248, 52.1679060432274], [4.796036460492947, 52.167885803004715], [4.796047482111135, 52.16788136415683], [4.796054938998987, 52.16787016636483], [4.796073209133561, 52.167870257881056], [4.7960728221816025, 52.16789946731927], [4.7960617112630795, 52.16791064680908], [4.796064948569768, 52.16794212143019], [4.79605758097144, 52.167946578583184], [4.796057491672327, 52.16795331922266], [4.796050153838151, 52.16795552949536], [4.7960463509695535, 52.16796674559072], [4.7960279617240325, 52.16797564158952], [4.796013107432872, 52.167993543409516], [4.796013018126914, 52.16800028404895], [4.796001966706662, 52.168006969773295], [4.795997598201897, 52.168060876582764], [4.795990200807332, 52.168067580611186], [4.795979238678224, 52.168067525694], [4.795971871050593, 52.168071982841475], [4.795945667532487, 52.168119039170335], [4.795927397296369, 52.168118947634206]]]}}, {"type": "Feature", "properties": {"class": "parcel", "candidate_index": 54, "raw_confidence": 0.4972297230871712, "boundary_alignment_score": 0.4972297230871712, "area_m2": 70.84375, "vertex_count": 25, "vectorization": {"threshold": 0.5, "close_pixels": 5, "boundary_width_pixels": 0, "edge_buffer_pixels": 2, "min_area_m2": 20, "max_area_m2": 250000, "simplify_tolerance_m": 0.25, "min_boundary_alignment": 0.0}, "source_tile_id": "tile-110000-460000", "vectorization_aoi": "vectorization_v2", "calibration": "parameters selected only on train_selected_0; target reference excluded"}, "geometry": {"type": "Polygon", "coordinates": [[[4.796174159413409, 52.167697742264885], [4.796167446599961, 52.16765276806551], [4.796178616947547, 52.16763709480514], [4.7961788252674715, 52.167621366645136], [4.796212008909987, 52.16759906253738], [4.7962162283180945, 52.16755639011543], [4.7962274283817505, 52.16753846997002], [4.796227577168994, 52.167527235569814], [4.796245995946139, 52.16751609265878], [4.796264295691797, 52.16751393726518], [4.796279060457355, 52.167502776051904], [4.7962973304420675, 52.16750286753322], [4.796297122164646, 52.1675185956938], [4.796282268134279, 52.16753649754949], [4.796278316585639, 52.16755894805362], [4.796267176048204, 52.16757237444366], [4.79626705702624, 52.16758136196385], [4.796259689507779, 52.167585819129854], [4.796248191880402, 52.16762620807841], [4.796240854109497, 52.167628418363165], [4.796233397308916, 52.1676396161675], [4.79622608929269, 52.16763957957134], [4.7962223460111755, 52.1676463019131], [4.796207640700923, 52.167652969358876], [4.796192429477688, 52.16769783376258], [4.796174159413409, 52.167697742264885]]]}}, {"type": "Feature", "properties": {"class": "parcel", "candidate_index": 55, "raw_confidence": 0.49985400344366615, "boundary_alignment_score": 0.49985400344366615, "area_m2": 69.0, "vertex_count": 23, "vectorization": {"threshold": 0.5, "close_pixels": 5, "boundary_width_pixels": 0, "edge_buffer_pixels": 2, "min_area_m2": 20, "max_area_m2": 250000, "simplify_tolerance_m": 0.25, "min_boundary_alignment": 0.0}, "source_tile_id": "tile-110000-460000", "vectorization_aoi": "vectorization_v2", "calibration": "parameters selected only on train_selected_0; target reference excluded"}, "geometry": {"type": "Polygon", "coordinates": [[[4.805293509931107, 52.17230901869492], [4.805253311581628, 52.17230882049072], [4.8052534581163195, 52.172297586085016], [4.805264450606115, 52.17229539326088], [4.805268192918969, 52.17228867063623], [4.805279214711469, 52.17228423092956], [4.805279537073098, 52.17225951523678], [4.805290588162279, 52.17225282864784], [4.805345462629487, 52.17224860514309], [4.805433109406874, 52.17225353126472], [4.805459041702036, 52.172226694782374], [4.805499239978694, 52.17222689291639], [4.805506490168064, 52.172231422701806], [4.805506285109088, 52.17224715087055], [4.805480528603187, 52.17226050607579], [4.805476786324689, 52.172267228707256], [4.805462139459932, 52.17226940353854], [4.805458397177914, 52.172276126169436], [4.805429074141284, 52.1722827227068], [4.805355956973354, 52.17228460929057], [4.805322950218685, 52.17229343466664], [4.805311869820267, 52.1723023681397], [4.805304561030494, 52.172302332104735], [4.805293509931107, 52.17230901869492]]]}}, {"type": "Feature", "properties": {"class": "parcel", "candidate_index": 56, "raw_confidence": 0.4956663331677837, "boundary_alignment_score": 0.4956663331677837, "area_m2": 66.25, "vertex_count": 19, "vectorization": {"threshold": 0.5, "close_pixels": 5, "boundary_width_pixels": 0, "edge_buffer_pixels": 2, "min_area_m2": 20, "max_area_m2": 250000, "simplify_tolerance_m": 0.25, "min_boundary_alignment": 0.0}, "source_tile_id": "tile-110000-460000", "vectorization_aoi": "vectorization_v2", "calibration": "parameters selected only on train_selected_0; target reference excluded"}, "geometry": {"type": "Polygon", "coordinates": [[[4.813995701668095, 52.17511319577134], [4.813992104776605, 52.17510868425682], [4.813951961596182, 52.175103995246786], [4.813952221436225, 52.17508377330116], [4.813934121531875, 52.17507020325216], [4.813926812279538, 52.175070167750654], [4.813926985513698, 52.17505668645352], [4.813945258639037, 52.17505677520649], [4.813952510147068, 52.17506130447258], [4.813989085270972, 52.175059235084895], [4.814003790377647, 52.17505256543114], [4.814018639818538, 52.17503466136112], [4.814062668491375, 52.1750213930319], [4.814095588955479, 52.175019305864375], [4.814098954940995, 52.17504179243917], [4.814069515893569, 52.17505737865153], [4.8140583788236215, 52.17507080670898], [4.814065255095211, 52.17510454544567], [4.814050549980528, 52.17511121510701], [4.813995701668095, 52.17511319577134]]]}}, {"type": "Feature", "properties": {"class": "parcel", "candidate_index": 57, "raw_confidence": 0.49828684063100104, "boundary_alignment_score": 0.49828684063100104, "area_m2": 65.375, "vertex_count": 26, "vectorization": {"threshold": 0.5, "close_pixels": 5, "boundary_width_pixels": 0, "edge_buffer_pixels": 2, "min_area_m2": 20, "max_area_m2": 250000, "simplify_tolerance_m": 0.25, "min_boundary_alignment": 0.0}, "source_tile_id": "tile-110000-460000", "vectorization_aoi": "vectorization_v2", "calibration": "parameters selected only on train_selected_0; target reference excluded"}, "geometry": {"type": "Polygon", "coordinates": [[[4.813168291290943, 52.163860565515414], [4.813161070580334, 52.16385378930822], [4.813161272890598, 52.16383806109952], [4.81317611891901, 52.163820157095905], [4.813176350124436, 52.16380218200009], [4.813187513533427, 52.16378650710906], [4.8131876291337585, 52.1637775195611], [4.813195023234359, 52.16377081444478], [4.813209695833092, 52.16376639175875], [4.8132171477256795, 52.16375519286698], [4.813228802373967, 52.16370132089245], [4.813243619432422, 52.16368566376688], [4.813265714968367, 52.1636722890667], [4.813294973400379, 52.16367018433617], [4.81330222299597, 52.1636747136483], [4.8133020785248375, 52.163685948083646], [4.813290972970967, 52.16369712921175], [4.8132870014316875, 52.16372182720002], [4.813264761396731, 52.16374643633921], [4.813260934320336, 52.16375989989128], [4.813224108344869, 52.16378219105391], [4.813212655961457, 52.16382033481833], [4.813201579251046, 52.16382926905074], [4.813193953943238, 52.16385394926316], [4.813186617629042, 52.16385616060534], [4.813186559828648, 52.163860654379256], [4.813168291290943, 52.163860565515414]]]}}, {"type": "Feature", "properties": {"class": "parcel", "candidate_index": 58, "raw_confidence": 0.49964414470231355, "boundary_alignment_score": 0.49964414470231355, "area_m2": 65.03125, "vertex_count": 18, "vectorization": {"threshold": 0.5, "close_pixels": 5, "boundary_width_pixels": 0, "edge_buffer_pixels": 2, "min_area_m2": 20, "max_area_m2": 250000, "simplify_tolerance_m": 0.25, "min_boundary_alignment": 0.0}, "source_tile_id": "tile-110000-460000", "vectorization_aoi": "vectorization_v2", "calibration": "parameters selected only on train_selected_0; target reference excluded"}, "geometry": {"type": "Polygon", "coordinates": [[[4.8151545135062905, 52.16283882497652], [4.8151436102331955, 52.16283427806576], [4.815103477969343, 52.16282958945361], [4.815088949883513, 52.16282277793679], [4.815074594627556, 52.16280248509037], [4.815074825061279, 52.162784509986565], [4.81510048681291, 52.16277789331702], [4.815122638946513, 52.162760024489536], [4.81517019358505, 52.16275576096517], [4.815173904801526, 52.16275128489997], [4.815192172890237, 52.16275137345264], [4.815192028898873, 52.16276260789279], [4.815180895249817, 52.16277603608962], [4.815184404876194, 52.16278728824022], [4.815191596924278, 52.162796311213036], [4.815220653114608, 52.16280993421971], [4.815224105160216, 52.162825680145076], [4.8151837425055355, 52.16283896666428], [4.8151545135062905, 52.16283882497652]]]}}, {"type": "Feature", "properties": {"class": "parcel", "candidate_index": 59, "raw_confidence": 0.504038957087961, "boundary_alignment_score": 0.504038957087961, "area_m2": 62.125, "vertex_count": 24, "vectorization": {"threshold": 0.5, "close_pixels": 5, "boundary_width_pixels": 0, "edge_buffer_pixels": 2, "min_area_m2": 20, "max_area_m2": 250000, "simplify_tolerance_m": 0.25, "min_boundary_alignment": 0.0}, "source_tile_id": "tile-110000-460000", "vectorization_aoi": "vectorization_v2", "calibration": "parameters selected only on train_selected_0; target reference excluded"}, "geometry": {"type": "Polygon", "coordinates": [[[4.796361207507628, 52.18061683412242], [4.796361386080068, 52.18060335287241], [4.796368815267561, 52.18059440196332], [4.79635068873238, 52.18058307611012], [4.796347420579378, 52.18055384843899], [4.796354849761384, 52.180544897530666], [4.796354998573049, 52.18053366315552], [4.796366053052318, 52.18052697741723], [4.796370005732029, 52.18050452696221], [4.796377434901248, 52.180495576052365], [4.796395710209, 52.180495667526316], [4.79639924623031, 52.180504673320975], [4.796417551300997, 52.180502517916494], [4.796424920942815, 52.1804980607538], [4.7964431962517144, 52.180498152220366], [4.79644272012568, 52.18053410222138], [4.796435350479666, 52.18053855938519], [4.796435171929922, 52.180552040635504], [4.796423819865955, 52.18058119513063], [4.7964164204509805, 52.18058789916819], [4.796416271654555, 52.18059913354334], [4.796405187405006, 52.18060806616125], [4.796390537361329, 52.180610239858474], [4.796386822768807, 52.18061471531376], [4.796361207507628, 52.18061683412242]]]}}, {"type": "Feature", "properties": {"class": "parcel", "candidate_index": 60, "raw_confidence": 0.5021862721868924, "boundary_alignment_score": 0.5021862721868924, "area_m2": 61.03125, "vertex_count": 17, "vectorization": {"threshold": 0.5, "close_pixels": 5, "boundary_width_pixels": 0, "edge_buffer_pixels": 2, "min_area_m2": 20, "max_area_m2": 250000, "simplify_tolerance_m": 0.25, "min_boundary_alignment": 0.0}, "source_tile_id": "tile-110000-460000", "vectorization_aoi": "vectorization_v2", "calibration": "parameters selected only on train_selected_0; target reference excluded"}, "geometry": {"type": "Polygon", "coordinates": [[[4.807847775027962, 52.16417161872595], [4.807837076366049, 52.16415134294565], [4.807833918527537, 52.16411312796001], [4.807826669417352, 52.16410859831292], [4.807834472756439, 52.16407043714205], [4.807856482594539, 52.16406380411409], [4.80786387754263, 52.16405709933348], [4.807889453588748, 52.16405722489221], [4.8079114634121884, 52.164050591853965], [4.807929732014002, 52.16405068153193], [4.807936951960554, 52.16405745805797], [4.807932889930382, 52.16408889651553], [4.807892319800862, 52.16411790872849], [4.807888345235367, 52.164142606528685], [4.8078772382126544, 52.16415378714411], [4.80787340947574, 52.16416725051798], [4.807866043679165, 52.16417170841385], [4.807847775027962, 52.16417161872595]]]}}, {"type": "Feature", "properties": {"class": "parcel", "candidate_index": 61, "raw_confidence": 0.4963079943801417, "boundary_alignment_score": 0.4963079943801417, "area_m2": 58.28125, "vertex_count": 20, "vectorization": {"threshold": 0.5, "close_pixels": 5, "boundary_width_pixels": 0, "edge_buffer_pixels": 2, "min_area_m2": 20, "max_area_m2": 250000, "simplify_tolerance_m": 0.25, "min_boundary_alignment": 0.0}, "source_tile_id": "tile-110000-460000", "vectorization_aoi": "vectorization_v2", "calibration": "parameters selected only on train_selected_0; target reference excluded"}, "geometry": {"type": "Polygon", "coordinates": [[[4.811698808567351, 52.164190462386145], [4.8117028389786904, 52.16416127068193], [4.811710233365896, 52.16415456565952], [4.81171075491169, 52.164114121704614], [4.811721803016863, 52.1641074344996], [4.81171101568418, 52.164093899727035], [4.811711479279042, 52.16405794954455], [4.811733575457974, 52.16404457513312], [4.811740882901695, 52.164044610767945], [4.811740940848009, 52.16404011699506], [4.811770199591757, 52.16403801264326], [4.8117699098748075, 52.16406048150764], [4.811773505654925, 52.164064993096794], [4.811791745302098, 52.16406732906323], [4.811787743928485, 52.1640942738846], [4.811757963646383, 52.16413682219601], [4.8117358674289505, 52.16415019661172], [4.811731808066513, 52.16418163520349], [4.811720817893002, 52.164183828636645], [4.8117170772363185, 52.164190551477766], [4.811698808567351, 52.164190462386145]]]}}, {"type": "Feature", "properties": {"class": "parcel", "candidate_index": 62, "raw_confidence": 0.4937040345007632, "boundary_alignment_score": 0.4937040345007632, "area_m2": 55.96875, "vertex_count": 17, "vectorization": {"threshold": 0.5, "close_pixels": 5, "boundary_width_pixels": 0, "edge_buffer_pixels": 2, "min_area_m2": 20, "max_area_m2": 250000, "simplify_tolerance_m": 0.25, "min_boundary_alignment": 0.0}, "source_tile_id": "tile-110000-460000", "vectorization_aoi": "vectorization_v2", "calibration": "parameters selected only on train_selected_0; target reference excluded"}, "geometry": {"type": "Polygon", "coordinates": [[[4.79222444454088, 52.17478299903864], [4.792217195290087, 52.17477846844054], [4.792217584844778, 52.1747492590536], [4.79222498391764, 52.17474255527205], [4.792225103778989, 52.17473356776828], [4.792265753686724, 52.174700067274905], [4.792273062855528, 52.17470010411812], [4.79227677736533, 52.17469562878761], [4.792295050285575, 52.174695720893055], [4.792305894192852, 52.17470476365886], [4.792349569456537, 52.17471846595231], [4.792349359743123, 52.174734194084124], [4.792312484300657, 52.1747587255227], [4.7923051751222046, 52.17475868868193], [4.792297776058689, 52.17476539246855], [4.7922904668791615, 52.174765355626846], [4.79225368127036, 52.174783146419045], [4.79222444454088, 52.17478299903864]]]}}, {"type": "Feature", "properties": {"class": "parcel", "candidate_index": 63, "raw_confidence": 0.49960401725769044, "boundary_alignment_score": 0.49960401725769044, "area_m2": 52.96875, "vertex_count": 12, "vectorization": {"threshold": 0.5, "close_pixels": 5, "boundary_width_pixels": 0, "edge_buffer_pixels": 2, "min_area_m2": 20, "max_area_m2": 250000, "simplify_tolerance_m": 0.25, "min_boundary_alignment": 0.0}, "source_tile_id": "tile-110000-460000", "vectorization_aoi": "vectorization_v2", "calibration": "parameters selected only on train_selected_0; target reference excluded"}, "geometry": {"type": "Polygon", "coordinates": [[[4.805325864113415, 52.177394194993894], [4.805322971303699, 52.17733575811733], [4.805330749835864, 52.17729984408493], [4.805345515586286, 52.1772886817574], [4.80538943183694, 52.177284404193834], [4.805396682835279, 52.177288933983206], [4.805396331187196, 52.17731589653412], [4.805414312184665, 52.177338455401824], [4.805414107062598, 52.177354183556425], [4.8053920902965555, 52.17736081610319], [4.8053515650236776, 52.17738533359713], [4.80534413817402, 52.177394285080204], [4.805325864113415, 52.177394194993894]]]}}, {"type": "Feature", "properties": {"class": "parcel", "candidate_index": 64, "raw_confidence": 0.4975466526160806, "boundary_alignment_score": 0.4975466526160806, "area_m2": 48.4375, "vertex_count": 15, "vectorization": {"threshold": 0.5, "close_pixels": 5, "boundary_width_pixels": 0, "edge_buffer_pixels": 2, "min_area_m2": 20, "max_area_m2": 250000, "simplify_tolerance_m": 0.25, "min_boundary_alignment": 0.0}, "source_tile_id": "tile-110000-460000", "vectorization_aoi": "vectorization_v2", "calibration": "parameters selected only on train_selected_0; target reference excluded"}, "geometry": {"type": "Polygon", "coordinates": [[[4.792945357255176, 52.172245243082756], [4.79290527875096, 52.17223605316333], [4.792854177254166, 52.17223130177548], [4.79283964952097, 52.17222448753049], [4.7928363543272, 52.17219750660139], [4.792854865676668, 52.17217962360158], [4.792913245943178, 52.172186658669176], [4.792924089368078, 52.172195701381376], [4.792935022579437, 52.17219800346106], [4.792938587177677, 52.17220476249314], [4.7929531747725225, 52.172207082971745], [4.792964018210476, 52.17221612568021], [4.792971326973003, 52.17221616247956], [4.792993103638451, 52.172227507260715], [4.792992924091677, 52.172240988523676], [4.792945357255176, 52.172245243082756]]]}}, {"type": "Feature", "properties": {"class": "parcel", "candidate_index": 65, "raw_confidence": 0.4964678142751966, "boundary_alignment_score": 0.4964678142751966, "area_m2": 46.65625, "vertex_count": 24, "vectorization": {"threshold": 0.5, "close_pixels": 5, "boundary_width_pixels": 0, "edge_buffer_pixels": 2, "min_area_m2": 20, "max_area_m2": 250000, "simplify_tolerance_m": 0.25, "min_boundary_alignment": 0.0}, "source_tile_id": "tile-110000-460000", "vectorization_aoi": "vectorization_v2", "calibration": "parameters selected only on train_selected_0; target reference excluded"}, "geometry": {"type": "Polygon", "coordinates": [[[4.794829259078834, 52.17458937486214], [4.794803796383186, 52.17458025895582], [4.7948040052301515, 52.174564530817904], [4.794815028623559, 52.17456009209293], [4.794811582893432, 52.17454434561212], [4.794833599832807, 52.17453771503657], [4.794855527267714, 52.17453782508751], [4.794870264885348, 52.17452891094502], [4.794884883172463, 52.174528984308225], [4.794899561120485, 52.17452456391582], [4.794906959753495, 52.17451785996515], [4.794928917007811, 52.17451572312553], [4.794936285806389, 52.17451126604992], [4.794980110824629, 52.174513732986476], [4.794979931866449, 52.174527214248016], [4.794968878670596, 52.17453389986536], [4.7949469214092115, 52.17453603671242], [4.7949468617531155, 52.17454053046623], [4.7949248448291035, 52.17454716106292], [4.794917446193899, 52.17455386501472], [4.794891834346252, 52.174555983511816], [4.7948807512986775, 52.174564915997735], [4.794866103167651, 52.17456708951088], [4.794858495692581, 52.174589521596936], [4.794829259078834, 52.17458937486214]]]}}, {"type": "Feature", "properties": {"class": "parcel", "candidate_index": 66, "raw_confidence": 0.49903920007788616, "boundary_alignment_score": 0.49903920007788616, "area_m2": 45.46875, "vertex_count": 16, "vectorization": {"threshold": 0.5, "close_pixels": 5, "boundary_width_pixels": 0, "edge_buffer_pixels": 2, "min_area_m2": 20, "max_area_m2": 250000, "simplify_tolerance_m": 0.25, "min_boundary_alignment": 0.0}, "source_tile_id": "tile-110000-460000", "vectorization_aoi": "vectorization_v2", "calibration": "parameters selected only on train_selected_0; target reference excluded"}, "geometry": {"type": "Polygon", "coordinates": [[[4.787306525657982, 52.16461501243618], [4.787292031455276, 52.16460595062609], [4.7872925147333, 52.16457000057437], [4.78728161388841, 52.16456545109389], [4.78728167429919, 52.164560957337414], [4.787274366796888, 52.164560920187526], [4.787263496162365, 52.16455412382712], [4.787263737812619, 52.164536148801204], [4.787271135928538, 52.16452944531703], [4.787289404671423, 52.16452953819139], [4.787292998010431, 52.16453405052245], [4.787314860096853, 52.164538655723796], [4.787362358838649, 52.164538897173756], [4.787361573603568, 52.16459731600854], [4.7873431236187844, 52.16461070441475], [4.787328448191611, 52.164615123878576], [4.787306525657982, 52.16461501243618]]]}}, {"type": "Feature", "properties": {"class": "parcel", "candidate_index": 67, "raw_confidence": 0.498433917071778, "boundary_alignment_score": 0.498433917071778, "area_m2": 44.125, "vertex_count": 27, "vectorization": {"threshold": 0.5, "close_pixels": 5, "boundary_width_pixels": 0, "edge_buffer_pixels": 2, "min_area_m2": 20, "max_area_m2": 250000, "simplify_tolerance_m": 0.25, "min_boundary_alignment": 0.0}, "source_tile_id": "tile-110000-460000", "vectorization_aoi": "vectorization_v2", "calibration": "parameters selected only on train_selected_0; target reference excluded"}, "geometry": {"type": "Polygon", "coordinates": [[[4.79490598277937, 52.16991144870345], [4.7949102931417125, 52.16986203571126], [4.794903044415181, 52.16985750527515], [4.794881119280777, 52.169857395236406], [4.7948812982444196, 52.16984391396418], [4.794899628836905, 52.16983951190593], [4.794903432155223, 52.16982829585181], [4.7949144543664515, 52.16982385711213], [4.794929309710392, 52.16980595543765], [4.794947580634782, 52.1698060471294], [4.7949476999303196, 52.169797059614375], [4.794940391562027, 52.16979702293804], [4.794944403634663, 52.16977007873118], [4.794962674544397, 52.16977017042058], [4.794970072376495, 52.16976346645921], [4.79498834328359, 52.1697635581446], [4.794991699248671, 52.16978604526908], [4.794976963226032, 52.169794959436466], [4.794976843936398, 52.16980394695149], [4.794965791913306, 52.16981063257576], [4.794961869319433, 52.169830836146964], [4.79495453112203, 52.16983304635022], [4.794954441651318, 52.16983978698643], [4.794939616130466, 52.16985544178521], [4.794935454924205, 52.16989362038506], [4.794924373047509, 52.16990255288405], [4.7949242537469, 52.16991154039885], [4.79490598277937, 52.16991144870345]]]}}, {"type": "Feature", "properties": {"class": "parcel", "candidate_index": 68, "raw_confidence": 0.5013820836130454, "boundary_alignment_score": 0.5013820836130454, "area_m2": 42.125, "vertex_count": 12, "vectorization": {"threshold": 0.5, "close_pixels": 5, "boundary_width_pixels": 0, "edge_buffer_pixels": 2, "min_area_m2": 20, "max_area_m2": 250000, "simplify_tolerance_m": 0.25, "min_boundary_alignment": 0.0}, "source_tile_id": "tile-110000-460000", "vectorization_aoi": "vectorization_v2", "calibration": "parameters selected only on train_selected_0; target reference excluded"}, "geometry": {"type": "Polygon", "coordinates": [[[4.813629660964721, 52.17515635798482], [4.81360448297477, 52.1751247773033], [4.8136085709319065, 52.17509109182315], [4.813626959620484, 52.17508219309442], [4.813656196636545, 52.17508233517216], [4.813678066628909, 52.17508693549125], [4.813681634602112, 52.17509369389802], [4.813696224229992, 52.17509601181381], [4.813695704317314, 52.17513645570346], [4.813680970252194, 52.17514537220138], [4.813673660987799, 52.17514533668413], [4.813666236181181, 52.175154288697385], [4.813629660964721, 52.17515635798482]]]}}, {"type": "Feature", "properties": {"class": "parcel", "candidate_index": 69, "raw_confidence": 0.4988721198964827, "boundary_alignment_score": 0.4988721198964827, "area_m2": 41.875, "vertex_count": 17, "vectorization": {"threshold": 0.5, "close_pixels": 5, "boundary_width_pixels": 0, "edge_buffer_pixels": 2, "min_area_m2": 20, "max_area_m2": 250000, "simplify_tolerance_m": 0.25, "min_boundary_alignment": 0.0}, "source_tile_id": "tile-110000-460000", "vectorization_aoi": "vectorization_v2", "calibration": "parameters selected only on train_selected_0; target reference excluded"}, "geometry": {"type": "Polygon", "coordinates": [[[4.811435153555552, 52.17924424250536], [4.8114279016252866, 52.179239713087235], [4.811402345862586, 52.17923734140266], [4.811395122940212, 52.17923056510206], [4.811380532081267, 52.17922824690162], [4.811366028238521, 52.179219188058134], [4.811366289282369, 52.1791989661344], [4.811373599208736, 52.17919900179554], [4.811399444979787, 52.17917890468193], [4.811421374749165, 52.17917901165777], [4.811432194626297, 52.17919029954636], [4.811465060289094, 52.1791927068799], [4.8114831901079125, 52.17920403041885], [4.811482871119023, 52.17922874610378], [4.811471819223298, 52.17923543326339], [4.811471761224148, 52.17923992702428], [4.811464393291073, 52.17924438513011], [4.811435153555552, 52.17924424250536]]]}}, {"type": "Feature", "properties": {"class": "parcel", "candidate_index": 70, "raw_confidence": 0.49921165146524943, "boundary_alignment_score": 0.49921165146524943, "area_m2": 41.59375, "vertex_count": 23, "vectorization": {"threshold": 0.5, "close_pixels": 5, "boundary_width_pixels": 0, "edge_buffer_pixels": 2, "min_area_m2": 20, "max_area_m2": 250000, "simplify_tolerance_m": 0.25, "min_boundary_alignment": 0.0}, "source_tile_id": "tile-110000-460000", "vectorization_aoi": "vectorization_v2", "calibration": "parameters selected only on train_selected_0; target reference excluded"}, "geometry": {"type": "Polygon", "coordinates": [[[4.7928823647623835, 52.172310089696275], [4.792878949815649, 52.17229209627708], [4.7928644220588925, 52.17228528203516], [4.792860917327822, 52.17227402924676], [4.792853608555933, 52.172273992440566], [4.792842795058437, 52.17226270284489], [4.792820898681593, 52.17226034554447], [4.79282113814672, 52.17224237052771], [4.792865020677882, 52.172240344493034], [4.792875953897105, 52.17224264657824], [4.792883172873873, 52.172249424014396], [4.792915972544439, 52.172256330261824], [4.792919567072607, 52.1722608424173], [4.792948802151909, 52.172260989623034], [4.792959735380544, 52.17226329170045], [4.79297057883345, 52.17227233440828], [4.792977887605193, 52.172272371207235], [4.792977737978863, 52.17228360559295], [4.792970369353987, 52.17228806254819], [4.792922772537103, 52.172294563975235], [4.7929190582929575, 52.17229903932832], [4.792900756423696, 52.17230119419807], [4.792900636706996, 52.172310181706486], [4.7928823647623835, 52.172310089696275]]]}}, {"type": "Feature", "properties": {"class": "parcel", "candidate_index": 71, "raw_confidence": 0.5444334050883417, "boundary_alignment_score": 0.5444334050883417, "area_m2": 41.25, "vertex_count": 12, "vectorization": {"threshold": 0.5, "close_pixels": 5, "boundary_width_pixels": 0, "edge_buffer_pixels": 2, "min_area_m2": 20, "max_area_m2": 250000, "simplify_tolerance_m": 0.25, "min_boundary_alignment": 0.0}, "source_tile_id": "tile-110000-460000", "vectorization_aoi": "vectorization_v2", "calibration": "parameters selected only on train_selected_0; target reference excluded"}, "geometry": {"type": "Polygon", "coordinates": [[[4.815248154364721, 52.16294488917092], [4.815233597422926, 52.16294032455995], [4.815222722913859, 52.16293353076859], [4.815219184469406, 52.16292452550729], [4.815175628878735, 52.16290184410639], [4.81517580167402, 52.16288836277858], [4.8151904737868145, 52.16288393984478], [4.815201549864257, 52.162875005423295], [4.815252700654892, 52.16287525335186], [4.815256555848693, 52.16285954284412], [4.8152748239819445, 52.162859631384066], [4.815273729800186, 52.16294501312792], [4.815248154364721, 52.16294488917092]]]}}, {"type": "Feature", "properties": {"class": "parcel", "candidate_index": 72, "raw_confidence": 0.5004265872495515, "boundary_alignment_score": 0.5004265872495515, "area_m2": 39.28125, "vertex_count": 12, "vectorization": {"threshold": 0.5, "close_pixels": 5, "boundary_width_pixels": 0, "edge_buffer_pixels": 2, "min_area_m2": 20, "max_area_m2": 250000, "simplify_tolerance_m": 0.25, "min_boundary_alignment": 0.0}, "source_tile_id": "tile-110000-460000", "vectorization_aoi": "vectorization_v2", "calibration": "parameters selected only on train_selected_0; target reference excluded"}, "geometry": {"type": "Polygon", "coordinates": [[[4.794046133039962, 52.17136545156447], [4.794027980965537, 52.17135637222084], [4.794028190066394, 52.17134064407591], [4.79404661097002, 52.171329501518805], [4.794050474372059, 52.17131379173986], [4.7940616165148136, 52.171300365570225], [4.794065748735367, 52.17126443388966], [4.79408402025483, 52.171264525715976], [4.794112956014104, 52.171287141411305], [4.7941088536968515, 52.17132082621549], [4.7940827358992495, 52.1713611414648], [4.794068058912918, 52.17136556175945], [4.794046133039962, 52.17136545156447]]]}}, {"type": "Feature", "properties": {"class": "parcel", "candidate_index": 73, "raw_confidence": 0.496391182526564, "boundary_alignment_score": 0.496391182526564, "area_m2": 39.125, "vertex_count": 19, "vectorization": {"threshold": 0.5, "close_pixels": 5, "boundary_width_pixels": 0, "edge_buffer_pixels": 2, "min_area_m2": 20, "max_area_m2": 250000, "simplify_tolerance_m": 0.25, "min_boundary_alignment": 0.0}, "source_tile_id": "tile-110000-460000", "vectorization_aoi": "vectorization_v2", "calibration": "parameters selected only on train_selected_0; target reference excluded"}, "geometry": {"type": "Polygon", "coordinates": [[[4.801597819188135, 52.173209772944524], [4.801579664822902, 52.17320069476219], [4.801580018735844, 52.173173732206905], [4.8015983795328365, 52.1731670822319], [4.801634953660716, 52.17316501667145], [4.801645858072808, 52.1731695648243], [4.801689711641107, 52.173169782388314], [4.801693307131123, 52.17317429427719], [4.80171879992492, 52.17318116182022], [4.801729645379135, 52.173190203724616], [4.801740579291719, 52.17319250498904], [4.801740431868412, 52.17320373938728], [4.801725814001022, 52.17320366687403], [4.801722100562998, 52.173208142504734], [4.801700173759825, 52.173208033730745], [4.801681989886794, 52.17320120244374], [4.801660063087163, 52.173201093662264], [4.801641849733498, 52.17319650924871], [4.801623400459131, 52.17320989986933], [4.801597819188135, 52.173209772944524]]]}}, {"type": "Feature", "properties": {"class": "parcel", "candidate_index": 74, "raw_confidence": 0.49759727208189264, "boundary_alignment_score": 0.49759727208189264, "area_m2": 38.625, "vertex_count": 15, "vectorization": {"threshold": 0.5, "close_pixels": 5, "boundary_width_pixels": 0, "edge_buffer_pixels": 2, "min_area_m2": 20, "max_area_m2": 250000, "simplify_tolerance_m": 0.25, "min_boundary_alignment": 0.0}, "source_tile_id": "tile-110000-460000", "vectorization_aoi": "vectorization_v2", "calibration": "parameters selected only on train_selected_0; target reference excluded"}, "geometry": {"type": "Polygon", "coordinates": [[[4.810963072272764, 52.16881799448606], [4.8109558801148955, 52.16880897126465], [4.810960085540313, 52.16876629830421], [4.810963797681076, 52.16876182237745], [4.8109711058967015, 52.16876185806106], [4.810971250976271, 52.168750623639255], [4.811000686932494, 52.1687350381784], [4.811001035105169, 52.1687080755658], [4.811015738559784, 52.16870140627471], [4.811044971382991, 52.16870154899338], [4.811040940119438, 52.16873074065111], [4.811029832738847, 52.16874192155404], [4.81101469406717, 52.16878229411237], [4.810988912195357, 52.16879789741772], [4.810981342834855, 52.16881808369433], [4.810963072272764, 52.16881799448606]]]}}, {"type": "Feature", "properties": {"class": "parcel", "candidate_index": 75, "raw_confidence": 0.49398745133264643, "boundary_alignment_score": 0.49398745133264643, "area_m2": 38.40625, "vertex_count": 18, "vectorization": {"threshold": 0.5, "close_pixels": 5, "boundary_width_pixels": 0, "edge_buffer_pixels": 2, "min_area_m2": 20, "max_area_m2": 250000, "simplify_tolerance_m": 0.25, "min_boundary_alignment": 0.0}, "source_tile_id": "tile-110000-460000", "vectorization_aoi": "vectorization_v2", "calibration": "parameters selected only on train_selected_0; target reference excluded"}, "geometry": {"type": "Polygon", "coordinates": [[[4.805105597838145, 52.177748138650486], [4.8051061255803935, 52.17770769482883], [4.805098815905026, 52.17770765877982], [4.805099285014216, 52.17767170871595], [4.805132207844603, 52.177669624053685], [4.8051323837503634, 52.177656142779576], [4.805158172798991, 52.17764054078859], [4.805165599727138, 52.17763158931778], [4.805165775622606, 52.17761810804356], [4.805191388749941, 52.17761598731941], [4.8051871476231796, 52.177660906878444], [4.805168697558991, 52.17767429804182], [4.8051686389273796, 52.17767879179986], [4.805153960952901, 52.17768321346718], [4.805142879177351, 52.177692146914005], [4.805135071106731, 52.17773030781022], [4.805123989315664, 52.177739241255146], [4.805123872043196, 52.17774822877109], [4.805105597838145, 52.177748138650486]]]}}, {"type": "Feature", "properties": {"class": "parcel", "candidate_index": 76, "raw_confidence": 0.5004012337097755, "boundary_alignment_score": 0.5004012337097755, "area_m2": 36.9375, "vertex_count": 21, "vectorization": {"threshold": 0.5, "close_pixels": 5, "boundary_width_pixels": 0, "edge_buffer_pixels": 2, "min_area_m2": 20, "max_area_m2": 250000, "simplify_tolerance_m": 0.25, "min_boundary_alignment": 0.0}, "source_tile_id": "tile-110000-460000", "vectorization_aoi": "vectorization_v2", "calibration": "parameters selected only on train_selected_0; target reference excluded"}, "geometry": {"type": "Polygon", "coordinates": [[[4.815930783080374, 52.17412714649562], [4.815901575453115, 52.17412475809854], [4.815901748085616, 52.17411127679542], [4.81591276927452, 52.17410683609599], [4.815912826817539, 52.174102342328304], [4.815931185868785, 52.17409569012156], [4.8159421495108665, 52.174095743187145], [4.815949631223487, 52.17408229726031], [4.8159679614922934, 52.174077891931724], [4.815993744685654, 52.17406228755449], [4.816001053774965, 52.17406232292776], [4.816030549022211, 52.17404224246105], [4.816030606553259, 52.17403774869321], [4.816048879266598, 52.1740378371198], [4.816048332738598, 52.17408052791427], [4.816007960130699, 52.174093814675174], [4.815986004079495, 52.17409595543916], [4.8159749253637925, 52.17410488991315], [4.81596024963305, 52.17410931293068], [4.815960192094793, 52.174113806698436], [4.815945458819902, 52.174122723481815], [4.815930783080374, 52.17412714649562]]]}}, {"type": "Feature", "properties": {"class": "parcel", "candidate_index": 77, "raw_confidence": 0.49888813038545154, "boundary_alignment_score": 0.49888813038545154, "area_m2": 36.90625, "vertex_count": 28, "vectorization": {"threshold": 0.5, "close_pixels": 5, "boundary_width_pixels": 0, "edge_buffer_pixels": 2, "min_area_m2": 20, "max_area_m2": 250000, "simplify_tolerance_m": 0.25, "min_boundary_alignment": 0.0}, "source_tile_id": "tile-110000-460000", "vectorization_aoi": "vectorization_v2", "calibration": "parameters selected only on train_selected_0; target reference excluded"}, "geometry": {"type": "Polygon", "coordinates": [[[4.810417489616111, 52.16975009209311], [4.810417954329993, 52.16971414195225], [4.810451074343294, 52.16969632760739], [4.8104549899117615, 52.169676123510726], [4.810466010543366, 52.16967168331584], [4.8104698389770855, 52.169658219870115], [4.810480917685526, 52.16964928590613], [4.810481179057668, 52.169629063951405], [4.810488661660603, 52.16961561836184], [4.810495999056183, 52.16961340719117], [4.810496086177892, 52.16960666653959], [4.810507135828237, 52.16959997945689], [4.810525406709418, 52.1696000687362], [4.8105252034357635, 52.1696157969234], [4.810521462140349, 52.169622519719425], [4.810510441526409, 52.16962695991956], [4.810506380787047, 52.169658398437576], [4.810495360162734, 52.16966283863625], [4.810487935635907, 52.16967179045838], [4.810487790430715, 52.16968302487762], [4.810476740756858, 52.169689711958355], [4.810472767113368, 52.16971440982336], [4.810465400657804, 52.16971886787637], [4.810465313531174, 52.16972560852777], [4.810457976115603, 52.16972781969648], [4.810446810253542, 52.1697434943096], [4.810435818645984, 52.169745687618786], [4.8104357605585415, 52.169750181386405], [4.810417489616111, 52.16975009209311]]]}}, {"type": "Feature", "properties": {"class": "parcel", "candidate_index": 78, "raw_confidence": 0.49981416714569876, "boundary_alignment_score": 0.49981416714569876, "area_m2": 34.9375, "vertex_count": 15, "vectorization": {"threshold": 0.5, "close_pixels": 5, "boundary_width_pixels": 0, "edge_buffer_pixels": 2, "min_area_m2": 20, "max_area_m2": 250000, "simplify_tolerance_m": 0.25, "min_boundary_alignment": 0.0}, "source_tile_id": "tile-110000-460000", "vectorization_aoi": "vectorization_v2", "calibration": "parameters selected only on train_selected_0; target reference excluded"}, "geometry": {"type": "Polygon", "coordinates": [[[4.794678631185555, 52.17024511469648], [4.794678929563588, 52.17022264591152], [4.794704509095755, 52.1702227743338], [4.794704867133479, 52.17019581179166], [4.7947270012810295, 52.170180193713676], [4.794734846740584, 52.17013978658961], [4.794756772013314, 52.17013989665571], [4.794760217390099, 52.17015564314953], [4.794771090531126, 52.17016243881642], [4.794770911532513, 52.17017592008767], [4.79475979971889, 52.17018709944913], [4.794752192946227, 52.170209531546405], [4.794744824841654, 52.170213988614904], [4.7947408722768525, 52.17023643905563], [4.7947298201110655, 52.17024312465709], [4.794678631185555, 52.17024511469648]]]}}, {"type": "Feature", "properties": {"class": "parcel", "candidate_index": 79, "raw_confidence": 0.49810116092363993, "boundary_alignment_score": 0.49810116092363993, "area_m2": 34.8125, "vertex_count": 19, "vectorization": {"threshold": 0.5, "close_pixels": 5, "boundary_width_pixels": 0, "edge_buffer_pixels": 2, "min_area_m2": 20, "max_area_m2": 250000, "simplify_tolerance_m": 0.25, "min_boundary_alignment": 0.0}, "source_tile_id": "tile-110000-460000", "vectorization_aoi": "vectorization_v2", "calibration": "parameters selected only on train_selected_0; target reference excluded"}, "geometry": {"type": "Polygon", "coordinates": [[[4.7919342687632875, 52.17434336560273], [4.791875855849007, 52.17433857692529], [4.791876035744413, 52.17432509566945], [4.7918834347979, 52.174318391908756], [4.791879870192055, 52.174311632847235], [4.791861597430279, 52.17431154067771], [4.79185051383793, 52.174320472878556], [4.791817622860419, 52.17432030696318], [4.791814178207054, 52.17430456039585], [4.7918252318176116, 52.17429787507441], [4.791847219092884, 52.17429349193227], [4.791872800948989, 52.17429362097191], [4.79187639553485, 52.174298133157684], [4.791898322842448, 52.174298243757974], [4.791901917431263, 52.17430275594296], [4.791916655559848, 52.17429384216981], [4.791945861988354, 52.17429623650201], [4.791956555835481, 52.17431651368032], [4.791956405942969, 52.17432774806034], [4.7919342687632875, 52.17434336560273]]]}}, {"type": "Feature", "properties": {"class": "parcel", "candidate_index": 80, "raw_confidence": 0.49838644199901155, "boundary_alignment_score": 0.49838644199901155, "area_m2": 33.25, "vertex_count": 13, "vectorization": {"threshold": 0.5, "close_pixels": 5, "boundary_width_pixels": 0, "edge_buffer_pixels": 2, "min_area_m2": 20, "max_area_m2": 250000, "simplify_tolerance_m": 0.25, "min_boundary_alignment": 0.0}, "source_tile_id": "tile-110000-460000", "vectorization_aoi": "vectorization_v2", "calibration": "parameters selected only on train_selected_0; target reference excluded"}, "geometry": {"type": "Polygon", "coordinates": [[[4.787140435753968, 52.181042194303345], [4.787104035884821, 52.1810307741265], [4.787093251960048, 52.181017237148296], [4.787093463565754, 52.181001509045856], [4.787108083957821, 52.18100158337568], [4.787119170164222, 52.1809926516347], [4.787130135456131, 52.18099270737985], [4.787137506105047, 52.18098825079908], [4.7871375967864624, 52.180981510183706], [4.787170492654157, 52.18098167741095], [4.787181397493598, 52.18098622689495], [4.7871881334199085, 52.18102895461901], [4.787169676565041, 52.18104234294962], [4.787140435753968, 52.181042194303345]]]}}, {"type": "Feature", "properties": {"class": "parcel", "candidate_index": 81, "raw_confidence": 0.4922553481174116, "boundary_alignment_score": 0.4922553481174116, "area_m2": 32.65625, "vertex_count": 16, "vectorization": {"threshold": 0.5, "close_pixels": 5, "boundary_width_pixels": 0, "edge_buffer_pixels": 2, "min_area_m2": 20, "max_area_m2": 250000, "simplify_tolerance_m": 0.25, "min_boundary_alignment": 0.0}, "source_tile_id": "tile-110000-460000", "vectorization_aoi": "vectorization_v2", "calibration": "parameters selected only on train_selected_0; target reference excluded"}, "geometry": {"type": "Polygon", "coordinates": [[[4.787106786697218, 52.180826308791566], [4.7871071192110355, 52.180801593201124], [4.787118175139803, 52.18079490833172], [4.787118447191178, 52.180774686484874], [4.7871295333389146, 52.18076575474245], [4.7871333395533995, 52.18075453896451], [4.7871480505437995, 52.180747872673585], [4.787152068335388, 52.180720928791615], [4.787188649310338, 52.180718867722376], [4.787192062591966, 52.180736861277374], [4.787184631541038, 52.18074581160561], [4.787184480418221, 52.18075704596516], [4.787177140037241, 52.18075925567716], [4.787173212932746, 52.180779458944095], [4.787158471709748, 52.18078837211002], [4.7871287474266655, 52.18082417341115], [4.787106786697218, 52.180826308791566]]]}}, {"type": "Feature", "properties": {"class": "parcel", "candidate_index": 82, "raw_confidence": 0.4727636646907941, "boundary_alignment_score": 0.4727636646907941, "area_m2": 32.09375, "vertex_count": 16, "vectorization": {"threshold": 0.5, "close_pixels": 5, "boundary_width_pixels": 0, "edge_buffer_pixels": 2, "min_area_m2": 20, "max_area_m2": 250000, "simplify_tolerance_m": 0.25, "min_boundary_alignment": 0.0}, "source_tile_id": "tile-110000-460000", "vectorization_aoi": "vectorization_v2", "calibration": "parameters selected only on train_selected_0; target reference excluded"}, "geometry": {"type": "Polygon", "coordinates": [[[4.817098191173454, 52.16599856256756], [4.817098478223303, 52.16597609369369], [4.817105814693545, 52.16597388210924], [4.8171065610119435, 52.165915463036804], [4.817125060029888, 52.16589757619263], [4.817132367782699, 52.1658976114939], [4.817136079065127, 52.165893135369515], [4.817154348445387, 52.165893223620195], [4.817161455285414, 52.16590898713168], [4.817161139566068, 52.16593370289342], [4.81715012052328, 52.165938143718826], [4.817146380535971, 52.16594486673102], [4.817146179618183, 52.16596059494296], [4.817135074457909, 52.165971776429146], [4.817134930942259, 52.16598301086611], [4.817116460596788, 52.165998650824136], [4.817098191173454, 52.16599856256756]]]}}, {"type": "Feature", "properties": {"class": "parcel", "candidate_index": 83, "raw_confidence": 0.49806653149425983, "boundary_alignment_score": 0.49806653149425983, "area_m2": 30.5, "vertex_count": 11, "vectorization": {"threshold": 0.5, "close_pixels": 5, "boundary_width_pixels": 0, "edge_buffer_pixels": 2, "min_area_m2": 20, "max_area_m2": 250000, "simplify_tolerance_m": 0.25, "min_boundary_alignment": 0.0}, "source_tile_id": "tile-110000-460000", "vectorization_aoi": "vectorization_v2", "calibration": "parameters selected only on train_selected_0; target reference excluded"}, "geometry": {"type": "Polygon", "coordinates": [[[4.815780313415357, 52.17417585260718], [4.815765752757958, 52.17417128806522], [4.815747652669987, 52.17415771829205], [4.815747969248411, 52.174133002570336], [4.815773752550483, 52.17411739824149], [4.815806643492096, 52.174117557479], [4.815831995131004, 52.17413565639465], [4.815835390702636, 52.174155896040716], [4.815820628612715, 52.1741670596922], [4.815813319506432, 52.174167024307735], [4.815798586184629, 52.17417594107265], [4.815780313415357, 52.17417585260718]]]}}, {"type": "Feature", "properties": {"class": "parcel", "candidate_index": 84, "raw_confidence": 0.491848420480202, "boundary_alignment_score": 0.491848420480202, "area_m2": 28.5, "vertex_count": 12, "vectorization": {"threshold": 0.5, "close_pixels": 5, "boundary_width_pixels": 0, "edge_buffer_pixels": 2, "min_area_m2": 20, "max_area_m2": 250000, "simplify_tolerance_m": 0.25, "min_boundary_alignment": 0.0}, "source_tile_id": "tile-110000-460000", "vectorization_aoi": "vectorization_v2", "calibration": "parameters selected only on train_selected_0; target reference excluded"}, "geometry": {"type": "Polygon", "coordinates": [[[4.798076732182001, 52.17997377186907], [4.797945240520856, 52.179966374442884], [4.797934364510627, 52.179959579075714], [4.797923666600406, 52.1799393024529], [4.797909105900347, 52.17993473571202], [4.797909254317815, 52.179923501333086], [4.797945804472704, 52.179923683803054], [4.797971152138385, 52.179941786531565], [4.797992993202618, 52.17994863663076], [4.798036764382534, 52.179955596189664], [4.7980623495098085, 52.17995572389216], [4.798076910232481, 52.17996029061418], [4.798076732182001, 52.17997377186907]]]}}, {"type": "Feature", "properties": {"class": "parcel", "candidate_index": 85, "raw_confidence": 0.4995054622942751, "boundary_alignment_score": 0.4995054622942751, "area_m2": 27.625, "vertex_count": 14, "vectorization": {"threshold": 0.5, "close_pixels": 5, "boundary_width_pixels": 0, "edge_buffer_pixels": 2, "min_area_m2": 20, "max_area_m2": 250000, "simplify_tolerance_m": 0.25, "min_boundary_alignment": 0.0}, "source_tile_id": "tile-110000-460000", "vectorization_aoi": "vectorization_v2", "calibration": "parameters selected only on train_selected_0; target reference excluded"}, "geometry": {"type": "Polygon", "coordinates": [[[4.817498994086814, 52.16294004794139], [4.817473648114393, 52.16292194935737], [4.81746268721572, 52.16292189643799], [4.817455466003247, 52.16291512049181], [4.817448158738599, 52.16291508521127], [4.817448302162526, 52.16290385076783], [4.817459377793617, 52.16289491613377], [4.817459521214636, 52.162883681690296], [4.8174743078343765, 52.16287027091731], [4.817496229606423, 52.16287037675283], [4.817496143559403, 52.16287711741895], [4.817517979291137, 52.162883963916514], [4.817521575558805, 52.16288847533214], [4.817520915893219, 52.16294015377233], [4.817498994086814, 52.16294004794139]]]}}, {"type": "Feature", "properties": {"class": "parcel", "candidate_index": 86, "raw_confidence": 0.4944569964189919, "boundary_alignment_score": 0.4944569964189919, "area_m2": 26.40625, "vertex_count": 13, "vectorization": {"threshold": 0.5, "close_pixels": 5, "boundary_width_pixels": 0, "edge_buffer_pixels": 2, "min_area_m2": 20, "max_area_m2": 250000, "simplify_tolerance_m": 0.25, "min_boundary_alignment": 0.0}, "source_tile_id": "tile-110000-460000", "vectorization_aoi": "vectorization_v2", "calibration": "parameters selected only on train_selected_0; target reference excluded"}, "geometry": {"type": "Polygon", "coordinates": [[[4.7941133741548745, 52.171255685120634], [4.794109958790434, 52.171237691733204], [4.794120951562375, 52.1712354999473], [4.794117566063318, 52.17121525968208], [4.794128738027525, 52.17119958662781], [4.7941253525275975, 52.17117934636272], [4.794136434882226, 52.17117041394152], [4.794165669252094, 52.171170560844686], [4.794168606804594, 52.171224504277916], [4.794161238473795, 52.171228961308834], [4.794153720815905, 52.17124465272895], [4.794142728043304, 52.1712468445179], [4.794138954277307, 52.17125581366638], [4.7941133741548745, 52.171255685120634]]]}}, {"type": "Feature", "properties": {"class": "parcel", "candidate_index": 87, "raw_confidence": 0.4976531624794006, "boundary_alignment_score": 0.4976531624794006, "area_m2": 26.1875, "vertex_count": 14, "vectorization": {"threshold": 0.5, "close_pixels": 5, "boundary_width_pixels": 0, "edge_buffer_pixels": 2, "min_area_m2": 20, "max_area_m2": 250000, "simplify_tolerance_m": 0.25, "min_boundary_alignment": 0.0}, "source_tile_id": "tile-110000-460000", "vectorization_aoi": "vectorization_v2", "calibration": "parameters selected only on train_selected_0; target reference excluded"}, "geometry": {"type": "Polygon", "coordinates": [[[4.793247384907043, 52.172343385643984], [4.793232886989615, 52.172334324570194], [4.793225578207445, 52.172334287787024], [4.793211110210964, 52.17232297983336], [4.793211259778688, 52.17231174544735], [4.793237109713448, 52.172291652294604], [4.793255381651461, 52.17229174424994], [4.79325532182886, 52.17229623800434], [4.79327341430644, 52.172309811220146], [4.793299024939346, 52.17230769307166], [4.7933171772513035, 52.17231677252631], [4.793316997802007, 52.172330253789724], [4.793298725848055, 52.17233016184395], [4.793280304343811, 52.17234130428147], [4.793247384907043, 52.172343385643984]]]}}, {"type": "Feature", "properties": {"class": "parcel", "candidate_index": 88, "raw_confidence": 0.499097053527832, "boundary_alignment_score": 0.499097053527832, "area_m2": 26.1875, "vertex_count": 15, "vectorization": {"threshold": 0.5, "close_pixels": 5, "boundary_width_pixels": 0, "edge_buffer_pixels": 2, "min_area_m2": 20, "max_area_m2": 250000, "simplify_tolerance_m": 0.25, "min_boundary_alignment": 0.0}, "source_tile_id": "tile-110000-460000", "vectorization_aoi": "vectorization_v2", "calibration": "parameters selected only on train_selected_0; target reference excluded"}, "geometry": {"type": "Polygon", "coordinates": [[[4.813210009472603, 52.16828741100861], [4.813221520824212, 52.16824477350481], [4.813228857859247, 52.16824256216315], [4.813236512808712, 52.16821563508288], [4.813251389171218, 52.1681954842001], [4.813251678176978, 52.16817301534697], [4.813284593622934, 52.168170928395874], [4.813284275734836, 52.16819564413443], [4.813269572785271, 52.16820231370955], [4.813269197089112, 52.1682315232185], [4.813261831157782, 52.16823598144793], [4.813258032590386, 52.168247198103664], [4.8132396177500345, 52.168258343674715], [4.81323935763875, 52.168278565642176], [4.81322827982323, 52.16828749986862], [4.813210009472603, 52.16828741100861]]]}}, {"type": "Feature", "properties": {"class": "parcel", "candidate_index": 89, "raw_confidence": 0.495274071537313, "boundary_alignment_score": 0.495274071537313, "area_m2": 26.09375, "vertex_count": 8, "vectorization": {"threshold": 0.5, "close_pixels": 5, "boundary_width_pixels": 0, "edge_buffer_pixels": 2, "min_area_m2": 20, "max_area_m2": 250000, "simplify_tolerance_m": 0.25, "min_boundary_alignment": 0.0}, "source_tile_id": "tile-110000-460000", "vectorization_aoi": "vectorization_v2", "calibration": "parameters selected only on train_selected_0; target reference excluded"}, "geometry": {"type": "Polygon", "coordinates": [[[4.788492421121077, 52.17644939715412], [4.788485171980162, 52.17644486632828], [4.788441405748804, 52.176437903229846], [4.788430532048573, 52.176431106986165], [4.788427178905871, 52.17640861970524], [4.788503897921238, 52.17641125591136], [4.788533015090823, 52.176420391711446], [4.788536277829769, 52.17644961961153], [4.788492421121077, 52.17644939715412]]]}}, {"type": "Feature", "properties": {"class": "parcel", "candidate_index": 90, "raw_confidence": 0.496789196903786, "boundary_alignment_score": 0.496789196903786, "area_m2": 26.03125, "vertex_count": 14, "vectorization": {"threshold": 0.5, "close_pixels": 5, "boundary_width_pixels": 0, "edge_buffer_pixels": 2, "min_area_m2": 20, "max_area_m2": 250000, "simplify_tolerance_m": 0.25, "min_boundary_alignment": 0.0}, "source_tile_id": "tile-110000-460000", "vectorization_aoi": "vectorization_v2", "calibration": "parameters selected only on train_selected_0; target reference excluded"}, "geometry": {"type": "Polygon", "coordinates": [[[4.792991218391104, 52.17236906052024], [4.792980344985359, 52.17236226469153], [4.792954764232759, 52.17236213589367], [4.792954943791698, 52.17234865463103], [4.792984298628712, 52.172339814319656], [4.793002839902291, 52.17231968441996], [4.793021111851159, 52.17231977641153], [4.793021022081779, 52.17232651704292], [4.793028271016919, 52.17233104759306], [4.793064755082319, 52.172335725319805], [4.7930608014798235, 52.172358175694484], [4.79304252951512, 52.172358083709014], [4.79304246967096, 52.17236257746328], [4.793031416723155, 52.172369262901995], [4.792991218391104, 52.17236906052024]]]}}, {"type": "Feature", "properties": {"class": "parcel", "candidate_index": 91, "raw_confidence": 0.5002611613535619, "boundary_alignment_score": 0.5002611613535619, "area_m2": 24.1875, "vertex_count": 11, "vectorization": {"threshold": 0.5, "close_pixels": 5, "boundary_width_pixels": 0, "edge_buffer_pixels": 2, "min_area_m2": 20, "max_area_m2": 250000, "simplify_tolerance_m": 0.25, "min_boundary_alignment": 0.0}, "source_tile_id": "tile-110000-460000", "vectorization_aoi": "vectorization_v2", "calibration": "parameters selected only on train_selected_0; target reference excluded"}, "geometry": {"type": "Polygon", "coordinates": [[[4.799533885648028, 52.18034954746252], [4.799504763651955, 52.180340414376026], [4.799475523248136, 52.18034026878689], [4.799449997107407, 52.180335647638216], [4.799450233957002, 52.18031767262922], [4.799534300075672, 52.18031809119642], [4.7995415509698605, 52.18032262134306], [4.799570761762272, 52.18032501379199], [4.799585263561796, 52.18033407408031], [4.7995851155647715, 52.18034530846114], [4.79956312605818, 52.1803496930372], [4.799533885648028, 52.18034954746252]]]}}, {"type": "Feature", "properties": {"class": "parcel", "candidate_index": 92, "raw_confidence": 0.49773062523957845, "boundary_alignment_score": 0.49773062523957845, "area_m2": 24.125, "vertex_count": 12, "vectorization": {"threshold": 0.5, "close_pixels": 5, "boundary_width_pixels": 0, "edge_buffer_pixels": 2, "min_area_m2": 20, "max_area_m2": 250000, "simplify_tolerance_m": 0.25, "min_boundary_alignment": 0.0}, "source_tile_id": "tile-110000-460000", "vectorization_aoi": "vectorization_v2", "calibration": "parameters selected only on train_selected_0; target reference excluded"}, "geometry": {"type": "Polygon", "coordinates": [[[4.795026427281398, 52.174603846443084], [4.795001054013134, 52.17458798994858], [4.795001382091914, 52.17456327430255], [4.7950161196889, 52.17455436014184], [4.795038047132575, 52.17455447015891], [4.79504892138569, 52.17456126579669], [4.7950744735857675, 52.174563641019375], [4.795085347846679, 52.174570436653816], [4.7950851689200125, 52.17458391791543], [4.795070461148869, 52.1745905852078], [4.795070401505128, 52.17459507896166], [4.795059348305942, 52.17460176458742], [4.795026427281398, 52.174603846443084]]]}}, {"type": "Feature", "properties": {"class": "parcel", "candidate_index": 93, "raw_confidence": 0.504356855756781, "boundary_alignment_score": 0.504356855756781, "area_m2": 23.75, "vertex_count": 13, "vectorization": {"threshold": 0.5, "close_pixels": 5, "boundary_width_pixels": 0, "edge_buffer_pixels": 2, "min_area_m2": 20, "max_area_m2": 250000, "simplify_tolerance_m": 0.25, "min_boundary_alignment": 0.0}, "source_tile_id": "tile-110000-460000", "vectorization_aoi": "vectorization_v2", "calibration": "parameters selected only on train_selected_0; target reference excluded"}, "geometry": {"type": "Polygon", "coordinates": [[[4.805206506406181, 52.17757786246134], [4.805210600937363, 52.17754417729636], [4.8052143730152626, 52.177535207801085], [4.80522542542458, 52.177528521226364], [4.805232969570222, 52.17751058223463], [4.805247647480022, 52.17750616055725], [4.805255045056444, 52.17749945595963], [4.805273319159989, 52.17749954605695], [4.805272996745583, 52.17752426172727], [4.8052582015876455, 52.1775376709242], [4.805258084342912, 52.17754665844061], [4.805243142613264, 52.177571302031076], [4.80522843536885, 52.17757797058693], [4.805206506406181, 52.17757786246134]]]}}, {"type": "Feature", "properties": {"class": "parcel", "candidate_index": 94, "raw_confidence": 0.5008795493608945, "boundary_alignment_score": 0.5008795493608945, "area_m2": 23.0625, "vertex_count": 12, "vectorization": {"threshold": 0.5, "close_pixels": 5, "boundary_width_pixels": 0, "edge_buffer_pixels": 2, "min_area_m2": 20, "max_area_m2": 250000, "simplify_tolerance_m": 0.25, "min_boundary_alignment": 0.0}, "source_tile_id": "tile-110000-460000", "vectorization_aoi": "vectorization_v2", "calibration": "parameters selected only on train_selected_0; target reference excluded"}, "geometry": {"type": "Polygon", "coordinates": [[[4.812235158762936, 52.16311675054353], [4.812224429408718, 52.163098722041866], [4.81221715106779, 52.1630964395503], [4.812217324757971, 52.16308295822858], [4.812224660992684, 52.16308074694623], [4.812224892576434, 52.16306277185057], [4.812239536090527, 52.163060596171405], [4.812246930214145, 52.16305389111373], [4.812265198419168, 52.163053980119805], [4.812279581421681, 52.163072026418455], [4.812279234078929, 52.16309898906208], [4.81226073428598, 52.16311687515384], [4.812235158762936, 52.16311675054353]]]}}, {"type": "Feature", "properties": {"class": "parcel", "candidate_index": 95, "raw_confidence": 0.49857810695966087, "boundary_alignment_score": 0.49857810695966087, "area_m2": 22.875, "vertex_count": 10, "vectorization": {"threshold": 0.5, "close_pixels": 5, "boundary_width_pixels": 0, "edge_buffer_pixels": 2, "min_area_m2": 20, "max_area_m2": 250000, "simplify_tolerance_m": 0.25, "min_boundary_alignment": 0.0}, "source_tile_id": "tile-110000-460000", "vectorization_aoi": "vectorization_v2", "calibration": "parameters selected only on train_selected_0; target reference excluded"}, "geometry": {"type": "Polygon", "coordinates": [[[4.787186523894922, 52.1781594942367], [4.787172206663366, 52.17813695118875], [4.787172569337652, 52.178109988713544], [4.787201808226325, 52.17811013734898], [4.787209178390513, 52.17810568076077], [4.7872274526942435, 52.17810577365307], [4.787241981479283, 52.17811258858375], [4.787237963983405, 52.17813953248143], [4.787230624036423, 52.17814174219844], [4.787223102766783, 52.17815743315261], [4.787186523894922, 52.1781594942367]]]}}, {"type": "Feature", "properties": {"class": "parcel", "candidate_index": 96, "raw_confidence": 0.5026327148977533, "boundary_alignment_score": 0.5026327148977533, "area_m2": 22.59375, "vertex_count": 8, "vectorization": {"threshold": 0.5, "close_pixels": 5, "boundary_width_pixels": 0, "edge_buffer_pixels": 2, "min_area_m2": 20, "max_area_m2": 250000, "simplify_tolerance_m": 0.25, "min_boundary_alignment": 0.0}, "source_tile_id": "tile-110000-460000", "vectorization_aoi": "vectorization_v2", "calibration": "parameters selected only on train_selected_0; target reference excluded"}, "geometry": {"type": "Polygon", "coordinates": [[[4.7958038953672935, 52.16833853762962], [4.795796706356409, 52.168329513488274], [4.795801015572363, 52.16828010044837], [4.795812215985519, 52.16826218034516], [4.795834170116788, 52.16826004333007], [4.7958414484567164, 52.16826232683033], [4.79584447719068, 52.16830952961275], [4.795822165693013, 52.16833862918505], [4.7958038953672935, 52.16833853762962]]]}}, {"type": "Feature", "properties": {"class": "parcel", "candidate_index": 97, "raw_confidence": 0.49887977522962235, "boundary_alignment_score": 0.49887977522962235, "area_m2": 21.875, "vertex_count": 12, "vectorization": {"threshold": 0.5, "close_pixels": 5, "boundary_width_pixels": 0, "edge_buffer_pixels": 2, "min_area_m2": 20, "max_area_m2": 250000, "simplify_tolerance_m": 0.25, "min_boundary_alignment": 0.0}, "source_tile_id": "tile-110000-460000", "vectorization_aoi": "vectorization_v2", "calibration": "parameters selected only on train_selected_0; target reference excluded"}, "geometry": {"type": "Polygon", "coordinates": [[[4.796084290274162, 52.16786132526995], [4.796080933899101, 52.16783883816848], [4.796091955501259, 52.16783439931636], [4.796106809707569, 52.16781649748582], [4.796110761365834, 52.16779404698861], [4.796118158696788, 52.16778734295221], [4.796136428797612, 52.16778743445862], [4.796143409456978, 52.1678121867395], [4.796143052313615, 52.167839149298416], [4.796120919825611, 52.16785476765083], [4.796106273959084, 52.167856941323905], [4.796102560405191, 52.16786141678167], [4.796084290274162, 52.16786132526995]]]}}, {"type": "Feature", "properties": {"class": "parcel", "candidate_index": 98, "raw_confidence": 0.510380812562429, "boundary_alignment_score": 0.510380812562429, "area_m2": 21.78125, "vertex_count": 11, "vectorization": {"threshold": 0.5, "close_pixels": 5, "boundary_width_pixels": 0, "edge_buffer_pixels": 2, "min_area_m2": 20, "max_area_m2": 250000, "simplify_tolerance_m": 0.25, "min_boundary_alignment": 0.0}, "source_tile_id": "tile-110000-460000", "vectorization_aoi": "vectorization_v2", "calibration": "parameters selected only on train_selected_0; target reference excluded"}, "geometry": {"type": "Polygon", "coordinates": [[[4.80721166131026, 52.16307194404691], [4.807204646038322, 52.16304943927827], [4.807208679283497, 52.16302024772614], [4.807216161755639, 52.16300680232871], [4.807223469024673, 52.163006838243064], [4.8072271810583675, 52.16300236242931], [4.807249102863369, 52.163002470168976], [4.807256234943, 52.16301598739359], [4.807255972159679, 52.16303620936202], [4.807248431297453, 52.163054148532666], [4.807233583149395, 52.16307205178944], [4.80721166131026, 52.16307194404691]]]}}, {"type": "Feature", "properties": {"class": "parcel", "candidate_index": 99, "raw_confidence": 0.4935328069299755, "boundary_alignment_score": 0.4935328069299755, "area_m2": 21.71875, "vertex_count": 8, "vectorization": {"threshold": 0.5, "close_pixels": 5, "boundary_width_pixels": 0, "edge_buffer_pixels": 2, "min_area_m2": 20, "max_area_m2": 250000, "simplify_tolerance_m": 0.25, "min_boundary_alignment": 0.0}, "source_tile_id": "tile-110000-460000", "vectorization_aoi": "vectorization_v2", "calibration": "parameters selected only on train_selected_0; target reference excluded"}, "geometry": {"type": "Polygon", "coordinates": [[[4.792088984892065, 52.17480029231688], [4.792085809857988, 52.17476432387574], [4.792060707309268, 52.174728244867886], [4.792060917124435, 52.17471251673671], [4.792119390489809, 52.17471281157118], [4.792119210665922, 52.17472629282661], [4.792104292605956, 52.174748687879614], [4.792107257854686, 52.17480038445149], [4.792088984892065, 52.17480029231688]]]}}, {"type": "Feature", "properties": {"class": "parcel", "candidate_index": 100, "raw_confidence": 0.5005804532534116, "boundary_alignment_score": 0.5005804532534116, "area_m2": 21.6875, "vertex_count": 11, "vectorization": {"threshold": 0.5, "close_pixels": 5, "boundary_width_pixels": 0, "edge_buffer_pixels": 2, "min_area_m2": 20, "max_area_m2": 250000, "simplify_tolerance_m": 0.25, "min_boundary_alignment": 0.0}, "source_tile_id": "tile-110000-460000", "vectorization_aoi": "vectorization_v2", "calibration": "parameters selected only on train_selected_0; target reference excluded"}, "geometry": {"type": "Polygon", "coordinates": [[[4.8114691492380715, 52.178875896727064], [4.811421664062321, 52.178873418080094], [4.811421925078305, 52.17885319615499], [4.811436660821887, 52.1788442799474], [4.811451280558506, 52.17884435126028], [4.811466074292346, 52.17883094128783], [4.811502623623216, 52.17883111955752], [4.811517185361768, 52.178835684623444], [4.8115170403769945, 52.178846919026476], [4.811505988581228, 52.17885360618988], [4.811498678711338, 52.178853570537086], [4.8114691492380715, 52.178875896727064]]]}}, {"type": "Feature", "properties": {"class": "parcel", "candidate_index": 101, "raw_confidence": 0.49595461961101084, "boundary_alignment_score": 0.49595461961101084, "area_m2": 21.34375, "vertex_count": 8, "vectorization": {"threshold": 0.5, "close_pixels": 5, "boundary_width_pixels": 0, "edge_buffer_pixels": 2, "min_area_m2": 20, "max_area_m2": 250000, "simplify_tolerance_m": 0.25, "min_boundary_alignment": 0.0}, "source_tile_id": "tile-110000-460000", "vectorization_aoi": "vectorization_v2", "calibration": "parameters selected only on train_selected_0; target reference excluded"}, "geometry": {"type": "Polygon", "coordinates": [[[4.793134363550326, 52.17204845615717], [4.79310165375489, 52.17203480933851], [4.793101923024091, 52.172014587443044], [4.793116630237535, 52.17200792039225], [4.793160482609195, 52.17200814112451], [4.793185853757693, 52.172023998018645], [4.793185674270243, 52.172037479282444], [4.793163598491354, 52.17204860330946], [4.793134363550326, 52.17204845615717]]]}}, {"type": "Feature", "properties": {"class": "parcel", "candidate_index": 102, "raw_confidence": 0.49845101435979206, "boundary_alignment_score": 0.49845101435979206, "area_m2": 21.34375, "vertex_count": 9, "vectorization": {"threshold": 0.5, "close_pixels": 5, "boundary_width_pixels": 0, "edge_buffer_pixels": 2, "min_area_m2": 20, "max_area_m2": 250000, "simplify_tolerance_m": 0.25, "min_boundary_alignment": 0.0}, "source_tile_id": "tile-110000-460000", "vectorization_aoi": "vectorization_v2", "calibration": "parameters selected only on train_selected_0; target reference excluded"}, "geometry": {"type": "Polygon", "coordinates": [[[4.811217559035505, 52.16495659787692], [4.811218052039897, 52.16491840081635], [4.811225446625772, 52.16491169582551], [4.811229361415251, 52.164891491685395], [4.811233073205106, 52.164887015746665], [4.811254995948689, 52.164887122743295], [4.811269437125441, 52.16490067538781], [4.811269060156007, 52.16492988490504], [4.811239481813228, 52.1649567048765], [4.811217559035505, 52.16495659787692]]]}}, {"type": "Feature", "properties": {"class": "parcel", "candidate_index": 103, "raw_confidence": 0.49801017468174297, "boundary_alignment_score": 0.49801017468174297, "area_m2": 21.125, "vertex_count": 7, "vectorization": {"threshold": 0.5, "close_pixels": 5, "boundary_width_pixels": 0, "edge_buffer_pixels": 2, "min_area_m2": 20, "max_area_m2": 250000, "simplify_tolerance_m": 0.25, "min_boundary_alignment": 0.0}, "source_tile_id": "tile-110000-460000", "vectorization_aoi": "vectorization_v2", "calibration": "parameters selected only on train_selected_0; target reference excluded"}, "geometry": {"type": "Polygon", "coordinates": [[[4.811838326848383, 52.178875449841115], [4.811801777479437, 52.17887527167534], [4.8117945835377025, 52.17886624851806], [4.811783676696405, 52.178861701304086], [4.811795192179891, 52.17881906402344], [4.811817121773559, 52.17881917092546], [4.811849755342676, 52.17883955319729], [4.811838326848383, 52.178875449841115]]]}}, {"type": "Feature", "properties": {"class": "parcel", "candidate_index": 104, "raw_confidence": 0.49411559073548567, "boundary_alignment_score": 0.49411559073548567, "area_m2": 20.875, "vertex_count": 15, "vectorization": {"threshold": 0.5, "close_pixels": 5, "boundary_width_pixels": 0, "edge_buffer_pixels": 2, "min_area_m2": 20, "max_area_m2": 250000, "simplify_tolerance_m": 0.25, "min_boundary_alignment": 0.0}, "source_tile_id": "tile-110000-460000", "vectorization_aoi": "vectorization_v2", "calibration": "parameters selected only on train_selected_0; target reference excluded"}, "geometry": {"type": "Polygon", "coordinates": [[[4.810681321715284, 52.162623811337696], [4.810678074466992, 52.16259233707469], [4.810685439721929, 52.16258787900124], [4.810685700947497, 52.1625676570213], [4.810682134422809, 52.16256089851148], [4.810674827223193, 52.16256086281145], [4.810674972351101, 52.16254962837818], [4.810696864920003, 52.16255198236352], [4.810711566387583, 52.16254531310033], [4.810733487978949, 52.16254542019222], [4.810729515129304, 52.162570118097314], [4.8107184672573435, 52.16257680521151], [4.810714552443769, 52.162597009342655], [4.8106997058377, 52.16261491303935], [4.8106995897401434, 52.16262390058592], [4.810681321715284, 52.162623811337696]]]}}, {"type": "Feature", "properties": {"class": "parcel", "candidate_index": 105, "raw_confidence": 0.49484633229955843, "boundary_alignment_score": 0.49484633229955843, "area_m2": 20.21875, "vertex_count": 7, "vectorization": {"threshold": 0.5, "close_pixels": 5, "boundary_width_pixels": 0, "edge_buffer_pixels": 2, "min_area_m2": 20, "max_area_m2": 250000, "simplify_tolerance_m": 0.25, "min_boundary_alignment": 0.0}, "source_tile_id": "tile-110000-460000", "vectorization_aoi": "vectorization_v2", "calibration": "parameters selected only on train_selected_0; target reference excluded"}, "geometry": {"type": "Polygon", "coordinates": [[[4.816758363529694, 52.16656991203008], [4.816759196483567, 52.16650475230524], [4.816773898352635, 52.1664980822917], [4.816795821905113, 52.16649818825988], [4.816803072315398, 52.166502717355854], [4.81680264151071, 52.16653642066213], [4.816776633186127, 52.166570000339604], [4.816758363529694, 52.16656991203008]]]}}]}