{"type": "FeatureCollection", "name": "segformer_enclosed_parcel_faces", "crs": {"type": "name", "properties": {"name": "EPSG:4326"}}, "features": [{"type": "Feature", "properties": {"class": "parcel", "candidate_index": 0, "raw_confidence": 0.4957175353774801, "boundary_alignment_score": 0.4957175353774801, "area_m2": 157295.00023911276, "vertex_count": 1605, "vectorization": {"threshold": 0.5, "close_pixels": 5, "boundary_width_pixels": 0, "edge_buffer_pixels": 2, "min_area_m2": 20, "max_area_m2": 250000, "simplify_tolerance_m": 0.25, "min_boundary_alignment": 0.0}, "source_tile_id": "tile-110000-460000", "vectorization_aoi": "vectorization_v2", "calibration": "parameters selected only on train_selected_0; target reference excluded", "parcel_id": "b4201a5c-234a-537b-98b8-685fa76d9e94", "confidence_score": 0.6724957107833183, "segmentation_score": 0.4957175353774801, "topology_score": 1.0, "edge_alignment_score": 0.4981283287828167, "deviation_from_baseline_score": 0.9970404984423676, "explanation": "Enclosed-face vectorization followed by the frozen 20,000-step PPO debug policy. Reference cadastral geometry was excluded from inference and used only for the comparison report. Invalid, overlap-increasing, alignment-degrading, or CRS-round-trip-invalid candidates were rejected.", "rl_refinement": {"policy_sha256": "36f4975a32bccffc348e88edeab2d4ba8ad88c180503f6316af39efae7223b29", "timesteps": 20000, "debug_policy": true, "before": {"valid": true, "alignment": 0.4944587384040157, "reference": 0.0, "overlap": 0.0, "displacement": 0.0, "jagged": 0.0, "coverage": 1.0}, "after": {"valid": true, "alignment": 0.4981283287828167, "reference": 0.0, "overlap": 0.0, "displacement": 0.002959501557632399, "jagged": 0.00888799760841372, "coverage": 1.0}, "accepted": true, "reward_mean": -0.001023982672446556, "reward_std": 0.00292568609990986, "reward_sum": -0.1310697820731592, "rejected_actions": 0, "mean_vertex_displacement_m": 0.005919003115264798}}, "geometry": {"type": "Polygon", "coordinates": [[[4.811036273431676, 52.17871424997172], [4.811029021627987, 52.17870972052883], [4.810996127321923, 52.17870955995469], [4.810985307671474, 52.17869827202555], [4.810977997827579, 52.17869823634046], [4.810977852707559, 52.17870947074288], [4.810959578093283, 52.17870938152823], [4.810959723217906, 52.17869814712585], [4.810974342905641, 52.17869821849769], [4.81097094920284, 52.178677978730455], [4.810967207208994, 52.17868470152906], [4.810952587525704, 52.178684630156255], [4.810945219632809, 52.17868908823021], [4.810945161581526, 52.17869358199115], [4.810952442399341, 52.17869586455868], [4.810952268247593, 52.17870934584159], [4.810930338710612, 52.17870923877893], [4.8109304838426015, 52.17869800437655], [4.810912209233144, 52.178697915154615], [4.810908641393731, 52.17869115666846], [4.810901331551082, 52.17869112097865], [4.810872266356521, 52.17867749693213], [4.810857907946025, 52.17865720362342], [4.810854543329296, 52.17863471697227], [4.810821649079375, 52.17863455634956], [4.810821591015727, 52.17863905011052], [4.810803229332461, 52.17864570151312], [4.810719224303749, 52.17864079721728], [4.810686475243142, 52.17862940215475], [4.810661094109484, 52.17861354902743], [4.810588111987666, 52.178604204434315], [4.810577205333797, 52.178599657108876], [4.810540685243355, 52.178597231672406], [4.810522497816786, 52.17859040174898], [4.8105005973875885, 52.17858804772618], [4.810486035834335, 52.1785834825348], [4.810475187294422, 52.17857444143926], [4.810467877471359, 52.17857440572263], [4.810457028937334, 52.17856536462533], [4.8104460642050055, 52.178565311048565], [4.81044246739596, 52.17856079942867], [4.810420596037538, 52.17855619851061], [4.810406063555584, 52.17854938642908], [4.8104061216609475, 52.17854489266834], [4.810384250314098, 52.178540291743595], [4.810380653513321, 52.178535780121756], [4.810351443302309, 52.17853339034885], [4.810329601023295, 52.17852654253361], [4.810311326485666, 52.1785264532187], [4.810293139123183, 52.17851962325994], [4.810267583834263, 52.178517251330035], [4.8102348349801485, 52.1785058561422], [4.810183753490964, 52.17849886537131], [4.810172875968578, 52.17849207112823], [4.810129162446218, 52.178480622307944], [4.8101146591008055, 52.17847156331019], [4.81010749463328, 52.17846029316978], [4.810074862139148, 52.178439910416344], [4.810052990878159, 52.17843530943026], [4.810053049018904, 52.178430815669614], [4.810045768290559, 52.17842853304653], [4.810045884573467, 52.17841954552536], [4.810038632918411, 52.17841501602163], [4.81000936466002, 52.17841711992463], [4.810005767907101, 52.17841260829139], [4.8100060586342925, 52.17839013948841], [4.810013455643659, 52.17838343459272], [4.8100136010052355, 52.17837220019116], [4.81002102708241, 52.17836324841459], [4.810039330623413, 52.17836109089408], [4.810046698552325, 52.17835663287655], [4.810046785764184, 52.178349892235545], [4.810057808583048, 52.17834545208868], [4.810057924863252, 52.17833646456734], [4.810043305296017, 52.178336393082034], [4.810043450649875, 52.17832515868038], [4.810050789502041, 52.178322947542874], [4.810058302773531, 52.17830725512289], [4.810021782951321, 52.17830482952608], [4.810003363141518, 52.17831597456529], [4.809981433800936, 52.17831586732658], [4.809977662614567, 52.1783248369743], [4.809966668867489, 52.17832703023339], [4.8099555878937545, 52.1783359641324], [4.80991538408503, 52.17833576750868], [4.809915238698865, 52.17834700191007], [4.8099298001162945, 52.17835156717184], [4.809929625657165, 52.17836504845357], [4.809918631897822, 52.17836724170813], [4.809914889771729, 52.17837396447356], [4.809896498984866, 52.17838286261552], [4.809859979109759, 52.17838043696865], [4.809852611158284, 52.17838489497444], [4.809830681784286, 52.17838478770771], [4.809819862507719, 52.17837349967154], [4.809779571413638, 52.178380043642264], [4.8097539871470305, 52.17837991848142], [4.809750419508535, 52.17837315996019], [4.809732145035266, 52.178373070555644], [4.809721354873527, 52.17835953563026], [4.809695828795508, 52.17835491669644], [4.809688577186571, 52.178350387171164], [4.8096666478300545, 52.17835027987394], [4.809637554144381, 52.17833890240358], [4.80951328782529, 52.17833829427832], [4.809466065232343, 52.17831559292377], [4.809462323042445, 52.17832231567474], [4.809444048590766, 52.178322226225596], [4.809407732509956, 52.17830407227781], [4.8094080235375225, 52.17828160347627], [4.809430302078836, 52.1782547482596], [4.8094304766883464, 52.17824126697857], [4.809445329029708, 52.178223363498255], [4.809452987999233, 52.178196436715815], [4.809467607519354, 52.17819650827414], [4.809478863150444, 52.17817409313962], [4.809493569958307, 52.178167424054045], [4.809493628154967, 52.1781629302936], [4.8095046800801855, 52.17815624331806], [4.809508538639914, 52.17814053304457], [4.8095232163354575, 52.17813611083552], [4.809527249466461, 52.178106919279756], [4.809534704692958, 52.17809572065322], [4.80955309543315, 52.17808682256706], [4.809607889407416, 52.178089337735095], [4.809615315518605, 52.17808038598368], [4.809593531761186, 52.17806904427159], [4.809590167825334, 52.178046557583116], [4.809626716503626, 52.17804673643291], [4.809648529349068, 52.17805583125861], [4.809681423166628, 52.17805599220769], [4.809692271419627, 52.178065033376654], [4.809703206940096, 52.17806733390362], [4.809787210774286, 52.178072238921494], [4.809801713923477, 52.17808129795984], [4.809823643148158, 52.17808140523178], [4.809852649473219, 52.17809952329763], [4.809921975740565, 52.178108850469776], [4.809929198257744, 52.178115626861256], [4.809943759601153, 52.17812019212134], [4.809947269098006, 52.17813144439781], [4.80996916927346, 52.17813379852312], [4.809983701553288, 52.17814061065868], [4.81004215049466, 52.17814314349846], [4.810096828294893, 52.17815464596128], [4.810118786623382, 52.17815250629795], [4.810126183576273, 52.178145801394834], [4.810133493328736, 52.17814583713254], [4.810144574219506, 52.17813690321645], [4.810148374421594, 52.17812568668254], [4.810159455304368, 52.17811675276497], [4.8101741329278465, 52.17811233047483], [4.810177874992782, 52.1781056077008], [4.810185184738708, 52.1781056434353], [4.81018889773817, 52.17810116754146], [4.810210826973833, 52.17810127474145], [4.8102180204719645, 52.178110297995794], [4.810213929668676, 52.1781439833367], [4.810202877852592, 52.17815067037886], [4.810188258345958, 52.178150598911635], [4.810169809577252, 52.178163990857705], [4.81016975144872, 52.178168484618624], [4.810187938649245, 52.17817531459659], [4.81018779333242, 52.17818654899879], [4.810151215471405, 52.17818861720304], [4.810133115469478, 52.17817504657816], [4.810089227857883, 52.17817707902548], [4.810078321359355, 52.178172531653814], [4.810038146768158, 52.17817008819171], [4.810012678909772, 52.17816097556558], [4.8099578557490075, 52.17816070746575], [4.809917884713843, 52.17814253580012], [4.80987771015867, 52.178140092283435], [4.809859377620809, 52.17814449665946], [4.809873938966449, 52.17814906192813], [4.809884787281116, 52.17815810307931], [4.809913909989492, 52.17816723360864], [4.809921132514862, 52.17817401000056], [4.809935722952547, 52.17817632838128], [4.8099538228948076, 52.17818989903632], [4.8099683842649705, 52.17819446429338], [4.80999393935282, 52.178196836287896], [4.810004816776046, 52.17820363054768], [4.810026658846996, 52.178210478423104], [4.810041278372918, 52.17821054991039], [4.8100558106887625, 52.17821736203703], [4.810092301373043, 52.1782220345036], [4.810110459516159, 52.17823111137381], [4.810154318114903, 52.17823132579913], [4.810165195571014, 52.178238120044085], [4.810172505338644, 52.17823815577946], [4.81016847261771, 52.178267347357114], [4.810139059132764, 52.17828068569454], [4.810135287981083, 52.1782896553475], [4.81010961656283, 52.178296270904966], [4.810080086765603, 52.17831859674907], [4.810083596312289, 52.17832984902118], [4.810109180551375, 52.17832997411046], [4.810123567582782, 52.17834802063049], [4.810134532261186, 52.17834807423709], [4.81013128429734, 52.17831660004326], [4.8101388556713225, 52.17829641385727], [4.810146165448479, 52.178296449594214], [4.810153562421222, 52.17828974468954], [4.810190140365092, 52.17828767648473], [4.8102085601166245, 52.17827653141625], [4.810215869890595, 52.17827656714881], [4.810223295911219, 52.17826761535929], [4.810252564061575, 52.17826551140298], [4.810259961013197, 52.178258806491534], [4.810289229156081, 52.178256702526085], [4.8102966261007305, 52.17824999761233], [4.8102966842166115, 52.178245503851436], [4.810282093737372, 52.17824318551536], [4.810260338790296, 52.17822959704587], [4.810223877143612, 52.178222677750774], [4.810220280384571, 52.178218166123905], [4.810202064098951, 52.17821358303134], [4.810202354725552, 52.17819111422695], [4.810209722610061, 52.17818665619903], [4.810253552105647, 52.17818911746786], [4.810257148865727, 52.178193629093705], [4.810279020029503, 52.17819823004208], [4.810286213557009, 52.178207253292136], [4.810304487963778, 52.178207342610754], [4.8103372947285905, 52.178214244018555], [4.810344488270472, 52.178223267265096], [4.810355394808627, 52.178227814612164], [4.810377324107088, 52.17822792178133], [4.810381037097519, 52.17822344588151], [4.810388346862968, 52.178223481603425], [4.810384866301089, 52.17820998245953], [4.810363024175122, 52.178203134650346], [4.810355830632717, 52.17819411140489], [4.810290275253501, 52.178175814829515], [4.810279397793449, 52.17816902059594], [4.81027594632765, 52.17815327456831], [4.810265068875272, 52.178146480333425], [4.8102651269941585, 52.17814198657248], [4.8102505074902435, 52.17814191511295], [4.810250652791081, 52.17813068071057], [4.810236178595337, 52.17811937484684], [4.810240240318847, 52.17808793638544], [4.8102476953632936, 52.17807673771362], [4.810258718094608, 52.17807229754764], [4.810276992446005, 52.17807238687045], [4.810295237739621, 52.17807472307098], [4.8103024603080975, 52.1780814994397], [4.81032073466338, 52.178081588755695], [4.81033932863086, 52.17805696238299], [4.8103435064973805, 52.17801653639546], [4.810365493800463, 52.17801214980553], [4.810383913394211, 52.17800100470892], [4.81038768447128, 52.17799203504752], [4.810402391083539, 52.17798536584818], [4.810402449188313, 52.17798087208698], [4.810420839708448, 52.17797197386509], [4.81048291426856, 52.17797677122674], [4.810493820760697, 52.1779813185611], [4.810574256789866, 52.17797946451921], [4.81056712132873, 52.17796594752501], [4.810559811605305, 52.17796591181421], [4.810556214832844, 52.17796140019737], [4.810523466312289, 52.17795000508904], [4.810523640589793, 52.17793652380515], [4.810531008400103, 52.17793206575688], [4.810571211848433, 52.177932262170344], [4.810582292598449, 52.177923328212614], [4.810600624974346, 52.1779189237239], [4.810604366958705, 52.177912200935985], [4.81063012520523, 52.17789884462794], [4.810648399486519, 52.17789893389309], [4.810655651119941, 52.17790346335975], [4.810655505922087, 52.17791469776323], [4.81064445422901, 52.17792138484728], [4.810626150897465, 52.177923542462096], [4.810626034733176, 52.177932529984865], [4.8106442799881, 52.17793486613137], [4.810647702527383, 52.177952859029645], [4.810662292930881, 52.17795517732054], [4.810680422043545, 52.17796650098421], [4.810724338457941, 52.17796222143589], [4.810738870797682, 52.177969033478675], [4.810738667549624, 52.17798476164358], [4.810727586815567, 52.17799369561593], [4.810694664001367, 52.17799578183926], [4.810669167068733, 52.17798891623516], [4.810639811997894, 52.17799776093718], [4.810643350701206, 52.17800676631281], [4.8106616250267535, 52.17800685557601], [4.8106906316446905, 52.17802497343655], [4.810727035130687, 52.17803638634888], [4.810741654601002, 52.17803645774925], [4.810763467669598, 52.17804555236928], [4.810796332452217, 52.17804795988818], [4.810843671562458, 52.17806167318927], [4.8109166528510405, 52.178071017624], [4.8109275303845624, 52.17807781179906], [4.810956682279607, 52.17808469519063], [4.810960279102521, 52.178089206795285], [4.810982179311445, 52.17809156073265], [4.810993056859973, 52.17809835490167], [4.811011331223962, 52.17809844411072], [4.8110330863365744, 52.17811203244238], [4.811080657734613, 52.17810777060249], [4.811091535302118, 52.17811456476242], [4.811098845050465, 52.17811460044031], [4.811105342320263, 52.178177548778706], [4.8110869228332795, 52.178188693987785], [4.811094058487464, 52.17820221095034], [4.811093855363286, 52.17821793911538], [4.811123094424529, 52.1782180818237], [4.811134001041089, 52.178222629098954], [4.811155988368683, 52.178218242361865], [4.811170723955017, 52.17820932618627], [4.811171014093565, 52.17818685737885], [4.811193030412614, 52.17818022375405], [4.811196946404934, 52.17816001966301], [4.811233495184589, 52.17816019801526], [4.81124796964685, 52.17817150375699], [4.811254902279874, 52.17820074887531], [4.811269521805167, 52.17820082021042], [4.81126989892041, 52.17817161076018], [4.811277266695233, 52.178167152665495], [4.8113028798525175, 52.17816503061504], [4.811314076540659, 52.17814710906555], [4.811336005802427, 52.17814721605654], [4.811337049997952, 52.17806632834634], [4.811348014608997, 52.1780663818401], [4.811362750106742, 52.17805746564017], [4.811359153245609, 52.17805295404777], [4.811337224030116, 52.17805284706118], [4.811337572094075, 52.178025884490765], [4.8113194137838695, 52.17801680780877], [4.811206112930925, 52.17801625496292], [4.8111951773449, 52.17801395457509], [4.811184328799057, 52.17800491354377], [4.8111441252817215, 52.1780047173391], [4.811144212326822, 52.177997976696616], [4.811125996035545, 52.177993393746576], [4.811126112099286, 52.177984406223366], [4.8111041539011925, 52.177986546074266], [4.811100411985834, 52.177993268878005], [4.811082137664711, 52.177993179682744], [4.811078685928765, 52.177977433677746], [4.811071434240271, 52.177972904237016], [4.811049418005691, 52.17797953783942], [4.81104556000272, 52.1779952481646], [4.811056466556941, 52.177999795447064], [4.8110600343638765, 52.17800655392949], [4.811096583017051, 52.17800673232397], [4.811100063778821, 52.178020231447626], [4.811041556895954, 52.17802219289346], [4.8109904758326465, 52.178015202471805], [4.810965182011516, 52.177992608766246], [4.810965501275787, 52.17796789307784], [4.81102760491081, 52.177970443272194], [4.811031404876571, 52.17795922670923], [4.8110241822168875, 52.17795245038472], [4.810984007770821, 52.1779500072448], [4.8109583947221655, 52.17795212922627], [4.8109473720900064, 52.17795656945781], [4.810921788062067, 52.17795644455055], [4.810892636256199, 52.177949561150335], [4.81086722640612, 52.1779359549467], [4.810841700450737, 52.177931336260585], [4.810834448793851, 52.177926806805296], [4.810786935631714, 52.17792657478479], [4.81077605815646, 52.17791978059672], [4.810776116223472, 52.177915286835265], [4.810750619324203, 52.177908421248716], [4.8107470515719895, 52.17790166275688], [4.810736145073387, 52.17789711544586], [4.810732606359942, 52.17788811007283], [4.810725325685139, 52.177885827491565], [4.81072567411734, 52.17785886492277], [4.810733041894642, 52.177854406861734], [4.810737132278485, 52.177820721500574], [4.810751954920595, 52.177805064734265], [4.810755958182292, 52.17777812001445], [4.810690170947245, 52.17777779870674], [4.810679003140212, 52.177793473317166], [4.810649532040973, 52.17781130554511], [4.810638393251603, 52.17782473327088], [4.810634535117502, 52.177840443582824], [4.8106161156527065, 52.177851588719065], [4.810568631616085, 52.1778491097301], [4.810568573528277, 52.177853603491464], [4.810561234778988, 52.17785581466152], [4.810561118601847, 52.177864802184274], [4.810550066907042, 52.17787148925946], [4.810524482929364, 52.17787136426607], [4.810506121518484, 52.17787801562372], [4.810476882682768, 52.177877872762906], [4.810462176117126, 52.177884541971665], [4.810440246987245, 52.17788443481848], [4.810421914609794, 52.17788883928237], [4.810356156269196, 52.17788627090764], [4.81034156590429, 52.177883952578895], [4.810337969160512, 52.17787944095535], [4.810312414235878, 52.17787706903543], [4.8102979401065085, 52.17786576317891], [4.8102760109863745, 52.17786565599532], [4.810235981963811, 52.1778519781978], [4.810181130117719, 52.177853957082874], [4.810162710534293, 52.177865102148175], [4.810151484390205, 52.177885270469204], [4.810195313586358, 52.177887731759334], [4.8102025361094585, 52.17789450813434], [4.810217126470522, 52.17789682648026], [4.810260984741192, 52.17789704086539], [4.810260839443947, 52.17790827526828], [4.810231542467548, 52.17791262610772], [4.810220490711569, 52.177919313151875], [4.810187626055439, 52.17791690547269], [4.810187538865964, 52.17792364611434], [4.810202071110902, 52.17793045822322], [4.8102020129860215, 52.17793495198423], [4.8102129485011, 52.177937252464], [4.810216516175137, 52.17794401097186], [4.8102274807543575, 52.17794406456972], [4.810245609751849, 52.17795538830004], [4.810267480797682, 52.1779599892505], [4.810267422679344, 52.17796448301166], [4.810274703343422, 52.177966765621086], [4.81027455804934, 52.17797800002386], [4.81028201306669, 52.17796680134953], [4.810289351848043, 52.177964590196964], [4.810340519908809, 52.17796484028017], [4.81034394232776, 52.177982833187016], [4.8103328615152545, 52.1779917671222], [4.810332570956093, 52.178014235927755], [4.810306986897319, 52.178014110887126], [4.810284970529221, 52.17802074434668], [4.810281257546117, 52.17802522024368], [4.810259328347629, 52.17802511305678], [4.81026716114665, 52.177984704936584], [4.810259851420463, 52.17798466920714], [4.810256138437857, 52.17798914510344], [4.810226899530327, 52.17798900218048], [4.8102195316802625, 52.17799346020968], [4.8102049122251325, 52.17799338874459], [4.8101828667887, 52.178002269065615], [4.8101426632794935, 52.178002072519774], [4.810138863086623, 52.17801328905371], [4.810160588826729, 52.17802912442645], [4.810182518026882, 52.17802923163168], [4.810204330977521, 52.178038326354795], [4.810204069415655, 52.17805854827934], [4.8101892464968685, 52.17807420497571], [4.810178194694427, 52.17808089201564], [4.810145300856164, 52.17808073120498], [4.8101344234413865, 52.17807393695806], [4.810134481573313, 52.1780694431971], [4.810123516963412, 52.178069389590554], [4.8101088393490885, 52.17807381187443], [4.810075916447462, 52.1780758979249], [4.810072203438787, 52.17808037381529], [4.810039309601403, 52.17808021297511], [4.810013492929325, 52.178098062914245], [4.809995218568098, 52.17809797355063], [4.809987996043717, 52.17809119716317], [4.809958815220055, 52.17808656041287], [4.8099261249139325, 52.17807067137836], [4.809867821471306, 52.17805690407925], [4.80984609582187, 52.17804106865284], [4.809835160300416, 52.17803876813903], [4.8098352475434405, 52.17803202749784], [4.809824282943203, 52.17803197386353], [4.809820802566849, 52.17801847470289], [4.809780657212593, 52.1780137842729], [4.809780831714963, 52.17800030299061], [4.809788170526559, 52.177998091869284], [4.809799367780651, 52.17798017046384], [4.809806706588018, 52.17797795934135], [4.809810565025721, 52.17796224905727], [4.809840065640276, 52.17794217015956], [4.809851030218454, 52.17794222379245], [4.80986579505301, 52.177931060899155], [4.809877253968065, 52.17789291756204], [4.809899706497767, 52.177852580971376], [4.809910787362192, 52.17784364707677], [4.809921780992743, 52.17784145382255], [4.809933065381314, 52.17781679176234], [4.809944088079489, 52.17781235162548], [4.809955256149306, 52.177796677085055], [4.809977272455457, 52.177790043686706], [4.809977330602736, 52.17778554992562], [4.80997002090949, 52.17778551417831], [4.809959172667857, 52.17777647303449], [4.809882449983708, 52.17777385077324], [4.809878620666492, 52.17778731417974], [4.809867597968023, 52.17779175431045], [4.809867539809676, 52.17779624807144], [4.8098271329195, 52.17781177958172], [4.809826813025813, 52.17783649526682], [4.809807957127913, 52.17788134348334], [4.809796905316348, 52.177888030487864], [4.80978193689382, 52.17791492153547], [4.80975626563938, 52.17792153701673], [4.809752494441407, 52.17793050665794], [4.8097414426093295, 52.17793719365711], [4.809744690271422, 52.17796866786337], [4.80973366751477, 52.17797310798133], [4.80973352208437, 52.177984342383205], [4.809726125099416, 52.17799104726188], [4.809707792608006, 52.17799545161456], [4.809663934244024, 52.177995237023666], [4.809642179606402, 52.17798164844003], [4.809631244110095, 52.17797934790744], [4.809605660073896, 52.177979222714754], [4.809590982438186, 52.17798364493427], [4.8095434692239305, 52.17798341241307], [4.809492533933493, 52.17796518694181], [4.8094523886621445, 52.17796049640018], [4.809445137141968, 52.17795596685978], [4.809401366126855, 52.17794901153045], [4.809343121217573, 52.1779307502117], [4.809273853567719, 52.177916928939275], [4.809237334108677, 52.17791450310016], [4.8091900829911385, 52.17789404851458], [4.8091791184258375, 52.17789399482032], [4.809149996046822, 52.17788486410975], [4.809135376629524, 52.177884792512195], [4.80911718970914, 52.17787796237206], [4.80909163485132, 52.17787559018785], [4.8090443547212915, 52.177857382424115], [4.809018799879196, 52.17785501022416], [4.8089823969803, 52.17784359678537], [4.808960497000104, 52.177841242477065], [4.808916900936416, 52.177820805687126], [4.808869446159186, 52.17781607913438], [4.808851259307669, 52.17780924895328], [4.808781933732207, 52.177799921152655], [4.80874196350054, 52.17778174908874], [4.808647141498852, 52.177765555183335], [4.808607200495661, 52.177745136193664], [4.808505068938689, 52.17772890634202], [4.808457818354461, 52.17770845146331], [4.8083993992288345, 52.1777036709595], [4.808366622296017, 52.17769452213328], [4.808352002942751, 52.17769445043879], [4.808330248852184, 52.177680861613396], [4.808308378144399, 52.17767626030415], [4.808304781623213, 52.1776717486188], [4.80819174416715, 52.17765097095968], [4.808177241485368, 52.177641911723505], [4.8081662769836475, 52.17764185793522], [4.8081444646437115, 52.177632762835636], [4.808067858996923, 52.17762115187507], [4.808053298009199, 52.17761658638357], [4.808042479368743, 52.17760529818394], [4.808017012241912, 52.177596185127264], [4.807954996832463, 52.17758689270939], [4.807933155386159, 52.17758004445069], [4.807903945934468, 52.17757765407265], [4.80785666660659, 52.17755944583329], [4.807838392471699, 52.177559356136], [4.80780196093433, 52.177550189213186], [4.807750880924687, 52.17754319739014], [4.807747284470648, 52.177538685687914], [4.8077399748202, 52.17753864980251], [4.807710911344185, 52.17752502497716], [4.807674421482331, 52.17752035177482], [4.807652609302392, 52.17751125658436], [4.807594278103237, 52.17749973504261], [4.80759068166855, 52.17749522333552], [4.8074447808176695, 52.17747203655026], [4.807423056314456, 52.17745620067785], [4.807408495446839, 52.17745163510687], [4.807390221357297, 52.17745154534021], [4.807361099634839, 52.17744241418844], [4.807317300244164, 52.177437704966536], [4.807295458969222, 52.177430856589865], [4.807288236963351, 52.17742408003714], [4.807259056859249, 52.17741944261978], [4.807255460464955, 52.17741493090243], [4.8072007843089235, 52.17740342712406], [4.807182510239683, 52.17740333732526], [4.807171604227505, 52.17739878968507], [4.807146020533359, 52.17739866395971], [4.807120699794376, 52.17737831631078], [4.80709151973778, 52.1773736788521], [4.807076988150576, 52.17736686636046], [4.807025908465677, 52.1773598742239], [4.806978629728194, 52.17734166563294], [4.8068582548867935, 52.17732309764424], [4.8068437818139875, 52.1773117913645], [4.806829191821212, 52.17730947260183], [4.806818315100485, 52.1773026780493], [4.806789105891245, 52.17730028739553], [4.8067709195696295, 52.17729345689399], [4.806752645546572, 52.17729336702868], [4.806705250039279, 52.17728414584696], [4.80669440258224, 52.177275104403364], [4.806672503003547, 52.177272749670834], [4.806665251877938, 52.177268219959615], [4.806639697501891, 52.17726584724489], [4.806606921253416, 52.17725669793018], [4.806552157722475, 52.17725193449045], [4.806541281058053, 52.177245139912415], [4.8065413395506145, 52.17724064615312], [4.806515902187287, 52.17722928589306], [4.806497628191194, 52.17722919598833], [4.806479441943347, 52.17722236544185], [4.80643201731661, 52.17721539103016], [4.806417456629459, 52.177210825337], [4.806410234792705, 52.17720404873049], [4.806370178299118, 52.17719261650237], [4.806330004798607, 52.177190171779046], [4.806300883464713, 52.17718104036571], [4.806271674363351, 52.17717864958401], [4.80624995042004, 52.177162813495656], [4.806242640832769, 52.177162777517594], [4.806231764237304, 52.177155982911025], [4.806144195535646, 52.17714431673374], [4.806085953016064, 52.17712605380834], [4.806082356764129, 52.17712154205525], [4.8060568025036146, 52.17711916921435], [4.806024026483032, 52.17711001973785], [4.805969204645493, 52.17710974978681], [4.805958298829155, 52.177105202034575], [4.8059547904189435, 52.17709394963906], [4.805940288373333, 52.17708489012805], [4.805856403955024, 52.17707099485631], [4.805849152945219, 52.177066465094924], [4.805823628011141, 52.17706184532415], [4.805812751504221, 52.17705505067899], [4.8058017871504966, 52.17705499667119], [4.805779975581044, 52.1770459011347], [4.805754450665949, 52.17704128134898], [4.805750854454393, 52.17703676958578], [4.8057398901052615, 52.177036715572235], [4.8057290429042645, 52.17702767403987], [4.80569255365923, 52.1770230002252], [4.805645510154463, 52.17698681606481], [4.8056456859015535, 52.17697333478809], [4.80566776101868, 52.17696220843428], [4.805667819598772, 52.176957714675346], [4.805682555862105, 52.17694879918417], [4.805682673019251, 52.17693981166628], [4.805719542931714, 52.17691527605055], [4.805727174635033, 52.17689059638641], [4.8057383146668196, 52.176877169123955], [4.805742467302354, 52.17683899017666], [4.80577591660937, 52.17679646150171], [4.805776033747183, 52.17678747398347], [4.805787173738395, 52.17677404671611], [4.805787320157719, 52.176762812318195], [4.8057985187059105, 52.17674489129054], [4.805802466295828, 52.17672244049738], [4.80580983437584, 52.17671798274338], [4.805813635545255, 52.17670676634774], [4.80583948236822, 52.176686670444866], [4.805866061162914, 52.1766104025449], [4.805873458497422, 52.176603697907076], [4.805888077487943, 52.17660376990812], [4.8058991588432125, 52.176594836389015], [4.80590298925743, 52.176581373110544], [4.805914041326827, 52.1765746864697], [4.805914216990634, 52.1765612051915], [4.8059253276067935, 52.17655002479018], [4.805929158009211, 52.17653656151071], [4.805936584598091, 52.176527609989144], [4.80595129138999, 52.176520941343185], [4.805958805796825, 52.17650524918096], [4.805966173825286, 52.17650079141693], [4.805973834594574, 52.17647386485495], [4.805988599910096, 52.176462702444674], [4.805992371739303, 52.17645373292248], [4.8059997104829995, 52.1764515220361], [4.8059997690287695, 52.17644702827658], [4.806007107770996, 52.17644481738967], [4.806007166316012, 52.17644032363012], [4.806018189062845, 52.176435883859014], [4.806040732153521, 52.176388807357185], [4.806059181423112, 52.176375416053276], [4.806081490290401, 52.17634631458173], [4.806081578096421, 52.17633957394216], [4.806092659347154, 52.176330640404366], [4.806096782358805, 52.176294708320256], [4.806108097733607, 52.17626779974195], [4.806119149694436, 52.17626111308134], [4.80611920822785, 52.17625661932156], [4.806137569621788, 52.176249968644704], [4.806152539677114, 52.17622307805401], [4.80615990763953, 52.17621862027757], [4.806163767206724, 52.176202910109645], [4.806171135164681, 52.17619845233249], [4.806175053253805, 52.17617824840431], [4.806197215633025, 52.176160381309295], [4.806201338544174, 52.17612444922037], [4.806208735747469, 52.17611774456082], [4.806212683074187, 52.1760952937511], [4.8062238227603915, 52.17608186644047], [4.806238500101696, 52.17607744463789], [4.8062753397356195, 52.17605515572332], [4.8062826491414, 52.17605519169908], [4.806293730281043, 52.176046258141746], [4.806301039685383, 52.17604629411633], [4.806312150075931, 52.17603511367716], [4.806345100897704, 52.17603078179405], [4.806429159019876, 52.1760311954378], [4.806443690073422, 52.176038008009954], [4.80646921448672, 52.176042627646716], [4.8064728106912655, 52.17604713938879], [4.806483774798278, 52.1760471933338], [4.806501931321056, 52.176056270760334], [4.806516550133469, 52.17605634268327], [4.8065456707782594, 52.17606547404412], [4.806604116798552, 52.176068008583435], [4.806662270433717, 52.17609301189507], [4.806687824139217, 52.176095384604416], [4.806709664667211, 52.17610223309403], [4.806757146623694, 52.17610471363351], [4.806764397569957, 52.1761092433397], [4.806775361692697, 52.17610929725772], [4.8067970853112625, 52.17612513325177], [4.806822551348969, 52.17613424657236], [4.806895587087751, 52.17613909973086], [4.806932017286195, 52.176148266933794], [4.80693561354609, 52.17615277866171], [4.8069792947413985, 52.17616647554523], [4.807059581537502, 52.17617585829485], [4.807085076875971, 52.176182724678654], [4.807103350444836, 52.17618281449178], [4.807110601439015, 52.17618734417674], [4.807110513788899, 52.176194084817396], [4.807121477933042, 52.176194138703295], [4.807132354430379, 52.17620093322886], [4.807150598792131, 52.17620326991489], [4.807172410230682, 52.17621236519918], [4.807197964032116, 52.17621473779811], [4.807223342570011, 52.17623059167304], [4.807245183246754, 52.176237440063616], [4.807329124946342, 52.17624684058789], [4.807365672137974, 52.176247020135854], [4.807376723905559, 52.17624033335709], [4.807376811515555, 52.17623359271627], [4.807351374512086, 52.17622223263483], [4.80728930273662, 52.17621743362853], [4.80724556297598, 52.17620823062021], [4.807231060954847, 52.17619917126645], [4.807220096809297, 52.17619911739081], [4.807198285367451, 52.176190022115335], [4.807114314586195, 52.176182868378284], [4.807103408878954, 52.17617832073136], [4.807096303974008, 52.1761625566448], [4.807081801998078, 52.176153497272715], [4.806975990710551, 52.17613949501658], [4.806954237796832, 52.176125905935635], [4.806928742511063, 52.17611903952357], [4.806888569945999, 52.17611659499131], [4.806790068221401, 52.176102628506285], [4.806782904972993, 52.17609135816122], [4.8067538427316885, 52.176077733098545], [4.806721008859407, 52.17607307757523], [4.806691917411276, 52.176061699377485], [4.806670018428282, 52.17605934464488], [4.80662271197207, 52.176043382789636], [4.806557044312609, 52.17603407166095], [4.806491698405817, 52.17600004481461], [4.806477050363453, 52.176002219768776], [4.806447959023947, 52.175990841510874], [4.806404190408072, 52.175983885071034], [4.806389688631017, 52.175974825613885], [4.806335072975054, 52.17595882767434], [4.806327851352825, 52.175952051061664], [4.806328641261755, 52.17589138529946], [4.806340014903957, 52.17585998293639], [4.806380508992344, 52.17583771197374], [4.806387935373825, 52.17582876042236], [4.806395625023942, 52.1757995869492], [4.8064029928919965, 52.175795129157116], [4.8064071156024655, 52.17575919705839], [4.806436704035576, 52.17573237836347], [4.806455708650674, 52.17567629627157], [4.80646678966128, 52.17566736269717], [4.806489039411827, 52.175642754904544], [4.806500149654393, 52.17563157444674], [4.8065077807035, 52.1756068947256], [4.806515177774655, 52.17560019004601], [4.806519124900322, 52.17557773922372], [4.8065451754622295, 52.175541914998895], [4.806545526397595, 52.17551495243522], [4.806567951489039, 52.175476863344926], [4.806575757931921, 52.175438702336514], [4.806583154964882, 52.17543199765243], [4.806583242692747, 52.17542525701139], [4.806594411341428, 52.175409582783466], [4.806601749883411, 52.17540737185885], [4.806609234631114, 52.17539392653197], [4.806616573169786, 52.17539171560646], [4.806635314252712, 52.17535585540538], [4.806653850632602, 52.175335723364036], [4.806661189159486, 52.1753335124357], [4.806672503947833, 52.175306603797885], [4.806687268701253, 52.175295441297145], [4.806698905067315, 52.17524381697155], [4.806721154477749, 52.175219209132834], [4.806732176851509, 52.17521476929357], [4.8067398077000565, 52.17519008955532], [4.806754543164199, 52.17518117392636], [4.806762320161384, 52.17514525978394], [4.806792141827145, 52.175100465951715], [4.806807374178795, 52.17505335334632], [4.806811087261516, 52.175048877556584], [4.806822314195906, 52.17502870954454], [4.806833365742145, 52.17502202281503], [4.8068483057343485, 52.17499737900976], [4.806899850307717, 52.174968421131894], [4.806903475695796, 52.174970685981016], [4.806910931053107, 52.174959487514364], [4.806951131801139, 52.17495968515726], [4.80701659341998, 52.17498472423086], [4.807078663450462, 52.174989523379054], [4.807144154398907, 52.17501231550119], [4.807195260626842, 52.17501706070475], [4.807202511441314, 52.17502159038467], [4.807257243096956, 52.17502860040119], [4.807275282534082, 52.1750466652329], [4.807286275603297, 52.17504447222228], [4.8073007772611405, 52.175053531570505], [4.807333552035418, 52.17506268069374], [4.807388312964051, 52.17506744376883], [4.807435560262912, 52.17508789908027], [4.807501226715379, 52.1750972097197], [4.807555987704602, 52.17510197271707], [4.807566834809812, 52.17511101408428], [4.807574144062219, 52.17511104997981], [4.807570431050782, 52.17511552579367], [4.8075885582251345, 52.17512684993508], [4.807603176735192, 52.17512692172294], [4.807606772981117, 52.17513143343121], [4.807668872468121, 52.175133985388406], [4.807679807165411, 52.17513628610287], [4.807705302006266, 52.17514315235315], [4.807712523707622, 52.17514992888257], [4.807770764319003, 52.1751681910086], [4.80787303563324, 52.17517318708953], [4.8078476866427495, 52.17515508647104], [4.807833126481786, 52.17515052095175], [4.807749186737009, 52.1751411207871], [4.807669135157074, 52.17511376346099], [4.807632588892463, 52.17511358400833], [4.80763267646091, 52.175106843365924], [4.807621741773275, 52.17510454264713], [4.807577915457381, 52.175102080404166], [4.8075743484091396, 52.175095321814204], [4.807545344960833, 52.1750772031831], [4.80750160626428, 52.175068000269455], [4.807435881456015, 52.17506318339178], [4.807377699523891, 52.1750404273391], [4.807344837145103, 52.17503801887031], [4.807315687800557, 52.17503113458654], [4.807268206954823, 52.175028654273035], [4.807264639959383, 52.17502189567368], [4.807235636684817, 52.17500377696649], [4.807162690406043, 52.17499218337809], [4.807133628763259, 52.17497855840725], [4.807108104889093, 52.17497393891425], [4.807093574079776, 52.17496712642304], [4.80702790790472, 52.17495781555689], [4.807002413274556, 52.17495094916032], [4.806984344764684, 52.174935131167544], [4.806944319382626, 52.17492145225196], [4.806926221680403, 52.1749078811309], [4.806926513929201, 52.174885412324194], [4.8069417168405835, 52.17484054658012], [4.806949055271701, 52.174838335633545], [4.806952885216191, 52.174824872316194], [4.8069787596550615, 52.174802529274096], [4.806986448739302, 52.17477335575638], [4.807005043159378, 52.17474872989575], [4.807005130821731, 52.17474198925347], [4.807031034405683, 52.17471739931868], [4.80703118050291, 52.174706164914824], [4.807049920962513, 52.174670304642696], [4.807064714628102, 52.174656895212195], [4.80707597056566, 52.174634480293626], [4.807090676562405, 52.174627811502226], [4.807098102599116, 52.17461885990377], [4.807128011217273, 52.17456732533904], [4.807153885418651, 52.1745449822572], [4.8071763971359225, 52.17450015240068], [4.807187536132063, 52.17448672499431], [4.807209609632512, 52.17447559834487], [4.807228145386134, 52.17445546620926], [4.807243172594962, 52.17442408170811], [4.807243318637507, 52.17441284730326], [4.807258170574827, 52.17439494408581], [4.807262000387452, 52.17438148075722], [4.807273080914145, 52.17437254710441], [4.807277056754085, 52.17434784937025], [4.807292054686004, 52.17431871174321], [4.807299480630638, 52.174309760131464], [4.807336172253541, 52.174298705281124], [4.807361958587237, 52.17428310279537], [4.8073805525947675, 52.17425847687278], [4.807380669400562, 52.174249489348526], [4.807395433626114, 52.17423832675637], [4.80739584243542, 52.174206870421116], [4.807399701390564, 52.17419116020642], [4.807407098092233, 52.17418445546872], [4.807414932786441, 52.1741440475138], [4.8074260716215065, 52.17413062008386], [4.8074554831733955, 52.174117282410236], [4.807459400494363, 52.17409707843098], [4.807474164649647, 52.17408591582851], [4.807474252239414, 52.174079175185085], [4.807481619715049, 52.17407471732369], [4.807481794892232, 52.174061236036636], [4.807500359545466, 52.17403885697518], [4.807504306034099, 52.17401640611298], [4.807511702690986, 52.17400970136848], [4.807511848664125, 52.17399846696238], [4.807530588437977, 52.17396260660854], [4.807578360076483, 52.17394261800278], [4.807706297829814, 52.173940999210046], [4.807724512114161, 52.17394558268828], [4.807804853432742, 52.173950471166144], [4.807812104136305, 52.173955000809265], [4.807830347615849, 52.173957337389844], [4.807859321276685, 52.1739777028348], [4.807884815483778, 52.17398456904672], [4.807895662384899, 52.17399361038524], [4.807910222175091, 52.17399817589719], [4.8079211857807, 52.173998229707976], [4.807993984782177, 52.17402105723417], [4.808066929691772, 52.174032650308575], [4.808085056553456, 52.17404397437528], [4.808139728824301, 52.17405547774485], [4.808146979578985, 52.17406000736738], [4.808223666610226, 52.17406487763051], [4.808238138983109, 52.17407618374629], [4.808245448066632, 52.17407621959992], [4.808263574991418, 52.174087543639295], [4.808311025737983, 52.17409227043272], [4.8083182765160695, 52.17409680004479], [4.808351109102776, 52.17410145512329], [4.808361985278812, 52.1741082495375], [4.808361926975033, 52.17411274330038], [4.808383708490025, 52.174124085244316], [4.808416511954548, 52.174130987186096], [4.808453028270836, 52.17413341327626], [4.808478493512686, 52.17414252624147], [4.808496766249334, 52.174142615837596], [4.808529569745095, 52.17414951774805], [4.808558660418493, 52.17416089549531], [4.808668063793947, 52.174179408007554], [4.808678940037347, 52.17418620239252], [4.808686249139364, 52.174186238218944], [4.808700721668984, 52.17419754427797], [4.808711685324838, 52.17419759801541], [4.8087298415509245, 52.174206675101594], [4.808788256133709, 52.17421145543798], [4.808835532299725, 52.17422966330989], [4.808864739610358, 52.174232053455576], [4.808890204992914, 52.17424116633198], [4.8089412814034525, 52.17424815766048], [4.808963034010448, 52.17426174637908], [4.808977623118846, 52.17426406487783], [4.8089812194347346, 52.17426857654504], [4.8090030594230795, 52.174275424611515], [4.8090431722134745, 52.17428236218558], [4.809086997807099, 52.17428482388353], [4.8091415250692595, 52.174307561197274], [4.8092437363533636, 52.17431704985147], [4.809243678138065, 52.17432154361476], [4.809261892736581, 52.174326126855796], [4.809283645479419, 52.174339715515366], [4.809312765573965, 52.17434884619518], [4.809374805870504, 52.174355891016745], [4.809389365930933, 52.17436045634631], [4.809418369665171, 52.17437857452681], [4.809502250142537, 52.174392467266976], [4.8095205229842595, 52.174392556704795], [4.809545930407877, 52.17440616320318], [4.809564174163747, 52.17440849951591], [4.809575050599702, 52.17441529381833], [4.809600603501741, 52.17441766589632], [4.809633378283527, 52.17442681438184], [4.809669894909613, 52.174429240095726], [4.8097171134995955, 52.174451941378024], [4.80982295073441, 52.17446369429385], [4.809884729592868, 52.17449096078346], [4.809964955850228, 52.174504835319006], [4.810012203739845, 52.17452528960152], [4.810114357582952, 52.17453927126585], [4.810143477978486, 52.17454840174077], [4.81014704537292, 52.174555160254194], [4.810154354536932, 52.17455519598979], [4.810168856620015, 52.17456425498691], [4.810256421323003, 52.17457591817676], [4.8103182587100335, 52.17459869067577], [4.8104350892613645, 52.17460824974831], [4.810453246006063, 52.17461732656941], [4.810456784406145, 52.17462633195542], [4.810485846838193, 52.17463995610975], [4.810595310274524, 52.17465397307263], [4.810627998320255, 52.17466986192787], [4.8106571479433455, 52.174676745394116], [4.810744829125538, 52.17467942069396], [4.810755705807677, 52.17468621488756], [4.810762840805189, 52.17469973187734], [4.810788306843806, 52.17470884434435], [4.810813859979516, 52.17471121615989], [4.810824765708271, 52.17471576346513], [4.810894173998838, 52.17471834941809], [4.810919582027868, 52.17473195562083], [4.810919523980709, 52.17473644938485], [4.810930400703395, 52.17474324356238], [4.810944961050096, 52.17474780870014], [4.811025304174871, 52.17475269498713], [4.811047144715305, 52.17475954267548], [4.811065417711444, 52.17475963187431], [4.811134506944217, 52.174786933388525], [4.811185584334995, 52.17479392374633], [4.811189180917011, 52.17479843534621], [4.811196490121976, 52.17479847101727], [4.81124008428465, 52.174818906972874], [4.811302183551881, 52.174821457017714], [4.811327678773653, 52.174828322486256], [4.811375130637522, 52.17483304804857], [4.811436852963518, 52.1748648074902], [4.8115134547643805, 52.17487641626347], [4.811524331611806, 52.17488321038629], [4.811557107131989, 52.174892358337765], [4.811560703759523, 52.17489686992627], [4.811593508287004, 52.17490377098551], [4.81165920433194, 52.174910832430015], [4.811677303478302, 52.17492440282722], [4.811677245507159, 52.17492889659162], [4.811688151377391, 52.174933443817075], [4.811688093407326, 52.174937937581504], [4.811695402635673, 52.17493797322165], [4.81170262491112, 52.174944749507944], [4.811753760536011, 52.17494724585562], [4.811797413059085, 52.174963187840994], [4.811808376907988, 52.17496324129091], [4.811822908438437, 52.17497005320263], [4.81183752690595, 52.17497012446585], [4.811848432802646, 52.17497467167651], [4.811925121819661, 52.17497953953612], [4.811946991581875, 52.17498414017574], [4.811986873710779, 52.17500905180785], [4.812005088873328, 52.175013634625735], [4.812056224594625, 52.17501613084242], [4.8121070417177085, 52.175043342742114], [4.812180047297843, 52.17505043951117], [4.812220248158135, 52.17505063535908], [4.812227499489586, 52.175055164730956], [4.812271239155458, 52.175064365894215], [4.812289512279664, 52.1750644549036], [4.8123294525776865, 52.175084872655304], [4.8123476967585095, 52.17508720853798], [4.812391204882739, 52.17511438471553], [4.8124131037080975, 52.175116738386485], [4.812446082212021, 52.17511015791476], [4.812500843754055, 52.17511491861794], [4.812591862206534, 52.17514232604768], [4.812609961730891, 52.175155896301845], [4.8126245223848585, 52.175160461232416], [4.812639140916447, 52.17516053239647], [4.81265367263834, 52.17516734420583], [4.812712031039686, 52.17517661636623], [4.812741152385106, 52.17518574620045], [4.812817841864655, 52.175190613480325], [4.812857753591644, 52.17521327793572], [4.812879652490495, 52.17521563152021], [4.812905119257528, 52.17522474353055], [4.812938011002393, 52.1752249035689], [4.812992743819106, 52.17523191092655], [4.813007304537222, 52.1752364758099], [4.813014469223505, 52.175247745780915], [4.813021749585886, 52.17525002822148], [4.813028711853559, 52.17527702636901], [4.813043214755959, 52.17528608501293], [4.813101573394307, 52.17529535698085], [4.813119702049206, 52.17530668027425], [4.81316341323585, 52.175318127989534], [4.813177887268694, 52.17532943349942], [4.813185196562748, 52.17532946904739], [4.813196073775649, 52.175336263016085], [4.813214057928627, 52.17535882070756], [4.813239640474862, 52.175358945115676], [4.813243439659524, 52.175347728475224], [4.813269022199497, 52.175347852876925], [4.8132944891218035, 52.17535696480337], [4.81329431569495, 52.1753704460986], [4.813283293933548, 52.17537488655166], [4.813261048060944, 52.17539949563217], [4.813242630261378, 52.17541064118556], [4.813242081025423, 52.17545333195291], [4.813234164651604, 52.17550048094036], [4.813226681881448, 52.17551392669008], [4.813197213308223, 52.17553175956507], [4.81318607585695, 52.1755451875386], [4.8131671086683285, 52.17559902384572], [4.8131597415072, 52.175603482061334], [4.813152200873522, 52.17562142157088], [4.813133782954953, 52.17563256710665], [4.813093436990784, 52.17564360598104], [4.8130203724555125, 52.1756410035409], [4.813005840523393, 52.175634191776886], [4.8129584454754095, 52.17562497310489], [4.812940316732483, 52.17561364978719], [4.812911195067046, 52.175604520002345], [4.812889295975641, 52.17560216642355], [4.812882044488104, 52.175597637092515], [4.81284187205847, 52.17559519458707], [4.812830850196559, 52.17559963499749], [4.8128452374540815, 52.17561768119456], [4.812878013785775, 52.175626828779144], [4.812914560498305, 52.17562700660779], [4.8129437400238455, 52.175631642627216], [4.8129689756723915, 52.175658729682056], [4.812998126304726, 52.17566561257034], [4.813012629326952, 52.1756746712176], [4.813060053355547, 52.17568164298546], [4.8130599955224405, 52.17568613675015], [4.813074527479749, 52.17569294850746], [4.813074296152999, 52.17571092356614], [4.81304810614467, 52.175757983650385], [4.813043873113917, 52.175802903518], [4.81301788545083, 52.175834235418826], [4.81300648759522, 52.17586788531474], [4.812984212402577, 52.17589474122266], [4.812973161559532, 52.17590142852826], [4.81289272937187, 52.1759032842118], [4.812859750346444, 52.17590986480671], [4.812848699481024, 52.17591655210066], [4.81282308768769, 52.17591867448943], [4.812808411048372, 52.175923097112225], [4.812808353189503, 52.175927590876526], [4.812801014868012, 52.17592980218721], [4.812808179612815, 52.17594107216949], [4.81282274054319, 52.17594563707545], [4.812906827507195, 52.17594379922239], [4.812925043146213, 52.175948381898245], [4.812935833700845, 52.17596191653687], [4.812935660162518, 52.17597539783001], [4.8129133270249005, 52.17600674748824], [4.812872778183718, 52.17603351446089], [4.812843424836314, 52.17604235971669], [4.812803165218976, 52.17604665784405], [4.812773811849172, 52.17605550308248], [4.812766415641582, 52.17606220815511], [4.812751767881789, 52.17606438388853], [4.812744371669413, 52.17607108895976], [4.812751478557577, 52.176086852709375], [4.8127915357032025, 52.17609828277442], [4.812827793515558, 52.176120929451336], [4.8128310143003095, 52.176154650467595], [4.812816135079328, 52.17617480126554], [4.812815990433011, 52.17618603567583], [4.812804939492458, 52.17619272296523], [4.8128048816327835, 52.176197216729385], [4.812790204899901, 52.17620163934952], [4.81275362878472, 52.17620370836375], [4.812735210525761, 52.17621485383571], [4.812735123725652, 52.17622159448178], [4.812742433165456, 52.17622163005739], [4.812753281595342, 52.17623067094808], [4.812760591036652, 52.17623070652263], [4.812771468403985, 52.176237500529574], [4.812771121225045, 52.17626446311384], [4.812741131176728, 52.1763227397476], [4.81271551914503, 52.17632486211256], [4.812704641764988, 52.176318068100514], [4.812679058670549, 52.176317943575576], [4.812657014554449, 52.17632682436334], [4.812652838948922, 52.17636725044795], [4.812660061600671, 52.176374026674544], [4.812659859039587, 52.17638975484807], [4.812667110632983, 52.176394284192234], [4.812666908074267, 52.17641001236579], [4.812659511791633, 52.1764167174312], [4.81265939604221, 52.17642570495886], [4.812644690281579, 52.17643237444253], [4.812647910949448, 52.176466095461834], [4.812636773098565, 52.1764795233807], [4.812625722058312, 52.17648621065286], [4.81261841257527, 52.17648617506994], [4.8126073325905745, 52.17649510922222], [4.812589029938422, 52.17649726714304], [4.812581633629579, 52.17650397220354], [4.812504855082981, 52.17650584541349], [4.8125011424491015, 52.17651032138196], [4.812449773405339, 52.17652580041068], [4.812449657613279, 52.17653478793795], [4.812445944971451, 52.17653926390467], [4.812438635479896, 52.17653922831064], [4.8124530807758905, 52.176552780789144], [4.812478548217882, 52.1765618928905], [4.812485655089563, 52.17657765665473], [4.812496590390723, 52.176579956923135], [4.812503784107673, 52.17658898004083], [4.81252194207943, 52.17659805654228], [4.812525133721651, 52.17663402444566], [4.812506831008537, 52.17663618235365], [4.81250285785506, 52.17666088025814], [4.812455346030262, 52.17666064891133], [4.812448094415219, 52.176656119554345], [4.812411517911774, 52.176658188461786], [4.81240426630159, 52.17665365910204], [4.812404353152802, 52.17664691845679], [4.812393417840028, 52.176644618179914], [4.812382569382858, 52.1766355772567], [4.812291200542924, 52.17663513224905], [4.812269214107257, 52.1766395192001], [4.812250940337782, 52.17663943018665], [4.812240033993478, 52.1766348830138], [4.812097498609206, 52.176634188598754], [4.812101558881539, 52.1766027500631], [4.812087055743735, 52.17659369130521], [4.812028666651149, 52.17658666571711], [4.812017760342466, 52.17658211852374], [4.812003141346221, 52.176582047282096], [4.811995889789959, 52.1765775178973], [4.811948407030705, 52.176575039464915], [4.811941155481149, 52.17657051007674], [4.811911975446915, 52.17656587380943], [4.811893875564817, 52.17655230345099], [4.811886566071703, 52.17655226782272], [4.811875891601452, 52.176529745563265], [4.811854050067361, 52.176522898028885], [4.811850453279626, 52.17651838645039], [4.811777358405113, 52.17651803012052], [4.811766452138903, 52.17651348290397], [4.811751833165672, 52.17651341163119], [4.811733675385504, 52.17650433501136], [4.811700782702714, 52.17650417463601], [4.811700927631291, 52.17649294022809], [4.811679115128984, 52.17648384577975], [4.8116755763360475, 52.17647484043274], [4.811664699078309, 52.17646804632519], [4.81166487300331, 52.176454565035705], [4.81165028303783, 52.176452246868784], [4.81165048595531, 52.17643651869766], [4.811657795429211, 52.17643655434047], [4.811661508141453, 52.17643207839859], [4.811698055507507, 52.17643225660492], [4.811701884157764, 52.17641879313526], [4.811709251599259, 52.17641433501171], [4.811709425510519, 52.17640085372197], [4.811720534635898, 52.17638967277249], [4.811779097311678, 52.17638321722293], [4.811812163785676, 52.17636989628631], [4.811852394811135, 52.17636784537954], [4.81186344593766, 52.17636115817982], [4.811863503892466, 52.17635666441647], [4.81184902986108, 52.176345358747405], [4.811827159442106, 52.17634075808964], [4.811827217400536, 52.176336264326274], [4.811816340153356, 52.17632947023252], [4.811813236043307, 52.17628676166392], [4.811824403072768, 52.17627108694089], [4.811824605927768, 52.1762553587689], [4.811813757680489, 52.17624631779318], [4.81180282249653, 52.176244017461535], [4.81179562897693, 52.17623499430083], [4.8117883195359195, 52.17623495866655], [4.811788377498083, 52.17623046490312], [4.811773874544806, 52.17622140610637], [4.811774106399114, 52.17620343105266], [4.811781473797747, 52.17619897292435], [4.811778485655735, 52.1761472768269], [4.811771176229119, 52.176147241191636], [4.81177123419286, 52.1761427474281], [4.811753047576568, 52.17613591769256], [4.811720213134259, 52.176131263559604], [4.811691294283329, 52.1761064053022], [4.811643899007693, 52.1760971861026], [4.811643754066432, 52.17610842051121], [4.811654631233473, 52.17611521462102], [4.811658169993933, 52.176124219969196], [4.811672701878948, 52.176131031898485], [4.811672643905294, 52.17613552566191], [4.81167995332989, 52.17613556130337], [4.811690830509066, 52.176142355409795], [4.811690540649718, 52.176164824226944], [4.8117015047938425, 52.176164877687235], [4.811701359866807, 52.17617611209577], [4.8116903957199195, 52.176176058635505], [4.811686335197829, 52.17620749715896], [4.811697067467152, 52.17622552567317], [4.8117187928932275, 52.17624136076345], [4.811729293311129, 52.17627736432814], [4.811743825256849, 52.1762841762486], [4.811750670977448, 52.176320161992486], [4.811735965116232, 52.17632683136286], [4.811735907148626, 52.176331325126164], [4.811721288235168, 52.1763312538497], [4.8117065823659075, 52.17633792321642], [4.81167731554808, 52.17634002753606], [4.811647932774519, 52.17635111937497], [4.811629659124823, 52.17635103026553], [4.8116039890439835, 52.17635764615227], [4.8116111825444525, 52.176366669324416], [4.811629427211307, 52.17636900531844], [4.811643959171528, 52.17637581725107], [4.811647324020402, 52.17639830388887], [4.811639956575387, 52.17640276200862], [4.811636098918932, 52.176418472357874], [4.811621393008166, 52.176425141713786], [4.811555520781799, 52.17643156153614], [4.811515028730386, 52.17645383427544], [4.81150737130868, 52.17648076120214], [4.811488952624356, 52.176491906478404], [4.811477785421527, 52.17650758116881], [4.811481034209014, 52.17653905533674], [4.8114883436995415, 52.17653909099008], [4.811495566201808, 52.176545867287544], [4.811521149422679, 52.17654599206926], [4.811565209321231, 52.17653047779713], [4.81163105270312, 52.176526304851265], [4.811667310271928, 52.17654895188268], [4.811733066719376, 52.17655151952457], [4.8117585919786485, 52.17655613801797], [4.811773124019528, 52.17656294993466], [4.811791397756423, 52.17656303902203], [4.811824203544381, 52.176569940016996], [4.811853238681551, 52.176585810714], [4.811860432269132, 52.176594833870745], [4.811907886069059, 52.17659955922015], [4.81195148231601, 52.17661999490969], [4.812002590905043, 52.17662473803325], [4.812075685956784, 52.1766250942238], [4.812079166908822, 52.17663859332203], [4.812093756957724, 52.176640911435975], [4.812097324814067, 52.17664766988871], [4.812104634323035, 52.17664770550395], [4.812122763272584, 52.17665902894833], [4.812137353330457, 52.17666134705681], [4.812155482293869, 52.17667267049622], [4.812184691384974, 52.176675059821655], [4.812191914015148, 52.17668183607653], [4.812268606005302, 52.176686703715816], [4.812279512365184, 52.17669125088599], [4.812330621071279, 52.17669599386757], [4.812337872680834, 52.176700523231766], [4.812359801234523, 52.17670063003147], [4.81242155579275, 52.17673014207085], [4.812465383982505, 52.17673260251681], [4.812472635611713, 52.17673713187273], [4.812472259299974, 52.17676634133523], [4.812457495503277, 52.1767775045584], [4.812420861001326, 52.17678406723198], [4.812409780902889, 52.17679300136505], [4.812409694052126, 52.17679974201015], [4.81238390802155, 52.17681534559266], [4.812318064281633, 52.17681951895791], [4.812266665860594, 52.17683724478713], [4.812270233758747, 52.17684400323451], [4.81228111120042, 52.176850797286136], [4.812288420742873, 52.17685083288996], [4.812299269233115, 52.17685987382152], [4.812317485183126, 52.17686445659087], [4.812321053091149, 52.17687121503666], [4.812346665455146, 52.17686909275803], [4.812368680948894, 52.17686245891121], [4.812405199720764, 52.176864883780716], [4.812408767642124, 52.17687164222388], [4.812423299885235, 52.1768784540604], [4.812423097237673, 52.17689418223204], [4.8124155560876165, 52.176912121689746], [4.812400908031574, 52.17691429737883], [4.812393482673907, 52.17692324930843], [4.812378805661219, 52.17692767187646], [4.812356876995842, 52.17692756508017], [4.812338661016006, 52.1769229823169], [4.812331293553047, 52.17692744047936], [4.812331148781425, 52.17693867488746], [4.81233837147642, 52.176945451133065], [4.812337879258354, 52.17698364812036], [4.8123156899692106, 52.177003763250724], [4.8122755163050694, 52.177001320551184], [4.812264465081179, 52.17700800778863], [4.81220224686935, 52.17701444577275], [4.812172892743234, 52.17702329085917], [4.812165496284381, 52.17702999589265], [4.812168890406945, 52.17705023563194], [4.812190790170558, 52.17705258934476], [4.812194387035633, 52.17705710091268], [4.812208977227405, 52.17705941901236], [4.812216142002824, 52.1770706890284], [4.812234415948907, 52.17707077804746], [4.812245264481508, 52.1770798189837], [4.812245119687566, 52.17709105339131], [4.812230297807213, 52.177106710348255], [4.812230008211479, 52.17712917916337], [4.812207587115193, 52.1771672693246], [4.8122002775209625, 52.17716723371565], [4.812192881042266, 52.17717393875067], [4.812152649304707, 52.17717598977216], [4.812108646902568, 52.17718701049831], [4.812104876240111, 52.17719598021657], [4.812163237179186, 52.177205252648854], [4.812170199227568, 52.177232250837584], [4.812151403869951, 52.177272605674254], [4.812125588510192, 52.17729045607991], [4.812099396567543, 52.17733751593786], [4.812084574553853, 52.17735317287562], [4.812051449493167, 52.17737098764805], [4.812040485051989, 52.177370934219816], [4.812025778886875, 52.177377603624656], [4.812007504815613, 52.17737751457312], [4.811960166071084, 52.17736380173778], [4.81186899859056, 52.17734762823182], [4.811843414908583, 52.17734750352482], [4.811821399097362, 52.17735413727262], [4.811839441322894, 52.177372201403344], [4.811846750950345, 52.1773722370347], [4.811861254291784, 52.17738129582124], [4.811915931631194, 52.17739279744197], [4.81194856420442, 52.17741317969006], [4.811981341669349, 52.177422327522585], [4.812003096749199, 52.17743591567686], [4.812002864978841, 52.17745389072742], [4.811991697714247, 52.17746956546376], [4.811991523882885, 52.17748304675152], [4.8119802986620055, 52.17750321524926], [4.811980066882002, 52.177521190299466], [4.811972699284232, 52.17752564843887], [4.811972612365553, 52.17753238908264], [4.811942910159943, 52.17756819668547], [4.811931858745501, 52.17757488389084], [4.811931771820523, 52.17758162453452], [4.8119131789306, 52.17760625116176], [4.811905840288404, 52.17760846241562], [4.811902069549216, 52.17761743212664], [4.811891018116434, 52.17762411932813], [4.811890931185159, 52.1776308599717], [4.8118798797473765, 52.17763754717214], [4.811876051044768, 52.177651010644595], [4.811861315784012, 52.17765992690961], [4.8118571393278, 52.17770035295556], [4.81183840144784, 52.17773621397608], [4.811827378956424, 52.17774065429019], [4.811809104736916, 52.177740565207706], [4.811790743570784, 52.17774721676571], [4.811746856453431, 52.17774924983048], [4.8117284662890825, 52.17775814825991], [4.811732063163953, 52.177762659841314], [4.811753934269773, 52.17776726051653], [4.811790482730459, 52.17776743869584], [4.811801360323551, 52.17777423279078], [4.811800867633639, 52.177812429769666], [4.811782187626542, 52.177843797018305], [4.811760084609348, 52.177857171396894], [4.811756284835559, 52.177868387983864], [4.81174520433399, 52.1778773220523], [4.811741143690955, 52.17790876056821], [4.811733689049401, 52.177919959335334], [4.811715298811905, 52.17792885776231], [4.8116567340964975, 52.17793531327551], [4.8116310051259115, 52.177946422927036], [4.811630947144987, 52.177950916689014], [4.811641824758364, 52.17795771079846], [4.811667379801013, 52.17796008243067], [4.811685538159198, 52.17796915905925], [4.811688990108852, 52.17798490504684], [4.811670309950417, 52.178016272276615], [4.8116223038409816, 52.17805423756884], [4.8116110203253335, 52.17807889979093], [4.811596284870013, 52.17808781602189], [4.811545087664075, 52.17808981336386], [4.81152307144182, 52.17809644705448], [4.81146456447674, 52.17809840870992], [4.811450031983727, 52.1780915967564], [4.811431728620779, 52.17809375449616], [4.811424360873516, 52.17809821260061], [4.811427783739893, 52.178116205476265], [4.811449451989057, 52.17813653437383], [4.811449306990177, 52.178147768778146], [4.811441968235879, 52.178149980002786], [4.811445333113251, 52.17817246663949], [4.811434310474848, 52.178176906916384], [4.811434107470816, 52.17819263508223], [4.811419400943877, 52.178199304410036], [4.8114193429412, 52.17820379817167], [4.8114047234146184, 52.17820372685516], [4.81138998787681, 52.17821264306007], [4.811331451747892, 52.178216851530024], [4.811320400080862, 52.178223538676995], [4.811320313061819, 52.17823027931931], [4.811327593823383, 52.17823256186384], [4.811327448793403, 52.17824379626777], [4.8113054324628255, 52.17825042991749], [4.811305258420047, 52.1782639112021], [4.811297948647014, 52.178263875536985], [4.811272161379851, 52.1782794788707], [4.811253828921511, 52.178283883463436], [4.811220934928484, 52.17828372295239], [4.8112209929512915, 52.17827922919097], [4.811213712187597, 52.17827694663991], [4.811191782862418, 52.17827683962613], [4.811206315376116, 52.17828365161124], [4.8112023993769695, 52.1783038557022], [4.811169505369449, 52.17830369517684], [4.811169621425475, 52.178294707654], [4.811158714787668, 52.17829016038208], [4.811158772816751, 52.17828566662069], [4.811133275646717, 52.17827880111689], [4.811122136885502, 52.17829222888719], [4.811103862441822, 52.17829213969516], [4.811096668735062, 52.17828311649478], [4.811082020164747, 52.17828529201892], [4.8110746523508885, 52.178289750101314], [4.811067139439741, 52.17830544258665], [4.811052432820837, 52.17831211186843], [4.811044948918386, 52.17832555747162], [4.811030242289527, 52.178332226750584], [4.8110046580457855, 52.17833210186096], [4.8109938384843804, 52.17832081393197], [4.810964570331965, 52.178322918072126], [4.810924453608339, 52.178315981150334], [4.810898869374305, 52.17831585623775], [4.8108878466461995, 52.178320296463355], [4.8108439879553675, 52.17832008231057], [4.810847497694997, 52.17833133456026], [4.810869223841733, 52.178347169802215], [4.810865278654822, 52.17836962076208], [4.810872559415707, 52.17837190333463], [4.810872501357638, 52.178376397095825], [4.810887091911413, 52.17837871535892], [4.810894285591067, 52.1783877385719], [4.810908876149692, 52.17839005683235], [4.810930602346789, 52.17840589206295], [4.810930399163757, 52.17842162022708], [4.8109156634591805, 52.178430536372154], [4.810915402216862, 52.17845075829734], [4.810922682993553, 52.17845304086679], [4.810922247594553, 52.17848674407527], [4.810885408264073, 52.1785090344316], [4.810881521128104, 52.178526991630314], [4.810870440287462, 52.178535925615066], [4.810873833934076, 52.17855616538564], [4.810925031704396, 52.178554168335914], [4.810939941602742, 52.178531770906645], [4.8109401157573135, 52.178518289623355], [4.810951254629992, 52.17850486187088], [4.810977013115927, 52.17849150548873], [4.810977071163658, 52.17848701172758], [4.810991806874695, 52.17847809557496], [4.811002800608996, 52.17847590222039], [4.811003323014484, 52.17843545836966], [4.811032591238985, 52.17843335422001], [4.811029139487072, 52.17841760821471], [4.811051213981301, 52.178406480855664], [4.81109138884225, 52.1784089239732], [4.811083672787664, 52.178440344623624], [4.811101831221863, 52.17844942134144], [4.811101715151653, 52.17845840886396], [4.8111235575164555, 52.178465256536455], [4.811123383417606, 52.17847873782023], [4.8111087057670625, 52.17848316022813], [4.811108531663632, 52.17849664151181], [4.811130199951207, 52.17851697046676], [4.811144848595336, 52.17851479493688], [4.811155900360971, 52.178508107806806], [4.811185197639505, 52.1785037567388], [4.8111634422898035, 52.17849016843575], [4.811167387337546, 52.17846771746617], [4.811178352047016, 52.178467770975935], [4.811189403795954, 52.17846108384266], [4.811240572432935, 52.17846133353644], [4.811248027289221, 52.17845013480183], [4.81126630179802, 52.178450223971645], [4.811277179477198, 52.178457018114194], [4.811317412409727, 52.17845496739347], [4.811313554459351, 52.178470677726075], [4.811284257214961, 52.17847502882611], [4.811280457268305, 52.17848624539633], [4.811258498830319, 52.17848838527545], [4.811247418074682, 52.178497319295815], [4.811232769441246, 52.17849949483848], [4.811229056513102, 52.17850397076503], [4.811196162357857, 52.17850381024688], [4.811203240070236, 52.178521820963425], [4.81121414676916, 52.17852636823111], [4.811221311527169, 52.17853763830474], [4.811213392457261, 52.178584787127356], [4.811191317914947, 52.17859591451637], [4.8111328392966755, 52.17859562912556], [4.8111144776775445, 52.1786022805767], [4.811096203106831, 52.17860219138323], [4.811092606228981, 52.17859767978316], [4.811085296401463, 52.17859764410478], [4.811073925393087, 52.17862904691408], [4.811059189648434, 52.17863796307678], [4.811040886042466, 52.17864012075527], [4.8110222922175545, 52.178664747236226], [4.811000362702284, 52.17866464018666], [4.8109965626679205, 52.17867585674719], [4.811018492188696, 52.17867596379751], [4.811022205152334, 52.17867148787779], [4.811051473530906, 52.17866938372376], [4.81105129940923, 52.17868286500687], [4.811069457935382, 52.178691941729454], [4.811084077621305, 52.178692013087776], [4.81108390350937, 52.17870549437093], [4.811065599876858, 52.17870765205324], [4.811054548048152, 52.17871433917452], [4.811036273431676, 52.17871424997172]]]}}, {"type": "Feature", "properties": {"class": "parcel", "candidate_index": 1, "raw_confidence": 0.49949391215341166, "boundary_alignment_score": 0.49949391215341166, "area_m2": 149522.25022723043, "vertex_count": 1826, "vectorization": {"threshold": 0.5, "close_pixels": 5, "boundary_width_pixels": 0, "edge_buffer_pixels": 2, "min_area_m2": 20, "max_area_m2": 250000, "simplify_tolerance_m": 0.25, "min_boundary_alignment": 0.0}, "source_tile_id": "tile-110000-460000", "vectorization_aoi": "vectorization_v2", "calibration": "parameters selected only on train_selected_0; target reference excluded", "parcel_id": "213a5e40-85c9-5dc9-ba5b-2b39d021b67d", "confidence_score": 0.6771759858533023, "segmentation_score": 0.49949391215341166, "topology_score": 1.0, "edge_alignment_score": 0.5083571393042803, "deviation_from_baseline_score": 0.9989731653888281, "explanation": "Enclosed-face vectorization followed by the frozen 20,000-step PPO debug policy. Reference cadastral geometry was excluded from inference and used only for the comparison report. Invalid, overlap-increasing, alignment-degrading, or CRS-round-trip-invalid candidates were rejected.", "rl_refinement": {"policy_sha256": "36f4975a32bccffc348e88edeab2d4ba8ad88c180503f6316af39efae7223b29", "timesteps": 20000, "debug_policy": true, "before": {"valid": true, "alignment": 0.5045708948746324, "reference": 0.0, "overlap": 0.0, "displacement": 0.0, "jagged": 0.0, "coverage": 1.0}, "after": {"valid": true, "alignment": 0.5083571393042803, "reference": 0.0, "overlap": 0.0, "displacement": 0.0010268346111719606, "jagged": 0.0034912015195207903, "coverage": 1.0}, "accepted": true, "reward_mean": -0.001106051626724816, "reward_std": 0.0024191549098048237, "reward_sum": -0.14157460822077647, "rejected_actions": 0, "mean_vertex_displacement_m": 0.002053669222343921}}, "geometry": {"type": "Polygon", "coordinates": [[[4.803133303918138, 52.18098759517766], [4.803122397445252, 52.18098304716537], [4.803108071249529, 52.18096050604896], [4.803108630275286, 52.18091781538447], [4.803119801527171, 52.18090214150422], [4.803123809684766, 52.18087519706527], [4.80313872427798, 52.180852800637815], [4.803164515875497, 52.180837199095016], [4.80316831806514, 52.18082598279411], [4.803197970652218, 52.18079467118852], [4.803205604422794, 52.18076999170716], [4.803216628519413, 52.18076555220311], [4.803216687353013, 52.18076105844871], [4.803231395948963, 52.180754390149396], [4.803235139282944, 52.180747667600514], [4.8032390296940575, 52.18072971066561], [4.8032463986933704, 52.18072525307611], [4.803246810506804, 52.18069379679514], [4.803243302502351, 52.18068254432666], [4.803236021757075, 52.180680261284316], [4.803236257082994, 52.180662286266546], [4.803243684902109, 52.18065333492269], [4.803258364043838, 52.180648913497], [4.803287839971007, 52.18063108313109], [4.8032990993252955, 52.18060866860106], [4.803321206240694, 52.18059529581955], [4.803321265063465, 52.18059080206504], [4.803335914766288, 52.180588627506886], [4.803339628660069, 52.18058415183181], [4.803354248950106, 52.18058422414866], [4.803362176690657, 52.18053707588295], [4.8033771204590145, 52.18051243254642], [4.803377267501473, 52.18050119815975], [4.803388350330353, 52.18049226488465], [4.803388438554089, 52.180485524252646], [4.803410604195126, 52.180467657699246], [4.80341458273041, 52.180442960125404], [4.803433181497048, 52.18041833485828], [4.803441344365106, 52.18035321156646], [4.80344877209138, 52.180344260209054], [4.803463480515014, 52.18033759188001], [4.803467311990199, 52.180324128690906], [4.803482108613545, 52.18031071972721], [4.803482579061696, 52.180274769687955], [4.803497258055095, 52.180270348232035], [4.803504773961846, 52.18025465623854], [4.803519482347525, 52.18024798790238], [4.803523225595307, 52.18024126534371], [4.803534220129163, 52.180239072686874], [4.803541706617645, 52.180225627568404], [4.803552730546139, 52.1802211880323], [4.803552995140622, 52.18020096613474], [4.803571711323085, 52.180167353334404], [4.803572064103631, 52.18014039080402], [4.8035906920539535, 52.18011351863291], [4.8036060765022395, 52.18005517210154], [4.803617129778161, 52.18004848568161], [4.803613709918853, 52.18003049259003], [4.8036211375565605, 52.18002154122126], [4.803639530268728, 52.180012644062614], [4.80365806994309, 52.17999251251299], [4.803669622881878, 52.17994762916824], [4.80367699170871, 52.17994317155104], [4.803677109280293, 52.17993418404037], [4.803699392097972, 52.179907329919814], [4.803699715406938, 52.17988261426533], [4.803710739234837, 52.179878174714055], [4.803721968794569, 52.179858007017906], [4.803736677016821, 52.17985133865394], [4.803740449587974, 52.17984236921008], [4.803766211001396, 52.17982901440959], [4.803769983564709, 52.17982004496472], [4.803777322972666, 52.1798178342188], [4.80378492686607, 52.179795401572775], [4.803796009437473, 52.17978646825793], [4.803799899537427, 52.17976851130102], [4.8038294922055025, 52.179741693284846], [4.803844993748127, 52.17967435920665], [4.8038561056609845, 52.17966317900806], [4.803860113259474, 52.179636234537426], [4.8038711370104625, 52.179631794970874], [4.803882366435238, 52.17961162725838], [4.80388263087553, 52.17959140535771], [4.803897250841257, 52.179591477606806], [4.803900964595329, 52.17958700191309], [4.803915613940219, 52.17958482728208], [4.80391935707227, 52.179578104709876], [4.8039524576365515, 52.179562539112375], [4.803959943884657, 52.179549093965484], [4.803967283238599, 52.17954688320754], [4.803971114492873, 52.1795334199999], [4.8039822263388965, 52.179522239789165], [4.803989918208558, 52.179493066494715], [4.804023224310444, 52.17946177273143], [4.8040233124355645, 52.179455032097536], [4.804034424248915, 52.179443851881636], [4.804034600495644, 52.17943037061389], [4.8040642515434735, 52.17939905878068], [4.804068405855318, 52.17936087991151], [4.8040870919228285, 52.1793295139014], [4.804087238781356, 52.17931827951133], [4.804109550413704, 52.179289178431524], [4.804131656431005, 52.1792758054938], [4.804135781304069, 52.17923987349937], [4.8041728301760385, 52.1792018571123], [4.804172947645148, 52.17919286959991], [4.804184059355456, 52.17918168936923], [4.804188007978467, 52.17915923864111], [4.804243360867767, 52.179119065616575], [4.804269532784906, 52.17907425440926], [4.804306375881962, 52.17905196612621], [4.804310353791874, 52.179027268515156], [4.804321612224497, 52.17900485387998], [4.804321935180106, 52.17898013821941], [4.804300445940737, 52.17894632675087], [4.8043008276287145, 52.17891711733361], [4.8042643369899185, 52.17891244307672], [4.80424615040009, 52.17890561218755], [4.804224220787686, 52.17890550387852], [4.804224396974274, 52.178892022609105], [4.804209806602313, 52.178889703522614], [4.804198929897172, 52.17888290873055], [4.804166035495584, 52.178882746252334], [4.804155129430924, 52.17887819833444], [4.80410767404128, 52.17887346986668], [4.804063961711523, 52.17886201880213], [4.80403109670012, 52.17885960940817], [4.804001945374813, 52.17885272430746], [4.803976360858262, 52.17885259789363], [4.803972764681473, 52.17884808607771], [4.803947238924384, 52.17884346590121], [4.803929081790655, 52.17883438808504], [4.803903526665434, 52.17883201477727], [4.803885340163838, 52.17882518383253], [4.803852475189421, 52.17882277438883], [4.80384156917149, 52.178818226442004], [4.803841627938772, 52.1788137326857], [4.803827037612506, 52.17881141355195], [4.8037980038936885, 52.178795540888274], [4.803735987705348, 52.178786246253864], [4.803659557594202, 52.1787611511638], [4.803571986422785, 52.178749483077205], [4.8035065506282155, 52.17872219522552], [4.803426289411714, 52.178710563178775], [4.803368045967524, 52.1786922989154], [4.803364449865212, 52.17868778708095], [4.803324304596578, 52.178683094455124], [4.8033133986668055, 52.17867854645949], [4.803280504420162, 52.178678383734635], [4.8032331081655455, 52.17866916115945], [4.803171298192701, 52.17864413808246], [4.803112907839127, 52.17863710808328], [4.80304381758055, 52.17860980188886], [4.802996392022051, 52.17860282609663], [4.802985515572022, 52.17859603119274], [4.8029782057532815, 52.17859599501215], [4.802967358735188, 52.178586953228674], [4.802952768528961, 52.17858463398691], [4.802934611703442, 52.178575556017755], [4.802854321468257, 52.17856617046026], [4.802770611860035, 52.17853879172813], [4.802668480630978, 52.17852255682758], [4.802661259153184, 52.17851577999379], [4.802653949347943, 52.17851574379314], [4.8026467278734595, 52.178508966958425], [4.802632167153872, 52.178504400799156], [4.802551936007883, 52.178490521280274], [4.802482816869035, 52.17846546163544], [4.802369721222508, 52.178449172158786], [4.802318817805072, 52.17842869671836], [4.802296917894419, 52.178426341173704], [4.802289667027212, 52.17842181119495], [4.802271392553614, 52.178421720634965], [4.802249551575947, 52.178414871326], [4.8022349319994255, 52.17841479887333], [4.802187683575693, 52.17839434148959], [4.802092803730788, 52.17838263607628], [4.802074647162923, 52.17837355797491], [4.80205640218287, 52.178371220503955], [4.8020419299907084, 52.17835991363869], [4.802005498998656, 52.17835074492841], [4.8019762893659586, 52.17834835308307], [4.801969038544043, 52.178343823084546], [4.801954418991404, 52.1783437505972], [4.801918017510783, 52.1783323349822], [4.80189623559383, 52.17832099185242], [4.801815975523345, 52.17830935871132], [4.801739576802885, 52.17828201550075], [4.801724957270993, 52.17828194298495], [4.801710426210816, 52.17827512983427], [4.801688526408126, 52.17827277417685], [4.801612098333247, 52.17824767776145], [4.801564702883716, 52.17823845451661], [4.801528183590411, 52.17823602629204], [4.8014954371853795, 52.17822462868194], [4.801491841310272, 52.1782201167904], [4.80148453155472, 52.178220080517406], [4.801480935681081, 52.178215568625525], [4.801397080045816, 52.17819942330769], [4.801393484182687, 52.1781949114131], [4.801371613943898, 52.17819030881931], [4.801368018084081, 52.17818579692398], [4.801346147852405, 52.178181194325425], [4.801335271756993, 52.17817439926949], [4.8012987820400985, 52.17816972409631], [4.801287876442971, 52.17816517591357], [4.801251357225073, 52.178162747603366], [4.801222236301786, 52.17815361493885], [4.8012077643919175, 52.178142307971285], [4.801200454649428, 52.17814227168069], [4.8011895785857375, 52.178135476611324], [4.801153118434631, 52.1781285545156], [4.801131189214135, 52.17812844563233], [4.801109348555875, 52.17812159611239], [4.8010874193389395, 52.178121487221034], [4.8010073074696065, 52.17809861914274], [4.800985378264294, 52.17809851023243], [4.800974472716632, 52.1780939620207], [4.800927018503518, 52.17808923227495], [4.800901611623165, 52.17807562393026], [4.800879741493948, 52.178071021245344], [4.800876145693525, 52.178066509335004], [4.800766765590404, 52.17804574272382], [4.80076316980345, 52.17804123081007], [4.800748579891365, 52.17803891129593], [4.8007158929118585, 52.178023019714814], [4.800650194041825, 52.17801595217702], [4.80063931809291, 52.17800915705693], [4.800624728197814, 52.17800683752752], [4.800617507114279, 52.178000060568614], [4.800610197395725, 52.17800002424146], [4.800602976315507, 52.17799324728173], [4.800588386427519, 52.17799092774784], [4.800584790663032, 52.17798641582859], [4.800551926488549, 52.17798400546651], [4.800541021013206, 52.17797945721477], [4.800504531539976, 52.1779747817962], [4.800490000766738, 52.177967968495395], [4.800479036197012, 52.177967913992674], [4.800449915559708, 52.17795878113769], [4.8004317594994985, 52.17794970278368], [4.8003624059286505, 52.177942616916575], [4.800355155336868, 52.177938086818905], [4.80033325577221, 52.17793573091018], [4.800264079617657, 52.17791516372117], [4.8001983809790545, 52.17790809593207], [4.80016198030524, 52.177896679775706], [4.800154759309911, 52.177889902788486], [4.800140169479243, 52.177887583199244], [4.800129293639452, 52.17788078803218], [4.800056314949411, 52.17787143692938], [4.800045439126354, 52.17786464175456], [4.800027194462006, 52.17786230397013], [4.800016348221157, 52.1778532619154], [4.800001758409736, 52.17785094230905], [4.799990882599994, 52.177844147129235], [4.799906969044196, 52.177832494507896], [4.79987784861292, 52.177823361511784], [4.7998742529338525, 52.17781884957096], [4.7998596631411425, 52.17781652994703], [4.799852442204752, 52.177809752941315], [4.799830572314867, 52.17780515006209], [4.799753938969823, 52.1777957805846], [4.799695787004938, 52.17777077387829], [4.7996519881128314, 52.177766061812115], [4.799626522616174, 52.17775694694735], [4.799590063018833, 52.17775002436907], [4.799579216893989, 52.17774098227418], [4.799553751426569, 52.17773186739363], [4.799502642915231, 52.17772711887925], [4.799495392445938, 52.17772258872881], [4.799477118266261, 52.17772249773659], [4.79946986780032, 52.177717967584556], [4.799444313555781, 52.17771559331201], [4.799433437864108, 52.17770879808078], [4.799418848130522, 52.17770647840246], [4.799408002051007, 52.177697436291766], [4.799397037549516, 52.17769738168864], [4.799378852202976, 52.17769055004978], [4.799331368980833, 52.1776880665401], [4.799324118535319, 52.177683536379135], [4.799313154037378, 52.177683481768256], [4.799291402713038, 52.177669891280715], [4.799276812999632, 52.17766757158479], [4.799265937345224, 52.17766077633809], [4.799244008360751, 52.17766066710455], [4.799214858562207, 52.177653780822055], [4.799181965090947, 52.17765361695588], [4.799178369495979, 52.17764910499378], [4.799163779795302, 52.177646785283955], [4.799152904163216, 52.17763999002685], [4.799152963400912, 52.17763549627275], [4.799131093669113, 52.17763089326396], [4.799112938011396, 52.17762181470707], [4.7990727645321725, 52.17761936751317], [4.799036394007945, 52.1776057041328], [4.799010839851158, 52.177603329766384], [4.799003619078357, 52.17759655270871], [4.798981779008596, 52.17758970279524], [4.7989088010380785, 52.17758035098338], [4.798897925461098, 52.177573555702885], [4.798890615814282, 52.177573519269345], [4.798868894305598, 52.17755768182692], [4.798715688188601, 52.177534447820264], [4.798704812652283, 52.17752765252195], [4.798697503013196, 52.177527616076446], [4.798683031947176, 52.1775163087993], [4.798595494182534, 52.17750239014577], [4.798559242494874, 52.17747973911057], [4.798544682531434, 52.17747517244728], [4.798475359655327, 52.177465838595076], [4.798431679813448, 52.17745213856871], [4.798420804340528, 52.17744534324421], [4.7984208636516525, 52.17744084949038], [4.7984027378726255, 52.17742952394734], [4.798395428249939, 52.17742948748319], [4.798391862409624, 52.17742272862018], [4.798380957292396, 52.177418180168864], [4.798377599059147, 52.177395693167036], [4.798396199326342, 52.17737106868309], [4.798418365410688, 52.1773532030585], [4.798418513688684, 52.17734196867369], [4.798433340489325, 52.17732631345996], [4.79843345910862, 52.17731732595207], [4.798444482823657, 52.17731288689067], [4.798448256241738, 52.17730391761334], [4.798466678512813, 52.177292774379744], [4.79848539729635, 52.17725916237314], [4.798492736542993, 52.177256951954696], [4.798492825498313, 52.17725021132364], [4.798500194394512, 52.17724575402775], [4.798500283348675, 52.17723901339667], [4.798518764880789, 52.17722337640062], [4.798530114712562, 52.17719422168364], [4.798537513245235, 52.177187517508244], [4.7985452379153815, 52.17715609768463], [4.7985637786934845, 52.177135966927146], [4.798582171219071, 52.177127070552075], [4.798608406934073, 52.177077766837556], [4.798623263224974, 52.17705986472182], [4.798630602431986, 52.177057654294636], [4.798638327013721, 52.177026234464144], [4.798649498854754, 52.177010560997466], [4.798649617429395, 52.17700157348881], [4.798656986268778, 52.17699711618274], [4.798664621892679, 52.17697243698171], [4.798698048400382, 52.176932157201776], [4.798698166964965, 52.17692316969296], [4.7987129638873816, 52.17690976131978], [4.798728086836561, 52.176871637295136], [4.798772596047909, 52.17682242464903], [4.798772714597095, 52.17681343713994], [4.7987913440385865, 52.176786565713286], [4.79879897955166, 52.17676188650245], [4.79882482956121, 52.17674179214117], [4.798824948099587, 52.17673280463178], [4.798832316876979, 52.17672834731458], [4.798851153679523, 52.17668574773655], [4.798880747265498, 52.17665893094846], [4.798884668697571, 52.176638727269044], [4.798910903789002, 52.17658942348213], [4.79890801943331, 52.176530986452974], [4.798915536318216, 52.17651529474309], [4.79898919394921, 52.17647296836808], [4.7990111815988605, 52.17646858389322], [4.7990586931271615, 52.17646882065284], [4.799065884104215, 52.1764778445857], [4.7990913487564955, 52.176486959572195], [4.799186223773058, 52.176498667395464], [4.799197069516969, 52.17650770952787], [4.799208004110573, 52.176510011026664], [4.799207944880373, 52.176514504781764], [4.799215254353962, 52.176514541195374], [4.79922247498445, 52.17652131824112], [4.799237034706621, 52.176525884821224], [4.799342814844264, 52.17654214089133], [4.799357315370387, 52.1765512012117], [4.7993973694812855, 52.17656263581807], [4.799474030234382, 52.17656975864822], [4.79947397103088, 52.17657425240343], [4.799495840280613, 52.176578855348765], [4.799503060964177, 52.176585632377375], [4.799532210110015, 52.17659251858888], [4.799535805656063, 52.176597030540975], [4.799546769887263, 52.17659708513083], [4.799572234706225, 52.176606200013566], [4.799623371535294, 52.17660870161924], [4.799645240817431, 52.176613304536936], [4.799670616890182, 52.17662916003139], [4.799692456596462, 52.17663600981796], [4.7997837069278555, 52.17664545209159], [4.799830922811573, 52.17666815731722], [4.799874631900124, 52.1766796099493], [4.799896560404238, 52.17667971906497], [4.799914745418843, 52.17668655062484], [4.799940299099427, 52.17668892479509], [4.799958424969602, 52.176700250103515], [4.799980264755062, 52.176707099836854], [4.799998538520029, 52.17670719075058], [4.800027687822225, 52.17671407683984], [4.800104378507952, 52.17671895238307], [4.800097335134166, 52.17669869412471], [4.800042661715236, 52.176687187032265], [4.800035411359603, 52.17668265691442], [4.800002548175865, 52.17668024640027], [4.79994436794502, 52.17665748669126], [4.799845837641433, 52.176645761290004], [4.799831277817542, 52.176641194784956], [4.799802306105026, 52.17662082738113], [4.799787687121773, 52.17662075462616], [4.799769502153499, 52.17661392304679], [4.799740264191711, 52.176613777526796], [4.799722108822852, 52.176604699062494], [4.7996929300488125, 52.176600059775474], [4.799663869649687, 52.1765864329706], [4.799558059691374, 52.176572424065746], [4.799517857532621, 52.176572223901964], [4.799503356966979, 52.176563163601266], [4.799496225088844, 52.176549645939794], [4.799488945210178, 52.17654736266597], [4.799463362032829, 52.17654723527561], [4.7994378380627465, 52.17654261412452], [4.799430587792144, 52.176538083969525], [4.799375825923226, 52.17653331720118], [4.7993395450155685, 52.176512913280035], [4.799266539118083, 52.176505808567775], [4.799226425863572, 52.17649886767214], [4.799219175621587, 52.176494337504096], [4.799204556681033, 52.176494264676904], [4.7991683055007, 52.1764716138256], [4.799120912446466, 52.176462389600054], [4.799047847420784, 52.17645977850762], [4.799044814777227, 52.176412575867914], [4.799052420462424, 52.17639014351631], [4.799063621620113, 52.176372223130684], [4.799070960692116, 52.176370012675676], [4.799082280322446, 52.17634310477785], [4.799093422214841, 52.17632967814436], [4.799108129961121, 52.176323010352526], [4.799130443332378, 52.17629391020169], [4.799134335000003, 52.17627595339013], [4.799149161193853, 52.17626029808265], [4.799153023233326, 52.17624458814793], [4.799182853273183, 52.17619979626022], [4.7991829717375385, 52.17619080874957], [4.799194024714888, 52.1761841227391], [4.799209147004571, 52.17614599864695], [4.799242513172704, 52.17611021246076], [4.799253921470277, 52.17607656391196], [4.7992612604841804, 52.176074353444875], [4.799268777167289, 52.17605866171094], [4.79928719871826, 52.17604751834576], [4.799291031079902, 52.17603405528361], [4.799298399695107, 52.17602959793648], [4.799302350491472, 52.17600714736287], [4.799309719101088, 52.176002690015], [4.799317235754981, 52.175986998277686], [4.799317413409767, 52.17597351701105], [4.799324811621054, 52.1759668127844], [4.79932534457786, 52.17592636898404], [4.799354818944805, 52.17590853958364], [4.7993549373734945, 52.17589955207231], [4.799336693549234, 52.17589721418161], [4.799299820977258, 52.175921747803194], [4.799263274094755, 52.175921565757456], [4.799256083166953, 52.175912541835814], [4.799256320064106, 52.17589456681355], [4.799242115899865, 52.17586303770203], [4.79923480653302, 52.17586300129024], [4.799234362334831, 52.175896704457166], [4.799230500354609, 52.17591241439549], [4.799223131752047, 52.17591687173855], [4.799215585462773, 52.175934810347684], [4.799215318934676, 52.17595503224757], [4.799240872158449, 52.17595740656893], [4.799255313249685, 52.17597096065799], [4.7992510366955985, 52.17601812688534], [4.7992398949288, 52.1760315535347], [4.799221502986661, 52.17604045001485], [4.799221443758633, 52.176044943770286], [4.7992141343619945, 52.17604490735717], [4.79919939710825, 52.17605382204042], [4.799195357409768, 52.17608301324342], [4.79918044244291, 52.17610540919043], [4.7991585142234445, 52.17610529994201], [4.799155096459499, 52.17608730671207], [4.799162731650124, 52.17606262747426], [4.799192443095986, 52.176026823093316], [4.799192916942951, 52.17599087304966], [4.799178327783618, 52.175988553341725], [4.799167245235803, 52.175997486228766], [4.799163442456905, 52.17600870240921], [4.799144961655461, 52.176024339510604], [4.799137267225125, 52.17605351250283], [4.799107822295157, 52.17606909497049], [4.799096650852165, 52.1760847684838], [4.799081113791143, 52.17615434884875], [4.799066257986869, 52.176172251025605], [4.79904046766354, 52.176187851687224], [4.799028911056849, 52.17623273460249], [4.799028733313513, 52.176246215867984], [4.799035983495872, 52.17625074604783], [4.7990356280131605, 52.176277708578695], [4.79902457498888, 52.176284394574274], [4.799009926492675, 52.17628656860062], [4.798995159492533, 52.17629773013536], [4.798972668270416, 52.176340311525614], [4.79896848026165, 52.17638073710669], [4.798953713219885, 52.176391898636034], [4.798946403766675, 52.176391862206216], [4.7989316663446235, 52.17640077685526], [4.798880500162408, 52.176400521827624], [4.798855035602685, 52.17639140679561], [4.798789339434199, 52.176384338223855], [4.798756654365287, 52.17636844609829], [4.79862538072577, 52.176345321299095], [4.798592725389943, 52.176327182250766], [4.7985344277457775, 52.17631340935656], [4.798501564916842, 52.17631099842482], [4.798468820700137, 52.176299599974406], [4.798454320436544, 52.176290539544816], [4.798348511564125, 52.1762765295563], [4.798333952014668, 52.17627196286658], [4.798304951566234, 52.17625384197257], [4.79824662444399, 52.17624231581367], [4.798210106969541, 52.176239886564076], [4.798159207986555, 52.17621940932812], [4.798060797816139, 52.17619869492837], [4.7979953097904415, 52.176175897773916], [4.797907774871705, 52.176161978611276], [4.7978932747670004, 52.17615291811274], [4.797849566705814, 52.1761414647473], [4.797762002212924, 52.17612979235387], [4.7977474427716595, 52.17612522559188], [4.797714817644637, 52.17610483942345], [4.797649151774617, 52.176095523340216], [4.797550860908738, 52.176065821006716], [4.797463326345943, 52.17605190151469], [4.797430641994157, 52.17603600902199], [4.797405088823309, 52.17603363430868], [4.79736503570046, 52.17602219902652], [4.797317584079478, 52.17601746783152], [4.797263031067901, 52.1759969719437], [4.797171842038674, 52.1759830339684], [4.797157282705978, 52.175978467133696], [4.797146467223128, 52.17596717793668], [4.797121003266367, 52.17595806253071], [4.797040748704373, 52.17594642614527], [4.796997159969441, 52.175925984955995], [4.796920560184179, 52.17591436676417], [4.796855132626948, 52.17588707522323], [4.796771223579585, 52.175875420374865], [4.796709391371167, 52.17585264078942], [4.7966838680860535, 52.1758480190431], [4.796654630639505, 52.17584787275934], [4.796614577876723, 52.17583643722256], [4.7965926795439815, 52.17583408062066], [4.796552745802608, 52.17581365755511], [4.79646886672565, 52.175799755614925], [4.7964325579926, 52.17578159767728], [4.7963960707524675, 52.17577692098987], [4.796396160020814, 52.17577018035917], [4.796330494921634, 52.17576086354272], [4.796319620181016, 52.175754068023714], [4.796294126754232, 52.17574719931627], [4.7962905316046935, 52.175742687265405], [4.796283222260721, 52.17574265067078], [4.79627962711265, 52.17573813861953], [4.796232205675003, 52.17573116011155], [4.796199432699946, 52.175722007908604], [4.796184814018981, 52.17572193470769], [4.796155695729946, 52.17571280079299], [4.796141196127709, 52.175703740079285], [4.79605000805172, 52.175689801237745], [4.795980896915829, 52.175664737784466], [4.795969932919529, 52.1756646828637], [4.79595174892765, 52.17565785069632], [4.795933475603401, 52.175657759156515], [4.795856965907886, 52.175639399644325], [4.795838930863982, 52.17562133307574], [4.795843032283432, 52.175587648235044], [4.7958468060769865, 52.17557867903886], [4.795857859401128, 52.17557199334063], [4.795861871453123, 52.175545049129376], [4.795872984331187, 52.17553386967607], [4.795873073677957, 52.17552712904555], [4.795909918023102, 52.175504843372394], [4.795917346447707, 52.1754958924826], [4.795917822927159, 52.175459942452825], [4.7959288464318055, 52.17545550362466], [4.795943703253927, 52.17543760184216], [4.7959692857816565, 52.17543772999457], [4.795980130615045, 52.175446772422966], [4.795998403852976, 52.17544686395539], [4.796012962893117, 52.1754514309331], [4.796023986386225, 52.17544699209599], [4.796049568919646, 52.17544712023109], [4.7960752407692215, 52.175440507729824], [4.79610816236373, 52.1754384255827], [4.796133923506738, 52.175425072437754], [4.79613419142779, 52.17540485054513], [4.796152464648953, 52.17540494205364], [4.7961713332125, 52.175360096019716], [4.796193499183723, 52.175342230806635], [4.79620473098954, 52.175322063813425], [4.796219409068733, 52.17531764325771], [4.796230551564476, 52.175304216893046], [4.796234622894266, 52.17527277891335], [4.79624570584768, 52.17526384630125], [4.796245795137416, 52.17525710567006], [4.796256818559333, 52.17525266681101], [4.79627182399162, 52.17522353060087], [4.796305043019183, 52.17519897962753], [4.796327030302127, 52.17519459565134], [4.796341767843949, 52.17518568132593], [4.7963418273606235, 52.17518118757172], [4.796349166370617, 52.17517897728543], [4.796349315160396, 52.175167742899816], [4.796364112203266, 52.17515433481731], [4.796404402330983, 52.175147795422205], [4.796408175974147, 52.17513882620714], [4.796430103709646, 52.17513893596593], [4.7964518826814935, 52.17515028010647], [4.796513892283525, 52.17515957856489], [4.796575693685718, 52.175184605131086], [4.796626739479904, 52.17519384866488], [4.796677606846681, 52.17521657343983], [4.796688570733963, 52.17521662829476], [4.796717688809126, 52.17522576207844], [4.79680890588253, 52.175237453526684], [4.7968525533246, 52.17525340103224], [4.796863517221213, 52.1752534558709], [4.796867112389547, 52.175257967904734], [4.796888950992573, 52.175264818210124], [4.7969472764839285, 52.17527634503956], [4.797009137741394, 52.175296877624355], [4.797085766211057, 52.175306248881036], [4.797133098176343, 52.175319967678014], [4.797154996285731, 52.17532232417955], [4.797162246127495, 52.175326854474704], [4.797184144241824, 52.17532921097086], [4.797191394087674, 52.17533374126423], [4.797249749460594, 52.17534302106694], [4.7973079265990055, 52.17536578210503], [4.797406364285862, 52.175384250254986], [4.7974718508484315, 52.17540704773723], [4.797497433364353, 52.17540717555832], [4.79751564719131, 52.17541176061059], [4.797563157583475, 52.17541199797069], [4.79757040748134, 52.175416528240795], [4.797581371419199, 52.1754165830128], [4.797595841526221, 52.17542789042774], [4.797610430419181, 52.175430210331164], [4.79762130527818, 52.17543700573175], [4.797654137722304, 52.17544166378549], [4.797672321888002, 52.17544849569101], [4.797686940482518, 52.175448568707566], [4.797705124656071, 52.17545540060803], [4.797734332161403, 52.17545779350859], [4.797774325500309, 52.17547372242088], [4.797850924753849, 52.17548534005862], [4.797854520040797, 52.17548985206239], [4.79789819778514, 52.175503552303844], [4.797901793078337, 52.17550806430617], [4.797934625604346, 52.17551272228194], [4.79795280984211, 52.17551955414421], [4.797985672057779, 52.17552196522825], [4.798014760924587, 52.17553334556958], [4.798040284168814, 52.1755379670282], [4.798054784104029, 52.17554702750931], [4.7981131399371835, 52.175556306885426], [4.798127669561885, 52.17556312048005], [4.798142288194941, 52.175563193440205], [4.798175031787932, 52.17557459198172], [4.798185995765617, 52.17557464669768], [4.798211430057863, 52.175586008752], [4.79832080293378, 52.175606777729776], [4.798331707602685, 52.17561132618733], [4.7983352732901485, 52.175618085054055], [4.798382724595967, 52.17562281583966], [4.798404533956508, 52.17563191274233], [4.798426432287113, 52.175634269008114], [4.798484669709245, 52.175652535711116], [4.798488265073794, 52.17565704769557], [4.798510163421214, 52.175659403945815], [4.7985174134556186, 52.17566393415777], [4.79855027580879, 52.175666345084714], [4.798604888300021, 52.17568234662351], [4.798637780314689, 52.175682510648386], [4.798655935087517, 52.17569158928012], [4.798670553763805, 52.175691662174906], [4.798677803819777, 52.175696192376975], [4.798721570936776, 52.17570315168084], [4.798739725735096, 52.17571223029963], [4.798765249157364, 52.17571685160158], [4.798776124262458, 52.175723646895825], [4.798845385230331, 52.17573747432559], [4.798874504088927, 52.17574660757736], [4.798889004261684, 52.17575566795601], [4.79890362295947, 52.175755740821906], [4.798932712213643, 52.17576712093708], [4.798976479440356, 52.17577408014645], [4.798994634319537, 52.175783158726084], [4.799009223402078, 52.17578547845668], [4.799016443883616, 52.17579225551572], [4.799049247113886, 52.17579916005936], [4.799067372396537, 52.175810485505494], [4.799111169306363, 52.1758151977872], [4.799118389808211, 52.17582197484001], [4.7991439429505345, 52.17582434918225], [4.799165752565284, 52.17583344594432], [4.799195049243408, 52.17582909785035], [4.799198881613826, 52.17581563479069], [4.799206250202039, 52.17581117744911], [4.799286860417963, 52.175795849828425], [4.79930171600782, 52.175777947622265], [4.799316334713788, 52.17577802043712], [4.799323703284063, 52.17577356308808], [4.799349286017113, 52.1757736905081], [4.799371125255417, 52.175780540354395], [4.799371066042914, 52.17578503411012], [4.799378345791235, 52.17578731739134], [4.799385329484879, 52.17581206945083], [4.79939623431285, 52.175816617810085], [4.79940699112066, 52.175832400557766], [4.799425146111427, 52.17584147907119], [4.799428682379578, 52.17585048478276], [4.799439557618496, 52.175857280015805], [4.799439468809884, 52.17586402064946], [4.79945034405374, 52.17587081588161], [4.799479581527242, 52.17587096147269], [4.799497914148175, 52.17586655870763], [4.799498032547883, 52.17585757119612], [4.799483502617414, 52.17585075777007], [4.799472804980445, 52.175830481273685], [4.799432721903711, 52.17582129357027], [4.799411001053042, 52.17580545622388], [4.799411178678547, 52.17579197495659], [4.799418517637809, 52.175789764479504], [4.799433373172848, 52.17577186225672], [4.799444662828905, 52.175747201198796], [4.799463084207084, 52.17573605780526], [4.799466946089889, 52.1757203478586], [4.799492765593479, 52.17570250022389], [4.799529904261248, 52.175657744638954], [4.799533706917762, 52.17564652844587], [4.799552128232068, 52.17563538503817], [4.7995523946049685, 52.17561516313618], [4.799559881511102, 52.17560171826019], [4.799570934285743, 52.17559503221341], [4.7996039150237255, 52.175588455334854], [4.799618681636274, 52.17557729372198], [4.799651603170264, 52.17557521058613], [4.799687913050111, 52.175593367535605], [4.799757322033853, 52.17559596004027], [4.799808368963349, 52.17560520219869], [4.799815619121145, 52.17560973233105], [4.799826583110083, 52.17560978689454], [4.799833803687683, 52.17561656390388], [4.799841113014774, 52.17561660027855], [4.799848333595686, 52.17562337728702], [4.799862893089474, 52.175627943790204], [4.799895755490355, 52.175630354342516], [4.799943118245312, 52.175641825135244], [4.800008872653965, 52.17564439930786], [4.800030623212085, 52.17565798966683], [4.800030564066242, 52.17566248342306], [4.800059623976862, 52.17567611013904], [4.80007783817851, 52.17568069479618], [4.800128973975863, 52.17568319618156], [4.800136224178948, 52.17568772629424], [4.800147188187573, 52.175687780827936], [4.800158033930114, 52.17569682287335], [4.800190837268246, 52.17570372709989], [4.80019443280971, 52.175708239032524], [4.800230920396613, 52.175712914546], [4.8002930793748995, 52.17571097662886], [4.800325734953966, 52.17572911520891], [4.800329241837306, 52.17574036777208], [4.800336551185215, 52.17574040411613], [4.800351051653685, 52.17574946431553], [4.800350992539967, 52.17575395807195], [4.800358301890129, 52.175753994414556], [4.80039098708208, 52.17576988609833], [4.800427504293262, 52.17577231467281], [4.800442241208895, 52.17576339983522], [4.800471478616199, 52.175763545180416], [4.8005042229539105, 52.17577494307641], [4.800526151015243, 52.175775052074485], [4.800544394852639, 52.17577738978138], [4.8005516451132975, 52.17578191986854], [4.800631959390368, 52.17578906011081], [4.800660901402473, 52.17581167419193], [4.8006718654424, 52.17581172867695], [4.800686395542303, 52.17581854195692], [4.8007594596175895, 52.17582115203356], [4.80078860845947, 52.17582803793518], [4.800817668710108, 52.17584166446463], [4.800846817574429, 52.17584855035183], [4.800868568487808, 52.17586214055635], [4.800872105049211, 52.17587114622506], [4.800886635199123, 52.17587795948039], [4.800886576139149, 52.175882453237016], [4.800919409255623, 52.17588711038286], [4.800930284731122, 52.175893905478894], [4.800941248791693, 52.17589395993887], [4.800948469584772, 52.175900736880024], [4.8009922667847045, 52.17590544846385], [4.801021297624876, 52.1759213218215], [4.801057696909483, 52.17593273771456], [4.801116112914599, 52.17593752184984], [4.801148828028485, 52.1759511664454], [4.801192684328644, 52.175951384198164], [4.801199934683521, 52.17595591424555], [4.801218178630595, 52.17595825184833], [4.80122177429653, 52.17596276374968], [4.8012472981213765, 52.17596738451513], [4.801323958151895, 52.17597450614304], [4.801363923734216, 52.17599268071835], [4.801491720069045, 52.17600230306595], [4.801509875554464, 52.17601138125914], [4.801509757559628, 52.17602036877306], [4.801520633157701, 52.17602716381471], [4.801520574161344, 52.176031657571684], [4.801535163457737, 52.17603397699019], [4.801542384363791, 52.176040753895], [4.80161167618138, 52.17605233282377], [4.801640736830168, 52.17606595915063], [4.801673540670732, 52.17607286296522], [4.801688071009064, 52.17607967612192], [4.801786630037872, 52.17608915310634], [4.801790225771887, 52.17609366499039], [4.801797535179249, 52.176093701243936], [4.8018083223878785, 52.17610723689471], [4.801819286502285, 52.17610729127321], [4.801841096802796, 52.17611638754137], [4.8018557156250825, 52.17611646004173], [4.801870246005506, 52.17612327317595], [4.801910418294687, 52.17612571941633], [4.8019213234576545, 52.17613026754244], [4.801972518827915, 52.17612827437254], [4.8020052638182955, 52.17613967185223], [4.80200552908286, 52.17611944994482], [4.801998219671061, 52.176119413704114], [4.80198374822211, 52.176108106828416], [4.801972784107241, 52.17610805246519], [4.801929133991703, 52.17609210685207], [4.801914515177242, 52.17609203436079], [4.8018161035311415, 52.17607132309031], [4.801765203078449, 52.17605084740701], [4.801677608236873, 52.1760414247964], [4.801612118585131, 52.17601862964618], [4.801535546924268, 52.17600476756985], [4.801531951223179, 52.176000255677984], [4.801517361937982, 52.17599793625908], [4.801506515846373, 52.17598889433863], [4.801499206456496, 52.17598885806703], [4.801470145901235, 52.17597523170538], [4.8014153845014516, 52.17597046588379], [4.801393544854798, 52.17596361641543], [4.801371616698001, 52.17596350757842], [4.801335217307576, 52.17595209178208], [4.80132425323209, 52.175952037358606], [4.8013133776822805, 52.1759452422988], [4.801284169662317, 52.175942850283676], [4.801258675358943, 52.1759359826477], [4.801211164383073, 52.17593574677476], [4.801167632772804, 52.17591081336642], [4.801069133313155, 52.175896842108706], [4.801054603129134, 52.17589002887583], [4.801036359218627, 52.175887691247766], [4.801029138414279, 52.17588091431193], [4.801003673709844, 52.175871799742595], [4.800967185911067, 52.17586712446795], [4.800930786703217, 52.1758557085469], [4.800880034555568, 52.17582399809021], [4.8008325827669225, 52.17581926830831], [4.80081805264438, 52.17581245504634], [4.80077428508997, 52.17580549651954], [4.800763409659803, 52.17579870140909], [4.8006721608497, 52.175789259893975], [4.800632313902974, 52.17576209757131], [4.800614040523553, 52.17576200675632], [4.800599510453122, 52.17575519346742], [4.800555713442748, 52.17575048173794], [4.8005265942356985, 52.17574134890057], [4.800522998657934, 52.17573683697791], [4.800497445491133, 52.17573446293425], [4.800442832253675, 52.175718462270396], [4.800377107265354, 52.175713641461165], [4.800315332548917, 52.17568637000572], [4.800304368540377, 52.17568631548771], [4.800297118320398, 52.175681785385294], [4.800267880967428, 52.17568163999694], [4.800216804290946, 52.17567464491532], [4.800205928977744, 52.17566784975351], [4.800143977026483, 52.175654059477615], [4.800136756395631, 52.17564728248717], [4.800122137730768, 52.17564720977411], [4.800060185834231, 52.17563341945419], [4.800023875769831, 52.17561526261904], [4.800005632026323, 52.1756129248318], [4.799998381848663, 52.175608394711084], [4.799921693083943, 52.175603519100875], [4.7999035085092014, 52.17559668754159], [4.7998670210520595, 52.17559201192702], [4.799852491151392, 52.17558519854619], [4.799837872507483, 52.17558512579791], [4.799812408216169, 52.17557601097161], [4.799717534994971, 52.175564303652656], [4.799713939513351, 52.17555979170547], [4.799688386491713, 52.175557417486644], [4.799666576904736, 52.17554832082082], [4.799644678549879, 52.1755459647851], [4.799641083077116, 52.17554145283563], [4.79961921432054, 52.175536849917194], [4.799612082570138, 52.175523332260504], [4.799604802852821, 52.175521048993645], [4.799601384952608, 52.17550305577462], [4.79961624031838, 52.17548515352765], [4.799623549623709, 52.17548518991569], [4.799638286604538, 52.17547627517811], [4.799645832645588, 52.175458336540196], [4.799656914963328, 52.175449403607], [4.7996607767526624, 52.1754336936531], [4.7996755432996165, 52.175422532032684], [4.799675632071411, 52.17541579139832], [4.799682970955659, 52.175413580904625], [4.7996942012030495, 52.17539341357718], [4.799701540082694, 52.17539120308224], [4.799735230752104, 52.17533070109089], [4.799739092503418, 52.17531499113405], [4.799753888577952, 52.17530158262537], [4.799780181087201, 52.175247784874706], [4.799795006711447, 52.17523212948239], [4.799795154633506, 52.17522089509123], [4.79980252306378, 52.17521643771171], [4.799810157745321, 52.175191758427516], [4.799817526169275, 52.175187301046954], [4.7998288450464655, 52.17516039307095], [4.799851068618823, 52.175138033411294], [4.799862298720387, 52.17511786606666], [4.799873351329613, 52.17511117999071], [4.799877213012981, 52.175095470028694], [4.799899525265699, 52.175066369724654], [4.799922074112033, 52.17501929438933], [4.799936840456115, 52.17500813273515], [4.799940613377424, 52.17499916340577], [4.7999479521799655, 52.17499695289525], [4.799948011332984, 52.17499245913855], [4.799955350134057, 52.17499024862754], [4.799955498014685, 52.17497901423569], [4.799970382638466, 52.17495886506356], [4.799974273849407, 52.17494090821947], [4.799989128877558, 52.17492300592331], [4.80001488856367, 52.174909651927756], [4.800026088960825, 52.174891731445], [4.800026236823209, 52.17488049705279], [4.80003357560198, 52.174878286536924], [4.800044805555221, 52.1748581191738], [4.800066762734748, 52.17485598137811], [4.8000812332917695, 52.17486728849001], [4.800099476734446, 52.17486962626547], [4.80011397687224, 52.1748786864949], [4.80015052290473, 52.17487886827586], [4.800186980244443, 52.17488579068107], [4.800241503686304, 52.17490853209944], [4.800281645230453, 52.1749132257715], [4.8002925499307585, 52.17491777404844], [4.800361898788649, 52.17492485995327], [4.800401803931577, 52.17494752861276], [4.8004711233032085, 52.17495686133199], [4.800503867049413, 52.174968259228734], [4.8005256174298125, 52.174981849497705], [4.800576663817474, 52.17499109132394], [4.800631453466092, 52.17499361065503], [4.8006751611220295, 52.17500506299171], [4.800678756656507, 52.175009574910156], [4.80071150049465, 52.17502097274942], [4.800813652524244, 52.17503496246174], [4.800875456175612, 52.175059986779786], [4.800959394299347, 52.17506939183193], [4.801002954496964, 52.17509207844062], [4.80111235699064, 52.17511059795409], [4.801159601446686, 52.17513105577402], [4.801243510253464, 52.175142707502914], [4.801298005040881, 52.17516769531211], [4.801407437346664, 52.175183967673455], [4.80146196177697, 52.17520670852819], [4.80154955493368, 52.17521613129776], [4.801553150573649, 52.17522064318954], [4.801567739606626, 52.175222962603975], [4.801578585525026, 52.175232004519785], [4.801614984391096, 52.17524342024169], [4.801706143822905, 52.1752596016637], [4.80171701926592, 52.175266396687924], [4.801727983173486, 52.175266451074606], [4.801771661894808, 52.175280149884294], [4.801851916505545, 52.175291783053446], [4.801913721096917, 52.17531680682796], [4.801997630452093, 52.175328458021035], [4.802044875545992, 52.175348915486744], [4.802063148759956, 52.17534900607991], [4.802150683393083, 52.175362922161455], [4.8021652430388055, 52.175367488380985], [4.802179714294291, 52.17537879523561], [4.802212458788347, 52.175390192658526], [4.8022343277426005, 52.17539479509681], [4.80228546333686, 52.17539729554745], [4.802329053987451, 52.17541773478782], [4.802340017933192, 52.17541778911774], [4.802347268318354, 52.17542231909507], [4.802394719847879, 52.17542704826777], [4.802409279539613, 52.17543161445725], [4.802431207438201, 52.17543172310106], [4.802445767135212, 52.17543628928609], [4.802467695036215, 52.17543639792308], [4.802507601708897, 52.17545906587069], [4.802525816075123, 52.1754636501503], [4.802576951765152, 52.17546615047479], [4.802649897615271, 52.17547774689653], [4.802686179201184, 52.175498149804405], [4.802744594815138, 52.1755029331333], [4.802791928738427, 52.17551664966278], [4.802806459067275, 52.17552346268233], [4.80280999599362, 52.175532468294044], [4.80281727587766, 52.17553475136346], [4.802890251331747, 52.17554410075762], [4.802963079691091, 52.175564684502326], [4.802995971639788, 52.175564847312266], [4.803039739308063, 52.17557180501546], [4.803065204259279, 52.17558091914622], [4.8030687706622235, 52.17558767787098], [4.803083301056594, 52.17559449085652], [4.803116104775561, 52.175601394270515], [4.803130605764936, 52.17561045412936], [4.803130546931511, 52.175614947887695], [4.80314882025734, 52.175615038312905], [4.803156070756835, 52.17561956824053], [4.803174344084628, 52.17561965866175], [4.803181594587472, 52.175624188587854], [4.803247349164135, 52.175626760956106], [4.803290734620071, 52.175662927995745], [4.803305353296796, 52.17566300031634], [4.803319883751915, 52.17566981327275], [4.803371049128797, 52.175670066374174], [4.803407448812906, 52.175681481543485], [4.803451216660363, 52.175688439094166], [4.8035057721500785, 52.17570893212576], [4.803542289484762, 52.17571135973646], [4.803640759926757, 52.175727575810065], [4.803673505051491, 52.17573897282773], [4.8036807262353935, 52.175745749602456], [4.8037207807379545, 52.17575718274343], [4.8037317447693395, 52.17575723694406], [4.803738995351243, 52.17576176683595], [4.803786418007753, 52.17576874232881], [4.803837319070366, 52.175789217142075], [4.803928539183369, 52.175800903089886], [4.803943099154776, 52.175805469090214], [4.803964821618059, 52.17582130560475], [4.803986661591871, 52.1758281545979], [4.804001280324217, 52.17582822683229], [4.804030400302806, 52.17583735881324], [4.8040851324546, 52.17584437030091], [4.804099692456284, 52.175848936281895], [4.804106913722786, 52.175855713030515], [4.80414696843382, 52.175867146026924], [4.804223628762521, 52.17587426577154], [4.804234504739512, 52.17588106056381], [4.8042418141146115, 52.17588109666597], [4.80425266073562, 52.17589013833595], [4.804278184835525, 52.17589475844627], [4.804292715515089, 52.175901571282886], [4.804318268982849, 52.17590394450512], [4.804325519648255, 52.175908474360945], [4.804380281288222, 52.175913238832365], [4.804427498745515, 52.17593594222392], [4.804493048417841, 52.175954242054935], [4.8045075204543854, 52.1759655486241], [4.804518455191144, 52.1759678496312], [4.804518396496938, 52.17597234339014], [4.804547516675891, 52.17598147524353], [4.8045949690368746, 52.17598620353223], [4.804616809188564, 52.17599305240883], [4.804678909697728, 52.17599560594066], [4.80468616041472, 52.1760001357743], [4.804722648716621, 52.176004809899624], [4.804726244741241, 52.176009321694714], [4.804817465539819, 52.176021006955864], [4.804850240512119, 52.17603015676767], [4.804875794083665, 52.176032529869246], [4.804893891615728, 52.17604610130185], [4.804981487155359, 52.17605552152596], [4.804985083210263, 52.176060033313114], [4.805010578161434, 52.17606690014472], [4.8050177996017185, 52.17607367683762], [4.805032389095416, 52.17607599582402], [4.805039610540491, 52.17608277251556], [4.805108874021852, 52.176096596271634], [4.805112470092955, 52.176101108054944], [4.8051270596005855, 52.17610342702961], [4.805137906455274, 52.17611246861832], [4.80514887057624, 52.176112522687376], [4.805181587056422, 52.17612616616649], [4.805203456679809, 52.176130768054904], [4.805250938580493, 52.17613324920039], [4.8053164009609866, 52.176158289213255], [4.805403967508681, 52.17616995600361], [4.805407563615557, 52.17617446777789], [4.805422153162659, 52.176176786716155], [4.805433000095064, 52.17618582827765], [4.805469400729838, 52.17619724281135], [4.805542377829766, 52.17620659056661], [4.805549628668881, 52.176211120347276], [4.805560592814749, 52.17621117437815], [4.805596905624032, 52.17622932951166], [4.805688097814729, 52.17624326098006], [4.805706254254743, 52.17625233852857], [4.805720843842974, 52.176254657429986], [4.805724439988738, 52.1762591691946], [4.805739029580163, 52.17626148809371], [4.805746280448203, 52.1762660178622], [4.80574619259169, 52.176272758501504], [4.805764378340145, 52.17627958916131], [4.805775078946629, 52.17629986509012], [4.80579320614422, 52.17631118950496], [4.805815075921811, 52.17631579128012], [4.805815017357654, 52.17632028503964], [4.8058258936861735, 52.17632707968524], [4.805821858298538, 52.176356271120035], [4.805818086443381, 52.17636524063691], [4.805810776987277, 52.176365204632376], [4.80579969567157, 52.176374138143565], [4.80578475463629, 52.17639878180864], [4.805784637501565, 52.17640776932749], [4.805769784300001, 52.17642567235139], [4.805762445549223, 52.176427883223504], [4.805754638234171, 52.17646604417023], [4.805747182333485, 52.17647724256012], [4.8057418875851425, 52.17660304981613], [4.80568341162554, 52.176602761728624], [4.805676043552001, 52.176607219474846], [4.805675809237257, 52.176625194511665], [4.805657330458868, 52.17664083263429], [4.805657213297637, 52.176649820152605], [4.805642447837211, 52.176660982520815], [4.805638529463608, 52.176681186429214], [4.805631190664262, 52.176683397293], [4.805619464803679, 52.176741762136615], [4.805608412648725, 52.176748448749585], [4.805604582131071, 52.17676191201794], [4.805593471381627, 52.17677309238849], [4.805593031976781, 52.17680679558107], [4.805585693154496, 52.17680900644196], [4.805581891918969, 52.176820222829946], [4.805567097088129, 52.176833632067705], [4.8055669799080585, 52.17684261958564], [4.805548588889078, 52.17685151705205], [4.805548530297153, 52.17685601081093], [4.805533794037825, 52.1768649262856], [4.805526484500131, 52.1768648902633], [4.805519057772604, 52.1768738417583], [4.805518911285233, 52.17688507615553], [4.80551154314854, 52.17688953389118], [4.805507741887432, 52.17690075027657], [4.805507536800932, 52.17691647843256], [4.805496484585836, 52.17692316503476], [4.805492566122627, 52.176943368937245], [4.80547414574743, 52.17695451327127], [4.805452158488705, 52.17695889895062], [4.805397336841434, 52.17695862873418], [4.805368157240154, 52.17695399084957], [4.805306348438284, 52.17692896888522], [4.805240679753325, 52.176919657023916], [4.805222552449659, 52.17690833252519], [4.805204307901826, 52.17690599554099], [4.805193431527401, 52.176899200838776], [4.805113173145292, 52.176887569939886], [4.805022214399256, 52.17685566299272], [4.804945581581059, 52.17684629688611], [4.804887398601861, 52.17682353961089], [4.804836261222322, 52.17682104028586], [4.804792521379989, 52.176811836369026], [4.804777990327806, 52.17680502359444], [4.804767026037188, 52.17680496949064], [4.804738022623037, 52.176786850174935], [4.804643174860358, 52.17677289993384], [4.804599552480105, 52.176754708428774], [4.804482834979853, 52.1767361560587], [4.804479238921573, 52.176731644256684], [4.804464649242566, 52.17672932520192], [4.8044610531866745, 52.17672481339935], [4.804453743673071, 52.176724777310675], [4.804424681733609, 52.17671115167632], [4.804377228619922, 52.176706423318535], [4.804329863588057, 52.176694954304445], [4.804326267548579, 52.17669044249779], [4.804293521558694, 52.1766790456618], [4.8042059836691555, 52.176665131168235], [4.804195107505788, 52.176658336373976], [4.804187798003358, 52.17665830026879], [4.804176951209315, 52.17664925859377], [4.804144205287952, 52.17663786171636], [4.804056638155294, 52.17662619399113], [4.803994771797487, 52.176605665098386], [4.803972872691897, 52.1766033098652], [4.80396562194971, 52.1765987799882], [4.80394734821867, 52.176598689688866], [4.8039437522256545, 52.176594177870506], [4.803870657309771, 52.176593816642836], [4.803867178846681, 52.17658031730609], [4.803852677392757, 52.17657125753862], [4.803757800982135, 52.17655955346541], [4.803688713540641, 52.176532247643], [4.803655850266249, 52.176529838146116], [4.803626729913143, 52.17652070607331], [4.803582931827107, 52.176515995466424], [4.803568459847348, 52.17650468878505], [4.803542994266153, 52.1764955747634], [4.803502821552174, 52.176493129078374], [4.80348098132779, 52.17648627999616], [4.803422593748598, 52.1764792501517], [4.803375346825237, 52.17645879323896], [4.80327316131369, 52.176447052620524], [4.803225973318364, 52.17642210189021], [4.803196853123956, 52.17641296971137], [4.803123846766152, 52.17640586738483], [4.803091189551623, 52.176387729578806], [4.803000027308837, 52.17637154922576], [4.802985467249864, 52.17636698310939], [4.802974620770631, 52.17635794132385], [4.8029455006697725, 52.176348809083045], [4.802901761683167, 52.17633960446587], [4.802879833336726, 52.176339495908906], [4.802825130202055, 52.176330236983404], [4.802814283764292, 52.17632119518312], [4.80280331959572, 52.176321140897], [4.802766919545565, 52.17630972554201], [4.802708414557065, 52.17631168285959], [4.802711922087069, 52.17632293535177], [4.802722827380207, 52.17632748340392], [4.802762941029493, 52.1763344231118], [4.802806768283123, 52.17633688714398], [4.80282860833041, 52.176343736350915], [4.802832174758007, 52.176350495082005], [4.802853985384581, 52.17635959116301], [4.80291237271645, 52.17636662128863], [4.802956082305577, 52.17637807278057], [4.802977775270667, 52.176396156353995], [4.803098204818435, 52.17641023454035], [4.80311998611069, 52.17642157745112], [4.803127177902881, 52.17643060113776], [4.803141737997171, 52.17643516723667], [4.803181910638665, 52.17643761304452], [4.8032329298340235, 52.176449100601474], [4.803254858235475, 52.176449209092965], [4.803258424736086, 52.176455967811115], [4.803287456742576, 52.176471840611384], [4.803367684490417, 52.17648571962992], [4.803374935153388, 52.17649024954367], [4.803411394313717, 52.176497170953354], [4.803425895653756, 52.17650623077503], [4.80346244303741, 52.17650641153222], [4.8034952474856585, 52.1765133148408], [4.803564599339748, 52.17652039886581], [4.803597168662256, 52.17654527717773], [4.803622663675637, 52.17655214430867], [4.803688390257211, 52.17655696331179], [4.803724673195458, 52.176577365898645], [4.803779376821441, 52.1765866244075], [4.80377925928196, 52.1765956119235], [4.803786539389176, 52.17659789493295], [4.803837676452273, 52.176600394712594], [4.803844927181695, 52.17660492459749], [4.803863171534364, 52.17660726179167], [4.803870422267498, 52.176611791674986], [4.803870334126588, 52.17661853231205], [4.803877643622166, 52.1766185684369], [4.80389214509652, 52.17662762820128], [4.8039796828136545, 52.17664154292753], [4.8039905295657634, 52.17665058462061], [4.804005089820597, 52.17665515061302], [4.8040525722108685, 52.17665763224126], [4.8040780967287935, 52.17666225239487], [4.80408534749273, 52.17666678226498], [4.804099966500168, 52.17666685448755], [4.804125432293318, 52.17667596838907], [4.804158295701239, 52.17667837775533], [4.8041800480298, 52.176691967349576], [4.8041910122917155, 52.176692021507925], [4.804223758264806, 52.176703418372256], [4.804260276453515, 52.17670584576167], [4.804267527243067, 52.1767103756206], [4.804293081172703, 52.17671274884866], [4.804318517673832, 52.17672410958758], [4.804438889831835, 52.17674268016509], [4.804475143915116, 52.17676532940039], [4.804540841558101, 52.17677239480832], [4.8045663075019, 52.17678150861474], [4.80459165607965, 52.17679960993232], [4.804606275131698, 52.176799682092266], [4.804646360159619, 52.17680886803956], [4.804686562561532, 52.176809066456485], [4.804730331716286, 52.176816023533235], [4.804752113622598, 52.176827366142824], [4.804752054950463, 52.17683185990122], [4.804777520971508, 52.176840973662124], [4.804814039303636, 52.176843400880315], [4.804839476012298, 52.17685476150702], [4.804872339591294, 52.17685717067463], [4.804937861472873, 52.176877717137074], [4.805018090468355, 52.17689159503437], [4.805047064743236, 52.1769119611604], [4.805083524509587, 52.17691888205385], [4.80512735246904, 52.176921345224905], [4.8051710924882745, 52.176930549017676], [4.805200154799204, 52.176944174468254], [4.805305879506178, 52.17696491895488], [4.805334824653423, 52.17698753188964], [4.8053419583720975, 52.17700104919992], [4.805341665306954, 52.17702351799329], [4.805334326436569, 52.17702572883839], [4.805315700832863, 52.177052601302606], [4.805300993770606, 52.17705926986832], [4.805286140157121, 52.177077172828724], [4.805282309513596, 52.177090636085616], [4.805271227911409, 52.177099569545724], [4.805252514305378, 52.17713318263731], [4.805208305057221, 52.177159928942636], [4.805203946738175, 52.17721383602282], [4.805188975776449, 52.17724072648717], [4.805155965317091, 52.17724955180344], [4.805068279434422, 52.17724687234477], [4.8050281939257085, 52.17723768654079], [4.8050100958705855, 52.177224115130784], [4.804999160800528, 52.177221814169236], [4.804977232013687, 52.17722170600132], [4.804933521076679, 52.17721025525773], [4.804889663514898, 52.177210038893485], [4.804878757784555, 52.17720549104167], [4.804834958892231, 52.17720078089889], [4.804798557602549, 52.177189366170516], [4.804780430302064, 52.177178041604435], [4.8047439703714065, 52.1771711206174], [4.804722129623901, 52.17716427176489], [4.804718533507037, 52.17715975997046], [4.804696663429876, 52.17715515799233], [4.804689441863995, 52.17714838128087], [4.804682132280732, 52.17714834520615], [4.804660350235819, 52.177137002584125], [4.804591026591127, 52.17712767232314], [4.804503663820833, 52.17710027677569], [4.804467145295694, 52.177097849461305], [4.804438024405252, 52.177088717588774], [4.804427177456051, 52.1770796759372], [4.804383496154978, 52.17706597811094], [4.804310576612279, 52.177052135880565], [4.804307039263446, 52.1770431303156], [4.804296133633476, 52.17703858240994], [4.804204940256613, 52.17702464986593], [4.804197689422466, 52.17702012000333], [4.804179415518175, 52.177020029739715], [4.804135851820964, 52.176997344306045], [4.804026325944568, 52.17698781510885], [4.803989983785616, 52.17697190637327], [4.803865927042001, 52.176955564154206], [4.803866015184444, 52.17694882351757], [4.803847888218852, 52.17693749880825], [4.803826018341068, 52.176932896668866], [4.803818796943552, 52.17692611990408], [4.8038005524628655, 52.17692378270296], [4.803793301686244, 52.176919252815594], [4.803767747665352, 52.17691687947925], [4.803745936579657, 52.1769077835673], [4.803709447642921, 52.176903109139786], [4.803687636575885, 52.17689401321704], [4.803676672265108, 52.17689395901185], [4.803647551670261, 52.17688482694444], [4.8036183135144555, 52.17688468238508], [4.803585538168969, 52.1768755322319], [4.803570919094213, 52.17687545994543], [4.803560072372819, 52.17686641821413], [4.80353820255978, 52.17686181602145], [4.803527326450547, 52.176855021166034], [4.80345806228615, 52.1768411964823], [4.803388886379065, 52.17682063112164], [4.803261175516102, 52.17680427018981], [4.803250299463176, 52.176797475308824], [4.803250358286568, 52.17679298155133], [4.803235768652007, 52.17679066234467], [4.803228547367263, 52.17678388554377], [4.803213987150338, 52.17677931945573], [4.8031264494040915, 52.1767654041617], [4.803071892798966, 52.17674491095686], [4.803017159703744, 52.176737898998915], [4.803013563793776, 52.17673338715248], [4.802998974191128, 52.176731067916556], [4.8029808769597135, 52.17671749619537], [4.80297356744887, 52.17671746001496], [4.802962720887097, 52.17670841822877], [4.802933571132564, 52.176701532863895], [4.802882434005758, 52.17669903269235], [4.802842408306471, 52.17668535238908], [4.8028095743997525, 52.17668069577777], [4.802795043694102, 52.17667388275942], [4.8027767993708235, 52.17667154540011], [4.802765952860145, 52.17666250359586], [4.802722213603472, 52.176653298912285], [4.802696836429551, 52.17663744407247], [4.802660377266407, 52.17663052244219], [4.802631139281482, 52.17663037763852], [4.802623888671513, 52.17662584767921], [4.802565559938554, 52.17661432365362], [4.802536498649657, 52.17660069755491], [4.802518224921603, 52.1766006070343], [4.8024818247169625, 52.1765891915917], [4.802375866579192, 52.176586419605094], [4.802375807668046, 52.17659091336217], [4.802393963573101, 52.17659999141901], [4.802393904663751, 52.17660448517609], [4.8024229953646325, 52.17661586443125], [4.802485008260374, 52.17662515975428], [4.8025577793021315, 52.17665023750482], [4.802630785968268, 52.17665734018168], [4.802652626145127, 52.17666418942103], [4.802663443192041, 52.176675478114326], [4.802685283382812, 52.176682327347606], [4.802710837210827, 52.176684700918145], [4.802725367907094, 52.17669151394693], [4.802780042028394, 52.17670301979739], [4.80277998315777, 52.176707513554604], [4.802809044590773, 52.176721139593276], [4.802918540119563, 52.176732916798045], [4.8029257613489005, 52.17673969361791], [4.8029403215232565, 52.176744259741525], [4.802943829145387, 52.176755512226116], [4.802969206474338, 52.17677136701275], [4.803031337392008, 52.176771674534194], [4.8030422134052175, 52.17677846943534], [4.803067708465832, 52.17678533668602], [4.803074929726332, 52.1767921134967], [4.803082239249518, 52.17679214967087], [4.803096711198767, 52.17680345641124], [4.803136913586812, 52.176803655356096], [4.80314416427785, 52.1768081852838], [4.803184337255404, 52.176810631091165], [4.803209802942637, 52.17681974518992], [4.803216994816905, 52.176828768870585], [4.803235239227806, 52.17683110616184], [4.803246115286611, 52.17683790104422], [4.803326461311151, 52.1768427925759], [4.80333736679409, 52.17684734057116], [4.803381165179085, 52.176852051269336], [4.803395725436926, 52.17685661733679], [4.80339929199124, 52.17686337605032], [4.803417507022624, 52.176867960192155], [4.8035233483056246, 52.17687971875963], [4.803537849792538, 52.17688877856714], [4.803545159332058, 52.17688881471266], [4.8035451005382015, 52.17689330847024], [4.8035524100784714, 52.17689334461526], [4.803581471869093, 52.17690697046379], [4.803636146476735, 52.17691847591791], [4.803679944963553, 52.17692318650531], [4.803723537743898, 52.17694362522829], [4.803745466390045, 52.17694373362897], [4.803792860919154, 52.17695295599854], [4.803807421252252, 52.17695752201522], [4.803814583886273, 52.17696879253836], [4.803821893439196, 52.176968828666745], [4.803829114844077, 52.17697560543127], [4.803898408712145, 52.176987183018426], [4.803931154826557, 52.176998579963595], [4.803942001655358, 52.17700762166077], [4.804015067876838, 52.177010229724175], [4.804029540133578, 52.1770215363502], [4.8040514688190035, 52.17702164469408], [4.804058690267342, 52.177028421444554], [4.80408789914954, 52.177030812773836], [4.804095091235556, 52.177039836400965], [4.804113277042445, 52.17704666731446], [4.804146111355997, 52.17705132356326], [4.804164297175407, 52.177058154468895], [4.804186225879263, 52.17705826278774], [4.804200786287161, 52.17706282875589], [4.804262829539154, 52.17706987626641], [4.804350221457875, 52.17709502511299], [4.804415890213027, 52.17710433746973], [4.804430450659569, 52.17710890340961], [4.804437642827509, 52.17711792701587], [4.804448577842943, 52.17712022802943], [4.804470301124618, 52.17713606444861], [4.804488575077219, 52.17713615466719], [4.804495825959799, 52.177140684511905], [4.804536028659945, 52.17714088298049], [4.804601521458214, 52.17716367650812], [4.804634355909376, 52.17716833262121], [4.804648887057699, 52.17717514541319], [4.804678096068181, 52.17717753659648], [4.80472163087973, 52.17720246870908], [4.804758090832503, 52.17720938970299], [4.804834812231138, 52.17721201529436], [4.804856594357108, 52.1772233578842], [4.804860131831129, 52.17723236343258], [4.804900246629182, 52.17723930241449], [4.804903842770832, 52.17724381420337], [4.804932963858255, 52.17725294596098], [4.804951091227939, 52.177264270503635], [4.804951032575102, 52.17726876426182], [4.804972844083707, 52.1772778599511], [4.804998427700562, 52.177277986147566], [4.8050567579341985, 52.17728950897153], [4.805096931452661, 52.17729195412833], [4.805111462712074, 52.17729876686337], [4.805173418492201, 52.17731255453297], [4.805180640158222, 52.177319331214754], [4.80519520075354, 52.177323897060326], [4.8052390291172555, 52.17732636019031], [4.805268150327469, 52.17733549186524], [4.805278968199516, 52.17734678031867], [4.805278792339657, 52.17736026159377], [4.805263879995042, 52.1773826583086], [4.805256511750515, 52.17738711602776], [4.80523823769307, 52.17738702592787], [4.8052309866949425, 52.17738249612883], [4.805212683326114, 52.17738465290417], [4.805194262698453, 52.17739579719325], [4.805175636855006, 52.17742266963328], [4.805149789305627, 52.177442765387134], [4.805145870638823, 52.17746296927593], [4.805138502369231, 52.177467426987626], [4.805138238514777, 52.17748764889949], [4.805130782287663, 52.177498847247875], [4.805123443328559, 52.17750105807957], [4.805115928458838, 52.17751675018516], [4.80510487603606, 52.17752343674967], [4.805100986660781, 52.177541393757636], [4.805089963549304, 52.17754583344167], [4.805074611240713, 52.1776019333171], [4.8050635587905965, 52.177608619877574], [4.805059669391121, 52.177626576883874], [4.805048587610824, 52.17763551032191], [4.805032971314979, 52.17771183210167], [4.805021948154565, 52.177716271779126], [4.805014403888968, 52.17773421075651], [4.804999667232255, 52.1777431261625], [4.804999579259109, 52.17774986679932], [4.805017853464603, 52.177749956936346], [4.805017706847229, 52.177761191331065], [4.805006683673078, 52.17776563100704], [4.804999139392917, 52.17778356998327], [4.804988116211385, 52.17778800965746], [4.804980571919937, 52.177805948632425], [4.8049694900791105, 52.1778148820627], [4.804969372775253, 52.17782386957832], [4.804947209075751, 52.17784173643559], [4.804954342812464, 52.17785525376735], [4.804976301236396, 52.17785311506104], [4.804983669586037, 52.17784865735988], [4.805005598681167, 52.177848765526996], [4.805020100784234, 52.17785782515179], [4.805031065334097, 52.177857879232455], [4.805034368311298, 52.17788485980595], [4.804997174647923, 52.17793411086925], [4.804982555223196, 52.17793403875726], [4.804975392139668, 52.17792276830622], [4.804971795936286, 52.17791825651992], [4.8049719718918125, 52.17790477524676], [4.804935569992985, 52.17789336056118], [4.804910015352376, 52.177890987471734], [4.804898933476251, 52.17789992089515], [4.804866039796371, 52.17789975861309], [4.804844228005971, 52.17789066290472], [4.804800457779265, 52.17788370586985], [4.804771394979721, 52.17787008032231], [4.804745869698588, 52.177865460318515], [4.80461444180475, 52.17785357657102], [4.804585320391141, 52.17784444473527], [4.8045817242335636, 52.17783993293717], [4.804559824490729, 52.17783757781248], [4.804552573488607, 52.17783304797209], [4.804512399513424, 52.17783060262952], [4.804472342946763, 52.177819169758244], [4.804454068714341, 52.177819079536654], [4.804450501924191, 52.177812320855814], [4.804428602201944, 52.177809965706764], [4.804417843141031, 52.177794183419046], [4.804370447588386, 52.17778496130032], [4.804363196614078, 52.17778043144826], [4.804344951755214, 52.17777809433112], [4.804304983356995, 52.17775992076699], [4.8042539036615315, 52.17775292743089], [4.804191771365894, 52.17775262055115], [4.804191683270614, 52.17775936118717], [4.804202618430414, 52.17776166222347], [4.804213436135318, 52.17777295077351], [4.804228055505622, 52.177773022980766], [4.804227996779061, 52.17777751673812], [4.804289982308896, 52.17778905799234], [4.804344570108827, 52.17780730375434], [4.804370124670935, 52.17780967696617], [4.80438100114112, 52.1778164717434], [4.804417578957288, 52.17781440532762], [4.80444310417493, 52.17781902540235], [4.804450355163632, 52.17782355524943], [4.804453863250752, 52.17783480768779], [4.804490206277694, 52.17785071627933], [4.804526725420443, 52.177853143587164], [4.804555846827664, 52.1778622754374], [4.804592336638523, 52.17786694960376], [4.804639644296578, 52.17788291226975], [4.804712682655434, 52.17788776678179], [4.804745488313819, 52.17789466974297], [4.8047672414135105, 52.17790825922718], [4.804800017760877, 52.17791740905199], [4.8048108649888865, 52.17792645066848], [4.804840015834963, 52.177933335569705], [4.8048472375503914, 52.177940112271294], [4.80485065775056, 52.17795810533416], [4.804857908803312, 52.17796263515618], [4.804872528237149, 52.17796270728371], [4.8048906852093, 52.17797178495585], [4.804912555706755, 52.17797638689798], [4.804912027784827, 52.17801683071666], [4.804893724140308, 52.178018987441845], [4.804882671559529, 52.17802567398467], [4.804878840711654, 52.17803913722603], [4.804867758792358, 52.17804807064624], [4.804849484465105, 52.17804798048577], [4.804845917596811, 52.17804122181706], [4.8048349530021675, 52.178041167719066], [4.804820128206934, 52.1780568237382], [4.8048198935373, 52.17807479876825], [4.804812407797476, 52.17808824397393], [4.804826997939024, 52.17809056298589], [4.80482685127211, 52.178101797379654], [4.804804922053125, 52.17810168917911], [4.8048047753806085, 52.17811292357275], [4.804815739992843, 52.17811297767353], [4.804815387985078, 52.17813994021837], [4.8048371705583826, 52.178151282810624], [4.804837111892549, 52.178155776568055], [4.804844421641092, 52.17815581263343], [4.8048442456457225, 52.17816929390577], [4.804836877229079, 52.17817375159786], [4.804836613232416, 52.17819397350634], [4.804821377714089, 52.178241085826905], [4.804802927299565, 52.17825447693121], [4.804795617534891, 52.178254440863306], [4.804780235272811, 52.17831278757127], [4.804765293020979, 52.178337431097134], [4.804757924568617, 52.178341888784175], [4.804732340342334, 52.178341762534636], [4.804717838140884, 52.17833270287514], [4.80468494414266, 52.178332540542165], [4.804648541968921, 52.17832112576842], [4.804615647979567, 52.17832096341615], [4.80460091104898, 52.178329878770974], [4.804593337163985, 52.17835006459774], [4.8045822551100965, 52.17835899799041], [4.804578365450252, 52.17837695497822], [4.804570996972704, 52.17838141265347], [4.804570703507331, 52.178403881438946], [4.804559592088381, 52.178415061707945], [4.8045595333941264, 52.178419555465], [4.804570410041612, 52.1784263502243], [4.804585029626855, 52.17842642238772], [4.804596082351708, 52.17841973587337], [4.804614885028715, 52.17837938225924], [4.804633306208042, 52.178368238063356], [4.804651580665956, 52.17836832825746], [4.804651463296132, 52.17837731577174], [4.804662369289305, 52.17838186364408], [4.804665789448035, 52.1783998567109], [4.804673040553614, 52.17840438654399], [4.804702221030326, 52.17840902460064], [4.804701956970793, 52.178429246507854], [4.804675991258034, 52.17845832966748], [4.80467192557799, 52.17848976792932], [4.804664557091088, 52.17849422561035], [4.804660696794474, 52.17850993572188], [4.80464212884802, 52.17853231431428], [4.804627421196523, 52.17853898279348], [4.804612596162361, 52.17855463878487], [4.804582593909396, 52.17861291330344], [4.804571570481234, 52.17861735293767], [4.804571511787837, 52.178621846694604], [4.804549582313944, 52.17862173844625], [4.804546308925219, 52.17859251098455], [4.8045391458469355, 52.17858124050834], [4.8045206952067065, 52.17859463156741], [4.804516658753868, 52.178623822944516], [4.804523909880591, 52.17862835278669], [4.804549464922695, 52.17863072596009], [4.804545281745043, 52.178671151730164], [4.804537854518586, 52.17868010315993], [4.804515748918786, 52.178693476175795], [4.804497474327993, 52.178693385960386], [4.804497562379454, 52.17868664532516], [4.804490252544268, 52.17868660923825], [4.804464550712631, 52.17869547044403], [4.804464286543119, 52.17871569234952], [4.804471537679407, 52.178720222194805], [4.804489782930225, 52.178722559292645], [4.804489518771948, 52.17874278119815], [4.804474664269713, 52.17876068404983], [4.804467031549465, 52.178785363623504], [4.804462466701205, 52.178854998807836], [4.80444770021003, 52.17886616102077], [4.804436412522285, 52.17889082254691], [4.804439362970313, 52.17894476567132], [4.804442841788267, 52.178958264986235], [4.804460881666937, 52.17897633023654], [4.804460734904002, 52.178987564627946], [4.804445997721717, 52.178996479962], [4.804409301516285, 52.17900753389779], [4.804398336684752, 52.1790074797589], [4.804390909372553, 52.179016431178745], [4.804379885825473, 52.17902087079466], [4.804376113452996, 52.179029840260455], [4.804365089901129, 52.17903427987496], [4.8043612000938944, 52.179052236853266], [4.804346404153499, 52.17906564593115], [4.804346316078216, 52.1790723865658], [4.804335263153865, 52.17907907305563], [4.80433134397144, 52.179099276910904], [4.804324004709215, 52.17910148769183], [4.804301752032489, 52.17912609505702], [4.804301634589564, 52.17913508256975], [4.804275638841221, 52.17916641251487], [4.80426803530303, 52.17918884519549], [4.804245870642524, 52.17920671191536], [4.804230663514622, 52.17925157727187], [4.804186392816733, 52.17928281693659], [4.8041560077263075, 52.179370300752424], [4.804118929329336, 52.179410564010865], [4.804107376983858, 52.17945544740472], [4.804096294557236, 52.17946438074949], [4.804088720249249, 52.179484566539195], [4.804081380911567, 52.17948677730475], [4.804081292795145, 52.179493517938646], [4.804070210353818, 52.179502451280925], [4.8040324855267835, 52.179592145825275], [4.804021432426363, 52.1795988322849], [4.804002834327762, 52.179623457649235], [4.803991281809487, 52.17966834102975], [4.8039541442576486, 52.17971309798939], [4.803953938606374, 52.179728826134216], [4.8039465698426635, 52.17973328376902], [4.803938966041243, 52.17975571642588], [4.803931567891661, 52.17976242093746], [4.803927619084978, 52.17978487165444], [4.803905395228604, 52.17980723206342], [4.803897820775409, 52.17982741783947], [4.8038867088319135, 52.17983859804162], [4.803879075599576, 52.17986327757181], [4.803868022408848, 52.17986996401661], [4.803867963642412, 52.17987445777207], [4.80385696921481, 52.17987665046036], [4.803856910447247, 52.17988114421586], [4.803845886633111, 52.17988558378076], [4.803845769095713, 52.179894571291676], [4.8038383709090215, 52.17990127579726], [4.80383445142781, 52.179921479632696], [4.803841614541768, 52.17993275014914], [4.803841408849491, 52.17994847829309], [4.8038629569875315, 52.17997779608415], [4.803866406326883, 52.17999354229116], [4.803880850128354, 52.18000709580862], [4.803887925120692, 52.18002510695517], [4.803902486465387, 52.18002967295921], [4.803916959670397, 52.18004097959456], [4.80392426972698, 52.18004101571731], [4.803927836614231, 52.18004777441163], [4.80393514667194, 52.180047810533644], [4.803945994240773, 52.18005685222679], [4.80394941423617, 52.18007484530888], [4.803927337147726, 52.180085971332225], [4.803846867676018, 52.18009006771418], [4.80382476116892, 52.180103440595964], [4.803817451102209, 52.180103404467026], [4.803813707910401, 52.18011012703524], [4.803806397842605, 52.18011009090563], [4.8037989996141235, 52.1801167954084], [4.8037806950541375, 52.18011895195881], [4.803765839807106, 52.18013685471589], [4.803758529734978, 52.18013681858329], [4.803729024932562, 52.18015689594666], [4.803706742007411, 52.18018375007152], [4.80367367028897, 52.180197068720005], [4.803673611502387, 52.18020156247513], [4.803662587590735, 52.180206002022565], [4.8036329063271195, 52.180239560626696], [4.803618197961128, 52.18024622897705], [4.803610623302652, 52.18026641473285], [4.803592024697576, 52.18029104002881], [4.803584244234319, 52.18032695392509], [4.803558364881429, 52.18034929619405], [4.8035433036681265, 52.18038292706423], [4.803532220897491, 52.1803918603541], [4.80353911940786, 52.18042335278475], [4.803520638302404, 52.180438990558976], [4.803502304194678, 52.1804433939433], [4.803479991586043, 52.18047249490097], [4.8034652831202935, 52.18047916323184], [4.803461422226753, 52.18049487329786], [4.803454023882428, 52.18050157777837], [4.803450045363625, 52.18052627535333], [4.803442705822792, 52.18052848607843], [4.803438933133196, 52.18053745551152], [4.803420540164262, 52.18054635263762], [4.80341679687522, 52.18055307519261], [4.803402147187987, 52.18055524976088], [4.8033872034190015, 52.18057989310039], [4.803357904022626, 52.180584242227624], [4.803353807804013, 52.18061792730804], [4.803327398766292, 52.180680713315525], [4.803312543149473, 52.180698616013224], [4.8032794121041, 52.180716428303754], [4.8032717783836425, 52.180741107790226], [4.80327083713377, 52.18081300786046], [4.803259813030774, 52.18081744736946], [4.8032299839746235, 52.18086224025342], [4.80320298626397, 52.18096996377221], [4.803173539497593, 52.18098554723843], [4.803133303918138, 52.18098759517766]]]}}, {"type": "Feature", "properties": {"class": "parcel", "candidate_index": 2, "raw_confidence": 0.4979894364369102, "boundary_alignment_score": 0.4979894364369102, "area_m2": 123186.62518711551, "vertex_count": 625, "vectorization": {"threshold": 0.5, "close_pixels": 5, "boundary_width_pixels": 0, "edge_buffer_pixels": 2, "min_area_m2": 20, "max_area_m2": 250000, "simplify_tolerance_m": 0.25, "min_boundary_alignment": 0.0}, "source_tile_id": "tile-110000-460000", "vectorization_aoi": "vectorization_v2", "calibration": "parameters selected only on train_selected_0; target reference excluded", "parcel_id": "e4f9b963-9110-515c-a4e8-06686fc6c5bd", "confidence_score": 0.6761227888023621, "segmentation_score": 0.4979894364369102, "topology_score": 1.0, "edge_alignment_score": 0.5068882868314782, "deviation_from_baseline_score": 0.9984, "explanation": "Enclosed-face vectorization followed by the frozen 20,000-step PPO debug policy. Reference cadastral geometry was excluded from inference and used only for the comparison report. Invalid, overlap-increasing, alignment-degrading, or CRS-round-trip-invalid candidates were rejected.", "rl_refinement": {"policy_sha256": "36f4975a32bccffc348e88edeab2d4ba8ad88c180503f6316af39efae7223b29", "timesteps": 20000, "debug_policy": true, "before": {"valid": true, "alignment": 0.5021209021409353, "reference": 0.0, "overlap": 0.0, "displacement": 0.0, "jagged": 0.0, "coverage": 1.0}, "after": {"valid": true, "alignment": 0.5068882868314782, "reference": 0.0, "overlap": 0.0, "displacement": 0.0016, "jagged": 0.005977269903474535, "coverage": 1.0}, "accepted": true, "reward_mean": -0.0010678172126242411, "reward_std": 0.0032837328748988653, "reward_sum": -0.1366806032159029, "rejected_actions": 0, "mean_vertex_displacement_m": 0.0032}}, "geometry": {"type": "Polygon", "coordinates": [[[4.796078725967402, 52.18069406967486], [4.796045919602757, 52.18068716430654], [4.796016678986301, 52.18068701786004], [4.795991153008658, 52.18068239596369], [4.795969371458226, 52.18067105174507], [4.795954780938024, 52.180668731638356], [4.795951185428088, 52.18066421958045], [4.795863701923245, 52.18064580515026], [4.795845545707725, 52.18063672609451], [4.795823674849174, 52.18063212247347], [4.7958200793554555, 52.18062761041155], [4.795710635759029, 52.18061133286667], [4.795681514379022, 52.180602198838], [4.795670668356753, 52.18059315638843], [4.79558312550537, 52.18057923549996], [4.7955685946394455, 52.18057242159603], [4.795543068774182, 52.18056779960284], [4.79553947331405, 52.18056328753237], [4.795499446413873, 52.18054960474572], [4.795419184021056, 52.18053796725475], [4.795404653193688, 52.18053115333067], [4.795393688001879, 52.180531098354564], [4.795364566739436, 52.18052196424776], [4.795360971301067, 52.18051745217181], [4.7953281651781925, 52.18051054660413], [4.795255183205529, 52.180501192531345], [4.795226061991097, 52.18049205839037], [4.795200685309813, 52.18047620194982], [4.795120393303348, 52.18046681113043], [4.795047590415099, 52.180443975681484], [4.794941832442586, 52.180425468885694], [4.794930956779442, 52.18041867324279], [4.7949236466705125, 52.18041863656276], [4.794912800846694, 52.18040959404364], [4.794876399493288, 52.180398176260766], [4.79485084396205, 52.1803958009925], [4.794832658216058, 52.18038896865567], [4.794803477481061, 52.180384328159626], [4.794789006480217, 52.18037302041065], [4.794781696378921, 52.18037298372188], [4.794774475803097, 52.18036620640899], [4.794763510652858, 52.18036615137435], [4.794749009824968, 52.180357090495015], [4.7947052089239195, 52.18035237659186], [4.794690678266358, 52.180345562579895], [4.794614131200922, 52.18032944914], [4.794541119822513, 52.18032234150049], [4.7945229341540765, 52.18031550911592], [4.794482818219936, 52.18030856660823], [4.794468317467895, 52.180299505694364], [4.794366185260819, 52.18028326361173], [4.794315343171785, 52.1802582909788], [4.794260577292499, 52.18025352183353], [4.794231456444312, 52.18024438744721], [4.79420955607569, 52.180242030401715], [4.794162279541504, 52.180223816688255], [4.79411853858367, 52.180214608818744], [4.794085673124428, 52.18021219665473], [4.794031206117919, 52.18018495865896], [4.79395819507034, 52.18017785065915], [4.793921794151466, 52.180166432581984], [4.793899893837711, 52.18016407547908], [4.793896298576426, 52.180159563358515], [4.7938598976883835, 52.18014814526225], [4.7937759814193495, 52.180136488281555], [4.793732419992073, 52.18011379902286], [4.793615698270821, 52.180095235908276], [4.793553831935672, 52.18007470155382], [4.793473541003095, 52.18006530961493], [4.7934153896181915, 52.18004029982431], [4.793393519304603, 52.1800356957532], [4.793367934148905, 52.180035567038374], [4.7933533738862595, 52.18003099973611], [4.793331443755234, 52.18003088940203], [4.793320538519315, 52.180026340484964], [4.793284048138217, 52.18002166283391], [4.793280452950746, 52.18001715069462], [4.793265832868077, 52.18001707712995], [4.793236742297822, 52.18000569562419], [4.7932111870801855, 52.1800033200012], [4.793200281863311, 52.179998771073016], [4.793178351748628, 52.17999866071054], [4.793171071632702, 52.179996377047935], [4.793171161399514, 52.17998963642536], [4.793116485749589, 52.179978126127004], [4.793087395242968, 52.17996674458438], [4.793018099581027, 52.17995516065192], [4.792989068977371, 52.179939285336864], [4.79295994859584, 52.17993015063702], [4.792854132838636, 52.17991613572003], [4.792825102318859, 52.17990026036459], [4.7928177922971695, 52.17990022355431], [4.7928105720965535, 52.17989344612128], [4.79278145178166, 52.17988431137744], [4.792748616583058, 52.17987965196729], [4.792745021461214, 52.17987513981167], [4.792730431370625, 52.17987281930662], [4.792708680992168, 52.17985922761233], [4.792686840787347, 52.17985237653632], [4.792672220759972, 52.179852302898176], [4.792650380564166, 52.17984545181544], [4.792624795520409, 52.17984532293963], [4.792606610341003, 52.17983849025989], [4.792581025301406, 52.17983836137464], [4.792519159800769, 52.179817826478086], [4.79243161946373, 52.179803903253614], [4.79242802438008, 52.1797993910883], [4.792413434330907, 52.179797070544154], [4.792409839249646, 52.17979255837832], [4.792387999123568, 52.17978570724696], [4.792304113890918, 52.179771802346465], [4.7922276885565065, 52.179746699863784], [4.792136493454123, 52.179732757996966], [4.7921292434097, 52.1797282273962], [4.792096408394835, 52.179723567804686], [4.792052758292029, 52.17970761854813], [4.792001678310163, 52.17970061991039], [4.791983523267377, 52.17969154026083], [4.791972558287524, 52.17969148496708], [4.791968963259395, 52.179686972787785], [4.791918003254978, 52.17967098661822], [4.791804908453719, 52.179654687020836], [4.791779503475111, 52.179641076718745], [4.791757663520436, 52.17963422547085], [4.7917284536074245, 52.17963183108893], [4.7916993336858855, 52.179622696078255], [4.791688368723416, 52.17962264075813], [4.791622908948682, 52.17959759320412], [4.791546274271283, 52.17958821839724], [4.791469819672037, 52.17956536229785], [4.79137865519175, 52.17954917297207], [4.7913750602352, 52.17954466077472], [4.791345910429426, 52.17953777255062], [4.7913386905113295, 52.179530995027534], [4.79132413062206, 52.179526427475004], [4.791222031360642, 52.17950793579967], [4.791192911624148, 52.17949880066411], [4.791178411804843, 52.17948973934617], [4.791079847554329, 52.17948025349875], [4.791039822999392, 52.179466569200414], [4.791021728308322, 52.17945299565553], [4.790912319398057, 52.17943446679057], [4.790890539751668, 52.17942312163491], [4.7908577651687825, 52.17941396795178], [4.790795720804734, 52.17940691339429], [4.7907520414349305, 52.17939321053053], [4.790737541739673, 52.17938414915845], [4.790715641980632, 52.17938179146509], [4.790712047104672, 52.17937727924745], [4.790609888338907, 52.17936328079017], [4.790566299227996, 52.17934283723694], [4.790442240870117, 52.179326480909495], [4.790409616754752, 52.17930609273422], [4.790303833354432, 52.179289828658824], [4.79025658949818, 52.17926936650812], [4.7902127901466995, 52.179264650939], [4.79020188541713, 52.179260101733924], [4.790150746093697, 52.17925759604262], [4.7901181522376115, 52.17923496091329], [4.790023243733138, 52.179225492672806], [4.790019679020229, 52.1792187335607], [4.790001524578003, 52.17920965360637], [4.790001765228108, 52.1791916786187], [4.790016625677141, 52.17917377759963], [4.79001695656226, 52.17914906199139], [4.790028131964755, 52.17913338935216], [4.790028282364058, 52.17912215498472], [4.79003202754862, 52.179115432855745], [4.790043052541901, 52.179110994582544], [4.790054318161192, 52.17908858132024], [4.790065343145613, 52.17908414304488], [4.790076488437387, 52.179070717274435], [4.790095424825553, 52.1790213785053], [4.790102794852272, 52.17901692173684], [4.790107171607969, 52.17896301526034], [4.790114722075963, 52.17894507724955], [4.790122062013149, 52.17894286735342], [4.790129552322558, 52.178929423088846], [4.790144262263418, 52.17892275642069], [4.790144352484904, 52.178916015799864], [4.79015543756419, 52.17890708376864], [4.790167063946894, 52.17885770801104], [4.790185669355366, 52.178833084835475], [4.790196694263502, 52.17882864654762], [4.790200559681501, 52.1788129369182], [4.790215299643442, 52.17880402336725], [4.7902304605707435, 52.17876365358278], [4.790237800472335, 52.17876144367937], [4.790256405801418, 52.17873682049214], [4.790260331325915, 52.178716617112975], [4.79027144639953, 52.1787054381968], [4.790275401981412, 52.17868298794326], [4.790286486976391, 52.17867405589928], [4.790290292216661, 52.17866284001396], [4.790308687018329, 52.17865394493434], [4.790308747148952, 52.17864945118682], [4.790323487035156, 52.17864053762201], [4.7903275327779555, 52.178611346745086], [4.790334902713609, 52.17860688996172], [4.790339309210212, 52.17855073659843], [4.790365284313443, 52.17852165660876], [4.790369149645031, 52.17850594697283], [4.790380234577116, 52.178497014919635], [4.790384099901268, 52.17848130528315], [4.79039533512816, 52.178461138859184], [4.790406420043838, 52.178452206803485], [4.790406510224461, 52.17844546618184], [4.79041765525326, 52.17843204037722], [4.790428680039091, 52.17842760206717], [4.790428740157223, 52.17842310831936], [4.790450879893881, 52.17840749107434], [4.790473650807148, 52.17834468947244], [4.790503370747693, 52.17830888730673], [4.79051128160203, 52.17826398678038], [4.790533511391519, 52.178241628897275], [4.790541031511592, 52.17822593773053], [4.790552056234156, 52.1782214994087], [4.790552146392159, 52.17821475878662], [4.79056320116295, 52.178208073589666], [4.79056715655288, 52.17818562332415], [4.790582016438381, 52.178167722229894], [4.790582166693914, 52.178156487859596], [4.790604426444076, 52.17813188308848], [4.790608261607368, 52.17811842031759], [4.790623031306919, 52.17810725984014], [4.790626926560022, 52.178089303320355], [4.790649216299476, 52.17806245166628], [4.790649336489999, 52.17805346416984], [4.790697330371729, 52.178017754312464], [4.790704820351357, 52.17800431000871], [4.790705030664771, 52.177988581889615], [4.790712400459626, 52.17798412508199], [4.7907127309476625, 52.17795940946604], [4.790753655319741, 52.17790568765077], [4.790753955741952, 52.1778832189086], [4.790765220691592, 52.177860805572664], [4.790791014872063, 52.17784520673019], [4.790791135033247, 52.17783621923317], [4.790805844514305, 52.17782955248061], [4.790805934632916, 52.177822811857844], [4.7908244191006775, 52.17780717607303], [4.790824569293573, 52.17779594170167], [4.790839368869783, 52.177782534322034], [4.790839519058807, 52.17777129995054], [4.79085434865936, 52.17775564569462], [4.7908662142543434, 52.17768829486194], [4.7908736440553845, 52.1776793442952], [4.790884608538754, 52.177679399690305], [4.790892158474832, 52.177661461625], [4.790910492674767, 52.17765706019796], [4.790914237602533, 52.17765033803885], [4.790928947003828, 52.17764367127055], [4.7909328420925545, 52.17762571473899], [4.79094392669246, 52.177616782630984], [4.790944106886796, 52.17760330138473], [4.790955191478853, 52.17759436927555], [4.790958996457822, 52.17758315336621], [4.7909884752585, 52.17756532606749], [4.790988565348815, 52.17755858544429], [4.791003394826096, 52.17754293116882], [4.791003605031382, 52.177527203047745], [4.791010944691106, 52.17752499309538], [4.791014779678804, 52.1775115303096], [4.79104416832806, 52.17750044362007], [4.791062712630978, 52.17748031404784], [4.791070562720257, 52.177439907225455], [4.7910815871956975, 52.17743546885312], [4.791085482204464, 52.177417512315735], [4.791100341624998, 52.17739961115305], [4.791100491746599, 52.177388376780435], [4.791111576253807, 52.17737944465624], [4.791123111103864, 52.17733680941267], [4.791130540794576, 52.17732785882909], [4.791163644134308, 52.17731229681721], [4.791163734197483, 52.17730555619349], [4.791182218324908, 52.17728992035077], [4.791182368425405, 52.17727868597779], [4.791189738055082, 52.17727422913952], [4.791201032649942, 52.17724956888438], [4.79120501765082, 52.17722487171847], [4.7912161020963655, 52.17721593958406], [4.791219967013333, 52.17720022991609], [4.7912310514497465, 52.177191297780254], [4.791249955738381, 52.17714420568123], [4.791257325339044, 52.1771397488386], [4.791264845017276, 52.17712405762209], [4.791275899410489, 52.17711737235655], [4.791287223932312, 52.17709046521757], [4.791302023134712, 52.1770770577777], [4.791309602813546, 52.17705687280868], [4.7913206871962934, 52.17704794066412], [4.791324762150533, 52.17701650286894], [4.791343306124874, 52.17699637325043], [4.791354360474629, 52.176989687977326], [4.7913616700176895, 52.176989724877544], [4.791376559194318, 52.176969576803586], [4.791406007413415, 52.176953996272665], [4.791413436983335, 52.176945045670465], [4.791420746519145, 52.17694508256701], [4.791435485618985, 52.1769361688595], [4.791457414222154, 52.176936279543696], [4.791468288507629, 52.176943075508696], [4.7914901871100195, 52.176945433061654], [4.791497436638122, 52.17694996370311], [4.791577661543305, 52.17696385073212], [4.7916140592484435, 52.17697526953376], [4.791628528343673, 52.1769865776759], [4.791650426976001, 52.1769889351991], [4.791654021755475, 52.176993447389854], [4.791705008602705, 52.17700718680117], [4.791719507724162, 52.17701624805724], [4.791737751601825, 52.17701858712531], [4.791759560283358, 52.17702768525294], [4.791865368842958, 52.17704170114745], [4.791898021957037, 52.177059842051854], [4.791930795026524, 52.177068995447534], [4.79197459240682, 52.17707371037777], [4.792040078657801, 52.17709651086743], [4.79216047662656, 52.17711284708762], [4.7922040343266925, 52.17713553693263], [4.79222593306298, 52.177137894349144], [4.79224046229959, 52.17714470866624], [4.792302503749497, 52.17715176246247], [4.792364365456529, 52.17717229747631], [4.792393573793943, 52.17717469169942], [4.792422692261979, 52.177183826540436], [4.792455525442489, 52.17718848604042], [4.792477304399147, 52.177199830910475], [4.792484613977859, 52.17719986774119], [4.792491833694433, 52.17720664519659], [4.7925720294233445, 52.1772227784252], [4.792586588689915, 52.177227345824605], [4.792597433269902, 52.17723638856071], [4.792608397647158, 52.17723644379545], [4.792630206613307, 52.17724554176224], [4.792692308153884, 52.17724810160354], [4.792743355496464, 52.177257346816305], [4.792801502880714, 52.177282356944104], [4.792856175146604, 52.17729386738861], [4.792878103930234, 52.177293977809086], [4.792907222575781, 52.17730311253061], [4.792910817507764, 52.17730762468305], [4.7929399661005165, 52.177314512521356], [4.792943561036733, 52.17731902467276], [4.79303109666069, 52.17733294751629], [4.793063720537637, 52.17735333497343], [4.793078279897372, 52.177357902312245], [4.793111173121172, 52.17735806787952], [4.793143946659907, 52.177367220938436], [4.793187744463015, 52.17737193541887], [4.793194994233144, 52.17737646595608], [4.793213238336395, 52.17737880479618], [4.793238642467867, 52.17739241479369], [4.79331886871533, 52.17740630063984], [4.793340707821341, 52.1774131516002], [4.793344302806056, 52.17741766373938], [4.7933698266398075, 52.17742228620758], [4.793391635852582, 52.177431384033746], [4.793486421649861, 52.1774498370645], [4.793508230899962, 52.17745893486913], [4.793551998931282, 52.17746589608972], [4.793559248753738, 52.17747042660457], [4.793610326429777, 52.17747742456731], [4.793653855329251, 52.177502360752705], [4.79370130813487, 52.177507093421625], [4.793755951019293, 52.17752085032494], [4.793777730469685, 52.177532194955155], [4.793792349738862, 52.177532268455124], [4.793806879343825, 52.17753908257948], [4.793854332204987, 52.177543815186944], [4.793876171460907, 52.17755066604825], [4.793879766510894, 52.177555178171076], [4.7938943559041185, 52.177557498533886], [4.79391973046318, 52.177573355260186], [4.793941629506325, 52.177575712358575], [4.793970748554478, 52.1775848468178], [4.793996332306502, 52.17758497539988], [4.7940145167821715, 52.17759180786702], [4.794036415839455, 52.177594164947834], [4.794069129992542, 52.17760781150087], [4.79412380298659, 52.177619321358534], [4.7941530117128766, 52.17762171514651], [4.794167511532207, 52.177630776101886], [4.794174821183365, 52.177630812828], [4.79417838640057, 52.17763757181724], [4.794200136147234, 52.177651163244896], [4.794214695721022, 52.1776557304436], [4.794302351859044, 52.177660664843046], [4.794313256617971, 52.17766521367047], [4.794335185588886, 52.17766532382044], [4.794357024978455, 52.177672174592736], [4.794375299123847, 52.17767226637786], [4.794393423976012, 52.17768359253765], [4.794429882705925, 52.17769051672028], [4.794429763278534, 52.17769950422239], [4.79445891236327, 52.17770639168569], [4.794484317062171, 52.177720001415125], [4.794524490373911, 52.17772245017091], [4.794542674986792, 52.1777292825567], [4.794575508792497, 52.17773394146724], [4.79464093765455, 52.17776123426546], [4.794703069875888, 52.17776154617396], [4.794772362573267, 52.177773129116915], [4.794808612570749, 52.17779578131176], [4.794925358610834, 52.17781209636986], [4.7949471981632845, 52.177818947033096], [4.794958043366161, 52.17782798955221], [4.795027276579783, 52.17784406609679], [4.795049026686236, 52.177857657368065], [4.7950672710846085, 52.17785999592179], [4.795085426013008, 52.17786907509962], [4.795121914824879, 52.177873752193015], [4.795161969030478, 52.1778851882346], [4.795180243265307, 52.17788527989521], [4.795205737740447, 52.17789214884235], [4.795231321673391, 52.177892277156914], [4.795267661445642, 52.1779081885837], [4.79535888361805, 52.17791988115521], [4.795369758738716, 52.177926676760826], [4.795377068439659, 52.177926713412525], [4.795398759076687, 52.1779447983708], [4.79543887302987, 52.177951740566975], [4.7954534030236236, 52.17795855448868], [4.7954680224361566, 52.17795862778125], [4.795478897582912, 52.177965423376826], [4.795508047004357, 52.17797231058122], [4.795511642253463, 52.17797682265435], [4.7955262616721095, 52.17797689593979], [4.795584560553724, 52.177990670318025], [4.795642978655439, 52.1779954571643], [4.79567194935477, 52.17801582558298], [4.795686509198912, 52.17802039260012], [4.795704783490547, 52.1780204841796], [4.795708378763447, 52.17802499624668], [4.795788577135067, 52.17804112729097], [4.795821321940625, 52.17805252648264], [4.795905264613776, 52.17806193513209], [4.795941664327342, 52.17807335259977], [4.795970664993405, 52.17809147406919], [4.796054607771766, 52.17810088261254], [4.796069167683018, 52.17810544958252], [4.796080013183241, 52.178114491998585], [4.79609460287489, 52.17811681208954], [4.7961018232888355, 52.17812358932403], [4.796196671222688, 52.17813754642765], [4.796225791101329, 52.1781466803308], [4.7962438868510615, 52.17816025308232], [4.796273006754221, 52.17816938697382], [4.796353265111789, 52.17818102388275], [4.796393230635386, 52.178199200134515], [4.7965063531948555, 52.17821324845948], [4.796531758808447, 52.1782268577483], [4.796538949555624, 52.17823588183203], [4.79656806956883, 52.17824501565081], [4.79657903420044, 52.17824507051695], [4.796582629579917, 52.17824958255748], [4.796615434236615, 52.17825648777686], [4.796626309631094, 52.17826328326671], [4.7966919189884525, 52.178277093672214], [4.7967612724873465, 52.178284181696085], [4.796779427933999, 52.17829326061345], [4.796794017720828, 52.178295580617984], [4.796808488559037, 52.17830688812499], [4.796837608674022, 52.17831602187722], [4.7969142125600355, 52.17832764012433], [4.796979703186007, 52.17835043787419], [4.7970016325024085, 52.17835054752908], [4.797070926716717, 52.17836212912337], [4.797132732863486, 52.17838715539114], [4.79722389707647, 52.17840334027441], [4.797271143224693, 52.178423799642076], [4.797300382362602, 52.17842394577558], [4.797336842152226, 52.17843086906081], [4.797387683859133, 52.178455840399224], [4.797427828290447, 52.17846053504365], [4.797464228720614, 52.178471952041946], [4.797475193409451, 52.178472006824926], [4.797497003975231, 52.17848110389268], [4.797518903655643, 52.17848346032781], [4.797551560128918, 52.17850159966822], [4.797609800930636, 52.178519866799014], [4.797609474259526, 52.17854458243753], [4.797601867477142, 52.17856701468608], [4.797594498272538, 52.17857147192444], [4.797594349781641, 52.17858270630548], [4.79757562976757, 52.17861631816112], [4.797542260380709, 52.17865210385557], [4.797531028334524, 52.17867227096407], [4.797519469555504, 52.178717153708874], [4.7975009276464355, 52.178737284295096], [4.797493588106965, 52.17873949465083], [4.797493528700161, 52.178743988402964], [4.797467766041915, 52.17875734183479], [4.797467706632476, 52.178761835586954], [4.797452968130499, 52.17877075004602], [4.797441676601751, 52.17879541089761], [4.797426848963003, 52.17881106598155], [4.797426522187722, 52.17883578161813], [4.797415200920293, 52.17886268934293], [4.797404236135498, 52.17886263455422], [4.797396688611859, 52.17888057303605], [4.797389349043635, 52.17888278338524], [4.797385575277865, 52.1788917526257], [4.797367181785117, 52.178900648810014], [4.797352324374448, 52.17891855076019], [4.797348104934731, 52.17896122313911], [4.797340765350826, 52.178963433485166], [4.797336991568395, 52.17897240272395], [4.797325967332658, 52.178976841679834], [4.797325907908549, 52.178981335431764], [4.797307454940922, 52.178994725358464], [4.797277294278452, 52.179064232379794], [4.797262555638329, 52.17907314681441], [4.797255067453213, 52.17908659153453], [4.7972440134647965, 52.179093277358554], [4.797243894599639, 52.17910226486207], [4.797236525270687, 52.17910672207748], [4.797228858769631, 52.17913364805111], [4.797217685895001, 52.179149321376], [4.797195607591278, 52.17916044613991], [4.797191774324885, 52.179173909125325], [4.797173232077363, 52.17919403965785], [4.797165476361842, 52.179227706254395], [4.797124736820064, 52.179267949036095], [4.797124588207809, 52.179279183414955], [4.7971097008499335, 52.17929933220886], [4.797105808098637, 52.17931728894256], [4.7970724972588314, 52.17934858074697], [4.79706863421354, 52.17936429060359], [4.79705371707572, 52.17938668626569], [4.797049556756969, 52.17942486487859], [4.797023555750496, 52.17945619321647], [4.797008519645209, 52.17948757637507], [4.797001150228962, 52.179492033575364], [4.79698976907793, 52.179523435006914], [4.796982399653873, 52.17952789220595], [4.796967541878954, 52.17954579410516], [4.796941748867592, 52.17956139429489], [4.7969344388970345, 52.17956135773969], [4.79693063524937, 52.179572573839934], [4.796890162790729, 52.179592594657215], [4.796882823080202, 52.17959480497439], [4.796868113921312, 52.17960147248297], [4.7968641615741525, 52.17962392295871], [4.796845856885577, 52.179626078433444], [4.796845737938331, 52.179635065935564], [4.796827314293296, 52.17964620890952], [4.79681955823671, 52.1796798754801], [4.796812099554103, 52.1796910732949], [4.7968011048274795, 52.179693265325334], [4.79680458138983, 52.17970676486019], [4.7967714484908734, 52.17972457532375], [4.79675659056553, 52.1797424771956], [4.796759680481778, 52.17978518611261], [4.7967668715251435, 52.17979421018048], [4.796758490827646, 52.17987506113019], [4.796784105644097, 52.17987294223431], [4.796784373305131, 52.17985272035542], [4.796799052820171, 52.17984829973315], [4.796842942662194, 52.179846272232766], [4.796842764239278, 52.1798597534855], [4.796835454219923, 52.17985971692412], [4.796828054986865, 52.179866420988624], [4.796813405207364, 52.179868594739], [4.7968023212193724, 52.17987752739579], [4.796795011197148, 52.17987749083187], [4.796794921978376, 52.17988423145816], [4.796780153230058, 52.179895392706136], [4.796761878167254, 52.17989530129206], [4.796761967391047, 52.17988856066577], [4.796751061838683, 52.17988401206519], [4.7967437518154465, 52.17988397549817], [4.796729012797355, 52.17989288986421], [4.796728953311502, 52.179897383615035], [4.79670678528295, 52.17991524891147], [4.796691629819407, 52.179955619528144], [4.796658466943623, 52.17997567683425], [4.796643638636231, 52.17999133181553], [4.796643430404979, 52.180007059942945], [4.7966251255485215, 52.18000921538293], [4.796617607264431, 52.18002490693529], [4.796606612445948, 52.18002709894733], [4.796547626286963, 52.18006500320607], [4.79654358447918, 52.18009419429473], [4.796521446031928, 52.18010981268025], [4.796524714267633, 52.180139040348955], [4.796517314941425, 52.180145744393464], [4.79651716617234, 52.180156978769695], [4.796498593455403, 52.180179356067], [4.796490896566787, 52.18020852886187], [4.796465192274358, 52.18021738831917], [4.796461328938713, 52.1802330981531], [4.796443053738374, 52.180233006689534], [4.796435178255742, 52.18027566073148], [4.796427808651783, 52.18028011789506], [4.796398598060495, 52.18027772466839], [4.796383888603779, 52.1802843921153], [4.796383739800477, 52.180295626491066], [4.796376399949123, 52.180297836776234], [4.796383233868606, 52.18033382336817], [4.796375834488724, 52.1803405274035], [4.796375626160898, 52.18035625552928], [4.796368316060653, 52.18035621893884], [4.796364512202077, 52.180367435018994], [4.796346236946946, 52.1803673435403], [4.79634632623479, 52.180360602914995], [4.796335361083407, 52.180360548026435], [4.7963341110275115, 52.18045491677956], [4.79628255325639, 52.18048386999415], [4.796282315128829, 52.180501844994346], [4.796271230876749, 52.18051077759981], [4.796267159079757, 52.18054221555146], [4.796256134349214, 52.180546654405504], [4.796237501801827, 52.18057352540969], [4.7962301618974665, 52.18057573568558], [4.79622267314723, 52.18058918033594], [4.796215333239558, 52.18059139061089], [4.7961967601895505, 52.18061376785847], [4.796182020820591, 52.1806226821546], [4.796174532047909, 52.1806361268017], [4.796159822439368, 52.18064279422009], [4.7961521847933435, 52.1806674732403], [4.796141011154251, 52.18068314645792], [4.7961300161501015, 52.18068533842506], [4.796118931821812, 52.1806942710158], [4.796078725967402, 52.18069406967486]]]}}, {"type": "Feature", "properties": {"class": "parcel", "candidate_index": 3, "raw_confidence": 0.4985164378886111, "boundary_alignment_score": 0.4985164378886111, "area_m2": 56341.6875856868, "vertex_count": 572, "vectorization": {"threshold": 0.5, "close_pixels": 5, "boundary_width_pixels": 0, "edge_buffer_pixels": 2, "min_area_m2": 20, "max_area_m2": 250000, "simplify_tolerance_m": 0.25, "min_boundary_alignment": 0.0}, "source_tile_id": "tile-110000-460000", "vectorization_aoi": "vectorization_v2", "calibration": "parameters selected only on train_selected_0; target reference excluded", "parcel_id": "12c5197e-a5d6-52dd-b219-74abb6a80d2e", "confidence_score": 0.6749453868345118, "segmentation_score": 0.4985164378886111, "topology_score": 1.0, "edge_alignment_score": 0.5048267506062984, "deviation_from_baseline_score": 0.9934440559440559, "explanation": "Enclosed-face vectorization followed by the frozen 20,000-step PPO debug policy. Reference cadastral geometry was excluded from inference and used only for the comparison report. Invalid, overlap-increasing, alignment-degrading, or CRS-round-trip-invalid candidates were rejected.", "rl_refinement": {"policy_sha256": "36f4975a32bccffc348e88edeab2d4ba8ad88c180503f6316af39efae7223b29", "timesteps": 20000, "debug_policy": true, "before": {"valid": true, "alignment": 0.49817113392055035, "reference": 0.0, "overlap": 0.0, "displacement": 0.0, "jagged": 0.0, "coverage": 1.0}, "after": {"valid": true, "alignment": 0.5048267506062984, "reference": 0.0, "overlap": 0.0, "displacement": 0.006555944055944056, "jagged": 0.02046541812435153, "coverage": 1.0}, "accepted": true, "reward_mean": -0.0009032534663394715, "reward_std": 0.0066899971405270185, "reward_sum": -0.11561644369145241, "rejected_actions": 0, "mean_vertex_displacement_m": 0.013111888111888112}}, "geometry": {"type": "Polygon", "coordinates": [[[4.802971508112522, 52.18106094623031], [4.802792466535447, 52.18105556588631], [4.802715826977429, 52.1810461983284], [4.802664949885529, 52.18102347616488], [4.802588398755763, 52.18100736789355], [4.802552142192884, 52.18098471809152], [4.8025302115634325, 52.180984609466186], [4.802460970756429, 52.180968537321164], [4.802450182179376, 52.18095500173939], [4.80243927578437, 52.180950453664074], [4.802362607022035, 52.18094333275376], [4.802348045537795, 52.18093876656021], [4.802300558687613, 52.18093628424122], [4.802282342111628, 52.18093169992792], [4.802271494668614, 52.18092265808346], [4.802256933200492, 52.18091809187865], [4.802129269972497, 52.18089723596283], [4.80207836387588, 52.18087676042325], [4.801998128638426, 52.180862880527464], [4.801947222641402, 52.180842404931376], [4.801932602269696, 52.18084233244011], [4.801892543665688, 52.180830898696094], [4.801841460836994, 52.18082390431475], [4.801819618750609, 52.180817054927346], [4.8018051458272994, 52.18080574803672], [4.801790584445286, 52.18080118177443], [4.801713975029837, 52.1807895666897], [4.801648537387707, 52.18076227781463], [4.801579267746143, 52.18074845202925], [4.801557543738632, 52.18073261508673], [4.801542982405944, 52.18072804879391], [4.801521110910322, 52.18072344622793], [4.801451723346113, 52.18071860787437], [4.801422600714637, 52.18070947526083], [4.801397221701362, 52.180693620149874], [4.801276810649775, 52.18067729334479], [4.801262278879208, 52.18067048014077], [4.801236752362888, 52.180665859378294], [4.801207688845911, 52.180652232958586], [4.801123769687607, 52.180640581199775], [4.801116518580717, 52.18063605115032], [4.801094617650905, 52.18063369538189], [4.801080085922442, 52.18062688215544], [4.801047249301265, 52.18062222505291], [4.801039998205148, 52.180617694998716], [4.801025377909031, 52.180617622395104], [4.800992600357902, 52.180608471524344], [4.800956108686653, 52.18060379624427], [4.800919794217404, 52.180585639693916], [4.80080306824215, 52.18056708368365], [4.800733917334504, 52.18054426989656], [4.800690115608304, 52.18053955821378], [4.8005882169567125, 52.18050534650109], [4.800504327791516, 52.18049144742573], [4.800460673918874, 52.1804755012758], [4.800416931404695, 52.18046629573896], [4.8003330128049555, 52.18045464341831], [4.800285763099226, 52.18043418527843], [4.800194623185654, 52.180415755882066], [4.800169244776779, 52.18039990050717], [4.800136437990455, 52.18039299627509], [4.800078016257898, 52.180388211649884], [4.800074420352779, 52.18038369971675], [4.8000634551897585, 52.180383645174615], [4.800034392216044, 52.180370018466085], [4.800027082109648, 52.18036998210226], [4.800016235260929, 52.18036094005054], [4.799862900573688, 52.18034669503443], [4.799833748924865, 52.180339808905295], [4.799815680786341, 52.1803239898302], [4.799779219062221, 52.18031706731025], [4.799771968144722, 52.18031253717821], [4.799739131892947, 52.180307879711954], [4.79968796122195, 52.180307625027886], [4.7996551545785024, 52.180300720662096], [4.7996515587232365, 52.180296208716086], [4.799640593582403, 52.18029615413469], [4.799611501197203, 52.18028477419827], [4.799516618016655, 52.180273066712346], [4.799469339273656, 52.18025485512193], [4.7994036669257785, 52.180245540012045], [4.799367234940518, 52.180236370488785], [4.799345482357567, 52.180222780015356], [4.7993455415803234, 52.18021828626308], [4.7993091392425296, 52.18020686984569], [4.799250777076404, 52.18019759105905], [4.7991961884480245, 52.18017934294696], [4.799104990261629, 52.18016540646193], [4.799079523509067, 52.18015629148102], [4.79906142608703, 52.18014271916652], [4.798973883050883, 52.18012880079208], [4.798926634315498, 52.1801083421083], [4.798839091389264, 52.18009442363398], [4.798802570728271, 52.18009199456453], [4.798755351751664, 52.18006928893619], [4.798700674552612, 52.18005778122304], [4.798631317983754, 52.18005069433654], [4.798616816470421, 52.180041633930976], [4.79858041446411, 52.18003021728896], [4.7985694493903885, 52.18003016260808], [4.798543982824874, 52.18002104751172], [4.798500181847019, 52.18001633501674], [4.7984346879973, 52.179993538112406], [4.79836170621108, 52.179984185960315], [4.79833623971443, 52.17997507081912], [4.7983252746546565, 52.17997501611561], [4.798318053603622, 52.179968239018336], [4.798292587125025, 52.17995912386768], [4.798252411586872, 52.179956676392415], [4.798183114586904, 52.17994509549093], [4.798153993132574, 52.179935962071305], [4.79814314676955, 52.17992691984739], [4.7981285860509315, 52.179922353133584], [4.798088469904025, 52.1799154118508], [4.798066539814645, 52.17991530239671], [4.798022857702762, 52.179901602221435], [4.798011892661558, 52.17990154748881], [4.797979175617771, 52.17988790202995], [4.797869762725014, 52.179869379611134], [4.79784792171855, 52.179862529489135], [4.797844326081513, 52.17985801748806], [4.797796989085345, 52.17984429897959], [4.797691171994414, 52.179830288397774], [4.797669390425603, 52.179818944491295], [4.797614713815487, 52.1798074362753], [4.797611118206496, 52.1798029242671], [4.797600153190209, 52.17980286949627], [4.797592902578007, 52.179798339230345], [4.79758193756288, 52.17979828445786], [4.797549191025256, 52.1797868857556], [4.79754559542455, 52.17978237374538], [4.797520069804574, 52.17977775217957], [4.79750553890241, 52.17977093851318], [4.797472703288438, 52.17976628041684], [4.797436301800923, 52.179754863422104], [4.797421681795344, 52.179754790372456], [4.7973925903312, 52.17974340988938], [4.797341539173108, 52.17973416668607], [4.797334288598384, 52.17972963640429], [4.797283207753383, 52.17972264005145], [4.797268647189866, 52.179718073231456], [4.797261426341117, 52.17971129606958], [4.797228620514401, 52.17970439102977], [4.797225024952784, 52.179699879009775], [4.797199469694442, 52.17969750425034], [4.797133887813141, 52.179681447251426], [4.797061471606982, 52.179629403658964], [4.797061768866247, 52.17960693490276], [4.797069138295489, 52.179602477698815], [4.797072971636245, 52.1795890147185], [4.797069881432764, 52.179546305807776], [4.797080995009551, 52.179535126249476], [4.797096209424536, 52.17949026182778], [4.79711106712928, 52.17947235991212], [4.797125805931863, 52.17946344549732], [4.797133353663986, 52.17944550703491], [4.797140693337557, 52.17944329670207], [4.797159354587164, 52.17941417867272], [4.7971666942542885, 52.17941196833819], [4.797185325754252, 52.179385097180315], [4.797192665415304, 52.17938288684413], [4.797203808639019, 52.1793694603981], [4.7972114751963, 52.1793425344273], [4.797222529251519, 52.17933584860674], [4.797255929124266, 52.179297816132305], [4.797286119693721, 52.17922606224371], [4.797312001529372, 52.17920372134973], [4.79731215009409, 52.179192486970386], [4.7973195788548235, 52.179183535998625], [4.797319905692692, 52.17915882036397], [4.797327334446234, 52.17914986939156], [4.797331256805396, 52.17912966577392], [4.797349798954799, 52.179109535216135], [4.7974098229430675, 52.17899298988849], [4.7974468773341945, 52.17895497561998], [4.797458465954154, 52.17890784600828], [4.797469490159675, 52.17890340703994], [4.797480662883945, 52.17888773369032], [4.797488002448477, 52.17888552333542], [4.7975028597936955, 52.17886762136799], [4.79750687115649, 52.178840677115154], [4.797543865936096, 52.17880715656707], [4.797570074094316, 52.17876009997707], [4.797581632833723, 52.17871521722761], [4.797607692409756, 52.17867939500919], [4.797618716543916, 52.17867495602656], [4.797626145156566, 52.1786660050344], [4.797630067336958, 52.1786458014049], [4.797648727931556, 52.1786166832931], [4.797648846713436, 52.17860769578826], [4.797659930215561, 52.17859876304937], [4.79766373359586, 52.17858754692332], [4.797674728007579, 52.17858535481158], [4.7977042641796315, 52.17856303208281], [4.797715466427785, 52.17854511183352], [4.797733859704351, 52.17853621559402], [4.797752134212817, 52.17853630685671], [4.797763039538637, 52.178540855365554], [4.797817892757115, 52.178538882255275], [4.797828768403953, 52.17854567763429], [4.7978616031573065, 52.178550335631265], [4.797894259819218, 52.17856847487697], [4.797985513716759, 52.17857791854338], [4.797989109265402, 52.17858243054098], [4.797996419076623, 52.178582467030616], [4.79799995527123, 52.178591472780596], [4.798029016464391, 52.1786050999917], [4.798072756658064, 52.1786143064132], [4.798094686107713, 52.178614415865155], [4.798152838269836, 52.17863942335719], [4.79819657852289, 52.17864862973287], [4.798233097968434, 52.178651058988635], [4.798243973705978, 52.17865785432941], [4.7982585636889175, 52.17866017415302], [4.79826578451989, 52.178666951255146], [4.79830584024752, 52.17867838623024], [4.798338645488108, 52.17868529097102], [4.79837516497158, 52.17868772018288], [4.798433317386957, 52.17871272753672], [4.798517232208865, 52.17872438120618], [4.798579039671515, 52.1787494067168], [4.798611874653976, 52.1787540645052], [4.798630060315578, 52.178760896261466], [4.798644679997909, 52.17876096916093], [4.7987211072736855, 52.17878606749484], [4.798808677233228, 52.178797739179444], [4.798812272882891, 52.178802251151964], [4.7988268629428825, 52.17880457090538], [4.798837709172719, 52.17881361306795], [4.798874110253394, 52.17882502963159], [4.798972556223891, 52.178843496476354], [4.7989834321211955, 52.17885029174898], [4.799008957363612, 52.17885491299845], [4.799023488198299, 52.17886172648072], [4.799038107914517, 52.17886179933142], [4.799059948615179, 52.17886864923389], [4.79908187819305, 52.17886875850265], [4.799096379420651, 52.17887781885246], [4.799107344211889, 52.17887787348393], [4.799121845447634, 52.178886933830675], [4.799132810241146, 52.178886988459816], [4.7991364059308035, 52.178891500422424], [4.799147370725462, 52.1788915550502], [4.7991546213488965, 52.17889608522127], [4.799271342260762, 52.17891464285993], [4.799285843541835, 52.17892370318654], [4.799307713923175, 52.17892830616651], [4.7993113096338655, 52.17893281812384], [4.799384289901856, 52.178942169688064], [4.79940244615144, 52.17895124820201], [4.7994170362911355, 52.178953567882445], [4.799427882676974, 52.17896260999079], [4.7994424728217195, 52.17896492966824], [4.799446068548998, 52.17896944162138], [4.799540860137125, 52.17898788979254], [4.799559016437259, 52.17899696828239], [4.799599072794319, 52.179008402818795], [4.799672053246993, 52.17901775420523], [4.799733861766029, 52.1790427791113], [4.799810438074708, 52.17905664235649], [4.799886896098746, 52.17907949305905], [4.799919761043613, 52.17908190360709], [4.799937947039869, 52.179088735161926], [4.799963502097658, 52.17909110932828], [4.799992623373346, 52.17910024230245], [4.800014375607801, 52.17911383265872], [4.800039901108668, 52.179118453685305], [4.800047151859782, 52.179122983801626], [4.800134693260839, 52.17913690137983], [4.800138289072034, 52.17914141331189], [4.80018562604692, 52.1791551308828], [4.8002039008155215, 52.179155221766194], [4.8002111515893, 52.17915975187244], [4.800254951909512, 52.179164463732015], [4.800305796090096, 52.17918943381372], [4.800382402387942, 52.179201049811134], [4.800477076644312, 52.179228484738246], [4.800495351443742, 52.179228575576595], [4.800546402682548, 52.179237817416364], [4.800604557035803, 52.17926282370078], [4.800677508574482, 52.179274421342775], [4.800728441740223, 52.17929265061167], [4.800743061601333, 52.1792927232514], [4.800772183168926, 52.17930185603335], [4.800794112965276, 52.17930196498413], [4.800805018789397, 52.17930651321194], [4.800834228985506, 52.17930890534764], [4.800899663998435, 52.17933619467721], [4.800943464565633, 52.17934090628145], [4.801056355274864, 52.17937292526429], [4.801136646578596, 52.179382312045405], [4.801151148391235, 52.17939137214285], [4.801169364221666, 52.17939595663097], [4.80118021107068, 52.17940499857819], [4.801227637194759, 52.17941197510025], [4.801242168550684, 52.17941878830944], [4.80126406889201, 52.179421144050046], [4.801344153756803, 52.179446258829635], [4.8013770190522616, 52.179448668972185], [4.801460877027451, 52.17946481430424], [4.801493535825489, 52.17948295255414], [4.8015701134410085, 52.17949681465833], [4.801621047226787, 52.179515043542196], [4.801730519803803, 52.17952906873064], [4.801763296714675, 52.17953821939718], [4.801774143718816, 52.17954726128987], [4.801825107131763, 52.17956324320846], [4.801890808469118, 52.17957031009393], [4.801923497000528, 52.179586201347696], [4.801934461970431, 52.17958625571674], [4.801974519468468, 52.179597689447355], [4.802058466364168, 52.17960709372338], [4.802094721558438, 52.17962974368043], [4.802105686539322, 52.1796297980336], [4.802142089125972, 52.179641213589804], [4.802167644619474, 52.17964358727924], [4.8021894861855285, 52.17965043660283], [4.802196707774573, 52.17965721346438], [4.802207672762367, 52.17965726780804], [4.802229484875702, 52.17966636400153], [4.802306092498348, 52.17967797875123], [4.8023642189559395, 52.179705231046135], [4.802451762229161, 52.17971914690675], [4.802509977184212, 52.17973965849791], [4.802590240010315, 52.17975129116828], [4.802633805603713, 52.17977397716458], [4.802710384075988, 52.17978783852938], [4.802757693092421, 52.17980380194658], [4.802779593703913, 52.1798061574062], [4.802815996607677, 52.17981757275461], [4.802899944096934, 52.17982697643254], [4.80293257431618, 52.17984736116176], [4.802965410566075, 52.17985201773973], [4.802972661734059, 52.17985654767636], [4.803038363687734, 52.1798636139234], [4.803092924087069, 52.17988410713845], [4.803176812924567, 52.17989800437455], [4.803198654770816, 52.179904853511445], [4.803227688996389, 52.179920726320304], [4.80334803990939, 52.17994154489], [4.803362542353792, 52.17995060471569], [4.803391664889472, 52.17995973685155], [4.80343181131402, 52.179964429455154], [4.803439062547728, 52.17996895936312], [4.803475524560008, 52.17997588075307], [4.803482716994578, 52.17998490441345], [4.803508125750221, 52.17999851220075], [4.803529703093355, 52.1800255831745], [4.803532711314735, 52.18007503255438], [4.803525342451675, 52.18007949016241], [4.803524960242806, 52.18010869957051], [4.803506449861576, 52.18012658422111], [4.803491359282589, 52.18016246196353], [4.803476533308189, 52.18017811780628], [4.803468664561113, 52.18022077232798], [4.803457552411772, 52.180231952488626], [4.803457258369538, 52.180254421263264], [4.8034277533537635, 52.180274498550595], [4.803423774841174, 52.18029919612563], [4.803412692067513, 52.18030812940443], [4.803397630758451, 52.18034176025611], [4.803320845242007, 52.180343627478535], [4.803244236209635, 52.18033201338693], [4.803207832776298, 52.18032059817082], [4.803200610926328, 52.18031382137155], [4.803186020143219, 52.18031150215845], [4.8031678625683645, 52.18030242422676], [4.803080317925262, 52.1802885088968], [4.803033067130558, 52.18026805185472], [4.802934557461625, 52.180254082149396], [4.802920025574629, 52.180247269148815], [4.802912833211952, 52.180238245454696], [4.8028909912467235, 52.18023139626511], [4.802876371073335, 52.18023132389098], [4.802843593423964, 52.18022217353361], [4.802781575453744, 52.18021287839725], [4.8027416055164736, 52.18019470430891], [4.802643066656548, 52.180182981237735], [4.802617746400122, 52.180162632633206], [4.802592249480421, 52.18015576528653], [4.802570319258501, 52.18015565666924], [4.802493740198944, 52.180141795213565], [4.80245379989765, 52.18012137415062], [4.802409968945526, 52.18011890998343], [4.802322454362477, 52.18010274721444], [4.8023006714794, 52.18009140416133], [4.80228608081626, 52.180089084837036], [4.80228248471147, 52.180084572970664], [4.802249648362497, 52.18007991620268], [4.802231461607096, 52.18007308500416], [4.8022022508342825, 52.18007069321377], [4.802155000674174, 52.180050235820296], [4.80210023419768, 52.180045470312336], [4.80207111187181, 52.18003633785819], [4.802041871656454, 52.18003619290522], [4.802030995003491, 52.18002939791478], [4.8020236849508136, 52.180029361674706], [4.802009271184501, 52.18001356105369], [4.801994710039837, 52.18000899481628], [4.8019800899412575, 52.1800089223313], [4.801958248232153, 52.18000207296917], [4.801918072449217, 52.17999962674152], [4.801892575730966, 52.17999275924375], [4.8018817285947675, 52.17998371736248], [4.80187441854973, 52.17998368111319], [4.801863541935121, 52.17997688610726], [4.801805120558831, 52.17997210233736], [4.801786933915698, 52.17996527107037], [4.801765033279263, 52.17996291542645], [4.801750501666227, 52.17995610228201], [4.801739536605678, 52.17995604789577], [4.80173231503801, 52.179949271006606], [4.801699567324268, 52.17993787345463], [4.801670356669045, 52.17993548153273], [4.8016631056208645, 52.17993095151631], [4.801604743321221, 52.17992167389323], [4.801572084157238, 52.179903535674946], [4.8015026978627855, 52.179898697352534], [4.801466265726432, 52.17988952847651], [4.80145541870185, 52.17988048655604], [4.801448108674191, 52.1798804502804], [4.801440887163075, 52.17987367337341], [4.801426326122509, 52.179869107065954], [4.801386179997489, 52.17986441378042], [4.801357057936644, 52.1798552811502], [4.801316882319711, 52.179852834718055], [4.8012877602806805, 52.179843702070706], [4.801280538799897, 52.17983692515398], [4.801258638253588, 52.17983456941623], [4.8012513872637035, 52.17983003937457], [4.801163873670468, 52.1798138757471], [4.801145598629412, 52.17981378501198], [4.8011454805480565, 52.17982277251947], [4.8011527610459614, 52.17982505569074], [4.801152702005996, 52.179829549444484], [4.801181794489479, 52.17984092900201], [4.801258431650928, 52.17985029755464], [4.801291208700251, 52.17985944835194], [4.80132027172711, 52.179873074752265], [4.801418780043805, 52.179887045804016], [4.801433341089448, 52.179891612112385], [4.801444217617602, 52.179898407158], [4.801444158606881, 52.17990290091187], [4.801465970683856, 52.179911997246016], [4.801498806826549, 52.17991665423191], [4.801527928956593, 52.179925786827155], [4.80154254902696, 52.179925859368176], [4.8016189799349, 52.17995095582555], [4.801710207968349, 52.17996264349173], [4.801724769068623, 52.17996720976419], [4.801735586678193, 52.179978498536855], [4.8017501772762685, 52.17998081792918], [4.8017683344309745, 52.17998989607883], [4.801834006901726, 52.17999920987335], [4.801899531987473, 52.180019758016556], [4.801903128048275, 52.18002426989454], [4.801946929398504, 52.180028981126895], [4.801954180491482, 52.18003351112584], [4.80198342070471, 52.180033656100505], [4.801987016775123, 52.18003816797597], [4.802016168561552, 52.180045053573764], [4.802019735159703, 52.180051812325246], [4.802027045216057, 52.180051848565554], [4.802048828010056, 52.18006319166912], [4.8021546175680685, 52.180079445222695], [4.802165494252089, 52.18008624020175], [4.8021873655024345, 52.18009084264847], [4.802190961598093, 52.18009535451772], [4.802223797952231, 52.180100011301995], [4.8022310490849245, 52.1801045412839], [4.802293125714218, 52.180109342955156], [4.802311283032009, 52.18011842102124], [4.802311224108275, 52.18012291477551], [4.802318534176595, 52.18012295099777], [4.802347597689781, 52.18013657714517], [4.8023949953182585, 52.18014580007571], [4.802438826295959, 52.1801482642485], [4.802460697605104, 52.180152866644576], [4.80246429373343, 52.180157378505434], [4.8024716038075566, 52.18015741471828], [4.802500667390082, 52.18017104082795], [4.802617393042359, 52.1801895951598], [4.802646427245457, 52.18020546811085], [4.802679175398475, 52.18021686540021], [4.802744848395529, 52.18022617868816], [4.802773970983858, 52.18023531097614], [4.80277756715053, 52.180239822827495], [4.8028212804972235, 52.180251274367336], [4.802850520856905, 52.18025141912738], [4.802886983007896, 52.180258340699055], [4.802923268583307, 52.1802787435231], [4.802934204294466, 52.18028104467685], [4.802959671909332, 52.18029015882695], [4.802981602198628, 52.180290267371994], [4.803014379926458, 52.180299417691], [4.8030253744995, 52.18029722508171], [4.803098151830476, 52.180322302492414], [4.803138269129624, 52.18032924207331], [4.803189175090679, 52.18034971715733], [4.8031891750906865, 52.18034971715737], [4.803196426362181, 52.18035424707994], [4.80322198232117, 52.180356620541474], [4.803229233597126, 52.180361150462055], [4.803276661061291, 52.18036812616144], [4.803280257289548, 52.18037263799745], [4.803349703337739, 52.18037298152088], [4.803367890387248, 52.18037981254717], [4.803367713934081, 52.18039329381138], [4.803360256774096, 52.180404492040935], [4.803363500104534, 52.18043596640274], [4.803352417284719, 52.180444899675614], [4.803337297062673, 52.18048302427333], [4.803318874684598, 52.18049416826103], [4.803318727627462, 52.18050540264763], [4.803307585957368, 52.18051882967076], [4.803307468309307, 52.1805278171799], [4.803300099348788, 52.18053227477346], [4.803296061916702, 52.18056146609749], [4.803247987112931, 52.18060392170569], [4.803244008470693, 52.1806286192731], [4.803240294563608, 52.18063309494512], [4.803229329334234, 52.18063304069706], [4.803192425554942, 52.18065982238937], [4.803188535131275, 52.18067777932291], [4.803169877282706, 52.18070689830442], [4.803151278249843, 52.180731523528344], [4.803100136490064, 52.18072902344597], [4.803049141862147, 52.18071528895573], [4.803020077757444, 52.18070166298164], [4.802906946812243, 52.180687620894645], [4.802885134061525, 52.18067852482701], [4.802874286557451, 52.18066948303752], [4.802866946964616, 52.180671693726644], [4.802856099465893, 52.18066265193543], [4.802779490008023, 52.180651037542084], [4.8027722387308405, 52.18064650759409], [4.802750367147402, 52.18064190525574], [4.8027322095272345, 52.180632827257504], [4.802666418156694, 52.18063250147049], [4.80265176840713, 52.18063467594542], [4.802651709516822, 52.18063916969951], [4.802658990225332, 52.18064145277787], [4.802713669168121, 52.180652958658406], [4.802728142272795, 52.18066426543817], [4.8027500138648795, 52.180668867780646], [4.802760890783251, 52.18067566270447], [4.802819254311858, 52.18068493975638], [4.802866740924142, 52.180687421866345], [4.802902967973516, 52.18071231844986], [4.802946681815283, 52.18072376994305], [4.802979548140363, 52.180726179640295], [4.803030425054511, 52.18074890166904], [4.80304139031206, 52.180748955935705], [4.803077764628042, 52.18076261807982], [4.8031033502370715, 52.180762744690064], [4.803117882319832, 52.18076955766777], [4.803117588101836, 52.18079202643914], [4.803098783044932, 52.18083237979422], [4.803073079699588, 52.18084124069137], [4.803061967295988, 52.18085242081321], [4.8030581062275735, 52.18086813086473], [4.803054421706881, 52.180870359653554], [4.803046611282385, 52.18090852038703], [4.8030168408050695, 52.180948819461854], [4.803005640077673, 52.180966740209165], [4.802987099702402, 52.18098687165183], [4.802983150309478, 52.18100932233149], [4.802993968489814, 52.181020610987645], [4.802993791920307, 52.18103409224967], [4.802979053767517, 52.18104300739594], [4.802978965480461, 52.181049748026915], [4.802968000149058, 52.1810496937544], [4.802971508112522, 52.18106094623031]]]}}, {"type": "Feature", "properties": {"class": "parcel", "candidate_index": 4, "raw_confidence": 0.49819893907988444, "boundary_alignment_score": 0.49819893907988444, "area_m2": 52816.06258014022, "vertex_count": 497, "vectorization": {"threshold": 0.5, "close_pixels": 5, "boundary_width_pixels": 0, "edge_buffer_pixels": 2, "min_area_m2": 20, "max_area_m2": 250000, "simplify_tolerance_m": 0.25, "min_boundary_alignment": 0.0}, "source_tile_id": "tile-110000-460000", "vectorization_aoi": "vectorization_v2", "calibration": "parameters selected only on train_selected_0; target reference excluded", "parcel_id": "53dea63c-bfc8-5790-bcd5-dea6dda18987", "confidence_score": 0.6749299709612007, "segmentation_score": 0.49819893907988444, "topology_score": 1.0, "edge_alignment_score": 0.5032511074095964, "deviation_from_baseline_score": 0.9972334004024145, "explanation": "Enclosed-face vectorization followed by the frozen 20,000-step PPO debug policy. Reference cadastral geometry was excluded from inference and used only for the comparison report. Invalid, overlap-increasing, alignment-degrading, or CRS-round-trip-invalid candidates were rejected.", "rl_refinement": {"policy_sha256": "36f4975a32bccffc348e88edeab2d4ba8ad88c180503f6316af39efae7223b29", "timesteps": 20000, "debug_policy": true, "before": {"valid": true, "alignment": 0.4994623189171155, "reference": 0.0, "overlap": 0.0, "displacement": 0.0, "jagged": 0.0, "coverage": 1.0}, "after": {"valid": true, "alignment": 0.5032511074095964, "reference": 0.0, "overlap": 0.0, "displacement": 0.002766599597585513, "jagged": 0.01006036217303823, "coverage": 1.0}, "accepted": true, "reward_mean": -0.0011592906200391015, "reward_std": 0.0032822513986521503, "reward_sum": -0.14838919936500503, "rejected_actions": 0, "mean_vertex_displacement_m": 0.005533199195171026}}, "geometry": {"type": "Polygon", "coordinates": [[[4.803537953946088, 52.179953719238505], [4.803530702704784, 52.179949189336554], [4.80349055628341, 52.17994449676663], [4.8034687143727215, 52.17993764768363], [4.803443129235723, 52.179937521153356], [4.80342125792999, 52.179932918939166], [4.803399416035662, 52.179926069843404], [4.803395819831176, 52.17992155801069], [4.803384854776512, 52.17992150377732], [4.803348451641703, 52.17991008860422], [4.803330176555441, 52.17990999820737], [4.803264562727512, 52.17989619149007], [4.803249942663228, 52.179896119162386], [4.803235381429222, 52.17989155307794], [4.803206376636413, 52.17987343339342], [4.8031589202902305, 52.179868704543516], [4.8031151778098184, 52.17985950000591], [4.8030533368319555, 52.179836723747464], [4.803005880541293, 52.17983199483603], [4.802987693770542, 52.17982516375376], [4.802976728740228, 52.179825109482465], [4.8029439807981245, 52.17981371227525], [4.802925852905602, 52.17980238742851], [4.802860180494096, 52.179793074241445], [4.802852929347862, 52.17978854429795], [4.802794596421828, 52.17977702038557], [4.802791000290566, 52.1797725085344], [4.80278003527351, 52.17977245424487], [4.80276550356685, 52.17976564122499], [4.8027143923780855, 52.179760894099324], [4.802670650095739, 52.17975168939705], [4.802616148945344, 52.17972670223208], [4.802554131711643, 52.17971740697652], [4.8025323195069305, 52.179708310842976], [4.802521354506069, 52.17970825652943], [4.802463110132857, 52.17968999182122], [4.802426589601168, 52.17968756387335], [4.802382847450524, 52.179678359064525], [4.80236109421787, 52.17966476914467], [4.802353784224612, 52.17966473292515], [4.80233200154705, 52.17965338987727], [4.802266329480177, 52.179644076359935], [4.8022008637099285, 52.179619034665066], [4.802149782219769, 52.17961204041772], [4.802120660166403, 52.1796029079756], [4.802106040200681, 52.17960283550634], [4.802084198670791, 52.17959598616734], [4.8020551650643135, 52.17958011307719], [4.802025954623934, 52.179577721243454], [4.802007768107433, 52.179570890010226], [4.801949406206328, 52.179561612557634], [4.801934904175898, 52.179552552558235], [4.801923939214278, 52.17955249818926], [4.801905752723742, 52.1795456669403], [4.801858296866215, 52.179540937567815], [4.801829174919197, 52.17953180505377], [4.801799964522791, 52.17952941316413], [4.80175639959323, 52.17950672686001], [4.801712598776147, 52.17950201555728], [4.801705347793975, 52.17949748554326], [4.801665231467481, 52.17949054547568], [4.801610672207647, 52.179470051600866], [4.801596052286565, 52.179469979068514], [4.801585146341569, 52.17946543091378], [4.801548655542334, 52.17946075581725], [4.8015341241257845, 52.17945394264585], [4.801508568775187, 52.17945156881937], [4.801494066870228, 52.1794425087658], [4.80147947646161, 52.17944018934188], [4.801461319589256, 52.17943111114735], [4.8013846535967435, 52.17942398960394], [4.801370151725961, 52.179414929535206], [4.801359186799081, 52.17941487511377], [4.801348310401553, 52.179408080060036], [4.8013300650369874, 52.17940574247661], [4.801308253235032, 52.17939664611698], [4.801289978364575, 52.179396555404495], [4.801220710954709, 52.17938272940874], [4.801180771916533, 52.179362307914076], [4.801129661361289, 52.179357560102616], [4.801096884713767, 52.17934840926013], [4.80103486832569, 52.17933911320679], [4.801024021522172, 52.179330071246156], [4.801002180292687, 52.17932322170695], [4.8009839054531245, 52.17932313094708], [4.80094744436393, 52.17931620878787], [4.800940193489802, 52.17931167872685], [4.800914638252827, 52.17930930477181], [4.8009110423495205, 52.17930479286335], [4.800896452016542, 52.1793024733674], [4.800889230682641, 52.17929569642626], [4.800860109094977, 52.179286563673244], [4.800798092842707, 52.179277267495536], [4.800718008590012, 52.179252152345505], [4.800655992415484, 52.179242856093204], [4.8006523965437085, 52.1792383441769], [4.800637806246039, 52.17923602464895], [4.800616024215179, 52.1792246812845], [4.800575967401953, 52.17921324709299], [4.800539447365659, 52.179210818561614], [4.80049570607456, 52.17920161305376], [4.800422932039846, 52.17917653403807], [4.800375447176025, 52.17917405094669], [4.800357261077741, 52.17916721945928], [4.800342641258597, 52.17916714677177], [4.800320800213963, 52.17916029710655], [4.800306328207421, 52.17914899003024], [4.800299018300885, 52.17914895368357], [4.800284516740411, 52.17913989348144], [4.800237061489048, 52.17913516345754], [4.800142417149255, 52.17910548146111], [4.800054875807402, 52.17909156388868], [4.80000040651014, 52.17906432863938], [4.799931051276126, 52.179057242517615], [4.7998437171923, 52.179027596651196], [4.799821787533893, 52.17902748752394], [4.799796291695478, 52.17902061957341], [4.799756146507693, 52.17901592573409], [4.7997343056275446, 52.1790090759604], [4.799705273241063, 52.17899320229231], [4.7996359477608825, 52.17898386912053], [4.799621416792594, 52.17897705571362], [4.799584956199301, 52.178970133133724], [4.799581360457897, 52.17896562118471], [4.799552239354638, 52.17895648810912], [4.799519374522444, 52.17895407745883], [4.799501188645399, 52.178947245839524], [4.799450137957402, 52.17893800354791], [4.799424760652723, 52.17892214801047], [4.799329939641599, 52.17890594662285], [4.7992826920356695, 52.17888548807897], [4.799209711881942, 52.178876136452025], [4.799198806326185, 52.178871588076845], [4.799169566886698, 52.17887144241328], [4.799155006406654, 52.1788668758256], [4.799144130479106, 52.17886008056874], [4.799144189719795, 52.17885558681555], [4.799136879862583, 52.17885555039698], [4.799129658868602, 52.178848773348136], [4.799031183194876, 52.17883255351093], [4.799023932594318, 52.17882802333223], [4.798998407365719, 52.17882340208597], [4.798987531472668, 52.178816606814735], [4.798976566696688, 52.17881655217212], [4.798972971029236, 52.17881204020451], [4.798870870204572, 52.178793555142576], [4.7988272778505205, 52.17877311463405], [4.798794413193419, 52.17877070378206], [4.798754357257023, 52.17875926897261], [4.798728802454733, 52.17875689454467], [4.798674215802078, 52.178738646189565], [4.798590360208135, 52.178722498878706], [4.79853948787166, 52.17869977493455], [4.798455602745035, 52.178685874404536], [4.79838645595698, 52.178663059240606], [4.7983681813948875, 52.17866296807605], [4.798298916036264, 52.178649140366595], [4.79827716455194, 52.178635549694185], [4.798262574576076, 52.17863322987282], [4.798251698841676, 52.1786264345337], [4.798237079204291, 52.17862636158564], [4.798211613507495, 52.178617246416614], [4.798182403907554, 52.178614853632304], [4.798153283320943, 52.178605720211664], [4.798149687753796, 52.17860120821902], [4.798127817653118, 52.178596605024566], [4.79812422208928, 52.17859209303112], [4.798022122122556, 52.178573607235364], [4.797978530373372, 52.1785531664134], [4.79794932082813, 52.17855077357152], [4.7979092653068856, 52.17853933847538], [4.797887365578134, 52.178536982112696], [4.797872894391411, 52.17852567473796], [4.797847428826781, 52.178516559490376], [4.797803570025419, 52.17851634049059], [4.797792694389568, 52.178509545109215], [4.797767169471775, 52.1785049235969], [4.797756293844259, 52.17849812821214], [4.797756650123482, 52.178471165696635], [4.797764286501012, 52.1784464865613], [4.7978124532435, 52.17839729254667], [4.797831469847128, 52.178341211888046], [4.797864809084298, 52.178307672985596], [4.797864927821567, 52.17829868548003], [4.797876070570925, 52.17828525896718], [4.797876397091819, 52.17826054332668], [4.797891491535472, 52.17822466629634], [4.7979100924183395, 52.178200041893525], [4.797921146085214, 52.17819335600567], [4.797925008727227, 52.178177646117305], [4.79793983597986, 52.17816199096849], [4.7979399547015005, 52.17815300346257], [4.79795855552759, 52.17812837905172], [4.797962388471473, 52.17811491603843], [4.797984614456395, 52.17809255674536], [4.798007315249949, 52.17803424742336], [4.7980183688610865, 52.178027561526086], [4.798029600523543, 52.17800739436834], [4.798048052865081, 52.177994004325406], [4.798074616091718, 52.177919985096004], [4.798089532223833, 52.1778975892976], [4.798100556116641, 52.17789315026891], [4.798107984501854, 52.17788419924498], [4.798108192203704, 52.17786847110845], [4.798123286327043, 52.17783259404556], [4.798160250135837, 52.17780132017309], [4.798171481676799, 52.177781153000865], [4.798175462867187, 52.17775645559618], [4.798186516384166, 52.177749769682656], [4.798227876552637, 52.17766234210834], [4.798235245543509, 52.1776578848294], [4.798242762856478, 52.177642193166065], [4.798264899473791, 52.17762657444821], [4.798276130923145, 52.177606407265294], [4.79828721405022, 52.17759747446529], [4.798313628336152, 52.177534689560154], [4.7983137766413195, 52.177523455175944], [4.7983286331995245, 52.17750555309911], [4.79835807935136, 52.17748997083156], [4.798380097222038, 52.17748333959904], [4.798405680932331, 52.177483467225024], [4.798420211228545, 52.17749028078235], [4.798500498582373, 52.17749966935428], [4.7985586198730985, 52.177526923526266], [4.798584173961655, 52.1775292979905], [4.798631508746852, 52.17754301618541], [4.79865340802759, 52.17754537240974], [4.798693373923135, 52.17756354788499], [4.79879187630961, 52.17757752112634], [4.7988064363318585, 52.17758208775914], [4.798813657072318, 52.177588864828884], [4.798879177222695, 52.17760941465034], [4.798937535925898, 52.17761869361976], [4.79894113149403, 52.17762320558914], [4.7989957761464686, 52.17763696006839], [4.799090594338896, 52.177653161723924], [4.799105184037814, 52.17765548144284], [4.799116030045652, 52.17766452358128], [4.799123339707624, 52.17766456000087], [4.799134185721353, 52.177673602137666], [4.79923262926059, 52.1776920687655], [4.799243475303184, 52.177701110892215], [4.79926894068939, 52.17771022583949], [4.799352883455587, 52.1777196320372], [4.799352824237891, 52.17772412579141], [4.799374694038417, 52.17772872875913], [4.799385540118753, 52.17773777087275], [4.799407409929367, 52.17774237383436], [4.799411005555016, 52.17774688578947], [4.799436559815677, 52.17774926006928], [4.79945477479874, 52.177753844822156], [4.799502169293902, 52.17776306891371], [4.7995203842893845, 52.17776765365639], [4.799531348808351, 52.17776770824806], [4.799538599288614, 52.177772238396216], [4.799560498730463, 52.17777459445238], [4.799578654541637, 52.177783672940436], [4.7996443233032124, 52.177792987951484], [4.799666163574654, 52.17779983774236], [4.799676980138832, 52.17781112670645], [4.799702504859371, 52.17781574780594], [4.7996987908326885, 52.17782022336849], [4.799775365032669, 52.17783408663621], [4.799782615548551, 52.1778386167694], [4.799800889776615, 52.1778387077144], [4.79985182094517, 52.177856937363245], [4.799950353924967, 52.17786866276101], [4.800026691686596, 52.17790050088374], [4.800092360714676, 52.17790981564572], [4.800106920979081, 52.17791438211818], [4.800110487118532, 52.17792114092923], [4.800132327524598, 52.17792799063386], [4.800216241319506, 52.177939643095144], [4.800238081750938, 52.177946492780265], [4.8002452732039975, 52.17795551663966], [4.80028532880358, 52.17796695094408], [4.800314538094193, 52.17796934320761], [4.800347313567892, 52.17797849426781], [4.8003728680118725, 52.17798086834502], [4.800380118612394, 52.17798539844155], [4.80039473804423, 52.17798547112383], [4.800409239252694, 52.17799453131369], [4.800442014764424, 52.1780036823476], [4.8005405482254195, 52.17801540725304], [4.800551424160768, 52.17802220238222], [4.800558733882893, 52.17802223871298], [4.800569580274869, 52.178031280717796], [4.800576889998501, 52.17803131704742], [4.800584111080895, 52.178038094008784], [4.800613231797532, 52.17804722683065], [4.800671591437478, 52.17805650494314], [4.800726148537297, 52.17807699925386], [4.800788163106324, 52.17808629546884], [4.80082456409577, 52.17809771143205], [4.800831785226571, 52.17810448837827], [4.800846375164464, 52.1781068078821], [4.800857251168762, 52.17811360298309], [4.800871870643631, 52.17811367560627], [4.800926546025367, 52.178125182314595], [4.800933796705673, 52.178129712377064], [4.800999407210035, 52.178143520389604], [4.8010139381184365, 52.17815033362771], [4.801090572340391, 52.17815970228764], [4.801166970452023, 52.17818704591809], [4.801181589951628, 52.17818711850298], [4.801196120902129, 52.17819393171862], [4.801225330391107, 52.17819632375693], [4.8012435162275615, 52.17820315511134], [4.801265415972246, 52.17820551085133], [4.801305413037236, 52.17822143856483], [4.8013856728150195, 52.17823307205296], [4.801400233317894, 52.17823763836591], [4.80141110943861, 52.178244433415834], [4.801411050427399, 52.17824892717101], [4.801418360187594, 52.178248963448574], [4.8014401419475385, 52.1782603066665], [4.801509466685319, 52.1782696387784], [4.801560458042862, 52.17828337393489], [4.801578732457889, 52.17828346460489], [4.801582328346881, 52.17828797649374], [4.801604228151348, 52.1782903321709], [4.801622384589346, 52.17829941034462], [4.801695334820244, 52.178311007357344], [4.801698930723262, 52.17831551924269], [4.8017098953803865, 52.17831557363212], [4.801771733563057, 52.17833835059646], [4.801844654412969, 52.178352194394655], [4.801884651816958, 52.1783681219119], [4.801943041622481, 52.178375152518406], [4.801972162838563, 52.178384285005045], [4.801983127513029, 52.17838433936914], [4.802008534899828, 52.178397947480995], [4.802019499577712, 52.17839800184175], [4.802052216770939, 52.178411646184166], [4.802132506557075, 52.178421032286984], [4.8021361025132, 52.17842554415899], [4.802157972946717, 52.17843014661126], [4.802168819762403, 52.17843918846911], [4.802183380413059, 52.17844375468551], [4.802259985924642, 52.17845536946439], [4.802340040161806, 52.17848273044832], [4.802416645781507, 52.17849434512562], [4.802489449282062, 52.17851717603688], [4.802551464834044, 52.17852647132581], [4.802576931369795, 52.17853558555975], [4.802598860795079, 52.17853569417463], [4.802646109557579, 52.17855615139363], [4.802693564452386, 52.178560880448686], [4.80277724461743, 52.17859050611324], [4.8028647564012115, 52.178606668544965], [4.8028828837933375, 52.178617993402696], [4.802897503437843, 52.17861806577524], [4.802912034791488, 52.17862487877971], [4.802992266292069, 52.17863875805392], [4.80302138789595, 52.17864789028179], [4.803028609449869, 52.17865466709355], [4.803039574192488, 52.17865472135962], [4.803061385986572, 52.1786638174004], [4.803076005646474, 52.17866388975082], [4.803094191957929, 52.17867072082024], [4.803123431282455, 52.17867086551113], [4.803203427606609, 52.178702719665594], [4.803261788647731, 52.178711996498066], [4.803272665168166, 52.1787187913765], [4.803294565274621, 52.178721146740216], [4.803301816292702, 52.178725676657244], [4.803312781053213, 52.17872573089789], [4.803349183213271, 52.17873714608285], [4.803374738254173, 52.17873951951061], [4.803392924642362, 52.17874635053397], [4.8034185090958035, 52.1787464770742], [4.803451256377082, 52.17875787415087], [4.80345847801417, 52.17876465093628], [4.803476723229443, 52.178766988190645], [4.803480319349483, 52.17877150002162], [4.803498564568717, 52.17877383727262], [4.803513096065142, 52.17878065020313], [4.803545931591302, 52.178785306619325], [4.803596865376598, 52.17880353465257], [4.803611485083435, 52.17880360693673], [4.803626016606847, 52.178810419853306], [4.803640636316002, 52.17881049213385], [4.803669758165296, 52.17881962420188], [4.803698968199046, 52.17882201562831], [4.803713499741851, 52.178828828534186], [4.803724464528376, 52.17882888273658], [4.803731686218504, 52.178835659505346], [4.80375721194861, 52.17884027972839], [4.803768088575919, 52.17884707456115], [4.803789988771873, 52.17884942983302], [4.803808175268683, 52.17885626079239], [4.80383738533398, 52.17885865218473], [4.803844607046098, 52.17886542894648], [4.8038665072551625, 52.178867784204215], [4.803881038838531, 52.17887459708938], [4.803895658569264, 52.178874669338335], [4.8039174706459775, 52.178883765220974], [4.803935745313256, 52.178883855526315], [4.803968551582651, 52.17889075870317], [4.803975832073812, 52.178893041700604], [4.803975773319914, 52.178897535456926], [4.803986738123749, 52.178897589635035], [4.8039903343059285, 52.178902101450525], [4.804001299110908, 52.17890215562726], [4.80401217579055, 52.178908950437496], [4.804055858779953, 52.17892264839941], [4.8040850395307775, 52.17892728660857], [4.804121588901962, 52.17892746716447], [4.804183576001221, 52.178939008474636], [4.804194364619728, 52.17895254390272], [4.804237900888984, 52.178977476188244], [4.804245063954314, 52.17898874668192], [4.804244711592523, 52.1790157092204], [4.804237225520371, 52.179029154386875], [4.804218803968655, 52.17904029851911], [4.804211494075791, 52.1790402624148], [4.8041967274603925, 52.17905142459572], [4.804181608436897, 52.17908954931268], [4.804181167935326, 52.179123252484814], [4.804158973904857, 52.17914336606669], [4.804137073544852, 52.17914101086315], [4.804122336247193, 52.17914992615643], [4.804111077677572, 52.17917234077181], [4.804099995322271, 52.17918127411752], [4.8040961053952715, 52.17919923108636], [4.804081338698254, 52.179210393252504], [4.804077360644809, 52.17923509085479], [4.804069933230174, 52.17924404225394], [4.8040479447046875, 52.17924842766801], [4.804029552389545, 52.179257324892006], [4.803974698550799, 52.179259300888546], [4.803941892009551, 52.17925239771345], [4.803931015257084, 52.17924560289699], [4.803894524388856, 52.17924092852569], [4.803909085478493, 52.17924549452919], [4.8039089973366496, 52.17925223516317], [4.8039199034674445, 52.17925678310361], [4.803923411531969, 52.179268035554855], [4.803930662702779, 52.17927256543303], [4.803941627598748, 52.17927261961549], [4.803959784913111, 52.17928169742927], [4.803974375400111, 52.179284016546674], [4.804007035091089, 52.179302154102864], [4.804010572556691, 52.17931115967345], [4.804017853118553, 52.179313442668274], [4.804017706242571, 52.17932467705829], [4.804028583027516, 52.179331471866654], [4.80402831865541, 52.179351693768695], [4.8040135225153735, 52.17936510280383], [4.804005801307687, 52.179396522978514], [4.803998432604182, 52.17940098061684], [4.803998256346674, 52.1794144618847], [4.803979922707426, 52.179418865344665], [4.8039541028382295, 52.179436713949116], [4.803950300965956, 52.17944793027844], [4.803939218509803, 52.17945686360854], [4.803935357873095, 52.17947257369317], [4.803898426098654, 52.17950160249165], [4.8038907341676715, 52.179530775779945], [4.803879592914257, 52.17954420285998], [4.8038645028342115, 52.17958008065451], [4.803853508479073, 52.179582273342604], [4.8038387709786905, 52.17959118859949], [4.803838682825323, 52.179597929232976], [4.803812950953076, 52.17960903717235], [4.803750816075415, 52.179608730056614], [4.803732599891217, 52.17960414596668], [4.803710875673261, 52.17958830941713], [4.803681694529451, 52.17958367111525], [4.8036268696695705, 52.17958340007159], [4.80361950089733, 52.17958785768604], [4.803619442106337, 52.179592351441634], [4.80362675208907, 52.17959238758271], [4.803641254476967, 52.17960144737468], [4.803659529437604, 52.17960153772317], [4.803721458571826, 52.179617573031464], [4.803724996004495, 52.17962657861003], [4.803743153418461, 52.179635656456824], [4.803743094639846, 52.179640150212414], [4.8037576264555115, 52.179646963112226], [4.803768415115001, 52.1796604985776], [4.803767827353248, 52.17970543613331], [4.803756744796414, 52.17971436944563], [4.803749229070072, 52.17973006145693], [4.803730807106483, 52.179741205510965], [4.803715658057895, 52.179781577040366], [4.803708259870494, 52.17978828153793], [4.80370042080689, 52.17982868920069], [4.803689367598033, 52.17983537562876], [4.803681881220017, 52.179848820757634], [4.803670857396526, 52.17985326030627], [4.803663282829325, 52.179873446066956], [4.803655914012669, 52.179877903683405], [4.803651847480259, 52.17990934190106], [4.8036113483276806, 52.17993161190402], [4.803600383270204, 52.17993155769064], [4.803570849134659, 52.17995388189288], [4.803537953946088, 52.179953719238505]]]}}, {"type": "Feature", "properties": {"class": "parcel", "candidate_index": 5, "raw_confidence": 0.5010115820914507, "boundary_alignment_score": 0.5010115820914507, "area_m2": 51684.437578753816, "vertex_count": 600, "vectorization": {"threshold": 0.5, "close_pixels": 5, "boundary_width_pixels": 0, "edge_buffer_pixels": 2, "min_area_m2": 20, "max_area_m2": 250000, "simplify_tolerance_m": 0.25, "min_boundary_alignment": 0.0}, "source_tile_id": "tile-110000-460000", "vectorization_aoi": "vectorization_v2", "calibration": "parameters selected only on train_selected_0; target reference excluded", "parcel_id": "d3739e00-27da-5bbd-b107-1ef5f6900120", "confidence_score": 0.6782575936913491, "segmentation_score": 0.5010115820914507, "topology_score": 1.0, "edge_alignment_score": 0.514261799864471, "deviation_from_baseline_score": 0.9908333333333333, "explanation": "Enclosed-face vectorization followed by the frozen 20,000-step PPO debug policy. Reference cadastral geometry was excluded from inference and used only for the comparison report. Invalid, overlap-increasing, alignment-degrading, or CRS-round-trip-invalid candidates were rejected.", "rl_refinement": {"policy_sha256": "36f4975a32bccffc348e88edeab2d4ba8ad88c180503f6316af39efae7223b29", "timesteps": 20000, "debug_policy": true, "before": {"valid": true, "alignment": 0.5096347235764066, "reference": 0.0, "overlap": 0.0, "displacement": 0.0, "jagged": 0.0, "coverage": 1.0}, "after": {"valid": true, "alignment": 0.514261799864471, "reference": 0.0, "overlap": 0.0, "displacement": 0.009166666666666667, "jagged": 0.028177376604034254, "coverage": 1.0}, "accepted": true, "reward_mean": -0.0009375121163200033, "reward_std": 0.003149155161916918, "reward_sum": -0.12000155088896046, "rejected_actions": 0, "mean_vertex_displacement_m": 0.018333333333333333}}, "geometry": {"type": "Polygon", "coordinates": [[[4.7982789192292765, 52.17739520084168], [4.7981986024439705, 52.17738805899597], [4.798154863425795, 52.17737885262097], [4.7981221185151455, 52.17736745407532], [4.798023616804464, 52.17735348027547], [4.79798005592264, 52.177330792574686], [4.7978852388221345, 52.17731459002762], [4.7978197492502614, 52.17729179277777], [4.79775405192241, 52.17728472362893], [4.797724932291374, 52.17727559010193], [4.797710461553938, 52.17726428270545], [4.7977031519590705, 52.177264246198455], [4.797692276643133, 52.177257450806856], [4.797615644693551, 52.17724807994191], [4.7975792452220976, 52.17723666298937], [4.797568280836807, 52.177236608216504], [4.797553750753661, 52.177229794554265], [4.797542786370098, 52.17722973977906], [4.797531911087042, 52.17722294437268], [4.797440719467772, 52.1772090066042], [4.797426159707685, 52.17720443980295], [4.797397188731064, 52.177184071811695], [4.7973716349044695, 52.17718169709063], [4.797327896260452, 52.1771724904093], [4.797320646102544, 52.17716796012529], [4.797298747078451, 52.17716560365385], [4.797233228311018, 52.177145052955375], [4.79714931679828, 52.177133398374664], [4.797102101792508, 52.177110692079154], [4.797003630698272, 52.17709447055192], [4.7969672315094565, 52.177083053410726], [4.7969600111316195, 52.17707627622796], [4.796861510431692, 52.17706230145885], [4.796839670953832, 52.17705545114916], [4.796836105379165, 52.17704869223912], [4.7968106706058204, 52.177037329890496], [4.796737693999372, 52.17702797673707], [4.7966939556377906, 52.17701876982093], [4.79665761607837, 52.17700285883123], [4.796562800159295, 52.17698665522231], [4.7965228654017436, 52.17696623214927], [4.796497311747235, 52.176963857239045], [4.796468192584063, 52.176954723402105], [4.796417085296895, 52.176949973552446], [4.796388025674359, 52.17693634594288], [4.79638071613465, 52.17693630935401], [4.796380775650445, 52.1769318156011], [4.796369870858906, 52.17692726696411], [4.796322418382521, 52.17692253536829], [4.796271400438179, 52.17691104482632], [4.796238745649072, 52.17689290512914], [4.796147555112375, 52.17687896636218], [4.796082096844292, 52.17685392127217], [4.796067477792565, 52.17685384805613], [4.7960456385392085, 52.1768469975996], [4.795983626691036, 52.176837698894445], [4.795943692332598, 52.176817275625396], [4.795863436535757, 52.17680563843908], [4.79585618658646, 52.17680110806509], [4.795830662848106, 52.17679648613431], [4.795823442689479, 52.176789708882026], [4.795794323778544, 52.176780574878876], [4.795695853892764, 52.176764352261245], [4.795652294772771, 52.17674166370156], [4.795561074931224, 52.17672997135801], [4.795484682763753, 52.1767026241003], [4.795415331929177, 52.17669553532823], [4.795393492853899, 52.176688684751056], [4.795382647838694, 52.17667964227044], [4.795375338342137, 52.17667960561937], [4.795368118271662, 52.17667282833919], [4.795353558899664, 52.176668261282394], [4.795262369101416, 52.176654321831954], [4.795251494306632, 52.176647526215476], [4.795226000535122, 52.17664065727777], [4.79522240542211, 52.1766361451951], [4.795189572355851, 52.17663148646476], [4.79518232250341, 52.17662695604936], [4.79512028132171, 52.17661990376708], [4.7950948174086925, 52.17661078792493], [4.795073067894806, 52.17659719666012], [4.795025615909148, 52.176592464543255], [4.7949818783303115, 52.176583256993005], [4.7949637239454255, 52.176574177798], [4.794949134817495, 52.176571857567446], [4.794945539738051, 52.176567345476336], [4.794934575521527, 52.17656729045902], [4.794894522556794, 52.176555854339504], [4.794828826782803, 52.17654878356349], [4.7947707090510985, 52.176521527555224], [4.794708668081946, 52.17651447505671], [4.794635842003819, 52.17649388622419], [4.794624967343755, 52.17648709054994], [4.794533778145705, 52.176473150536935], [4.794479285568644, 52.17644815961279], [4.794406340277438, 52.176436558142804], [4.794391810939094, 52.17642974409143], [4.794380846757288, 52.176429689022676], [4.794351728377996, 52.17642055466379], [4.7943481333712015, 52.176416042554486], [4.794286152342363, 52.17640449608202], [4.794253409139206, 52.176393096463556], [4.79424981414457, 52.17638858435115], [4.794242504696927, 52.176388547630026], [4.794238909703765, 52.17638403551735], [4.794224320676058, 52.17638171519725], [4.7942207256852845, 52.17637720308407], [4.794107668253158, 52.17635865881986], [4.794060395870918, 52.176340445059644], [4.793972921626675, 52.176322029228004], [4.79392202450296, 52.17630155016744], [4.793823556361454, 52.17628532598869], [4.79377993888693, 52.17626713048981], [4.79369605982996, 52.176253226579725], [4.793630603861016, 52.17622818013055], [4.793528511180381, 52.17620969045026], [4.793517636758577, 52.17620289467405], [4.79347027507148, 52.17619142130488], [4.793455656242505, 52.17619134776567], [4.793433817716281, 52.17618449682602], [4.793386396254228, 52.17617751717486], [4.793357278244029, 52.17616838257074], [4.793353683358191, 52.176163870431154], [4.793339094448955, 52.17616155000169], [4.793335499565507, 52.17615703786147], [4.793237061873768, 52.17613856631796], [4.79322984221601, 52.176131788906936], [4.79319709948396, 52.17612038899553], [4.7931788259775825, 52.1761202970289], [4.793102256785875, 52.17610642948399], [4.793073138880509, 52.176097294809814], [4.793055044932199, 52.17608372156993], [4.79296391691253, 52.17606528659331], [4.792916675241345, 52.17604482549964], [4.792883812920309, 52.17604241300398], [4.792872908703826, 52.1760378640439], [4.79282548748628, 52.176030884167545], [4.792785555299304, 52.17601045983017], [4.792741758875739, 52.17600574520146], [4.792730854682748, 52.17600119622833], [4.792672499398533, 52.175991914191975], [4.792658000415155, 52.17598285305167], [4.792639756912109, 52.17598051412596], [4.792625257939094, 52.17597145298161], [4.7926069844952774, 52.175971360926546], [4.7925632480279825, 52.175962152480444], [4.792541319900183, 52.17596204200253], [4.792523166266003, 52.175952962432234], [4.7925160366020405, 52.17593944435081], [4.792505132448342, 52.17593489535689], [4.792402951036871, 52.1759231453302], [4.792392076856682, 52.175916349450276], [4.792384767488424, 52.17591631261413], [4.792373923271535, 52.175907269857], [4.792352085051209, 52.17590041871731], [4.792304634099733, 52.17589568550732], [4.792253618371146, 52.17588419322955], [4.792220995937366, 52.175863805545475], [4.792053120473134, 52.17584498295296], [4.7920166935995, 52.175835811161164], [4.792013098876119, 52.1758312989807], [4.7919912607486435, 52.17582444777423], [4.7919620832967444, 52.175819806576996], [4.791870806350491, 52.17581260513399], [4.79185624761883, 52.175808037646], [4.791841778846886, 52.17579672952996], [4.791819940762763, 52.17578987829185], [4.791820000736085, 52.17578538454111], [4.791801877308524, 52.17577405798444], [4.791802117208905, 52.175756082981344], [4.791816825852037, 52.17574941609901], [4.79184980783884, 52.175742841389905], [4.791926675826659, 52.17573424099245], [4.79197451629052, 52.17570976497317], [4.791985480291473, 52.17570982026525], [4.792007528202049, 52.175700943344346], [4.792025831509678, 52.17569878861661], [4.792070077164978, 52.17566980037805], [4.79210674369115, 52.17566099714918], [4.7921325660990295, 52.17564315112933], [4.792158238638835, 52.17563653948159], [4.7921840310437815, 52.1756209403259], [4.792195174828915, 52.175607514345], [4.79223555586844, 52.17559423574865], [4.792279531613885, 52.17558546931116], [4.792305323946908, 52.175569870128705], [4.792342020304877, 52.175558819950744], [4.792356758761815, 52.17554990612504], [4.792360533252785, 52.175540937041355], [4.792415712530646, 52.17551425080358], [4.792415772443465, 52.17550975705219], [4.79242679630766, 52.17550531855177], [4.792437939990778, 52.175491892547505], [4.792467386862402, 52.17547631174563], [4.79247119127843, 52.175465095782506], [4.792478560479235, 52.17546063886172], [4.792493688257954, 52.17542251563394], [4.792497911993205, 52.175379843409125], [4.7925361356076515, 52.175254202504114], [4.792550993722424, 52.17523630115013], [4.792569386658636, 52.17522740570999], [4.79257316107932, 52.17521843661889], [4.792587869429951, 52.1752117696394], [4.792610306276809, 52.17517368321817], [4.7926176155236, 52.17517372004012], [4.792647062122121, 52.17515813919219], [4.792665335232869, 52.175158231240594], [4.792724078652907, 52.17513830389298], [4.7927643393562755, 52.17513401261754], [4.792771708473023, 52.175129555678], [4.792808284608149, 52.175127492857385], [4.792830272196881, 52.17512310953317], [4.792856034135863, 52.175109757104366], [4.792936585388122, 52.17509892757354], [4.792954978190911, 52.175090032072866], [4.792969626585975, 52.17508785879761], [4.792973341058425, 52.175083383445404], [4.792980650290814, 52.175083420244896], [4.792988049304818, 52.1750767164157], [4.793013691466274, 52.17507235145653], [4.793021060547955, 52.17506789450136], [4.793072285003436, 52.17506365831525], [4.793083308692108, 52.17505921975291], [4.7931382176653825, 52.175052755058395], [4.793189651511647, 52.17503279068845], [4.793248215048821, 52.17502634433575], [4.793273887068808, 52.17501973244374], [4.793295814735689, 52.1750198427849], [4.7933252011758585, 52.17500875551918], [4.7933544081494075, 52.17501114950327], [4.793365282256444, 52.17501794529542], [4.793387150108655, 52.175022549372045], [4.793445145425929, 52.17505879356942], [4.793514343895344, 52.17507711787819], [4.793521563426325, 52.17508389527287], [4.793547026145918, 52.17509301145513], [4.793583542421754, 52.17509544214649], [4.793619939120075, 52.175106860331596], [4.793649146173956, 52.17510925424279], [4.793685423332002, 52.17512965991275], [4.793696387193111, 52.175129715045664], [4.793761901366069, 52.17515026770809], [4.793772775569179, 52.175157063462756], [4.793809262024125, 52.17516174096062], [4.793834724847151, 52.17517085708081], [4.793860307213976, 52.17517098569029], [4.793900418432526, 52.175177928408644], [4.793914947288518, 52.175184742521324], [4.793947749276831, 52.175191648481956], [4.793954968892247, 52.17519842585009], [4.7939695276411305, 52.17520299307971], [4.793991425523586, 52.175205350168014], [4.794009609029741, 52.175212182637246], [4.794053434683949, 52.17521464991865], [4.794144412075315, 52.17524431843644], [4.794217415079887, 52.175251426314894], [4.794257287519467, 52.17527634392317], [4.794355813311029, 52.17528807398682], [4.794421298166454, 52.17531087315989], [4.794527103501312, 52.17532488666695], [4.794530549190167, 52.175340633153866], [4.794566886636144, 52.17535654480001], [4.79462892597258, 52.17536359737201], [4.7946616685173895, 52.17537499688733], [4.794665263472453, 52.17537950898785], [4.794672572755186, 52.175379545682574], [4.7946761677117165, 52.17538405778277], [4.794738117585995, 52.175397850926906], [4.7947710093722735, 52.17539801602939], [4.794800127171102, 52.17540715028551], [4.794829155477647, 52.17542302516406], [4.7948473988689395, 52.17542536375121], [4.794854648492442, 52.17542989418773], [4.794923997269391, 52.17543698328777], [4.794960275278239, 52.17545738856591], [4.79505508736106, 52.17547359346092], [4.795098674761711, 52.17549403536714], [4.795153345434376, 52.17550554474853], [4.795193516789582, 52.17550799327439], [4.7952299440529496, 52.17551716408661], [4.795251722902953, 52.175528508447734], [4.795353844554226, 52.175544749761364], [4.795382962568674, 52.175553883873796], [4.795404681863845, 52.175569721960024], [4.795441079417203, 52.175581139583755], [4.795488530372046, 52.1755858715327], [4.795521243500434, 52.17559951768634], [4.795535772741937, 52.17560633159953], [4.795615996500251, 52.17562021588442], [4.7956232164386945, 52.175626993150445], [4.79563052576301, 52.17562702978592], [4.795648352168925, 52.17566082452321], [4.795651947246858, 52.17566533659361], [4.795655035838336, 52.175708045567745], [4.795665731709094, 52.17572832240799], [4.795665433780212, 52.1757507911748], [4.795646951861783, 52.17576642772724], [4.795646802892486, 52.17577766211057], [4.795639404160745, 52.175784366106036], [4.795639195600934, 52.17580009424252], [4.795627963418368, 52.175820261179695], [4.795631349944193, 52.17584050138705], [4.795616433271061, 52.17586289688183], [4.795601754952744, 52.17586731736183], [4.795590612126588, 52.17588074366534], [4.795571772554901, 52.17592334272459], [4.795571534172595, 52.17594131773718], [4.795578664763703, 52.175954835635345], [4.7956004737123, 52.17596393305507], [4.795677073235321, 52.17597555210348], [4.795695257314285, 52.17598238431289], [4.795713500980216, 52.17598472276636], [4.795724316104056, 52.17599601209411], [4.79573893487387, 52.17599608535222], [4.795742529987864, 52.17600059741967], [4.795753494066373, 52.17600065236175], [4.795793546754498, 52.176012088190326], [4.795826409213819, 52.17601449987587], [4.79584093863703, 52.176021313751214], [4.7958664619331595, 52.176025935679775], [4.79587005706246, 52.17603044774333], [4.79589558036686, 52.17603506966555], [4.795895520803736, 52.17603956341883], [4.795975775231295, 52.17605120058276], [4.795986649991668, 52.17605799613322], [4.795997614084677, 52.176058051052614], [4.796015768471, 52.176067130089365], [4.796037637112785, 52.17607173367508], [4.796044857188219, 52.176078510914955], [4.796143325688859, 52.17609473324122], [4.796161450351618, 52.17610605913226], [4.796197878303192, 52.1761152296457], [4.796259918955833, 52.17612228136127], [4.796325346491988, 52.17614957323109], [4.796380048043625, 52.176158835167726], [4.796409255937064, 52.176161228396616], [4.796427469959115, 52.17616581361653], [4.796442088786085, 52.17616588678762], [4.796449249430697, 52.17617715775637], [4.79647111817144, 52.176181761261816], [4.796565962094845, 52.17619571806712], [4.796602390203259, 52.17620488845579], [4.796605985421458, 52.176209400496994], [4.796616919807312, 52.176211702235676], [4.796638699349578, 52.176223046340496], [4.796733483934661, 52.17624149676495], [4.796737079169071, 52.17624600880214], [4.796766227663322, 52.17625289569633], [4.79677344787887, 52.17625967289169], [4.796799001144994, 52.176262047741815], [4.7968573873826585, 52.17626908086197], [4.79687194677925, 52.17627364773356], [4.796871887314081, 52.17627814148731], [4.796882732534478, 52.176287183831974], [4.796911851347661, 52.17629631756716], [4.7970176300852625, 52.17631257572017], [4.797064873927507, 52.17633303517437], [4.797097766414664, 52.17633319962928], [4.797134224464689, 52.17634012297703], [4.797170831113988, 52.17633581192871], [4.797170920266694, 52.176329071297936], [4.797141801378841, 52.17631993762657], [4.79710159946183, 52.176319736639975], [4.7970870994701365, 52.176310676042824], [4.797065200879316, 52.17630831952837], [4.796999742930143, 52.17628327494535], [4.796981469346849, 52.176283183567556], [4.796945041096136, 52.17627401329581], [4.796915803369216, 52.17627386707632], [4.796857684715565, 52.17624661209328], [4.796788393841852, 52.17623503037466], [4.796701037634246, 52.17620762905619], [4.796624407698477, 52.176198257548855], [4.796591842525952, 52.176173377317276], [4.796551670492906, 52.176170929266625], [4.79649696889048, 52.17616166740948], [4.796431481721918, 52.17613886938823], [4.796391339485639, 52.1761341744063], [4.796387774052061, 52.17612741548187], [4.7963695005342615, 52.176127324009336], [4.796336697480687, 52.17612041872142], [4.796304073003578, 52.17610003216394], [4.796274865155953, 52.17609763890907], [4.796256680940916, 52.17609080678886], [4.796205574666249, 52.17608605684842], [4.7961546767823675, 52.17606557874891], [4.7961109097143, 52.17605861849342], [4.796096380237583, 52.17605180465127], [4.796052583418558, 52.17604709125093], [4.796019959125136, 52.17602670461493], [4.79600899503979, 52.17602664969758], [4.796001745201987, 52.17602211933212], [4.795936050035853, 52.17601504917281], [4.795914211213003, 52.176008198691626], [4.795899652001503, 52.17600363170191], [4.795859629076947, 52.175989949032626], [4.79577206540812, 52.17597827516344], [4.795750196839734, 52.17597367152849], [4.795750286206207, 52.17596693089872], [4.79572850701538, 52.17595558662987], [4.795688365018946, 52.17595089140898], [4.795644717313289, 52.175934943474374], [4.795633842635078, 52.175928147892456], [4.795641807482152, 52.17587875324194], [4.7956713130790805, 52.175858677887064], [4.795675235892782, 52.17583847431367], [4.795686348890967, 52.17582729487863], [4.795705188312357, 52.17578469580017], [4.795749521033176, 52.17574896554875], [4.795757187836969, 52.17572203965592], [4.795786812425111, 52.1756929767644], [4.795786931572047, 52.1756839892575], [4.795819883144527, 52.175679660314394], [4.795878328028051, 52.17568220016474], [4.795903821353324, 52.17568906896199], [4.795958552030317, 52.17569608421698], [4.795994830724045, 52.17571648917717], [4.796089673508024, 52.17573044636477], [4.79611507758285, 52.17574405574677], [4.79614419588391, 52.175753189671475], [4.796257282399888, 52.17576948510851], [4.796268186897296, 52.17577403375638], [4.796271752284702, 52.1757807926848], [4.796279061634916, 52.17578082928013], [4.796300840881024, 52.175792173447654], [4.796333643687793, 52.17579907874562], [4.7963847496476015, 52.17580382863033], [4.796391999489008, 52.175808358972475], [4.7964139275536315, 52.175808468734694], [4.79646850969572, 52.17582671813789], [4.796541424782792, 52.175840565210535], [4.79655598400716, 52.1758451321212], [4.796559549443853, 52.1758518910409], [4.79659229284223, 52.175863290020835], [4.796672547136489, 52.17587492671109], [4.79674531367304, 52.17590000804264], [4.796854716363355, 52.1759185315013], [4.796861936538435, 52.17592530869156], [4.796883805198703, 52.17592991212059], [4.79689468006826, 52.175936707587624], [4.796982184499206, 52.17595287437822], [4.796996743805541, 52.175957441234516], [4.7970039640085185, 52.17596421841612], [4.797022207736446, 52.1759665566673], [4.797025802978047, 52.17597106869591], [4.79704042174247, 52.17597114179271], [4.797069540382019, 52.17598027548924], [4.797116991936736, 52.175985006783954], [4.79713883093388, 52.17599185704282], [4.797171485431806, 52.1760099964933], [4.797259019820461, 52.17602391620171], [4.7972771447385165, 52.176035241921845], [4.79730626346858, 52.17604437555997], [4.797335471337697, 52.17604676855956], [4.797346376013149, 52.1760513171079], [4.79740473235692, 52.176060596834276], [4.7974483214105685, 52.17608103787293], [4.797459285511588, 52.176081092656545], [4.797488404309028, 52.176090226249755], [4.797550445133658, 52.176097277287035], [4.797565004545541, 52.176101844073315], [4.797572224858297, 52.17610862122006], [4.7975977483852645, 52.17611324277438], [4.7976049984003595, 52.17611777304198], [4.797652450158967, 52.17612250412153], [4.797696187841609, 52.17613171068281], [4.797754336547896, 52.17615671837675], [4.79780178836401, 52.17616144939637], [4.797809038407694, 52.1761659796514], [4.797863710607772, 52.176177487777956], [4.797870930978191, 52.176184264906446], [4.797936567346735, 52.176195827743605], [4.797954751862896, 52.17620265960527], [4.797980305160295, 52.176205034199626], [4.797994864651539, 52.17620960093289], [4.798005710083407, 52.17621864317478], [4.798023953968491, 52.17622098127124], [4.798042108834746, 52.176230059996726], [4.798133298643394, 52.17624399730005], [4.798158703635469, 52.17625760624222], [4.7981769475446, 52.17625994431504], [4.798184197642455, 52.17626447454716], [4.798217060419611, 52.176266885567244], [4.798227965239026, 52.17627143403405], [4.798293631490089, 52.17628074979551], [4.798308131717784, 52.176289810244775], [4.79832634598868, 52.17629439517186], [4.798337191508428, 52.176303437383304], [4.798421101774268, 52.17631509111905], [4.79844294113411, 52.17632194113671], [4.798450161615988, 52.176328718229826], [4.798490215293487, 52.17634015314386], [4.798508488904144, 52.17634024428816], [4.7985923696384685, 52.17635414477958], [4.798621340624491, 52.17637451248039], [4.798643180044297, 52.176381362460994], [4.798697912006345, 52.17638837644652], [4.798705162178071, 52.176392906646505], [4.798730685985986, 52.17639752795599], [4.798745186340556, 52.17640658835154], [4.798756150523679, 52.176406643014744], [4.7987634007043, 52.176411173211235], [4.79880716853598, 52.17641813248354], [4.79884722238571, 52.17642956727657], [4.79886169314192, 52.17644087453527], [4.798861041226449, 52.17649030583896], [4.7988383719761, 52.17654636846631], [4.798841493310572, 52.176586830477774], [4.798830351277874, 52.17660025708674], [4.798823012156076, 52.176602467526635], [4.798819238873231, 52.176611436817225], [4.798800816972139, 52.176622580107754], [4.798800668793558, 52.17663381449456], [4.7987821283318945, 52.17665394529149], [4.798763261839355, 52.17669879173595], [4.798741185135584, 52.176709916796185], [4.798711917474982, 52.17671201789865], [4.798671744837636, 52.17670957056908], [4.798613565250358, 52.17668681020505], [4.798547957631211, 52.17667300086684], [4.798533338633525, 52.176672927956396], [4.7984715044173605, 52.17665014929443], [4.79843133184925, 52.17664770188313], [4.798420426917171, 52.17664315343522], [4.798365694686776, 52.17663613932089], [4.798325759414415, 52.17661571685595], [4.798260122326585, 52.17660415423503], [4.798256526909175, 52.17659964224427], [4.798209163574531, 52.17658817077558], [4.798180103637949, 52.17657454360601], [4.798114436978523, 52.176565227781246], [4.798063270613734, 52.176564972399035], [4.798063478323353, 52.17654924425895], [4.798056168845297, 52.17654920777402], [4.79804166858479, 52.17654014729416], [4.798001496139913, 52.176537699736656], [4.797950478199908, 52.17652620991988], [4.797921269983299, 52.17652381707213], [4.797903144703218, 52.176512491451334], [4.797859406604438, 52.17650328496676], [4.797797276107309, 52.17650297472272], [4.797804437148502, 52.1765142456091], [4.7978956274628475, 52.17652818309615], [4.797939187519303, 52.17655087082996], [4.798026782560033, 52.176560296215264], [4.798026693536075, 52.17656703684662], [4.7980412828240455, 52.176569356696916], [4.798055753420746, 52.176580664053986], [4.798084872666691, 52.17658979749988], [4.798099491636172, 52.1765898704658], [4.798132265640264, 52.176599022141204], [4.798183343044239, 52.17660601812511], [4.798226932987968, 52.17662645887559], [4.79830356399999, 52.17663582934313], [4.798329028585886, 52.17664494449376], [4.79835440420753, 52.17666080027057], [4.798460125034258, 52.17668155088595], [4.798478280176676, 52.176690629544005], [4.7985001790308415, 52.17669298579644], [4.798514709084483, 52.17669979934273], [4.798591340283665, 52.17670916962356], [4.798616804970442, 52.176718284712166], [4.798616745680314, 52.1767227784667], [4.798631246117166, 52.176731838875874], [4.79863855562576, 52.17673187532526], [4.798649430958388, 52.17673867063028], [4.798660395222997, 52.176738725302535], [4.79866399069247, 52.176743237280945], [4.798678580071511, 52.176745557052506], [4.798711265388351, 52.17676144919899], [4.798707077101609, 52.176801874767435], [4.798670084864259, 52.17683539569574], [4.798658409142154, 52.17688926607767], [4.798647266978491, 52.17690269266841], [4.798628844913941, 52.176913835931316], [4.798606471612452, 52.176947429737524], [4.79860255002669, 52.176967633406356], [4.79858038420824, 52.17698549906711], [4.798580324913978, 52.17698999282143], [4.798572985715639, 52.176992203245526], [4.798572896773104, 52.17699894387693], [4.798550701278532, 52.17701905640913], [4.798528209265884, 52.17706163770815], [4.79852788311764, 52.17708635335622], [4.7985131453820955, 52.17709526795144], [4.798490860857258, 52.17712212110314], [4.798483136154798, 52.17715354092333], [4.798471934566591, 52.17717146125081], [4.798471549080527, 52.17720067065219], [4.7984310794682905, 52.17722069201056], [4.798408616895082, 52.17726102640795], [4.798378963309637, 52.17729233682774], [4.798375041589888, 52.1773125404876], [4.79836015545637, 52.17733268944794], [4.7983380190186296, 52.177348308184705], [4.798323340479253, 52.177352729001775], [4.798308513631234, 52.17736838420159], [4.798308424647755, 52.17737512483234], [4.798290002303136, 52.17738626804098], [4.79828994297892, 52.17739076179473], [4.7982789192292765, 52.17739520084168]]]}}, {"type": "Feature", "properties": {"class": "parcel", "candidate_index": 6, "raw_confidence": 0.5010212431079708, "boundary_alignment_score": 0.5010212431079708, "area_m2": 42939.437565134285, "vertex_count": 661, "vectorization": {"threshold": 0.5, "close_pixels": 5, "boundary_width_pixels": 0, "edge_buffer_pixels": 2, "min_area_m2": 20, "max_area_m2": 250000, "simplify_tolerance_m": 0.25, "min_boundary_alignment": 0.0}, "source_tile_id": "tile-110000-460000", "vectorization_aoi": "vectorization_v2", "calibration": "parameters selected only on train_selected_0; target reference excluded", "parcel_id": "005ed931-f706-5513-8860-1433ee141c33", "confidence_score": 0.6777607172288915, "segmentation_score": 0.5010212431079708, "topology_score": 1.0, "edge_alignment_score": 0.5092401386549076, "deviation_from_baseline_score": 0.9975416036308623, "explanation": "Enclosed-face vectorization followed by the frozen 20,000-step PPO debug policy. Reference cadastral geometry was excluded from inference and used only for the comparison report. Invalid, overlap-increasing, alignment-degrading, or CRS-round-trip-invalid candidates were rejected.", "rl_refinement": {"policy_sha256": "36f4975a32bccffc348e88edeab2d4ba8ad88c180503f6316af39efae7223b29", "timesteps": 20000, "debug_policy": true, "before": {"valid": true, "alignment": 0.4986215053747098, "reference": 0.0, "overlap": 0.0, "displacement": 0.0, "jagged": 0.0, "coverage": 1.0}, "after": {"valid": true, "alignment": 0.5092401386549076, "reference": 0.0, "overlap": 0.0, "displacement": 0.0024583963691376704, "jagged": 0.007618134484690025, "coverage": 1.0}, "accepted": true, "reward_mean": -0.0008293097910246554, "reward_std": 0.003228287401509142, "reward_sum": -0.10615165325115591, "rejected_actions": 0, "mean_vertex_displacement_m": 0.004916792738275341}}, "geometry": {"type": "Polygon", "coordinates": [[[4.793295564651257, 52.17448954320294], [4.793229812347624, 52.17448696529195], [4.793218938390409, 52.17448016948687], [4.793208243929959, 52.17445989242258], [4.793189971103858, 52.17445980045867], [4.793175472511894, 52.174450739380106], [4.793149890560748, 52.17445061062276], [4.793131677577434, 52.174446024897144], [4.793120803645164, 52.17443922908301], [4.793120863485061, 52.17443473533035], [4.793073713232579, 52.1744075336671], [4.793073982533106, 52.174387311780016], [4.793092674227681, 52.174355947492735], [4.793092793912837, 52.17434695998724], [4.7931262234688905, 52.17430668177214], [4.793133981361689, 52.17427301541582], [4.793145304034169, 52.174246108082556], [4.793152672965884, 52.17424165111827], [4.793152792638553, 52.17423266361257], [4.793174899420368, 52.17421929271689], [4.793197215600209, 52.1741901936819], [4.793205152911548, 52.17414304606117], [4.793212491905164, 52.17414083596956], [4.793212581650361, 52.174134095340065], [4.79324592119802, 52.174100557718745], [4.79326850648155, 52.17405123678059], [4.793283363900065, 52.1740333353296], [4.793301756193624, 52.174024439772495], [4.793312899241907, 52.17401101368119], [4.793328354811197, 52.173948174692434], [4.793335873218744, 52.17393248333335], [4.7933618137618055, 52.17390564953038], [4.793361993205807, 52.17389216827062], [4.793380923739861, 52.17384282892106], [4.79339569132685, 52.173831668085164], [4.793395781043553, 52.17382492745512], [4.793403119975362, 52.17382271735141], [4.7934254358070225, 52.173793618270686], [4.793440741625173, 52.173742013648145], [4.79348147941832, 52.173701772097175], [4.793489207035288, 52.17367035259017], [4.793511582533355, 52.17363675973863], [4.793511702131586, 52.17362777223139], [4.793541356682162, 52.173596463016516], [4.793545310155116, 52.17357401263035], [4.793563881588024, 52.17355163577028], [4.793567715459003, 52.17353817289057], [4.793597310120226, 52.17351135741469], [4.793605187095655, 52.17346870351447], [4.793620163759953, 52.17344181451114], [4.7936275325111435, 52.17343735751633], [4.793631396246296, 52.17342164775736], [4.79365718685339, 52.17340604827095], [4.793668778011028, 52.173358918990104], [4.793676176634665, 52.17335221511518], [4.793691302668006, 52.17331409171737], [4.793717152969685, 52.17329399846355], [4.793743869986737, 52.17320874577035], [4.793751298461217, 52.17319979501352], [4.793765976083089, 52.173195374760674], [4.7937771187836855, 52.173181948623004], [4.793799762780221, 52.17312813381962], [4.7938145599091175, 52.17311472605227], [4.7938146794444805, 52.1731057385439], [4.793829476561447, 52.173092330774544], [4.793840708864579, 52.17307216399933], [4.79384469202164, 52.173047466723666], [4.793859578754723, 52.17302731831898], [4.793863442372075, 52.173011608551036], [4.793870781146842, 52.173009398417754], [4.793885667855381, 52.17298925000962], [4.793904089477051, 52.172978107479004], [4.79392280987215, 52.17294449617366], [4.793922929385104, 52.172935508664885], [4.7939340122179575, 52.17292657626608], [4.793945334063058, 52.172899668848494], [4.793952702692051, 52.172895211832774], [4.793964233650482, 52.17285257627261], [4.793971602269787, 52.17284811925566], [4.793979180014841, 52.17282793409744], [4.793990232934896, 52.17282124857042], [4.793997840541247, 52.17279881653364], [4.794016351676316, 52.17278093335317], [4.794027583816044, 52.17276076655877], [4.794050287037954, 52.172702457948006], [4.794079821112824, 52.17268013610059], [4.7940799704633115, 52.172668901713834], [4.794094856963197, 52.172648753277834], [4.794106357852438, 52.17260836457894], [4.794113786153795, 52.17259941379811], [4.794154313229192, 52.172574900146216], [4.794162189503151, 52.17253224620088], [4.7941695580496795, 52.17252778917123], [4.794184623649843, 52.17249415945855], [4.794199360724344, 52.17248524539585], [4.7942069681675905, 52.17246281334406], [4.794207296666013, 52.17243809769182], [4.794214724918646, 52.172429146904264], [4.794218648084062, 52.172408943367806], [4.7942297307265465, 52.17240001094016], [4.794244736514777, 52.17237087497395], [4.7942594436756805, 52.17236420778105], [4.79428606951457, 52.17228569558168], [4.794300955792873, 52.17226554711799], [4.7943156927684685, 52.17225663304026], [4.794323449401009, 52.172222966591946], [4.79434210944822, 52.17219384896991], [4.794342228874069, 52.17218486145939], [4.794357204660252, 52.17215797235525], [4.794379369760272, 52.17214010747183], [4.794402221470135, 52.17207056439744], [4.79441713747641, 52.17204816904045], [4.794431844505035, 52.17204150182545], [4.794462064506581, 52.171967501691], [4.794484259318826, 52.17194738990924], [4.79448437871518, 52.17193840239818], [4.794499175242517, 52.17192499454127], [4.794532989711799, 52.17185550649465], [4.794544042307504, 52.17184882091413], [4.794547845888548, 52.17183760487573], [4.794558928322818, 52.17182867241595], [4.794577647738999, 52.17179506099855], [4.794578005869845, 52.1717680984642], [4.794589118124409, 52.171756919123595], [4.794593011216515, 52.171738962449886], [4.794615176013383, 52.17172109752038], [4.794637848091893, 52.17166503566202], [4.794648990146244, 52.17165160943749], [4.7946528832048925, 52.17163365276148], [4.7946787619363445, 52.17161131241103], [4.794712784746907, 52.171526096162346], [4.794738633549895, 52.17150600267623], [4.794772536828553, 52.1714297739207], [4.794783619116253, 52.17142084143897], [4.794787452433517, 52.171407378513834], [4.794798504879871, 52.171400692908705], [4.7948175819163295, 52.17134011891299], [4.794850947992352, 52.17130433393877], [4.794851037482526, 52.17129759330438], [4.794862089892104, 52.17129090769317], [4.794869726625216, 52.171266228715005], [4.794877124720291, 52.171259524761595], [4.794877333521149, 52.171243796614434], [4.794918336168796, 52.171183332640915], [4.794948584601623, 52.17110708549053], [4.794963321064453, 52.17109817132942], [4.79496341053711, 52.17109143069462], [4.794981890751099, 52.17107579423398], [4.794993151844884, 52.17105338046212], [4.794997164001711, 52.171026436259474], [4.795037987364014, 52.17097945351139], [4.79506461099691, 52.17090094111428], [4.795108909543625, 52.170867457945256], [4.7951308948064035, 52.17086307418558], [4.795156474707535, 52.170863202510425], [4.795171032166856, 52.17086776959318], [4.795196612070828, 52.17086789790933], [4.79524402817757, 52.17087487683128], [4.795316755955609, 52.170902205930226], [4.795389722243659, 52.1709115599567], [4.7954369596260396, 52.17093202007198], [4.79546981832412, 52.170934431853226], [4.795495308875582, 52.17094130074012], [4.795550033665085, 52.170948316181445], [4.7955681858845445, 52.17095739529174], [4.795567768773328, 52.17098885159078], [4.795560251650667, 52.171004543101915], [4.79554180146369, 52.171017932775264], [4.795530034128661, 52.17107854353371], [4.795522606365637, 52.17108749440696], [4.795511583901939, 52.171091933202085], [4.7955115243087265, 52.17109642695897], [4.7954857952829935, 52.171107533103026], [4.795463511943814, 52.17113438571262], [4.795455577567089, 52.17118153351411], [4.7954481199720265, 52.171192731260795], [4.79542598557255, 52.17120834947096], [4.795414724656652, 52.17123076328375], [4.7954065815964375, 52.1712936392294], [4.795395559070216, 52.17129807801343], [4.795391815354416, 52.17130480032395], [4.795377168319266, 52.171306973903434], [4.795358717951995, 52.17132036354711], [4.795343743052277, 52.171347252783576], [4.795343444999321, 52.17136972156636], [4.795332034971373, 52.17140336976185], [4.795298699013988, 52.17143690799361], [4.79528722931845, 52.17147504994079], [4.795286752386221, 52.1715109999921], [4.795290227862256, 52.17152449958897], [4.795304815358284, 52.1715268197769], [4.795338032155768, 52.17150226905679], [4.795356989285123, 52.171450682486835], [4.795371844996111, 52.17143278076226], [4.795371934407905, 52.17142604012743], [4.795383016574874, 52.17141710758926], [4.7953868795141315, 52.171401397766026], [4.795398021277138, 52.171387971469834], [4.795413234572235, 52.17134310720015], [4.795446600173311, 52.171307322056855], [4.795473074292063, 52.17124004396299], [4.7955027854680505, 52.17120424048094], [4.79551045162856, 52.17117731458202], [4.795517849612696, 52.17117061058816], [4.795521861463481, 52.171143666367726], [4.795532943530096, 52.17113473381482], [4.795540460684485, 52.17111904230575], [4.795551483152029, 52.171114603507924], [4.795570022757203, 52.17109447319805], [4.795596526354558, 52.1710249481951], [4.795622374468912, 52.17100485451257], [4.79564884814136, 52.17093757637513], [4.795659930131227, 52.17092864380985], [4.795663733352439, 52.17091742773318], [4.795682153673347, 52.17090628491903], [4.795693801606517, 52.17085466165757], [4.795720096366235, 52.17080086477378], [4.7957310591666396, 52.17080091971606], [4.795734832573862, 52.17079195051539], [4.795742170890744, 52.17078974026412], [4.795746003863825, 52.17077627730588], [4.795760799625677, 52.17076286928689], [4.795764692157904, 52.17074491257061], [4.795775744293614, 52.170738226872714], [4.795805454891106, 52.1707024233105], [4.795805812268388, 52.17067546076624], [4.795824381356103, 52.1706530835357], [4.795843367337954, 52.170599249999896], [4.795865531066843, 52.17058138483037], [4.7958768213688865, 52.17055672409273], [4.795891646795375, 52.17054106917788], [4.795899461488489, 52.17050290885615], [4.795914286889082, 52.1704872539383], [4.795914465543774, 52.17047377266552], [4.7959368078294675, 52.1704424262091], [4.795940730036791, 52.17042222260703], [4.795955704264165, 52.170395333289456], [4.795970440290533, 52.17038641900077], [4.795985295399485, 52.170368517194674], [4.795985414487908, 52.17035952967923], [4.795996496266432, 52.17035059708115], [4.796019136136131, 52.17029678181932], [4.796033901886812, 52.17028562064359], [4.796034020965152, 52.17027663312787], [4.796052530234445, 52.17025874961736], [4.796052679077555, 52.17024751522265], [4.7960826272612, 52.17019373655502], [4.7960936494459885, 52.17018929770548], [4.796135155465592, 52.17009063635091], [4.796153605090172, 52.17007724658183], [4.796153694380302, 52.17007050594472], [4.796164776053158, 52.17006157333023], [4.79617612558159, 52.17003241880313], [4.79618352327528, 52.17002571476572], [4.796187534618328, 52.16999877051659], [4.79619490254348, 52.169994313357584], [4.79619499182715, 52.16998757272027], [4.7962173039109715, 52.16995847308662], [4.79622835578369, 52.16995178734502], [4.796243478472378, 52.16991366359263], [4.796243686783281, 52.16989793543867], [4.796251054686141, 52.16989347827604], [4.796258601135095, 52.16987553983798], [4.796269623223685, 52.16987110097157], [4.796269682738394, 52.16986660721327], [4.796288132229753, 52.169853217422414], [4.796310771493002, 52.169799402099144], [4.796310920269077, 52.169788167703146], [4.7963221506133005, 52.16976800067723], [4.796340659555399, 52.169750117119406], [4.796352068395036, 52.16971646881502], [4.796359436257048, 52.16971201164545], [4.796374707511135, 52.16966265347798], [4.796404327657565, 52.169633590394376], [4.796438167158564, 52.16956185488784], [4.796467787196517, 52.169532791787624], [4.79648662318963, 52.16949019253292], [4.7965089050884, 52.16946333972035], [4.79650902406818, 52.16945435220271], [4.796531246447901, 52.16943199314452], [4.796546547157856, 52.1693803880726], [4.796557658322618, 52.169369208540346], [4.79656149092591, 52.16935574555172], [4.796576285970179, 52.16934233742613], [4.796599162546295, 52.16927054700592], [4.796606530309849, 52.16926608982039], [4.796621533484424, 52.16923695353221], [4.796647469311962, 52.16921011897813], [4.796677713439487, 52.16913387135204], [4.796685051436792, 52.169131661041035], [4.796685140644153, 52.16912492040226], [4.796699935574486, 52.169111512260464], [4.7967300308776375, 52.16904649901753], [4.796752163745798, 52.16903088055468], [4.796778158836545, 52.16899955221122], [4.7967895968824985, 52.16896365697972], [4.796796994306269, 52.16895695290227], [4.7967972024161964, 52.16894122474444], [4.7968231676942095, 52.16891214327018], [4.7968458950126225, 52.16885158719459], [4.796860719530428, 52.168835932152014], [4.796871741302045, 52.16883149322808], [4.796879257594463, 52.168815801626224], [4.796890338809608, 52.16880686894094], [4.796894260438426, 52.16878666530067], [4.796935376974541, 52.16871721307377], [4.79693549586581, 52.16870822555442], [4.796942863502744, 52.16870376834727], [4.7969655311089845, 52.16864770600577], [4.796972898732905, 52.16864324879666], [4.7969804446782645, 52.16862531030787], [4.796987782576887, 52.168623099977665], [4.7970063502139855, 52.168600722551], [4.7970254230412115, 52.16854014816277], [4.797040336544282, 52.16851775245675], [4.797051387936155, 52.168511066635716], [4.7970515662369, 52.16849758535602], [4.797058904110983, 52.16849537502136], [4.797066390564493, 52.16848193028638], [4.797078006536667, 52.168432553743315], [4.79708923619067, 52.1684123866386], [4.797111368617843, 52.168396768106], [4.797126341455396, 52.16836987862835], [4.797133709017289, 52.16836542140888], [4.7971338278673805, 52.16835643388878], [4.797152543877543, 52.16832282203758], [4.797152692435216, 52.16831158763732], [4.797178716534053, 52.1682780123207], [4.79718269740479, 52.16825331490849], [4.797193897256681, 52.168235394673175], [4.797194224059706, 52.16821067899214], [4.797205245643534, 52.16820624003622], [4.797205364478656, 52.16819725251576], [4.797219980695943, 52.16819732558662], [4.79722372387382, 52.16819060321372], [4.797271553333008, 52.16816612499838], [4.797326364110404, 52.168166398973995], [4.797337266861764, 52.168170947526406], [4.797399326352214, 52.16817575175591], [4.797439342749817, 52.16818943391155], [4.797490440114522, 52.16819418331057], [4.7975013428894515, 52.16819873184785], [4.797526921271691, 52.16819885965655], [4.797537794359463, 52.168205655070636], [4.797581524262525, 52.16821486167522], [4.797610608268397, 52.16822624212316], [4.7976580219504505, 52.16823322007449], [4.797683422244676, 52.16824682913074], [4.797716190040129, 52.16825598092547], [4.797727063170688, 52.16826277632219], [4.79772700380557, 52.168267270082644], [4.797741531001418, 52.16827408372978], [4.797741471637736, 52.168278577490256], [4.797755998839474, 52.16828539113558], [4.797766723580341, 52.168303420929846], [4.797766515816107, 52.16831914909162], [4.79773707552472, 52.16833473124509], [4.797737016160489, 52.16833922500554], [4.797722281164154, 52.168348139519516], [4.79771075497768, 52.168390775487275], [4.797666045246074, 52.168455715976535], [4.797661827136109, 52.1684983884458], [4.797650716465424, 52.16850956808444], [4.79763238668972, 52.16851397057235], [4.797632327314633, 52.16851846433264], [4.797621305695878, 52.16852290332809], [4.797613878779535, 52.168531854338156], [4.797591033908912, 52.168601398087176], [4.797561326148833, 52.168637202116315], [4.797557315761107, 52.168664146419914], [4.797546115946736, 52.1686820666885], [4.797545819026244, 52.16870453548881], [4.797534767660238, 52.168711221355956], [4.797530965099543, 52.168722437498246], [4.797519973113653, 52.16872462960394], [4.797490473078459, 52.168744705454266], [4.7974787090023785, 52.16880531643575], [4.797471163226522, 52.16882325495609], [4.797437830810882, 52.16885679381257], [4.797433820328311, 52.168883738110885], [4.797426452710514, 52.16888819534859], [4.797426066633127, 52.16891740478744], [4.79737434472862, 52.16895983983744], [4.797351558667176, 52.16902488977439], [4.797318255714314, 52.169056181715746], [4.79729532099612, 52.169132466039514], [4.797273039736223, 52.16915931900317], [4.7972620179232575, 52.16916375796425], [4.797254590827698, 52.16917270895042], [4.797239261300712, 52.16922656099708], [4.797228061216581, 52.169244481233285], [4.7972207232274675, 52.16924669157809], [4.797198441865389, 52.169273544526874], [4.797198233894905, 52.1692892726847], [4.797187033778468, 52.1693071929168], [4.797183052813747, 52.169331890324514], [4.797138579071405, 52.169378855563636], [4.797116000450349, 52.1694281772923], [4.797115733021119, 52.16944839920874], [4.797078656561357, 52.16948866032685], [4.797059523961095, 52.16955372847241], [4.797052096759713, 52.16956267944509], [4.797022625677876, 52.1695805082948], [4.797007771248382, 52.1695984102349], [4.796999749621982, 52.16965229879406], [4.796992322392136, 52.16966124976279], [4.796981300427123, 52.16966568869706], [4.796973754304447, 52.169683627182486], [4.796962672887476, 52.16969255987394], [4.796962524275952, 52.169703794271165], [4.796951413128831, 52.169714973840954], [4.7969474319963945, 52.16973967123874], [4.79693991557097, 52.16975536284228], [4.796932547759637, 52.169759820048185], [4.796932428864123, 52.16976880756586], [4.796917693234038, 52.169777721976224], [4.796913920151116, 52.16978669121673], [4.7969028981472865, 52.16979113014356], [4.796891757237439, 52.169804556586925], [4.796876664866585, 52.16984043354467], [4.796876486505988, 52.16985391482086], [4.796865375299786, 52.16986509438219], [4.79684650978006, 52.16990994057421], [4.796831625440644, 52.16993008937019], [4.796823841376567, 52.16996600287946], [4.7968127895893495, 52.16997268867698], [4.796812730129165, 52.16997718243558], [4.7967980538678985, 52.16998160307194], [4.796794280743526, 52.16999057230828], [4.796779515280679, 52.17000173358019], [4.796764482217418, 52.17003311676359], [4.796764333554505, 52.170044351159895], [4.796723334459636, 52.17010481579217], [4.796704230809155, 52.170167636992836], [4.796696862906071, 52.17017209418357], [4.7966967736977555, 52.17017883482112], [4.796674699713521, 52.17018995951132], [4.79665987467864, 52.170205614526076], [4.796644633290458, 52.17025272584688], [4.796629808224087, 52.17026838085759], [4.796629689265818, 52.17027736837414], [4.796614834445649, 52.170295270262], [4.796614685743911, 52.17030650465756], [4.796603604099934, 52.170315437313945], [4.796584678641094, 52.17036477721812], [4.796573596976592, 52.17037370987161], [4.796573507749125, 52.17038045050882], [4.796555087867989, 52.1703915934638], [4.796551255172515, 52.17040505644966], [4.796543916958884, 52.170407266751525], [4.796525259099593, 52.17043638473405], [4.796525021139696, 52.170454359766175], [4.7965138204586495, 52.170472279929925], [4.7965098985063275, 52.17049248355123], [4.7964876160916, 52.1705193363585], [4.7964687499129965, 52.17056418248407], [4.796457697924125, 52.17057086824728], [4.7964427239397525, 52.170597757628094], [4.796413192427898, 52.17062008007887], [4.796413073424761, 52.17062906759452], [4.796394415386788, 52.17065818555495], [4.796390374355801, 52.170687376687106], [4.796360842758294, 52.170709699124274], [4.796349403914136, 52.17074559430218], [4.796338232843691, 52.170761267569304], [4.796334191766334, 52.1707904586989], [4.79631577165584, 52.170801601615395], [4.7963156823883, 52.17080834225181], [4.796297202752206, 52.170823978922954], [4.796278187463235, 52.17088005940915], [4.796244793089809, 52.17091809167052], [4.796237038137759, 52.17095175825533], [4.796229640297961, 52.170958462294664], [4.796229461735994, 52.17097194356701], [4.796218201283681, 52.17099435745808], [4.7961923832055495, 52.17101220439292], [4.796188580109022, 52.171023420486655], [4.79617007057566, 52.171041304015816], [4.796154500974948, 52.17111313093038], [4.796124968976914, 52.171135453306306], [4.796109994601243, 52.17116234264165], [4.796109845768592, 52.171173577034686], [4.796087443700699, 52.17120941727664], [4.796087294862166, 52.17122065166959], [4.796076272421492, 52.17122509051733], [4.796076212884937, 52.17122958427452], [4.796065190440952, 52.171234023121286], [4.796054048917152, 52.171247449481214], [4.796031289520008, 52.17131025225437], [4.79602020750925, 52.17131918485391], [4.796020088424505, 52.17132817236796], [4.795994061665879, 52.17136174740739], [4.7959825032648, 52.17140663005894], [4.795967766902984, 52.17141554434704], [4.795953119859228, 52.17141771799795], [4.795930955748454, 52.1714355831808], [4.7959154451759, 52.17150291630135], [4.795878217026489, 52.17155441141568], [4.795862885008515, 52.17160826325767], [4.795855457223564, 52.17161721415096], [4.795844434661749, 52.171621652976626], [4.795844375101149, 52.171626146733296], [4.795822300187295, 52.1716372712599], [4.795814842607542, 52.17164846902883], [4.79580729567744, 52.171666407432305], [4.795806908508459, 52.17169561685025], [4.795795796573982, 52.171706796306175], [4.7957919337518105, 52.17172250614211], [4.795762341598943, 52.17174932218058], [4.7957468008755715, 52.171818902153014], [4.7956987879303625, 52.171856860996826], [4.7956912409180195, 52.17187479939202], [4.795690823882408, 52.17190625568661], [4.795686901428736, 52.17192645927482], [4.795679503344149, 52.17193316327825], [4.795679294821934, 52.17194889142535], [4.79566099322803, 52.171951046723805], [4.795653595135462, 52.17195775072559], [4.795627150650107, 52.172022781973254], [4.795605015900118, 52.17203840021422], [4.795586446122995, 52.17206077740386], [4.795582612989846, 52.172074240353744], [4.795571530698981, 52.17208317290946], [4.795567518791414, 52.172110117127175], [4.79552289158395, 52.1721683161182], [4.795496416983724, 52.17223559421173], [4.7954816206522395, 52.1722490021933], [4.795477787471059, 52.17226246513923], [4.7954666753124355, 52.17227364456269], [4.795451402148523, 52.17232300258754], [4.795440319769427, 52.17233193513046], [4.795436516370029, 52.172343151196955], [4.795414351591397, 52.172361016278835], [4.795399137946134, 52.172405880540225], [4.7953917695423485, 52.17241033764692], [4.795384043486926, 52.1724417572878], [4.795365503235504, 52.17246188756283], [4.795358164624621, 52.17246409778952], [4.795354331387445, 52.17247756073089], [4.795346962967324, 52.1724820178348], [4.79532824383999, 52.172515629370736], [4.795324201938247, 52.17254482045568], [4.795294608957114, 52.172571636371764], [4.795275591654392, 52.172627716676416], [4.795264538974586, 52.17263440232446], [4.795256961844113, 52.17265458756677], [4.795249623196132, 52.172656797786644], [4.795234737214593, 52.172676946369116], [4.795227398561832, 52.17267915658758], [4.795204637262788, 52.172741959182865], [4.795197209156205, 52.172750910032455], [4.795178817765642, 52.17275980588834], [4.795175014263608, 52.17277102194538], [4.795163931717587, 52.17277995446142], [4.795144765077784, 52.172847269130784], [4.795129789532878, 52.17287415833209], [4.795096482139072, 52.17290544961878], [4.795084952248612, 52.17294808529089], [4.795073720539039, 52.17296825218593], [4.795062667744464, 52.172974937814466], [4.795055060642963, 52.17299736991994], [4.795047692106934, 52.17300182700457], [4.7950437692637005, 52.17302203056698], [4.795032626984042, 52.17303545682524], [4.795032477871898, 52.17304669121282], [4.7950175021919215, 52.17307358039872], [4.795002765085655, 52.173082494562614], [4.794998901863189, 52.17309820436829], [4.794984164745064, 52.17310711852977], [4.7949691591898445, 52.173136254586645], [4.79497263469438, 52.17314975418916], [4.794957778248752, 52.173167655857085], [4.794946665733565, 52.17317883522935], [4.7949429217911765, 52.17318555752313], [4.794942862137025, 52.17319005127794], [4.794931719784862, 52.17320347752614], [4.794920577425972, 52.173216903773266], [4.794897934735363, 52.17327071879291], [4.79487217447028, 52.17328407167426], [4.7948610320732605, 52.17329749791549], [4.794857258276456, 52.1733064670837], [4.794849651014483, 52.173328899174436], [4.794841924415619, 52.17336031877395], [4.794830811823246, 52.17337149813477], [4.7948307223245905, 52.17337823876674], [4.7948233835363885, 52.17338044895961], [4.794808526953718, 52.17339835060784], [4.794800680975868, 52.17343875771333], [4.794789299838184, 52.17347015896558], [4.7947410157588415, 52.1735283393002], [4.794725950225456, 52.173561969078], [4.794714867392509, 52.17357090155017], [4.794714748036905, 52.173579889059], [4.794685124160311, 52.173608951692984], [4.794662480984882, 52.173662766663114], [4.794621684603997, 52.17370750237795], [4.794595028651638, 52.17378826151052], [4.794572922508634, 52.1738016326741], [4.794572832969884, 52.17380837330535], [4.794550547725909, 52.17383522572706], [4.794550129861958, 52.173866682005716], [4.794542552196773, 52.1738868671971], [4.794535213310574, 52.173889077371676], [4.794531409549341, 52.17390029340543], [4.7945203862911345, 52.173904732104596], [4.794520326593169, 52.173909225858665], [4.7945056189607484, 52.173915893081585], [4.794501755489884, 52.17393160286827], [4.794490642669469, 52.17394278219566], [4.79448657023583, 52.173974220120634], [4.794471653616384, 52.17399661547802], [4.7944568862433155, 52.17400777644868], [4.794445624128378, 52.17403019015635], [4.794430170103706, 52.17409302929287], [4.794422741615803, 52.17410198009108], [4.79440443907808, 52.17410413519236], [4.794382273008898, 52.17412200007301], [4.794378260194733, 52.17414894423941], [4.794370801830328, 52.17416014191109], [4.794370324122063, 52.17419609194084], [4.794358972343568, 52.17422524626988], [4.794336836054349, 52.17424086426466], [4.794307510091357, 52.174247458031374], [4.794270665988785, 52.17426974320942], [4.794223007514825, 52.17428073890934], [4.794182777586681, 52.174282783807755], [4.79407631765522, 52.17431820128113], [4.794010416182116, 52.174326858188884], [4.794003047321785, 52.174331315206764], [4.79397009657169, 52.17433564364475], [4.793966382261703, 52.17434011902911], [4.793940710735346, 52.17434673107331], [4.793874868957832, 52.17435089415183], [4.793860161083351, 52.17435756129349], [4.793816186857858, 52.17436632832426], [4.793794110080736, 52.174377452463254], [4.793761129388854, 52.174384027719334], [4.793695317430874, 52.17438594382105], [4.79367350964259, 52.1743768460484], [4.793673898239006, 52.17434763665315], [4.793685130930836, 52.174327469897655], [4.793707267490872, 52.17431185202575], [4.793714815716932, 52.174293913766824], [4.793715503183741, 52.17424223560482], [4.793723021505166, 52.17422654422178], [4.793719426737998, 52.174222032091926], [4.793704838444315, 52.17421971170786], [4.793689981132363, 52.17423761321155], [4.793689801785683, 52.17425109447123], [4.79367503413285, 52.17426225534306], [4.793663562313197, 52.17430039711048], [4.793633937272282, 52.174329459475196], [4.7936037740727135, 52.174398965609775], [4.793589006349285, 52.1744101264705], [4.793515616122471, 52.17443222759876], [4.793489824871161, 52.17444782705041], [4.793467807777439, 52.17445445737514], [4.793383573344752, 52.17446751576125], [4.793379858964949, 52.17447199112698], [4.7933431637581005, 52.17448304163155], [4.793310242743009, 52.174485123008495], [4.793295564651257, 52.17448954320294]]]}}, {"type": "Feature", "properties": {"class": "parcel", "candidate_index": 7, "raw_confidence": 0.49911354057257995, "boundary_alignment_score": 0.49911354057257995, "area_m2": 10750.968766313394, "vertex_count": 232, "vectorization": {"threshold": 0.5, "close_pixels": 5, "boundary_width_pixels": 0, "edge_buffer_pixels": 2, "min_area_m2": 20, "max_area_m2": 250000, "simplify_tolerance_m": 0.25, "min_boundary_alignment": 0.0}, "source_tile_id": "tile-110000-460000", "vectorization_aoi": "vectorization_v2", "calibration": "parameters selected only on train_selected_0; target reference excluded", "parcel_id": "ecbf867d-5b74-57de-9b0e-cbb0b07374d4", "confidence_score": 0.6734869276170402, "segmentation_score": 0.49911354057257995, "topology_score": 1.0, "edge_alignment_score": 0.49626002460718155, "deviation_from_baseline_score": 0.9994612068965517, "explanation": "Enclosed-face vectorization followed by the frozen 20,000-step PPO debug policy. Reference cadastral geometry was excluded from inference and used only for the comparison report. Invalid, overlap-increasing, alignment-degrading, or CRS-round-trip-invalid candidates were rejected.", "rl_refinement": {"policy_sha256": "36f4975a32bccffc348e88edeab2d4ba8ad88c180503f6316af39efae7223b29", "timesteps": 20000, "debug_policy": true, "before": {"valid": true, "alignment": 0.49411191170414287, "reference": 0.0, "overlap": 0.0, "displacement": 0.0, "jagged": 0.0, "coverage": 1.0}, "after": {"valid": true, "alignment": 0.49626002460718155, "reference": 0.0, "overlap": 0.0, "displacement": 0.0005387931034482759, "jagged": 0.0021551724137931034, "coverage": 1.0}, "accepted": true, "reward_mean": -0.0010925337466562378, "reward_std": 0.0023826555370589325, "reward_sum": -0.13984431957199847, "rejected_actions": 0, "mean_vertex_displacement_m": 0.0010775862068965517}}, "geometry": {"type": "Polygon", "coordinates": [[[4.796664151648697, 52.16794961941765], [4.796605865541774, 52.16793584556828], [4.796547490245929, 52.16792881233012], [4.796518406705925, 52.1679174316203], [4.79650379058184, 52.167917358462596], [4.7965002852710406, 52.167906105772964], [4.79646742874605, 52.16790369428064], [4.796434691213978, 52.167892295259335], [4.796416421069397, 52.16789220379907], [4.7963653836682925, 52.1678829601754], [4.796339805471517, 52.167882832115176], [4.796292422124447, 52.167873606754604], [4.796255822338805, 52.16787791754701], [4.796252108798138, 52.16788239300955], [4.796233838658099, 52.167882301520976], [4.796226590117705, 52.16787777116488], [4.796226857937709, 52.16785754924562], [4.7961979828406545, 52.1678304402973], [4.796198399469031, 52.16779898397822], [4.7962099567036836, 52.1677541012759], [4.7962284946094575, 52.1677339708484], [4.796243229700191, 52.167725056520084], [4.796243408241068, 52.167711575240176], [4.796250775781977, 52.16770711807534], [4.796250894807663, 52.167698130555344], [4.796258292101633, 52.16769142651], [4.796269789736926, 52.167651037560915], [4.79630665711704, 52.1676265048434], [4.79631054915089, 52.167608548098656], [4.796329146455334, 52.16758392389449], [4.796333097980668, 52.167561473388716], [4.796340465487788, 52.16755701621809], [4.796355438505747, 52.16753012683469], [4.796359419763758, 52.16750542944773], [4.796385681981638, 52.16745387926048], [4.7963896632159395, 52.167429181872166], [4.796415627875249, 52.16740010047908], [4.796419549592779, 52.167379896849845], [4.796426917061219, 52.1673754396736], [4.796427036050267, 52.167366452152905], [4.796434403515738, 52.167361994976176], [4.79643452250323, 52.16735300745542], [4.796441889965732, 52.167348550278234], [4.7964532386158325, 52.16731939570956], [4.79646806275992, 52.16730374071163], [4.796479470870478, 52.16727009237969], [4.796494235501372, 52.167258931138775], [4.796509386783884, 52.16721856045268], [4.796516813701869, 52.16720960951017], [4.79652783510512, 52.167205170616505], [4.796550115832303, 52.16717831778382], [4.7965689804836265, 52.167133471616786], [4.796587488229641, 52.167115588010354], [4.796598955678177, 52.167077445904845], [4.796613749952878, 52.167064037768164], [4.796621295772893, 52.16704609929726], [4.79662904974431, 52.16701243266317], [4.7966586976939825, 52.1669811226191], [4.796692415823179, 52.16691837452498], [4.796722093397648, 52.16688481758389], [4.796748444020356, 52.16682652666779], [4.796763297626368, 52.166808624750566], [4.796778032304124, 52.166799710353466], [4.79678201326144, 52.16677501294865], [4.79680069914033, 52.16674364802416], [4.7968046800799735, 52.16671895061826], [4.796823276739175, 52.166694326331495], [4.796823365919301, 52.16668758568971], [4.796838130270962, 52.16667642440432], [4.796856845793845, 52.166642812589586], [4.796857024143652, 52.16662933130597], [4.7968682831646765, 52.166606917334924], [4.796901495429369, 52.1665823661471], [4.796909278829656, 52.16654645261074], [4.79696126584488, 52.16648379581719], [4.796973000280034, 52.16642543174403], [4.796980426972437, 52.16641648077073], [4.796988121125306, 52.16638730787031], [4.796995458654999, 52.16638509753823], [4.797021452025986, 52.166353769124335], [4.797021600608134, 52.16634253472048], [4.797036394511426, 52.16632912652853], [4.797047801941375, 52.16629547813501], [4.79705891220928, 52.16628429854816], [4.797062774106903, 52.16626858865474], [4.797081311008425, 52.166248458086514], [4.797088886214227, 52.166228272701794], [4.797096253425319, 52.16622381548256], [4.797107631070944, 52.16619241396336], [4.797137159296181, 52.16617009131679], [4.797140932025468, 52.166161122063066], [4.797148269510377, 52.166158911721325], [4.797171084096223, 52.1660916149089], [4.797197017757536, 52.166064780216175], [4.797197166294214, 52.16605354581143], [4.797231001782661, 52.16598181002738], [4.797245736093451, 52.16597289557005], [4.797249538488699, 52.16596167943144], [4.797268075177986, 52.16594154883252], [4.797268193992596, 52.165932561308445], [4.79728670095863, 52.16591467758745], [4.797290651851003, 52.16589222704227], [4.797305504927144, 52.1658743250531], [4.797305623733979, 52.16586533752895], [4.797316733829824, 52.16585415791679], [4.797343023662445, 52.1658003606176], [4.797361619639905, 52.16577573624109], [4.797372610906366, 52.16577354414785], [4.797376383554493, 52.16576457488585], [4.797391117764388, 52.16575566040985], [4.797391236553568, 52.16574667288532], [4.797406119237221, 52.165726524001805], [4.797410070052478, 52.16570407345174], [4.797435914259104, 52.16568397934766], [4.79744340012392, 52.16567053458145], [4.797454925852602, 52.165627898619206], [4.797462292927833, 52.16562344137642], [4.797469867854101, 52.16560325596471], [4.797503049347511, 52.165580951482845], [4.797503375953947, 52.16555623578933], [4.79751478283191, 52.16552258734533], [4.797533200458739, 52.16551144422781], [4.797548082999456, 52.16549129532529], [4.797613822305797, 52.16549387081432], [4.79766111435223, 52.16550983628848], [4.7977559062980015, 52.16552603901064], [4.797821348913597, 52.16555108319736], [4.7978542037811325, 52.165553494311034], [4.79789062347468, 52.16556266430612], [4.797916170676346, 52.16556503890958], [4.797948788206953, 52.16558542504784], [4.798025578194737, 52.16558131439677], [4.798028757394579, 52.16561728274117], [4.797998903649035, 52.16566432130918], [4.797998725649295, 52.165677802597344], [4.797987467432137, 52.16570021668104], [4.797954137746832, 52.16573375570548], [4.7979236014224975, 52.16583247252274], [4.797890360606809, 52.165859270884496], [4.7978829045173175, 52.16587046879758], [4.797882756154104, 52.1658817032037], [4.797871616519781, 52.165895129750574], [4.797871438480381, 52.165908611037864], [4.797856466923527, 52.16593550062335], [4.797856318553377, 52.16594673502936], [4.797815354401133, 52.16600495321045], [4.797800056331513, 52.16605655848083], [4.7977555568375, 52.16610577086599], [4.797736545415677, 52.166161851638535], [4.797729207959276, 52.166164062016904], [4.797717949483124, 52.16618647607265], [4.797710582340171, 52.16619093333093], [4.797702680919824, 52.166235834447484], [4.797691363046861, 52.166262742262376], [4.797683995888631, 52.16626719951892], [4.797680193576212, 52.16627841567108], [4.797661775668608, 52.16628955880962], [4.797635723413362, 52.16632538112762], [4.797631832026743, 52.166343337921], [4.7976207218874265, 52.16635451756183], [4.797616741432763, 52.16637921499744], [4.797587005492196, 52.16641726592989], [4.797567845279169, 52.16648458107627], [4.797531009228141, 52.166506867314276], [4.7975235826309435, 52.166515818322274], [4.79750837312272, 52.16656068290698], [4.7974749830447285, 52.16659871555122], [4.797467348561527, 52.16662339472118], [4.797456238311032, 52.16663457434583], [4.797456089837066, 52.16664580874981], [4.797441295954306, 52.166659216993665], [4.797437345068256, 52.16668166754101], [4.7974113814940935, 52.16671074916412], [4.797407489982968, 52.166728705948714], [4.797396349993271, 52.166742132448206], [4.7973961421079325, 52.16675786061338], [4.797388715441729, 52.16676681161235], [4.797384794217989, 52.16678701527671], [4.797347542019641, 52.16684075778566], [4.797321103065254, 52.16690578947856], [4.797306398163193, 52.1669124570628], [4.797298971453148, 52.16692140805583], [4.797298852641306, 52.16693039557835], [4.7972877719754194, 52.1669393283057], [4.797287653161257, 52.16694831582821], [4.797269056651647, 52.16697294018736], [4.797268908129083, 52.16698417459037], [4.797254054666981, 52.16700207657097], [4.79723192298355, 52.16701769513526], [4.797216713009035, 52.167062559677795], [4.797212643143681, 52.16709399773801], [4.797205156968806, 52.16710744248585], [4.797172003897885, 52.16712749999563], [4.79715302101283, 52.16718133378204], [4.797134483754312, 52.16720146435775], [4.797134364908362, 52.16721045187969], [4.797127027249602, 52.16721266221986], [4.797115887054169, 52.16722608869139], [4.797100409471799, 52.167291175140974], [4.797089180107105, 52.16731134225107], [4.797067107642174, 52.167322467022494], [4.797052283701757, 52.167338122095934], [4.797052105407258, 52.16735160337826], [4.797041024587098, 52.16736053608154], [4.797025784585295, 52.16740764747671], [4.797018298301136, 52.16742109221184], [4.79699257177264, 52.167432198695224], [4.796985144912761, 52.16744114966749], [4.7969808668124605, 52.16748831587961], [4.796969518463567, 52.167517470498716], [4.796910578919299, 52.167553128165984], [4.796905914325523, 52.16762950381747], [4.7968984576915235, 52.167640701664084], [4.796872641831246, 52.16765854876146], [4.796864858203862, 52.167694462288175], [4.7968498557108825, 52.16772359861599], [4.796835180195578, 52.16772801925983], [4.796827782982059, 52.16773472334143], [4.796820474949615, 52.16773468678203], [4.796801996767716, 52.16775032354272], [4.796790618505353, 52.1677817250231], [4.796790350941486, 52.167801946944316], [4.7967717240696635, 52.167828818100645], [4.796764386291192, 52.167831028417844], [4.796749532343556, 52.16784893033157], [4.79675288905646, 52.1678714174145], [4.796763761946427, 52.16787821290001], [4.796763613292687, 52.167889447300496], [4.796752591743474, 52.1678938862154], [4.7967412431412475, 52.16792304081005], [4.796726389153552, 52.16794094272055], [4.796715337854669, 52.16794762851195], [4.796664151648697, 52.16794961941765]]]}}, {"type": "Feature", "properties": {"class": "parcel", "candidate_index": 8, "raw_confidence": 0.5002422102843411, "boundary_alignment_score": 0.5002422102843411, "area_m2": 9954.000015129832, "vertex_count": 305, "vectorization": {"threshold": 0.5, "close_pixels": 5, "boundary_width_pixels": 0, "edge_buffer_pixels": 2, "min_area_m2": 20, "max_area_m2": 250000, "simplify_tolerance_m": 0.25, "min_boundary_alignment": 0.0}, "source_tile_id": "tile-110000-460000", "vectorization_aoi": "vectorization_v2", "calibration": "parameters selected only on train_selected_0; target reference excluded", "parcel_id": "dfb2495a-db5b-5431-b111-d4b7fc34bf74", "confidence_score": 0.6755612067744177, "segmentation_score": 0.5002422102843411, "topology_score": 1.0, "edge_alignment_score": 0.5056864712387323, "deviation_from_baseline_score": 0.9918032786885246, "explanation": "Enclosed-face vectorization followed by the frozen 20,000-step PPO debug policy. Reference cadastral geometry was excluded from inference and used only for the comparison report. Invalid, overlap-increasing, alignment-degrading, or CRS-round-trip-invalid candidates were rejected.", "rl_refinement": {"policy_sha256": "36f4975a32bccffc348e88edeab2d4ba8ad88c180503f6316af39efae7223b29", "timesteps": 20000, "debug_policy": true, "before": {"valid": true, "alignment": 0.496567868317167, "reference": 0.0, "overlap": 0.0, "displacement": 0.0, "jagged": 0.0, "coverage": 1.0}, "after": {"valid": true, "alignment": 0.5056864712387323, "reference": 0.0, "overlap": 0.0, "displacement": 0.00819672131147541, "jagged": 0.0252398599322896, "coverage": 1.0}, "accepted": true, "reward_mean": -0.0011178221161136175, "reward_std": 0.0035973092026600644, "reward_sum": -0.14308123086254307, "rejected_actions": 0, "mean_vertex_displacement_m": 0.01639344262295082}}, "geometry": {"type": "Polygon", "coordinates": [[[4.80930179895179, 52.178299059624415], [4.809269079615254, 52.17828541728864], [4.809199782324857, 52.178273842852896], [4.809163379037965, 52.17826242947021], [4.809163437268052, 52.17825793571003], [4.809116069351616, 52.17824646861595], [4.809094198285033, 52.178241867452236], [4.809050456165444, 52.178232665112695], [4.808995895035227, 52.17821217464531], [4.808959404475216, 52.17820750183985], [4.808919375551791, 52.17819382359675], [4.8089085274245305, 52.17818478235717], [4.808893937037981, 52.178182463849495], [4.808875837421888, 52.17816889303232], [4.808762623627589, 52.17816159719971], [4.808704349565717, 52.178145582446355], [4.808693472355208, 52.17813878806693], [4.80859496559556, 52.178124823086065], [4.80857321122137, 52.17811123430611], [4.808547743697126, 52.17810212136412], [4.808478388581406, 52.178095040265056], [4.8084492662154155, 52.17808590938184], [4.808430991863256, 52.17808581977602], [4.808380115221233, 52.178063100065536], [4.808310760193177, 52.178056018867956], [4.8082889184625115, 52.17804917067527], [4.80827444479141, 52.17803786457155], [4.808263480192192, 52.178037810792155], [4.808245322504664, 52.17802873363804], [4.808143219597793, 52.17801025659337], [4.808099623744893, 52.17798981950235], [4.808055823737776, 52.17798511055412], [4.808044917494192, 52.17798056299474], [4.808015678601536, 52.177980419523934], [4.8079721703608, 52.177953241746415], [4.807891880171983, 52.177943859615596], [4.807881003134631, 52.177937065161274], [4.807870038560812, 52.177937011345335], [4.807815478336271, 52.17791652033249], [4.807764368719896, 52.177911775394904], [4.807738843102336, 52.177907156038046], [4.807724311242429, 52.17790034362639], [4.807713346677882, 52.17790028979593], [4.807695218347241, 52.17788896567743], [4.8076660962767575, 52.17787983460113], [4.807640512304845, 52.1778797089825], [4.807633260982235, 52.177875179331], [4.807552941810253, 52.17786804384947], [4.807538380794979, 52.17786347829463], [4.807527533028285, 52.177854436928065], [4.807512942822209, 52.177852118249824], [4.807505720715275, 52.177845341710764], [4.807418208728993, 52.17782918271837], [4.807389145162602, 52.17781555781435], [4.807381835467153, 52.177815521906716], [4.807378239028642, 52.17781101019338], [4.80734905866208, 52.17780637279821], [4.807341807381042, 52.17780184312879], [4.807272423716461, 52.17779700820114], [4.807206782552472, 52.17778545055318], [4.807199560502885, 52.17777867399534], [4.807159532505952, 52.17776499515562], [4.807123042506301, 52.17776032178281], [4.807115820473516, 52.17775354521988], [4.8070939498563, 52.17774894368572], [4.80707585096445, 52.17773537259247], [4.807002900262472, 52.17772377890423], [4.806981058896106, 52.17771693046958], [4.8069518494067545, 52.17771453985583], [4.806911821543612, 52.17770086093212], [4.80687895723069, 52.177698452331825], [4.806806035874055, 52.1776846116424], [4.806740599653517, 52.17765732557844], [4.806707793858594, 52.17765042317147], [4.80666396509321, 52.17764796058656], [4.8066275629686395, 52.177636546422036], [4.806602154601403, 52.17762293930142], [4.806547419867699, 52.177615928979584], [4.806525637119133, 52.177604586701754], [4.806518444450128, 52.177595563222745], [4.806503883630112, 52.17759099754034], [4.806387104634324, 52.17757694081109], [4.806379853488434, 52.17757241108256], [4.806354328209564, 52.17756779142647], [4.8063471063248295, 52.17756101481646], [4.806325265139263, 52.17755416626048], [4.806237724893272, 52.177540253272745], [4.806161354031936, 52.17751066603992], [4.806066504281071, 52.17749671694171], [4.806052002082061, 52.17748765744476], [4.806008290607142, 52.17747620709902], [4.805924346876803, 52.17746680563412], [4.805917125073801, 52.17746002899783], [4.805902535081193, 52.177457710120606], [4.805898968100043, 52.1774509514828], [4.805880811133685, 52.17744187396504], [4.805869846684756, 52.17744181996345], [4.80584072528141, 52.17743268843688], [4.805826106019275, 52.17743261642956], [4.805800639445696, 52.177423502895124], [4.805782365371903, 52.17742341287946], [4.805760553626544, 52.17741431733975], [4.805735028502767, 52.1774096975498], [4.805731432263618, 52.177405185786235], [4.805636582872788, 52.177391236342714], [4.8056293904181215, 52.17738221280951], [4.805614859052198, 52.177375400138246], [4.80561491763833, 52.177370906379636], [4.80560401179449, 52.17736635859482], [4.805604070381697, 52.177361864836236], [4.805596760762481, 52.17736182881817], [4.805556880112755, 52.177336915038644], [4.805516853017816, 52.177323235641985], [4.805487673165585, 52.17731859778685], [4.805469574937627, 52.17730502644725], [4.8054697214392235, 52.17729379205093], [4.805480773750389, 52.1772871054518], [4.805513725577493, 52.17728277380324], [4.805513959962063, 52.177264798768945], [4.805535888771788, 52.177264906837145], [4.805546765287476, 52.177271701507536], [4.805583284015012, 52.17727412848809], [4.805583342604149, 52.1772696347295], [4.805576033000065, 52.17726959871015], [4.805568840577185, 52.177260575173136], [4.805557876173319, 52.177260521142564], [4.805550654459374, 52.17725374448374], [4.805536064553443, 52.17725142556133], [4.805525188044313, 52.1772446308898], [4.805525246639257, 52.17724013713118], [4.805507119133221, 52.17722881267647], [4.8055072949233875, 52.17721533140065], [4.805518288613861, 52.17721313855653], [4.805540422474948, 52.17719751846856], [4.80555182630463, 52.1771638693106], [4.805562966457728, 52.17715044206556], [4.805588725768816, 52.17713708685784], [4.805596152526418, 52.17712813535878], [4.805600070959273, 52.177107931453484], [4.8056187550002925, 52.17707656518559], [4.805640918049783, 52.17705869819889], [4.805670156328193, 52.177058842257246], [4.805699277452637, 52.177067973826006], [4.805754069950907, 52.17707049078186], [4.805779594882669, 52.17707511056772], [4.805783191100213, 52.17707962233], [4.805826872846568, 52.17709331963874], [4.805877981315874, 52.17709806541449], [4.805907131786768, 52.17710495005252], [4.805950959975721, 52.177107412917984], [4.805958181726983, 52.17711418955253], [4.805969116820505, 52.17711649042532], [4.805972683785743, 52.17712324906137], [4.805979993366252, 52.17712328505608], [4.80598721512449, 52.17713006168885], [4.806001775741058, 52.1771346274351], [4.8060345810468394, 52.17714153003823], [4.806071099694951, 52.17714395686771], [4.806118348583681, 52.1771644127015], [4.806238722686003, 52.1771829814445], [4.806253283345698, 52.1771875471597], [4.806260475895509, 52.177196570655276], [4.806267785488341, 52.17719660663222], [4.806275007302209, 52.17720338324742], [4.806315093038587, 52.17721256862826], [4.806344302164528, 52.177214959399286], [4.806409766746649, 52.17723999880406], [4.806519235265294, 52.17725401954958], [4.806584670759133, 52.17728130573705], [4.806672181366674, 52.17729746534709], [4.806734079157454, 52.177315745957294], [4.806796093933162, 52.17732503901628], [4.806803345081309, 52.17732956871947], [4.806828870270829, 52.17733418827848], [4.806836062960767, 52.17734321173899], [4.806850623734153, 52.177347777380554], [4.80686524297063, 52.17734784926089], [4.806872494129517, 52.177352378959796], [4.806901703377417, 52.17735476959296], [4.806927199364679, 52.17736163601038], [4.80697465344962, 52.177366363343616], [4.8069928106086035, 52.17737544069349], [4.807054737860108, 52.17739147425588], [4.8070839763626205, 52.177391617964176], [4.807109472399144, 52.177398484342326], [4.807138710906484, 52.17739862803707], [4.807138623257518, 52.17740536867641], [4.807149529267929, 52.17740991631965], [4.807149470836358, 52.17741441007915], [4.807182188884217, 52.1774280530028], [4.807262448783523, 52.1774396824955], [4.807320633781827, 52.177462438600145], [4.807415483856048, 52.177476386690934], [4.807437237567726, 52.17748997568482], [4.807459078893462, 52.17749682403528], [4.807480978624242, 52.17749917862197], [4.80750644558577, 52.17750829179423], [4.807524719698868, 52.17750838154291], [4.807535625773935, 52.17751292915045], [4.807575770438415, 52.17751762034362], [4.807619365589749, 52.177538057628794], [4.8076558846506305, 52.17754048396829], [4.80766679074696, 52.1775450315637], [4.807706935454294, 52.17754972271226], [4.80773594057242, 52.17756784129838], [4.807761407625415, 52.177576954415606], [4.807848948423166, 52.17759086627367], [4.8079144727591405, 52.177611411084364], [4.807991107522444, 52.177620775264494], [4.808023855151753, 52.17763217107496], [4.808052889622899, 52.177648042703176], [4.808114875970575, 52.17765958194963], [4.808136804982602, 52.17765968953477], [4.808213206576746, 52.17768702861064], [4.808297122052077, 52.17769867532834], [4.808347939925328, 52.17772588883535], [4.808373523811597, 52.17772601430047], [4.808391710555764, 52.177732844555116], [4.8084318846607585, 52.17773528857723], [4.808486444948242, 52.177755779305855], [4.808555770392633, 52.17776510727993], [4.808555712102154, 52.17776960104009], [4.808573986325069, 52.17776969062645], [4.808632114142188, 52.17779693984494], [4.80873062018976, 52.17781090479451], [4.808745152174782, 52.17781771708251], [4.808770677846269, 52.177822336221794], [4.808788835557173, 52.1778314132954], [4.8088289806417, 52.17783610406259], [4.808858102922881, 52.17784523485235], [4.808880032028529, 52.177845342299506], [4.808905441219125, 52.17785894893027], [4.808923657225997, 52.177863532222844], [4.808938160131653, 52.177872591367276], [4.8089380436273705, 52.1778815788879], [4.809007456730471, 52.17788416595641], [4.80902929849128, 52.177891014016375], [4.809032836860814, 52.17790001943991], [4.809047368921126, 52.17790683169072], [4.809065643201561, 52.17790692120104], [4.809098391316438, 52.17791831671344], [4.809149530199956, 52.17792081419318], [4.809160436541989, 52.17792536165068], [4.809163712907918, 52.17795458899212], [4.80913081916758, 52.17795442789882], [4.809116257961841, 52.17794986253852], [4.809090673944442, 52.17794973723426], [4.809072487004484, 52.17794290708732], [4.809025002958905, 52.17794042747719], [4.809025061202387, 52.17793593371689], [4.808999506316339, 52.177933561512674], [4.808985003378413, 52.17792450237583], [4.80897035482398, 52.17792667763803], [4.808995764088453, 52.177940284249274], [4.809021318978151, 52.17794265645424], [4.80902117336844, 52.177953890855065], [4.80904295692375, 52.17796523267279], [4.8091853800451645, 52.177974918304365], [4.809185438272551, 52.177970424543986], [4.809170847941556, 52.1779681060706], [4.809167251309598, 52.1779635944116], [4.809167425997138, 52.17795011313038], [4.8092112552012605, 52.177952574785984], [4.809302568484575, 52.17795751594289], [4.8093317200486725, 52.17796439973556], [4.809327803229111, 52.177984603764195], [4.809371690684847, 52.17798257159975], [4.809400813173188, 52.17799170225564], [4.809466542512566, 52.17799651804314], [4.809466193317732, 52.17802348060641], [4.809436925289928, 52.178025584368044], [4.809393183311083, 52.17801638215542], [4.809356605553785, 52.178018450113555], [4.809345728274599, 52.178011655793995], [4.809345786485889, 52.17800716203353], [4.809323915512699, 52.17800256091235], [4.809320347969391, 52.177995802377815], [4.809291196386554, 52.177988918582315], [4.809203596128299, 52.17797950155377], [4.809203537902727, 52.17798399531413], [4.809225350630926, 52.17799309021804], [4.809221608432029, 52.17799981296176], [4.809265292139579, 52.17801350899832], [4.809305495654059, 52.178013705843156], [4.8093200277931345, 52.178020518060336], [4.809330992389761, 52.17802057174156], [4.809378156393856, 52.178047766911305], [4.809465873222043, 52.17804819628939], [4.809465785923147, 52.17805493693018], [4.809476721429378, 52.17805723747815], [4.809487540542556, 52.17806852554611], [4.809483594685468, 52.17809097645982], [4.8094761976452505, 52.1780976813227], [4.809479707022326, 52.17810893361291], [4.80946488383278, 52.17812459021776], [4.809464651034738, 52.17814256525959], [4.809460908859255, 52.17814928801073], [4.80943517921989, 52.17816039718212], [4.8094315243428305, 52.17816037929169], [4.809427782160843, 52.178167102041776], [4.809405125325422, 52.1782231667008], [4.809390272968004, 52.17824107017605], [4.809371853027163, 52.17825221511661], [4.809349458029208, 52.1782880578428], [4.809334722053567, 52.17829697379025], [4.80930179895179, 52.178299059624415]]]}}, {"type": "Feature", "properties": {"class": "parcel", "candidate_index": 9, "raw_confidence": 0.4995662136352621, "boundary_alignment_score": 0.4995662136352621, "area_m2": 9046.031263729863, "vertex_count": 321, "vectorization": {"threshold": 0.5, "close_pixels": 5, "boundary_width_pixels": 0, "edge_buffer_pixels": 2, "min_area_m2": 20, "max_area_m2": 250000, "simplify_tolerance_m": 0.25, "min_boundary_alignment": 0.0}, "source_tile_id": "tile-110000-460000", "vectorization_aoi": "vectorization_v2", "calibration": "parameters selected only on train_selected_0; target reference excluded", "parcel_id": "e8ffb1a3-a03c-5944-8a52-c628e1423817", "confidence_score": 0.6740238425333573, "segmentation_score": 0.4995662136352621, "topology_score": 1.0, "edge_alignment_score": 0.5060139081130425, "deviation_from_baseline_score": 0.9824766355140186, "explanation": "Enclosed-face vectorization followed by the frozen 20,000-step PPO debug policy. Reference cadastral geometry was excluded from inference and used only for the comparison report. Invalid, overlap-increasing, alignment-degrading, or CRS-round-trip-invalid candidates were rejected.", "rl_refinement": {"policy_sha256": "36f4975a32bccffc348e88edeab2d4ba8ad88c180503f6316af39efae7223b29", "timesteps": 20000, "debug_policy": true, "before": {"valid": true, "alignment": 0.5012904591858387, "reference": 0.0, "overlap": 0.0, "displacement": 0.0, "jagged": 0.0, "coverage": 1.0}, "after": {"valid": true, "alignment": 0.5060139081130425, "reference": 0.0, "overlap": 0.0, "displacement": 0.017523364485981307, "jagged": 0.05365577833201323, "coverage": 1.0}, "accepted": true, "reward_mean": -0.0010228780136826098, "reward_std": 0.0017525255261229792, "reward_sum": -0.13092838575137408, "rejected_actions": 0, "mean_vertex_displacement_m": 0.035046728971962614}}, "geometry": {"type": "Polygon", "coordinates": [[[4.811470777727407, 52.16572182680763], [4.811452624388416, 52.16571275013414], [4.811445490608444, 52.165699233166976], [4.811420145533676, 52.16568113329226], [4.811416607641453, 52.165672127922015], [4.811409241949012, 52.16567658603817], [4.811383635969141, 52.165678708126826], [4.811299626290152, 52.16567605115479], [4.811288838708261, 52.16566251634694], [4.811237655750889, 52.16566451358085], [4.811230406042837, 52.16565998414321], [4.811193925508221, 52.165655312033465], [4.811164839698059, 52.165643934926415], [4.81111739762709, 52.16563920928654], [4.811044523652154, 52.16562312432914], [4.81103002429025, 52.165614065429715], [4.811019410870026, 52.16558704928356], [4.81100491152493, 52.165577990380974], [4.810997806913967, 52.16556222650106], [4.810957266443815, 52.165588992876025], [4.810924381812522, 52.16558883229584], [4.810876997861913, 52.165579612788264], [4.810855248893577, 52.16556602440757], [4.810855742216937, 52.165527827352946], [4.810874330629945, 52.165503200834394], [4.810878187595693, 52.16548749047953], [4.81088926518353, 52.16547855646914], [4.810893122141858, 52.16546284611364], [4.81090794060632, 52.1654471892882], [4.810908259785373, 52.16542247354632], [4.810934039730078, 52.16540687024669], [4.810934097759967, 52.165402376475434], [4.810959848670387, 52.16538902005566], [4.8109747541254455, 52.16536662256461], [4.810974957215403, 52.165350894364906], [4.810986063762146, 52.16533971345941], [4.8109977215250295, 52.16528584172452], [4.811016135694266, 52.16527469649669], [4.811016222726352, 52.165267955839525], [4.811034694903081, 52.16525231683726], [4.811039131980457, 52.165191668761295], [4.811050180453534, 52.165184981620946], [4.811057662134527, 52.16517153598368], [4.811064998770287, 52.165169324774816], [4.8110948094122685, 52.165124529762046], [4.811105770842194, 52.16512458327381], [4.811113484541509, 52.16509316254624], [4.8111281287760805, 52.16509098700688], [4.811128215790778, 52.16508424634941], [4.811142947034163, 52.165075330150664], [4.811143034046584, 52.165068589493146], [4.8111650728912245, 52.165059708963206], [4.811172670526956, 52.16503727577484], [4.811161854134175, 52.16502598784007], [4.811158664385173, 52.164990019830675], [4.811180819196465, 52.164972151754135], [4.811206395779296, 52.1649722765945], [4.811206337777564, 52.16497677036628], [4.811224461767454, 52.16498809396412], [4.811227854568142, 52.16500833377052], [4.81123869997266, 52.165017374813495], [4.811246007575203, 52.16501741047913], [4.811245949577386, 52.16502190425096], [4.811267901385117, 52.16501976435941], [4.811279210756366, 52.164992855224064], [4.811290230147541, 52.1649884149468], [4.8112939709358615, 52.16498169212032], [4.811315864730821, 52.164984045991645], [4.811319286567893, 52.16500203890956], [4.811311833989893, 52.16501323767804], [4.811300814594718, 52.16501767795731], [4.811297044808049, 52.16502664766984], [4.81128605440499, 52.16502884106183], [4.8112785728168745, 52.165042286714], [4.811263928605553, 52.16504446227213], [4.81126015880919, 52.16505343198345], [4.811249139398947, 52.1650578722578], [4.811248820412136, 52.165082588002434], [4.811230406380366, 52.16509373326712], [4.811212137342817, 52.16509364409964], [4.8112121953441624, 52.16508915032795], [4.811190446512, 52.16507556200811], [4.8111684656702876, 52.16507994877109], [4.811164724854771, 52.16508667159342], [4.811153705426841, 52.165091111858786], [4.811153647419605, 52.1650956056305], [4.811160926031614, 52.16509788818729], [4.8111642318023, 52.165124868652626], [4.811208077522948, 52.16512508266767], [4.811192505226624, 52.16519915856329], [4.811181398766671, 52.1652103394886], [4.811177396919303, 52.165237284283336], [4.8111663194491525, 52.16524621832133], [4.811166116427282, 52.16526194652179], [4.811151240107278, 52.165282097151874], [4.811150863056261, 52.16531130666675], [4.811139698548819, 52.165326981359314], [4.811139524521629, 52.16534046267376], [4.811124764184517, 52.165351625757275], [4.811117224481943, 52.1653695651698], [4.81109506944725, 52.16538743323286], [4.811091183559607, 52.16540539048096], [4.811080077022752, 52.165416571396264], [4.811076162118679, 52.16543677552942], [4.811068825439436, 52.16543898673875], [4.811057660871077, 52.1654546614232], [4.811046641341497, 52.165459101678174], [4.811035476760288, 52.16547477636041], [4.811035360720675, 52.16548376390301], [4.811024341181685, 52.16548820415588], [4.811016917458887, 52.16549715601891], [4.8110053176859155, 52.16554653398246], [4.811016279219383, 52.16554658750274], [4.811038434364861, 52.16552871945506], [4.811086137376421, 52.16551322315572], [4.8110862243985375, 52.165506482498756], [4.811104783669108, 52.16548410282935], [4.811108640552058, 52.16546839246668], [4.81114175713173, 52.1654505779099], [4.811141815140769, 52.16544608413854], [4.811152863661648, 52.16543939698892], [4.8111571265758615, 52.165392230224526], [4.811164550253021, 52.16538327835243], [4.811175569752148, 52.16537883808626], [4.8111756277576605, 52.16537434431481], [4.8111903010836, 52.165369921882245], [4.8112050614104165, 52.16535875879055], [4.811220053733771, 52.16532962061088], [4.811217269925264, 52.16526219620389], [4.811228405389192, 52.1652487683895], [4.811254156122914, 52.16523541190494], [4.811265378563345, 52.16521524342954], [4.81126253669643, 52.16515231279392], [4.81126990231673, 52.165147854686445], [4.811277499914961, 52.165125421491624], [4.811284807535242, 52.165125457154915], [4.811288635326481, 52.16511199367116], [4.811299625749918, 52.16510980027906], [4.811321722574216, 52.16509642594812], [4.811336569760669, 52.16507852218159], [4.81134431228338, 52.16504485455254], [4.8113517648585455, 52.16503365578208], [4.8113664380549235, 52.165029233327125], [4.8113812272168035, 52.16501582332657], [4.8113927974421244, 52.16496869220668], [4.81140393277968, 52.164955264374875], [4.811411298353281, 52.16495080625833], [4.811429596322464, 52.16494864850895], [4.811444356449737, 52.164937485386254], [4.811456361410763, 52.16485665096907], [4.811467438725902, 52.164847716903026], [4.811475181109158, 52.16481404926389], [4.811504759215592, 52.164787229232324], [4.811509166619905, 52.16472882801887], [4.811516503160509, 52.16472661678164], [4.81152038881683, 52.16470865951709], [4.811553330768497, 52.164704326157974], [4.8115681777310195, 52.16468642236077], [4.811568409590115, 52.16466844727171], [4.811561188992603, 52.164661670967696], [4.811561710681227, 52.16462122701716], [4.811576441684944, 52.1646123107632], [4.811584010055343, 52.164592124432424], [4.81160619347878, 52.16457200938798], [4.811606917987461, 52.16451583723311], [4.811614312448038, 52.16450913221724], [4.811618748659726, 52.164448484110444], [4.811633450615994, 52.16444181473527], [4.811633537552701, 52.16443507407646], [4.811670335884109, 52.16441503030109], [4.811681673834493, 52.16438587423751], [4.811689097238294, 52.1643769223305], [4.811689213142466, 52.16436793478536], [4.811700348240274, 52.16435450692383], [4.8117004931175495, 52.16434327249232], [4.8117263880572985, 52.16431868147004], [4.811723197901466, 52.164282713471], [4.811734361941366, 52.16426703871973], [4.811742046074256, 52.16423786483201], [4.811753181123569, 52.16422443696512], [4.811757008695162, 52.16421097346376], [4.811801172194275, 52.164186471507], [4.8118273856451825, 52.16413716471119], [4.811849481828797, 52.164123790278246], [4.811860906488896, 52.16408789353642], [4.811879435812262, 52.164067760624704], [4.811872475963201, 52.16404076236088], [4.811883610923879, 52.16402733448109], [4.8118836978217345, 52.164020593821654], [4.811898457527676, 52.16400943063971], [4.81189868924913, 52.16399145554774], [4.811924612838694, 52.163964617593464], [4.811924873513119, 52.16394439561482], [4.811936008433885, 52.16393096772981], [4.8119654119058115, 52.16391762889674], [4.811991711897377, 52.16386158140191], [4.8119991351513995, 52.16385262947435], [4.812010298986247, 52.163836954695476], [4.812021346977847, 52.16383026746195], [4.812036338250966, 52.16380112916933], [4.812047444144797, 52.16378994816002], [4.81204811016655, 52.1637382697674], [4.812062811824395, 52.16373160033742], [4.8120700902608915, 52.163733882838436], [4.812073830825875, 52.163727159985406], [4.812106829908243, 52.163718332696604], [4.812110599420639, 52.163709362955714], [4.812132695307188, 52.163695988468376], [4.812158271161922, 52.16369611310133], [4.812165549597538, 52.16369839559643], [4.812205711279369, 52.16370083832132], [4.812220181311556, 52.16371214396537], [4.812242045585671, 52.16371674455115], [4.81225291983023, 52.16372353861601], [4.81232956061387, 52.16373065308043], [4.812344030687138, 52.16374195870931], [4.812358616534956, 52.16374427678942], [4.812373086620002, 52.16375558241475], [4.812438824256251, 52.16375814964125], [4.812453352240245, 52.163764961483196], [4.812471620736967, 52.16376505045771], [4.81248617766362, 52.16376961540881], [4.812486119792829, 52.16377410918235], [4.8125079841249025, 52.16377870971893], [4.812518482285922, 52.16381471328735], [4.812580595244958, 52.163815015754935], [4.812595094339196, 52.16382407446615], [4.812605939734321, 52.163833115385245], [4.812605563651616, 52.163862324913424], [4.81257587109727, 52.163898132774115], [4.8125793512227, 52.16391163188598], [4.812560648689175, 52.16394524622907], [4.812545802372244, 52.16396315015443], [4.812531071776627, 52.16397206653101], [4.812527273392805, 52.16398328317164], [4.812516254372937, 52.16398772356579], [4.812505119612368, 52.16400115150566], [4.812493840168994, 52.164025813877835], [4.81248644592077, 52.16403251894969], [4.812482647520532, 52.164043735588784], [4.812467916885648, 52.164052651957284], [4.812464089542263, 52.1640661154824], [4.812453041558326, 52.164072802757154], [4.812434280985092, 52.164110910852365], [4.812426944591117, 52.164113122147114], [4.812412098164474, 52.16413102605495], [4.8124084154955655, 52.16413325514502], [4.812404559187399, 52.16414896555454], [4.812397107024884, 52.16416016439385], [4.81238948121499, 52.164184844552146], [4.812378288484495, 52.16420276625258], [4.8123781148372755, 52.16421624757206], [4.8123632104726175, 52.16423864524641], [4.812363065762661, 52.16424987967915], [4.812337113326716, 52.164278964615065], [4.812333054375797, 52.16431040322751], [4.812314554100171, 52.16432828932326], [4.812318005235207, 52.164344035328305], [4.812284426810067, 52.16439780040416], [4.812284311025698, 52.16440678795006], [4.812265752796342, 52.16442916781065], [4.812265637008107, 52.16443815535642], [4.812258184762167, 52.16444935418629], [4.812258068972339, 52.16445834173209], [4.812202365173901, 52.16452772817813], [4.812194507586741, 52.16457038341306], [4.812175949244022, 52.1645927632588], [4.812168612757977, 52.16459497453713], [4.812153766066692, 52.16461287841064], [4.812149938579823, 52.16462634192399], [4.812142573133547, 52.16463080008706], [4.812138600873551, 52.16465549803168], [4.812127436877788, 52.16467117282027], [4.812123522514613, 52.16469137699159], [4.812101252397752, 52.16471823279196], [4.812089914636095, 52.16474738889443], [4.812078779556874, 52.164760816791855], [4.812045605946537, 52.16478312538762], [4.812023190938859, 52.16482121560383], [4.812015825447698, 52.16482567375876], [4.812015738567763, 52.16483241441743], [4.812000978618042, 52.16484357761211], [4.812000862775065, 52.16485256515693], [4.811978737313051, 52.16486818650225], [4.8119785345798265, 52.16488391470555], [4.811963716678411, 52.16489957166781], [4.811944984300735, 52.16493543279249], [4.811933993951783, 52.164937626244914], [4.811911897389422, 52.16495100069124], [4.811896413221697, 52.16501833602547], [4.811885335949802, 52.1650272701316], [4.811881450412078, 52.16504522740732], [4.81186669035821, 52.16505639058468], [4.81185077155695, 52.1651574292022], [4.811843377024021, 52.16516413423204], [4.811839520426429, 52.16517984461992], [4.811828443102939, 52.16518877872043], [4.811824586497927, 52.16520448910773], [4.811809826377015, 52.16521565227753], [4.811794921391512, 52.16523804987535], [4.811790977855391, 52.16526050091941], [4.81177987152987, 52.16527168190108], [4.81177966872415, 52.165287410102884], [4.811772303131568, 52.16529186824213], [4.811764734726377, 52.165312054582564], [4.811746262780299, 52.16532769369923], [4.811742261263209, 52.165354638513065], [4.811731212851501, 52.16536132571813], [4.811705230378709, 52.16539265739382], [4.811701199854545, 52.16542184909181], [4.811671331665251, 52.165471138027875], [4.811670636195417, 52.165525063288214], [4.811618641956061, 52.16558997349058], [4.811599793082754, 52.16563482209857], [4.811588715598012, 52.165643756175555], [4.8115885996692835, 52.1656527437186], [4.811577551160595, 52.16565943090879], [4.811573781374796, 52.165668400629194], [4.811562761843521, 52.16567284093223], [4.811540345973978, 52.165710931049674], [4.811521931754901, 52.165722076358335], [4.811470777727407, 52.16572182680763]]]}}, {"type": "Feature", "properties": {"class": "parcel", "candidate_index": 10, "raw_confidence": 0.4987436863593757, "boundary_alignment_score": 0.4987436863593757, "area_m2": 5062.718757702241, "vertex_count": 195, "vectorization": {"threshold": 0.5, "close_pixels": 5, "boundary_width_pixels": 0, "edge_buffer_pixels": 2, "min_area_m2": 20, "max_area_m2": 250000, "simplify_tolerance_m": 0.25, "min_boundary_alignment": 0.0}, "source_tile_id": "tile-110000-460000", "vectorization_aoi": "vectorization_v2", "calibration": "parameters selected only on train_selected_0; target reference excluded", "parcel_id": "c087a3a5-3371-5caa-a3b5-2a8b59a7a543", "confidence_score": 0.6764853995296961, "segmentation_score": 0.4987436863593757, "topology_score": 1.0, "edge_alignment_score": 0.5076990822950999, "deviation_from_baseline_score": 0.9974358974358974, "explanation": "Enclosed-face vectorization followed by the frozen 20,000-step PPO debug policy. Reference cadastral geometry was excluded from inference and used only for the comparison report. Invalid, overlap-increasing, alignment-degrading, or CRS-round-trip-invalid candidates were rejected.", "rl_refinement": {"policy_sha256": "36f4975a32bccffc348e88edeab2d4ba8ad88c180503f6316af39efae7223b29", "timesteps": 20000, "debug_policy": true, "before": {"valid": true, "alignment": 0.5042593907564878, "reference": 0.0, "overlap": 0.0, "displacement": 0.0, "jagged": 0.0, "coverage": 1.0}, "after": {"valid": true, "alignment": 0.5076990822950999, "reference": 0.0, "overlap": 0.0, "displacement": 0.002564102564102564, "jagged": 0.010256410256410256, "coverage": 1.0}, "accepted": true, "reward_mean": -0.0010247654078462446, "reward_std": 0.001772441659312883, "reward_sum": -0.13116997220431934, "rejected_actions": 0, "mean_vertex_displacement_m": 0.005128205128205128}}, "geometry": {"type": "Polygon", "coordinates": [[[4.807873840398069, 52.1638526726697], [4.8078520348487075, 52.16384357750449], [4.807837624222138, 52.163827777555944], [4.807834145538375, 52.16381427830618], [4.8078196182458575, 52.163807465896575], [4.807702729011127, 52.16380464491509], [4.807695538317638, 52.16379562148933], [4.8076737036548245, 52.163788773176414], [4.8076481569424105, 52.16378640068593], [4.807637283385467, 52.163779606197785], [4.807597180252255, 52.163772668147594], [4.807575491529295, 52.163754585390485], [4.807553627721276, 52.163749983940505], [4.807535505167009, 52.163738659778524], [4.807528985772943, 52.16367795798272], [4.80754006357949, 52.16366902428435], [4.807540151132658, 52.16366228362866], [4.807558740592422, 52.163637657626275], [4.80757344288594, 52.163630988756644], [4.807584579036125, 52.16361756128348], [4.807599281319155, 52.16361089241057], [4.807610475818111, 52.163592971164356], [4.807639909535118, 52.16357738652487], [4.807639967893693, 52.16357289275427], [4.807662094227486, 52.16355727222048], [4.807666477355509, 52.16350111803096], [4.807673843061007, 52.163496660146855], [4.807677700977085, 52.1634809498926], [4.807688837058304, 52.163467522409164], [4.807718270665085, 52.16345193774963], [4.8077257530567, 52.16343849232073], [4.807736801589991, 52.163431805488806], [4.807729610949395, 52.163422782064615], [4.807729785997168, 52.16340930075226], [4.807752028912169, 52.16338469265942], [4.807755915964159, 52.16336673551683], [4.807770734828917, 52.16335107908047], [4.807774680214982, 52.16332862816626], [4.807785816228854, 52.16331520067318], [4.807789907461546, 52.16328151533111], [4.807797360631708, 52.16327031678268], [4.8078120627684084, 52.163263647882644], [4.807834509749554, 52.16322331157504], [4.807834626426274, 52.16321432403306], [4.807845762393461, 52.163200896534015], [4.807857160866054, 52.16316724706421], [4.807875662442578, 52.16314936166582], [4.8078795202571065, 52.16313365140388], [4.807905504091406, 52.163102320560625], [4.807909449387183, 52.163079869640875], [4.8079242972669975, 52.163061966298606], [4.807931604545816, 52.16306200216911], [4.807946335757162, 52.16305308636641], [4.8079537888497175, 52.16304188780753], [4.807953963827809, 52.1630284064939], [4.807976148104884, 52.16300829212794], [4.807983892797134, 52.162974624710806], [4.807991258383868, 52.16297016680629], [4.807991345867087, 52.162963426149375], [4.808017358683084, 52.162929848394654], [4.808017591960806, 52.162911873309284], [4.808028786115403, 52.162893952020745], [4.808036530747758, 52.16286028459935], [4.8080736209572335, 52.16281777308366], [4.8080776827690155, 52.162786334614104], [4.808085048315248, 52.16278187670351], [4.80808522325235, 52.162768395389065], [4.808100158423793, 52.16274375136615], [4.80812225503021, 52.16273037762882], [4.808144497389109, 52.16270576945823], [4.808162911201952, 52.162694624670365], [4.808225284904592, 52.162674707456425], [4.808229025959005, 52.16266798472487], [4.808240015929223, 52.162665791616185], [4.80825106419383, 52.16265910473476], [4.8082511224892786, 52.162654610963045], [4.8082621124551235, 52.162652417852286], [4.808284208967776, 52.16263904408419], [4.808342608361401, 52.16264382462821], [4.8083716332130555, 52.16265969620464], [4.808371574929732, 52.16266418997646], [4.808396946196566, 52.16268004362509], [4.808418867846895, 52.16268015114723], [4.808459232363067, 52.162666866944946], [4.808503017381197, 52.16267157573366], [4.808513890800917, 52.162678370143134], [4.808568665794085, 52.16268088577226], [4.808568607530573, 52.1626853795441], [4.808575885616993, 52.16268766226054], [4.808572028086756, 52.162703372546844], [4.808612072153203, 52.16271480403765], [4.808630340209928, 52.16271489360638], [4.808644896399486, 52.1627194590312], [4.808644575991857, 52.16274417477659], [4.808637268764341, 52.16274413895031], [4.808637181379266, 52.16275087960808], [4.808644430351885, 52.16275540920626], [4.8086441973277605, 52.16277338429373], [4.808662290645842, 52.16278695517307], [4.808665594739528, 52.16281393571657], [4.808672872851883, 52.16281621842704], [4.808676176954065, 52.16284319897011], [4.8086687823297485, 52.16284990380348], [4.80866846193413, 52.162874619548425], [4.8086536726705065, 52.162888029213654], [4.808649786022193, 52.16290598638787], [4.8086387377559126, 52.16291267330634], [4.808634938485288, 52.16292388982238], [4.808620178324592, 52.16293505259743], [4.80860556380711, 52.16293498094136], [4.808605447286637, 52.16294396848474], [4.80859808176545, 52.16294842642769], [4.8085761599827475, 52.16294831893878], [4.808576247377546, 52.16294157828124], [4.808568940117772, 52.16294154245066], [4.808550555436852, 52.16295044041565], [4.808546668741507, 52.162968397586226], [4.808531762874668, 52.16299079477917], [4.8085204523596214, 52.16301770365855], [4.808509374911249, 52.16302663745054], [4.808501863689722, 52.16304232981627], [4.808501601470752, 52.16306255178825], [4.808486608140978, 52.16309168963226], [4.808490057830669, 52.16310743575045], [4.808482750543829, 52.163107399914516], [4.808471614791555, 52.16312082747421], [4.808464278365153, 52.163123038522876], [4.8084639287162645, 52.16315000115164], [4.8084491975760235, 52.163158917018905], [4.808445427374935, 52.16316788664261], [4.808434408152032, 52.16317232665583], [4.808434320735222, 52.163179067312925], [4.808423214089931, 52.16319024798213], [4.808419269042633, 52.16321269891906], [4.808444815468328, 52.16321507124239], [4.8084446114991275, 52.16323079944216], [4.808433417426355, 52.16324872076933], [4.808433009479353, 52.16328017716865], [4.8084255273274366, 52.16329362264314], [4.808421378293966, 52.1633318017792], [4.808414041830359, 52.163334012824635], [4.80841027160727, 52.16334298244682], [4.808373472701377, 52.163363025208284], [4.808354650660749, 52.163405626425806], [4.808332378922903, 52.16343248151818], [4.808310311176176, 52.163443608407405], [4.8082954633234625, 52.16346151179714], [4.808291576480158, 52.1634794689575], [4.808280557164926, 52.16348390895591], [4.8082731332273605, 52.16349286064905], [4.808265825877621, 52.16349282479962], [4.808247411760207, 52.16350396960158], [4.808246828786887, 52.163548907311785], [4.808232010022981, 52.16356456380756], [4.808231835126164, 52.163578045120495], [4.808213275212901, 52.16360042434431], [4.808195006794686, 52.1636003347105], [4.808188428219403, 52.16354412671936], [4.808166418687063, 52.1635507598103], [4.808166360381556, 52.163555253581265], [4.80815534103516, 52.16355969356788], [4.808151570740851, 52.163568663181415], [4.8081405513896724, 52.16357310316665], [4.8081331274091434, 52.1635820548508], [4.8081292113351575, 52.16360225889078], [4.808118017042031, 52.16362018018652], [4.80812520779293, 52.1636292035869], [4.808125062018426, 52.163640438014056], [4.808117667178818, 52.16364714281164], [4.808106297934462, 52.16367854541856], [4.80809893224197, 52.163683003329524], [4.808098815616895, 52.16369199087111], [4.8081097183787245, 52.163696538431545], [4.80813178630068, 52.16368541158061], [4.808131873764491, 52.16367867092436], [4.808150433751238, 52.16365629171378], [4.808168702192246, 52.163656381354485], [4.808171918591952, 52.163690102563805], [4.808153271141185, 52.16371922243385], [4.808141697824135, 52.16376635324151], [4.808123108631872, 52.163790979335616], [4.8081083480556615, 52.1638021420443], [4.808086425855032, 52.163802034463735], [4.80808283046929, 52.163797522762565], [4.808064591128806, 52.163795186223055], [4.808061024904084, 52.16378842763583], [4.808046439267234, 52.163786109024755], [4.808042698090921, 52.16379283174905], [4.808013235211101, 52.16381066337378], [4.808005665359959, 52.163830849476014], [4.807990875579352, 52.1638442590552], [4.80797991446886, 52.16384420525451], [4.80796886586955, 52.16385089210868], [4.80790678206754, 52.16384834032769], [4.807895762622911, 52.16385278028975], [4.807873840398069, 52.1638526726697]]]}}, {"type": "Feature", "properties": {"class": "parcel", "candidate_index": 11, "raw_confidence": 0.4971812857547775, "boundary_alignment_score": 0.4971812857547775, "area_m2": 1915.9687529898038, "vertex_count": 127, "vectorization": {"threshold": 0.5, "close_pixels": 5, "boundary_width_pixels": 0, "edge_buffer_pixels": 2, "min_area_m2": 20, "max_area_m2": 250000, "simplify_tolerance_m": 0.25, "min_boundary_alignment": 0.0}, "source_tile_id": "tile-110000-460000", "vectorization_aoi": "vectorization_v2", "calibration": "parameters selected only on train_selected_0; target reference excluded", "parcel_id": "9c6d85ce-5816-5813-8c79-775cabe03ca1", "confidence_score": 0.6722817213999155, "segmentation_score": 0.4971812857547775, "topology_score": 1.0, "edge_alignment_score": 0.5075149728606144, "deviation_from_baseline_score": 0.9734251968503937, "explanation": "Enclosed-face vectorization followed by the frozen 20,000-step PPO debug policy. Reference cadastral geometry was excluded from inference and used only for the comparison report. Invalid, overlap-increasing, alignment-degrading, or CRS-round-trip-invalid candidates were rejected.", "rl_refinement": {"policy_sha256": "36f4975a32bccffc348e88edeab2d4ba8ad88c180503f6316af39efae7223b29", "timesteps": 20000, "debug_policy": true, "before": {"valid": true, "alignment": 0.49806751776486635, "reference": 0.0, "overlap": 0.0, "displacement": 0.0, "jagged": 0.0, "coverage": 1.0}, "after": {"valid": true, "alignment": 0.5075149728606144, "reference": 0.0, "overlap": 0.0, "displacement": 0.0265748031496063, "jagged": 0.08988585346210283, "coverage": 1.0}, "accepted": true, "reward_mean": -0.0009536358253801157, "reward_std": 0.001892198543638478, "reward_sum": -0.12206538564865486, "rejected_actions": 0, "mean_vertex_displacement_m": 0.0531496062992126}}, "geometry": {"type": "Polygon", "coordinates": [[[4.807642985919036, 52.16390322077187], [4.807624804919315, 52.163896390394065], [4.807540886384059, 52.1638869900946], [4.8075263591128286, 52.1638801776489], [4.807482485451193, 52.16388220915249], [4.807442382250103, 52.163875271049655], [4.807383864573588, 52.16387947759922], [4.807365625236646, 52.16387714095169], [4.807347473484431, 52.1638680636461], [4.80732558044917, 52.16386570903907], [4.8073219851353475, 52.16386119731485], [4.8072818819783025, 52.163854259157524], [4.807219798212327, 52.16385170701509], [4.807168704767243, 52.16384696183206], [4.807157802064977, 52.1638424141849], [4.807117669744742, 52.16383772285687], [4.807103200967422, 52.163826416589075], [4.80706672236856, 52.163821743204544], [4.80704488778996, 52.163814894775385], [4.806990111493532, 52.16381237843734], [4.806960998745407, 52.1638032471787], [4.806946500804616, 52.16379418777669], [4.806891812190762, 52.16378493073805], [4.806884563229642, 52.16378040103309], [4.80686991922066, 52.16378257604654], [4.806862699480748, 52.16377579945514], [4.806826191728306, 52.16377337288124], [4.806797049817419, 52.16376648846718], [4.8067934837871364, 52.1637597298419], [4.806771620057825, 52.163755128247175], [4.806760775865993, 52.163746086793466], [4.806742595065802, 52.163739256279825], [4.806633159620598, 52.163725235758186], [4.806593232086428, 52.16370481605746], [4.806498411533742, 52.16369086731671], [4.806483884485941, 52.16368405474278], [4.806472923417178, 52.16368400080209], [4.806458425614382, 52.16367494134017], [4.806440186410048, 52.1636726045497], [4.806436591201355, 52.16366809279847], [4.806392805426803, 52.16366338324252], [4.806374624716823, 52.1636565526722], [4.8063344634020115, 52.16365410796281], [4.806301814192491, 52.16363597101749], [4.8061631496659, 52.16362180617119], [4.806108666222177, 52.163596820576146], [4.806072158658082, 52.16359439376912], [4.806043016981076, 52.16358750916884], [4.8060284900366215, 52.16358069653893], [4.8060285485574985, 52.16357620276933], [4.80597052861988, 52.163542211577266], [4.805959860225397, 52.16351968874123], [4.805941679640438, 52.16351285810425], [4.805945567432186, 52.16349490102284], [4.805956616245624, 52.16348821435806], [4.805956674773582, 52.16348372058849], [4.805967635792325, 52.16348377457699], [4.805986108994419, 52.163468136362056], [4.80599715779515, 52.16346144969343], [4.80600449439892, 52.163459238798616], [4.806011889524311, 52.16345253413366], [4.806026533466312, 52.16345035922647], [4.8060375822565895, 52.16344367255399], [4.806187382716057, 52.16344441020639], [4.806212929153792, 52.16344678301293], [4.806220177992491, 52.163451312759314], [4.806253002528136, 52.16345596841824], [4.806263875795086, 52.163462763033884], [4.806278490480535, 52.163462834980294], [4.806300324768857, 52.16346968355127], [4.806332944611321, 52.16349006738226], [4.806358403351793, 52.16349918081203], [4.80636196929545, 52.16350593945064], [4.806380120699521, 52.163515016907795], [4.806398330594522, 52.16351960059251], [4.806438491791874, 52.16352204528004], [4.806467545772704, 52.163535670437504], [4.806489438600176, 52.16353802520366], [4.806518521842739, 52.163549403463634], [4.806580605146553, 52.163551955974526], [4.806617229627292, 52.163545395084334], [4.806650112732196, 52.16354555686283], [4.806664522846898, 52.16356135695638], [4.806675425430141, 52.16356590464917], [4.806675366974439, 52.16357039841913], [4.806711640744182, 52.16359080011946], [4.806799153785128, 52.16360471274854], [4.8068064027090855, 52.16360924245891], [4.806831920054602, 52.16361386201652], [4.806860974215645, 52.16362748707715], [4.8068865207945635, 52.16362985973794], [4.806915633414369, 52.16363899101506], [4.807010570832809, 52.163643951880374], [4.807017819784635, 52.16364848157777], [4.807036059009715, 52.16365081827896], [4.807039654277723, 52.163655330012], [4.807061547194493, 52.16365768467204], [4.807068766945612, 52.1636644612514], [4.807101620933935, 52.16366686978918], [4.807116177276523, 52.16367143540223], [4.80716329558854, 52.163700878384915], [4.807207052281129, 52.16370783454024], [4.807214301263308, 52.163712364225475], [4.807232569724822, 52.16371245401124], [4.8072616824696155, 52.163721585203035], [4.807287229124046, 52.16372395777707], [4.807309005303406, 52.1637352999318], [4.8073344935786295, 52.16374216626589], [4.807352762052664, 52.163742256033075], [4.8074001433195255, 52.163751476954985], [4.8074549779425775, 52.163749499332255], [4.807476724989486, 52.16376308834116], [4.807553248331844, 52.16377919344801], [4.807556814478852, 52.16378595205049], [4.807571400089963, 52.16378827072212], [4.8075786199397, 52.16379504727025], [4.8076331919904085, 52.16381329153152], [4.807691651203312, 52.16381357862852], [4.807713485881013, 52.16382042693812], [4.807720647406681, 52.16383169724795], [4.807731491814116, 52.163840738613665], [4.80773508716776, 52.16384525032547], [4.807738682522121, 52.16384976203721], [4.807745989929768, 52.16384979791938], [4.807753005599162, 52.163872302653346], [4.807745581490943, 52.1638812543124], [4.807697791541648, 52.163903489921815], [4.807642985919036, 52.16390322077187]]]}}, {"type": "Feature", "properties": {"class": "parcel", "candidate_index": 12, "raw_confidence": 0.49894951755413786, "boundary_alignment_score": 0.49894951755413786, "area_m2": 1839.906252776167, "vertex_count": 196, "vectorization": {"threshold": 0.5, "close_pixels": 5, "boundary_width_pixels": 0, "edge_buffer_pixels": 2, "min_area_m2": 20, "max_area_m2": 250000, "simplify_tolerance_m": 0.25, "min_boundary_alignment": 0.0}, "source_tile_id": "tile-110000-460000", "vectorization_aoi": "vectorization_v2", "calibration": "parameters selected only on train_selected_0; target reference excluded", "parcel_id": "a9933ab1-3b9e-5a00-8c7b-0ba90493b46e", "confidence_score": 0.6747163870813186, "segmentation_score": 0.49894951755413786, "topology_score": 1.0, "edge_alignment_score": 0.5082521252334118, "deviation_from_baseline_score": 0.9840561224489796, "explanation": "Enclosed-face vectorization followed by the frozen 20,000-step PPO debug policy. Reference cadastral geometry was excluded from inference and used only for the comparison report. Invalid, overlap-increasing, alignment-degrading, or CRS-round-trip-invalid candidates were rejected.", "rl_refinement": {"policy_sha256": "36f4975a32bccffc348e88edeab2d4ba8ad88c180503f6316af39efae7223b29", "timesteps": 20000, "debug_policy": true, "before": {"valid": true, "alignment": 0.4964502848063906, "reference": 0.0, "overlap": 0.0, "displacement": 0.0, "jagged": 0.0, "coverage": 1.0}, "after": {"valid": true, "alignment": 0.5082521252334118, "reference": 0.0, "overlap": 0.0, "displacement": 0.01594387755102041, "jagged": 0.05518464932703175, "coverage": 1.0}, "accepted": true, "reward_mean": -0.0008750563548699099, "reward_std": 0.0033006249961577425, "reward_sum": -0.1120072134233485, "rejected_actions": 0, "mean_vertex_displacement_m": 0.03188775510204082}}, "geometry": {"type": "Polygon", "coordinates": [[[4.815517157898947, 52.17417682929808], [4.815502683644948, 52.17416552407254], [4.8154807563278546, 52.1741654178587], [4.815477274536021, 52.17415191885376], [4.815506482157957, 52.174154307355856], [4.815506568534002, 52.17414756670475], [4.815517618562551, 52.17414087915866], [4.8155322943473875, 52.1741364561963], [4.81552147465217, 52.174125168674045], [4.815514165553053, 52.17412513327105], [4.815518280764992, 52.174089200832846], [4.8155293595681, 52.174080266401816], [4.815529445940505, 52.17407352575056], [4.815489245942017, 52.174073331031295], [4.815474742935054, 52.17406427268599], [4.8154601247568865, 52.174064201873755], [4.815456326239986, 52.174075418589084], [4.8154453913986766, 52.17407311859469], [4.815437995921953, 52.17407982383813], [4.815415982257634, 52.174086458263474], [4.815401364072317, 52.17408638744399], [4.81538686107901, 52.17407732908788], [4.8153761278304765, 52.17405930090115], [4.815361452055643, 52.17406372384416], [4.815284735426144, 52.174061105102574], [4.8152809944720465, 52.17406782804481], [4.815288217152703, 52.1740746041133], [4.815287986729003, 52.17409257918267], [4.8152914972617715, 52.17410383130952], [4.815298748752282, 52.17410836049363], [4.815294777375069, 52.17413305850551], [4.815279986354246, 52.17414646897288], [4.815265368149538, 52.174146398136514], [4.815258116656255, 52.174141868950365], [4.815221599954838, 52.174139444965746], [4.815218003017344, 52.174134933487736], [4.81515230754372, 52.17412787402456], [4.815141516757248, 52.174114339583895], [4.815130581922756, 52.17411203956038], [4.815134351713962, 52.17410306973937], [4.815116078976246, 52.1741029811711], [4.815108942753198, 52.17408946444138], [4.815098036739028, 52.1740849175312], [4.815098180801674, 52.17407368311312], [4.815109230872958, 52.17406699560524], [4.815134812685118, 52.17406711960146], [4.815131071707938, 52.17407384253893], [4.815160452116205, 52.17406274982485], [4.8151787824544545, 52.174058344618956], [4.81524090970141, 52.17405864570639], [4.81525924003008, 52.17405424048785], [4.8152666643333815, 52.17404528837193], [4.81525935524762, 52.17404525295319], [4.815215759992466, 52.174024818478216], [4.815164567607099, 52.174026817399], [4.815146381330705, 52.17401998818459], [4.815139187490847, 52.174010965223786], [4.815143389424418, 52.17396829214741], [4.815136253214477, 52.17395477541897], [4.815132397004181, 52.1739704858913], [4.815114124320786, 52.173970397322826], [4.8151141819440415, 52.17396590355549], [4.815106901683434, 52.17396362124371], [4.815106844059449, 52.17396811501101], [4.8150958228249205, 52.17397255563515], [4.815088196808892, 52.173997235925945], [4.815080858917856, 52.1739994473798], [4.815077060311204, 52.17401066408287], [4.8150660102490965, 52.17401735158786], [4.815058499466796, 52.174033044341996], [4.815051161568396, 52.17403525579401], [4.815050988679186, 52.174048737095596], [4.81505815369272, 52.17406000694539], [4.815072656613494, 52.17406906534175], [4.815072483730612, 52.174082546643426], [4.815043074472179, 52.17409588621906], [4.815028427468485, 52.17409806223696], [4.814969954715532, 52.17409777875609], [4.814940775980311, 52.17409314323771], [4.814929869982444, 52.174088596312], [4.814915251797434, 52.17408852543231], [4.814897123179545, 52.174077202412406], [4.8148643763934045, 52.17406580850372], [4.814773185758781, 52.17405188412411], [4.81475862524534, 52.17404731945799], [4.814751402649672, 52.174040543357265], [4.814744093565216, 52.174040507906604], [4.814740756158457, 52.174015774462354], [4.81473350473976, 52.17401124524405], [4.814686111055276, 52.17400202726535], [4.814679061479351, 52.17398176985914], [4.814671810072446, 52.173977240636944], [4.814672011909799, 52.17396151245236], [4.814686774218433, 52.173950348944444], [4.814694083288054, 52.17395038439865], [4.81470516222137, 52.17394145004497], [4.814719838020683, 52.173937027183506], [4.814738658469145, 52.17389442502545], [4.814775549715276, 52.173867639672686], [4.8147941106323335, 52.17384525945758], [4.814794197115258, 52.173838518806754], [4.8148237215824405, 52.173816191757886], [4.814827722017443, 52.1737892468772], [4.814835117537414, 52.17378254167171], [4.81484662877477, 52.17373990404955], [4.814865074306942, 52.17372651135729], [4.8148870590520865, 52.17372212391788], [4.814894512196939, 52.173710924941155], [4.81493836638075, 52.173711137582025], [4.814945588951718, 52.1737179136717], [4.814952897983519, 52.17371794910983], [4.814978306685352, 52.173731554441936], [4.815036606066256, 52.17374531922026], [4.815065813397999, 52.17374770783118], [4.815094934295657, 52.17375683708611], [4.815120343063041, 52.17377044238765], [4.81513130662393, 52.173770495528416], [4.8151349035233935, 52.17377500700924], [4.815178613730605, 52.17378645397958], [4.815189490872479, 52.17379324776618], [4.815196338999364, 52.17382923332916], [4.8151777206739315, 52.173856107375435], [4.8151629873283, 52.173865024061385], [4.8151629009010435, 52.173871764712565], [4.815151822076615, 52.173880699109475], [4.815147994688165, 52.17389416269885], [4.815140628006822, 52.17389862104016], [4.8151366565612, 52.17392331904752], [4.815173230698231, 52.17392124929087], [4.815191589784706, 52.17391459719912], [4.815210323353207, 52.173878735616064], [4.8152287688339666, 52.173865342867224], [4.815251185681552, 52.173827252103905], [4.815262235668758, 52.17382056458129], [4.815291471864634, 52.17382070625265], [4.815298723309223, 52.173825235436915], [4.815324276182486, 52.1738276062756], [4.815327873106078, 52.17383211775056], [4.815367928892591, 52.17384354694346], [4.815382431806213, 52.17385260530213], [4.8154299406595555, 52.17385283546607], [4.815462773816565, 52.173857488566775], [4.815469938903706, 52.17386875839198], [4.8154916933197605, 52.17388234591049], [4.8155099371764445, 52.17388468130428], [4.815520785601713, 52.17389372194413], [4.815550021846616, 52.17389386355152], [4.815561071805661, 52.17388717600093], [4.815630450306735, 52.1738920060506], [4.815645010859177, 52.17389657060927], [4.815684865305386, 52.1739237278816], [4.8156921743716765, 52.173923763274], [4.815703051625358, 52.17393055701324], [4.815728604580772, 52.17393292776448], [4.815728431896841, 52.173946409067696], [4.815742877357321, 52.17395996114974], [4.8157425607776805, 52.1739846768722], [4.815735194140642, 52.173989135250636], [4.815723885153873, 52.17401604477196], [4.815709151864212, 52.17402496152595], [4.815690821591755, 52.17402936681443], [4.815643283763606, 52.17403138363904], [4.8156214140842755, 52.17402678368382], [4.815595832293486, 52.174026659793135], [4.8155958898683044, 52.17402216602557], [4.815563229310379, 52.17400403165912], [4.815548639941545, 52.17400171397414], [4.815534136945723, 52.17399265563602], [4.815508583966596, 52.173990284842674], [4.815490397652197, 52.17398345568114], [4.815453852273015, 52.173983278652216], [4.815398890218372, 52.17399424750628], [4.815387379442149, 52.17403688518116], [4.8153909475911805, 52.17404364353774], [4.815409133914801, 52.17405047271457], [4.815452930846391, 52.174055178932136], [4.81545681574569, 52.174037221565634], [4.8154641824184505, 52.174032763204664], [4.815475232424821, 52.174026075662326], [4.815548323253885, 52.17402642969573], [4.81555922929984, 52.17403097656438], [4.815592120176757, 52.174031135861604], [4.8155920050263115, 52.17404012339669], [4.815606508049318, 52.174049181727725], [4.815624723194311, 52.17405376398754], [4.815653786837431, 52.17406738687213], [4.815649959584207, 52.17408085047747], [4.815635226258343, 52.174089767222114], [4.815624262618197, 52.17408971412807], [4.815616895951974, 52.174094172498975], [4.815573012598727, 52.17409620699344], [4.81557292623285, 52.17410294764479], [4.815558077726755, 52.17412085191468], [4.815554048912738, 52.17415004370296], [4.81553568978305, 52.174156695850805], [4.815535488249107, 52.174172424036826], [4.815517157898947, 52.17417682929808]]]}}, {"type": "Feature", "properties": {"class": "parcel", "candidate_index": 13, "raw_confidence": 0.49314701004186645, "boundary_alignment_score": 0.49314701004186645, "area_m2": 1711.7812526752095, "vertex_count": 183, "vectorization": {"threshold": 0.5, "close_pixels": 5, "boundary_width_pixels": 0, "edge_buffer_pixels": 2, "min_area_m2": 20, "max_area_m2": 250000, "simplify_tolerance_m": 0.25, "min_boundary_alignment": 0.0}, "source_tile_id": "tile-110000-460000", "vectorization_aoi": "vectorization_v2", "calibration": "parameters selected only on train_selected_0; target reference excluded", "parcel_id": "334a41c4-e985-522b-8b81-645d260874fe", "confidence_score": 0.672384337467651, "segmentation_score": 0.49314701004186645, "topology_score": 1.0, "edge_alignment_score": 0.5023500503351291, "deviation_from_baseline_score": 0.9938524590163934, "explanation": "Enclosed-face vectorization followed by the frozen 20,000-step PPO debug policy. Reference cadastral geometry was excluded from inference and used only for the comparison report. Invalid, overlap-increasing, alignment-degrading, or CRS-round-trip-invalid candidates were rejected.", "rl_refinement": {"policy_sha256": "36f4975a32bccffc348e88edeab2d4ba8ad88c180503f6316af39efae7223b29", "timesteps": 20000, "debug_policy": true, "before": {"valid": true, "alignment": 0.49986520502716303, "reference": 0.0, "overlap": 0.0, "displacement": 0.0, "jagged": 0.0, "coverage": 1.0}, "after": {"valid": true, "alignment": 0.5023500503351291, "reference": 0.0, "overlap": 0.0, "displacement": 0.006147540983606557, "jagged": 0.023546540952868567, "coverage": 1.0}, "accepted": true, "reward_mean": -0.0010433368227819487, "reward_std": 0.0008559582382263099, "reward_sum": -0.13354711331608946, "rejected_actions": 0, "mean_vertex_displacement_m": 0.012295081967213115}}, "geometry": {"type": "Polygon", "coordinates": [[[4.81622583462759, 52.16306647320123], [4.816196749214668, 52.16305509733032], [4.816178480998988, 52.163055008933], [4.816164010174395, 52.163043703771976], [4.8161493956056445, 52.16304363305035], [4.816131213648446, 52.16303680398113], [4.816109291798833, 52.163036697891854], [4.816087484963004, 52.16302760424575], [4.816058255836423, 52.1630274627817], [4.816032737863172, 52.16302284521835], [4.816025488095395, 52.16301831607327], [4.8160145271752794, 52.16301826301929], [4.81601093104976, 52.16301375155812], [4.815974452171484, 52.16300908092683], [4.815970856050758, 52.16300456946433], [4.8159489917382095, 52.16299996956901], [4.815934377184232, 52.162999898820736], [4.815912570402136, 52.1629908051423], [4.8158724379156945, 52.16298611679151], [4.815850688683576, 52.16297252932538], [4.815792345577642, 52.16296325872022], [4.8157850958439905, 52.16295872956038], [4.81575227066923, 52.16295407655232], [4.815748674575407, 52.16294956508304], [4.815726810312857, 52.16294496514659], [4.815708686005562, 52.162933642236], [4.815708829867553, 52.162922407795385], [4.815727356970824, 52.16290227427203], [4.8157275295994015, 52.16288879294316], [4.815749998010574, 52.16284620822816], [4.81566231099215, 52.162845783563995], [4.815647552612199, 52.162856947220966], [4.815647408735051, 52.16286818166162], [4.81565471599017, 52.16286821705367], [4.815654428239303, 52.16289068593502], [4.815643381024136, 52.16289737351099], [4.815639583514909, 52.16290859025521], [4.815617661729815, 52.16290848407467], [4.815610296913461, 52.162912942456494], [4.815584692716508, 52.162915065460595], [4.815544502771742, 52.162914870774514], [4.815537253071144, 52.16291034159942], [4.815489727085666, 52.16291235838337], [4.815475227697911, 52.16290330002606], [4.815460555606819, 52.162907722995264], [4.8154130584080574, 52.16290749286027], [4.815402155091759, 52.162902945973435], [4.815402299030806, 52.1628917115332], [4.8154169711223735, 52.16288728857124], [4.81543909439803, 52.162871666572634], [4.815439151969884, 52.162867172796474], [4.815457535246739, 52.162858273755845], [4.815464957638502, 52.162849321607425], [4.815461505506062, 52.16283357568897], [4.815483571172158, 52.16282244745797], [4.815465331838146, 52.16282011206229], [4.815454313397347, 52.162824552732566], [4.815432391654115, 52.16282444651771], [4.815417863519575, 52.162817635041314], [4.815403249026417, 52.16281756422733], [4.815381269709181, 52.162821951779115], [4.815381125765135, 52.162833186219416], [4.815395653899104, 52.16283999770032], [4.815395509958601, 52.16285123214064], [4.81538811634109, 52.16285793739664], [4.81538046362144, 52.16288486464456], [4.815365705158143, 52.162896028266076], [4.815340129750404, 52.162895904329055], [4.815332908864969, 52.162889128253404], [4.815292805324933, 52.16288219281756], [4.815281930820955, 52.16287539903158], [4.815282161171636, 52.16285742392749], [4.8152895835984, 52.16284847179005], [4.815304255686857, 52.16284404884214], [4.815311649314635, 52.16283734359135], [4.815340935895275, 52.16283299146413], [4.8153378005086855, 52.16279252977349], [4.815352530154399, 52.16278361304328], [4.815356788364821, 52.16273644609882], [4.815349625083204, 52.16272517624788], [4.815342346642511, 52.16272289394883], [4.815327732180539, 52.16272282312556], [4.815320338574212, 52.16272952837742], [4.81530934893379, 52.16273172214622], [4.815276466388077, 52.16273156278208], [4.8152765239760775, 52.16272706900594], [4.815269245538832, 52.1627247867024], [4.815210845283995, 52.16272000958607], [4.815159896270623, 52.162704033423424], [4.815149050630642, 52.16269499273705], [4.815149309833999, 52.162674770744665], [4.815156674656902, 52.162670312391455], [4.815164500271654, 52.16262990382888], [4.815171865085614, 52.16262544547466], [4.815208401160094, 52.162625622577636], [4.815270339722135, 52.162639404955264], [4.815431098504892, 52.162640183989595], [4.815434493039931, 52.1626604236857], [4.81541248501612, 52.16266705813165], [4.815408773830588, 52.162671534204385], [4.8154086586814, 52.16268052175696], [4.815415908331658, 52.162685050940006], [4.815445166016741, 52.162682945674774], [4.815448934770129, 52.16267397582455], [4.815467317965285, 52.16266507678198], [4.815496546852029, 52.1626652183921], [4.8155001141148315, 52.16267197675732], [4.815514642214623, 52.1626787882237], [4.815518180699454, 52.16268779347652], [4.815529083975129, 52.16269234035283], [4.815529026412623, 52.162696834129115], [4.815543583305451, 52.16270139870379], [4.815543439402779, 52.162712633144615], [4.815576206820208, 52.16272177998694], [4.815590821282349, 52.162721850779405], [4.81560192601701, 52.16271066943173], [4.815660412626211, 52.16270870568994], [4.815664008691775, 52.16271321716195], [4.815682247992631, 52.16271555252693], [4.815704284772911, 52.16270667114249], [4.8157298600735, 52.16270679500038], [4.81574073460485, 52.16271358874531], [4.8157367357401615, 52.16274053371056], [4.815744129285842, 52.16273382843238], [4.815769704602141, 52.16273395228179], [4.81578052160892, 52.16274523979944], [4.81578037776572, 52.162756474240524], [4.815773012990739, 52.162760932632644], [4.815776609071895, 52.16276544410126], [4.815951982797724, 52.162766293194125], [4.815966539756662, 52.1627708577166], [4.815981010442896, 52.162782162902154], [4.815999249788706, 52.1627844982181], [4.8160063269721185, 52.162802508694575], [4.816002472047235, 52.16281821922732], [4.816009721780233, 52.162822748373955], [4.816031586012312, 52.16282734825809], [4.816064468632124, 52.16282750741187], [4.816115418111737, 52.1628434831842], [4.816155636745271, 52.16284143078744], [4.81615557924562, 52.16284592456402], [4.816162886497615, 52.16284595992463], [4.816177558499086, 52.16284153686787], [4.816206787504364, 52.162841678302186], [4.8162287667507355, 52.162837290596514], [4.816225285603268, 52.16282379158836], [4.816250860972876, 52.16282391533344], [4.816254399617777, 52.16283292056414], [4.816283427414062, 52.1628487901978], [4.816290418493189, 52.162873541322256], [4.816305061748839, 52.162871365137946], [4.816323473596621, 52.162860219073835], [4.816323531079384, 52.162855725297135], [4.816338260549489, 52.16284680844369], [4.816345567801819, 52.162846843793005], [4.816345625282335, 52.16284235001629], [4.8163894400541185, 52.16284480899096], [4.81638935383995, 52.162851549656104], [4.816400285982181, 52.16285384956353], [4.816414756805366, 52.16286515469585], [4.816422035324352, 52.1628674369288], [4.81642189164217, 52.16287867137069], [4.8164106721226405, 52.16289884034889], [4.816406961017756, 52.162903316453], [4.816374078340479, 52.16290315739465], [4.816359406338109, 52.162907580475746], [4.816355695227359, 52.16291205657823], [4.816348330483979, 52.16291651500625], [4.816340936998582, 52.16292322032202], [4.816333543510951, 52.16292992563745], [4.81632623624503, 52.16292989028739], [4.816318842754092, 52.16293659560179], [4.816311535487091, 52.16293656025085], [4.8162968059819615, 52.16294547710073], [4.816289469970357, 52.16294768863668], [4.81628932625446, 52.16295892307821], [4.816311075613856, 52.162972510463725], [4.816329286313723, 52.16297709261702], [4.816324971624399, 52.16302875337266], [4.8163102708336405, 52.163035423335806], [4.816302733609837, 52.16305336309044], [4.8162953688378005, 52.16305782151495], [4.816273360745126, 52.16306445612095], [4.81622583462759, 52.16306647320123]]]}}, {"type": "Feature", "properties": {"class": "parcel", "candidate_index": 14, "raw_confidence": 0.4990371147287078, "boundary_alignment_score": 0.4990371147287078, "area_m2": 1532.6250021966607, "vertex_count": 169, "vectorization": {"threshold": 0.5, "close_pixels": 5, "boundary_width_pixels": 0, "edge_buffer_pixels": 2, "min_area_m2": 20, "max_area_m2": 250000, "simplify_tolerance_m": 0.25, "min_boundary_alignment": 0.0}, "source_tile_id": "tile-110000-460000", "vectorization_aoi": "vectorization_v2", "calibration": "parameters selected only on train_selected_0; target reference excluded", "parcel_id": "e0c8c960-4cf0-50d9-8abf-72c9695b642b", "confidence_score": 0.6717248683718698, "segmentation_score": 0.4990371147287078, "topology_score": 1.0, "edge_alignment_score": 0.5068482725570599, "deviation_from_baseline_score": 0.966715976331361, "explanation": "Enclosed-face vectorization followed by the frozen 20,000-step PPO debug policy. Reference cadastral geometry was excluded from inference and used only for the comparison report. Invalid, overlap-increasing, alignment-degrading, or CRS-round-trip-invalid candidates were rejected.", "rl_refinement": {"policy_sha256": "36f4975a32bccffc348e88edeab2d4ba8ad88c180503f6316af39efae7223b29", "timesteps": 20000, "debug_policy": true, "before": {"valid": true, "alignment": 0.49336539084712666, "reference": 0.0, "overlap": 0.0, "displacement": 0.0, "jagged": 0.0, "coverage": 1.0}, "after": {"valid": true, "alignment": 0.5068482725570599, "reference": 0.0, "overlap": 0.0, "displacement": 0.03328402366863906, "jagged": 0.10470468771549951, "coverage": 1.0}, "accepted": true, "reward_mean": -0.0008608857370254961, "reward_std": 0.0023930715712796257, "reward_sum": -0.11019337433926356, "rejected_actions": 0, "mean_vertex_displacement_m": 0.06656804733727811}}, "geometry": {"type": "Polygon", "coordinates": [[[4.817200192639951, 52.16716751271751], [4.817160171072294, 52.167153837254645], [4.817134851554264, 52.167133491720605], [4.817123889621375, 52.16713343876832], [4.8171166390761755, 52.16712890969228], [4.817091061235506, 52.16712878613139], [4.817087493377739, 52.16712202781857], [4.817043674366609, 52.16711956909878], [4.817025605451575, 52.167103752621806], [4.816992719675423, 52.16710359373141], [4.816978161198942, 52.16709902933672], [4.816923380293067, 52.167096517605394], [4.816912475800139, 52.16709197085963], [4.816883272724032, 52.16708958270934], [4.816854127087484, 52.16708270077801], [4.8168285492742555, 52.16708257716026], [4.816813990821496, 52.167078012745314], [4.816788614061574, 52.16706216091074], [4.816715649530589, 52.16705282011451], [4.816690071734989, 52.16705269646673], [4.816679224730579, 52.16704365592575], [4.816657300910387, 52.16704354993553], [4.816646482643464, 52.16703226250475], [4.816631895496476, 52.16702994495417], [4.816628298986646, 52.16702543351431], [4.816610057874516, 52.167023098294685], [4.816588248990814, 52.16701400474432], [4.816508120325269, 52.16699339405048], [4.816336498911384, 52.166983575888985], [4.816259995632604, 52.166965229588754], [4.816223484748612, 52.16696280591967], [4.816212580359897, 52.16695825910929], [4.816176040731993, 52.16695808231225], [4.816143298836651, 52.16694668875167], [4.816128682989384, 52.166946618025655], [4.816103220280417, 52.16693750670394], [4.816088604436242, 52.166937435972926], [4.816066881974177, 52.16692160166617], [4.8160268609757395, 52.16690792581912], [4.815997629307136, 52.16690778433639], [4.815979301990135, 52.16691218967939], [4.815924061133233, 52.16694562767102], [4.815909042567115, 52.166977013330694], [4.815897994375761, 52.16698370092444], [4.81587972455216, 52.166983612478575], [4.815876732236286, 52.166931916396756], [4.815869510618334, 52.16692514035755], [4.815869625688947, 52.166916152811005], [4.815862432842625, 52.166907129884734], [4.815847932083824, 52.166898071577414], [4.81584062416845, 52.16689803619632], [4.8158261521868475, 52.16688673099966], [4.815818844273356, 52.16688669561722], [4.815804372300948, 52.166875390417864], [4.815786131293765, 52.16687305507096], [4.815771601788999, 52.16686624364084], [4.815735119787491, 52.1668615729341], [4.815706003253832, 52.166852443832774], [4.815702406851985, 52.1668479323647], [4.815665982428457, 52.16683876786336], [4.815592960937397, 52.16683392014652], [4.815578402692702, 52.166829355579196], [4.815553055297458, 52.16681125659252], [4.815516659720032, 52.16679984515856], [4.815502043922166, 52.16679977435494], [4.815469273528013, 52.16679062749404], [4.815425742832776, 52.166765699308165], [4.815381924265551, 52.16676323997165], [4.815287324815935, 52.16673132319631], [4.815243592687355, 52.16672212314894], [4.815218015086672, 52.16672199918233], [4.815199860576863, 52.16671292308534], [4.815200090986423, 52.1666949479933], [4.815211139210466, 52.166688260464646], [4.815211196811697, 52.16668376669161], [4.815225870170701, 52.166679343758155], [4.815225927770432, 52.16667484998507], [4.8152515053441105, 52.166674973949945], [4.8152623807673685, 52.166681767735646], [4.815295237428156, 52.166684173994454], [4.815331690443533, 52.16669109172359], [4.815360950760474, 52.166688986484516], [4.815455780479925, 52.16670292810832], [4.815477560192934, 52.16671426875456], [4.81555774544519, 52.16673038637465], [4.815667306205484, 52.1667354110788], [4.8156818644287025, 52.16673997563515], [4.815714519728226, 52.16675810998374], [4.8157436649760115, 52.1667649921964], [4.815842264001293, 52.16676996365676], [4.815915371711052, 52.16676807055912], [4.815952026235471, 52.16675925988977], [4.815981401615992, 52.16674816694993], [4.815992708588098, 52.16672125736729], [4.816000073996494, 52.1667167989654], [4.816000160279206, 52.16671005830515], [4.816025910433476, 52.1666967007816], [4.81602967941237, 52.16668773091933], [4.816044410209223, 52.16667881411035], [4.816048380491923, 52.16665411603992], [4.816063312577562, 52.166629471020954], [4.816081726040225, 52.16661832500409], [4.81609999571475, 52.166618413418384], [4.816099650644978, 52.166645376060224], [4.816092112721011, 52.16666331578925], [4.816084632304203, 52.16667676174415], [4.816073497942086, 52.1666901900152], [4.816069613942215, 52.166708147426], [4.816058594599577, 52.16671258814846], [4.816051171681042, 52.16672154032753], [4.816050912855843, 52.166741762308455], [4.816039807226228, 52.166752943689346], [4.816032154222512, 52.166779870961136], [4.816021019818765, 52.166793299226924], [4.8160208472591925, 52.16680678054727], [4.816013453077661, 52.16681348583713], [4.816013309276036, 52.16682472027073], [4.816031435237802, 52.1668360431294], [4.81608978345552, 52.166845313617614], [4.816155324593323, 52.16686360698596], [4.8163232053146805, 52.16688014839528], [4.816370448067473, 52.16690060015106], [4.816392343075218, 52.16690295308128], [4.816414180604875, 52.166909799781074], [4.816472643948376, 52.16691008253281], [4.816505587050688, 52.166905747794246], [4.816520317824806, 52.166896830926206], [4.816534991124812, 52.16689240782997], [4.816568106602739, 52.16687459175271], [4.816575558175306, 52.16686339265435], [4.816601135861958, 52.16686351632678], [4.816608156468369, 52.166886020529596], [4.816611551853153, 52.16690626017836], [4.816629649270793, 52.16691982983208], [4.816625909122241, 52.16692655282643], [4.816680345080211, 52.16695602733824], [4.816683999043082, 52.16695604500277], [4.816702125228707, 52.16696736775852], [4.816713087120137, 52.16696742074991], [4.8167239341129475, 52.1669764612879], [4.816767695520522, 52.166983413900056], [4.816774946006619, 52.1669879429975], [4.816822418839051, 52.1669904194773], [4.816833294578805, 52.16699721311829], [4.816840602511453, 52.16699724843794], [4.816840516355001, 52.1670039890986], [4.816884105508099, 52.16702442298914], [4.816913279826436, 52.16702905802615], [4.81694602197963, 52.167040451373246], [4.817019072668777, 52.167043051366214], [4.8170228414776375, 52.167034081472494], [4.817081448522583, 52.167023129488], [4.817092496546745, 52.16701644178324], [4.81709264007741, 52.1670052073483], [4.817100005423138, 52.167000748877875], [4.817111110849336, 52.16698956739736], [4.817147621804505, 52.16699199079184], [4.817146904219848, 52.16704816296687], [4.817157636508705, 52.16706619101293], [4.817201111065258, 52.16709561233433], [4.817230256764088, 52.167102494179986], [4.81725948856536, 52.16710263535744], [4.817273989677782, 52.1671116934915], [4.817303164094032, 52.16711632843221], [4.817317579135089, 52.16713212722192], [4.817317378270692, 52.16714785543101], [4.817306244161069, 52.16716128381766], [4.817284320281124, 52.16716117794385], [4.81727695492723, 52.16716563642567], [4.817200192639951, 52.16716751271751]]]}}, {"type": "Feature", "properties": {"class": "parcel", "candidate_index": 15, "raw_confidence": 0.49914984789211303, "boundary_alignment_score": 0.49914984789211303, "area_m2": 1507.718752322602, "vertex_count": 212, "vectorization": {"threshold": 0.5, "close_pixels": 5, "boundary_width_pixels": 0, "edge_buffer_pixels": 2, "min_area_m2": 20, "max_area_m2": 250000, "simplify_tolerance_m": 0.25, "min_boundary_alignment": 0.0}, "source_tile_id": "tile-110000-460000", "vectorization_aoi": "vectorization_v2", "calibration": "parameters selected only on train_selected_0; target reference excluded", "parcel_id": "186ca30d-4ec0-5033-8b02-94c8fae787eb", "confidence_score": 0.6754263439675889, "segmentation_score": 0.49914984789211303, "topology_score": 1.0, "edge_alignment_score": 0.5035922359675169, "deviation_from_baseline_score": 0.9976415094339622, "explanation": "Enclosed-face vectorization followed by the frozen 20,000-step PPO debug policy. Reference cadastral geometry was excluded from inference and used only for the comparison report. Invalid, overlap-increasing, alignment-degrading, or CRS-round-trip-invalid candidates were rejected.", "rl_refinement": {"policy_sha256": "36f4975a32bccffc348e88edeab2d4ba8ad88c180503f6316af39efae7223b29", "timesteps": 20000, "debug_policy": true, "before": {"valid": true, "alignment": 0.5024946614479026, "reference": 0.0, "overlap": 0.0, "displacement": 0.0, "jagged": 0.0, "coverage": 1.0}, "after": {"valid": true, "alignment": 0.5035922359675169, "reference": 0.0, "overlap": 0.0, "displacement": 0.0023584905660377358, "jagged": 0.006663067853623685, "coverage": 1.0}, "accepted": true, "reward_mean": -0.0010937814123126283, "reward_std": 0.0017947003081007394, "reward_sum": -0.14000402077601645, "rejected_actions": 0, "mean_vertex_displacement_m": 0.0047169811320754715}}, "geometry": {"type": "Polygon", "coordinates": [[[4.815061241241557, 52.16669427491393], [4.81503575008588, 52.16668741024843], [4.815010172505852, 52.16668728623683], [4.8149518247211205, 52.16667801521506], [4.814940949346184, 52.16667122140079], [4.814915429406776, 52.16666660359569], [4.814893621043714, 52.16665750973236], [4.8148243115122495, 52.166648185487226], [4.814817061279736, 52.16664365626996], [4.8147915125473, 52.16664128532455], [4.814736905277248, 52.16662529126044], [4.814667595828927, 52.16661596692329], [4.8145762763131685, 52.16661327682799], [4.814554439211888, 52.166606429788295], [4.814514303618907, 52.16660174097385], [4.814496149301526, 52.16659266476871], [4.814485187505617, 52.166592611571424], [4.814470658291274, 52.16658579998117], [4.814415993523533, 52.16657429954131], [4.8143906179035305, 52.166558447191235], [4.814372377100737, 52.16655611162592], [4.814361559530473, 52.16654482398566], [4.814328789558459, 52.166535676808145], [4.814296163832737, 52.16651529519018], [4.8142670478206435, 52.166506165733935], [4.8142159794259065, 52.166499176713266], [4.814150237645206, 52.16649661047212], [4.814139362436742, 52.166489816584], [4.814113813828966, 52.16648744549198], [4.814081101664832, 52.16647380447326], [4.813986128555422, 52.16647109617633], [4.813913194450011, 52.1664595067621], [4.813884136287524, 52.16644588343898], [4.813865895557549, 52.166443547795495], [4.813840462468798, 52.16643218909954], [4.813800355979944, 52.166425253156234], [4.813789480842244, 52.166418459235835], [4.813767615084438, 52.16641385893683], [4.813749547617701, 52.16639804195831], [4.813731306914403, 52.16639570629397], [4.813684008154844, 52.166379747254474], [4.813651180685775, 52.1663750936612], [4.813647584530264, 52.166370582130455], [4.81361843986529, 52.16636369940036], [4.813560063911922, 52.16635667457698], [4.81339575343506, 52.16634688766339], [4.8133630993809495, 52.1663287526736], [4.813337522012617, 52.16632862829966], [4.813330271983208, 52.16632409899109], [4.813293790683372, 52.16631942752999], [4.813286540659913, 52.166314898218815], [4.813239155446885, 52.1663056796592], [4.813210184294075, 52.166285315512155], [4.813180953045084, 52.16628517333213], [4.813162770224908, 52.16627834380799], [4.813140875696261, 52.16627599027881], [4.813111760077686, 52.16626686053771], [4.8131081639854685, 52.16626234899051], [4.81308626946759, 52.16625999545124], [4.813079019474879, 52.16625546612724], [4.813042509348279, 52.166253041474604], [4.813038913264183, 52.16624852992531], [4.813024326562454, 52.16624621192909], [4.812980826679502, 52.16621903595559], [4.812973634529981, 52.16621001285313], [4.8129738080073565, 52.1661965315372], [4.812981231454896, 52.16618757955168], [4.812995933782266, 52.16618091000926], [4.813021568885605, 52.16617654068516], [4.8130617328458, 52.16617898312092], [4.813065502376161, 52.166170013353344], [4.8131022725936505, 52.1661522160244], [4.813106099925943, 52.16613875248342], [4.813117177230655, 52.16612981826439], [4.813117321758659, 52.166118583834084], [4.813135822458139, 52.16610069761858], [4.813135909172064, 52.16609395696033], [4.813143245857186, 52.16609174562259], [4.813143390378462, 52.166080511192106], [4.8131689965068025, 52.16607838872195], [4.813176390992896, 52.166071683609964], [4.813187381560803, 52.16606949004253], [4.813191151056582, 52.166060520270804], [4.813198487733476, 52.16605830892955], [4.813202604040904, 52.16602237652396], [4.813213767999277, 52.166006701637194], [4.813224816349502, 52.16600001429392], [4.813250393529029, 52.166000138692034], [4.8132499889456355, 52.166031595098204], [4.813231488320624, 52.166049481331925], [4.813216208060465, 52.166101088626306], [4.813208842476429, 52.16610554685461], [4.813205015178022, 52.16611901039912], [4.813204437153828, 52.16616394812083], [4.813211687144466, 52.16616847743721], [4.8132115137391125, 52.16618195875365], [4.8132001474254285, 52.16621336184212], [4.813207281819053, 52.1662268787029], [4.8132218685240575, 52.166229196676575], [4.81323271462921, 52.1662382375353], [4.813261859152419, 52.16624512036065], [4.813265455258815, 52.16624963190309], [4.8133055326097915, 52.16625881491419], [4.813309128721704, 52.166263326455365], [4.813360167809517, 52.166272562754294], [4.813360081129029, 52.16627930341256], [4.813374638966406, 52.16628386825345], [4.813444005404423, 52.16628869957727], [4.813491159546733, 52.166315893143576], [4.813509400204699, 52.166318228844986], [4.813516650251381, 52.16632275814261], [4.813586045647717, 52.166325342496854], [4.81361901747584, 52.166318761677516], [4.813622758025846, 52.16631203877838], [4.813630065842934, 52.16631207429669], [4.813644825873081, 52.16630091090116], [4.813663413071974, 52.166276283944704], [4.8136634997066245, 52.16626954328613], [4.813696731370913, 52.16624274046921], [4.813730251743278, 52.16619346878038], [4.813770791104117, 52.166166701453726], [4.813778560854784, 52.166130786782524], [4.813785984130044, 52.16612183474601], [4.813786186233395, 52.166106106542045], [4.813804773272755, 52.16608147956227], [4.813823187071605, 52.16607033389733], [4.813842149372884, 52.16601649738921], [4.813860592003597, 52.16600310483186], [4.813882515303824, 52.16600321134107], [4.813889765337404, 52.16600774061593], [4.8138818802299514, 52.16605264284068], [4.813855639045802, 52.16610419696477], [4.813855465835369, 52.166117678282646], [4.813844388681257, 52.16612661257121], [4.813840503834361, 52.16614456990915], [4.813829368931037, 52.16615799796877], [4.81382507989533, 52.166207411713785], [4.8138137428773735, 52.16623656797562], [4.813802694556492, 52.166243255373764], [4.813802434715739, 52.16626347734984], [4.81378758812147, 52.166281381423964], [4.813790722334843, 52.16632184312987], [4.813797972410744, 52.166326372410225], [4.813797828053261, 52.16633760684116], [4.813812385954644, 52.16634217162815], [4.813812299342303, 52.16634891228673], [4.813830395681384, 52.166362482369564], [4.813837703506947, 52.16636251787504], [4.813852203682966, 52.16637157642944], [4.813877723342772, 52.16637619446427], [4.813903127542926, 52.16638980003847], [4.813990734919682, 52.166396966678924], [4.8140743421168715, 52.16643107814421], [4.814147362780049, 52.16643592680006], [4.814154612910732, 52.16644045605846], [4.814180190346146, 52.16644058025536], [4.814224152779142, 52.166431805606294], [4.8142389127006515, 52.16642064213645], [4.81423902809806, 52.166411654591286], [4.814250162941837, 52.16639822649339], [4.8142505379756155, 52.16636901697115], [4.814254307283312, 52.16636004716557], [4.814261643957079, 52.16635783575841], [4.814265499805465, 52.16634212529344], [4.814287682895063, 52.166322009750374], [4.814305981289512, 52.166319851556], [4.814302702378745, 52.16629062429496], [4.8143142987000465, 52.16624124600839], [4.814347270359334, 52.16623466498522], [4.8143509819490315, 52.166230188949136], [4.81437290536237, 52.166230295367306], [4.814365020700863, 52.16627519762334], [4.814342693449295, 52.16630654761312], [4.81433535678797, 52.16630875902532], [4.814338606877144, 52.166340233171816], [4.814327587453845, 52.16634467373271], [4.814323818162193, 52.16635364354066], [4.8143127987341074, 52.16635808410017], [4.81431274104293, 52.166362577872896], [4.814290615637816, 52.16637819964784], [4.8142935772342925, 52.16643214265834], [4.814304481298347, 52.166436689646034], [4.814304423606196, 52.16644118341872], [4.8143189815934155, 52.16644574814308], [4.814318923902712, 52.166450241915754], [4.814333481894371, 52.16645480663842], [4.814340645514257, 52.16646607654441], [4.814380723282232, 52.166475259190456], [4.814435214882372, 52.16650024096471], [4.8144935911629965, 52.16650726535542], [4.814504466429775, 52.16651405921098], [4.81454460194286, 52.1665187480287], [4.814591843495432, 52.16653920049624], [4.814635632968475, 52.16654390701229], [4.814646537094786, 52.16654845396832], [4.814799915628279, 52.166555939086685], [4.814803511915327, 52.16656045058233], [4.814836339642157, 52.166565103855156], [4.8148690521048705, 52.16657874466477], [4.814883667829008, 52.16657881554665], [4.814916437947044, 52.1665879625702], [4.81494929451973, 52.166590368925156], [4.815000161456722, 52.16661308583399], [4.8150512301059525, 52.16662007451539], [4.815058480358473, 52.16662460371832], [4.815080375160676, 52.16662695689184], [4.815098529611192, 52.16663603300724], [4.815116770485103, 52.16663836846035], [4.815134838534393, 52.166654185229675], [4.81513095416, 52.166672142609094], [4.8151088864983915, 52.16668327076391], [4.815101463394409, 52.16669222288302], [4.815061241241557, 52.16669427491393]]]}}, {"type": "Feature", "properties": {"class": "parcel", "candidate_index": 16, "raw_confidence": 0.4980182289145887, "boundary_alignment_score": 0.4980182289145887, "area_m2": 1309.3750019781855, "vertex_count": 90, "vectorization": {"threshold": 0.5, "close_pixels": 5, "boundary_width_pixels": 0, "edge_buffer_pixels": 2, "min_area_m2": 20, "max_area_m2": 250000, "simplify_tolerance_m": 0.25, "min_boundary_alignment": 0.0}, "source_tile_id": "tile-110000-460000", "vectorization_aoi": "vectorization_v2", "calibration": "parameters selected only on train_selected_0; target reference excluded", "parcel_id": "5b019cae-8c0b-5c85-9054-a8e2da3282c7", "confidence_score": 0.6724093591592585, "segmentation_score": 0.4980182289145887, "topology_score": 1.0, "edge_alignment_score": 0.5013154856860638, "deviation_from_baseline_score": 0.9847222222222223, "explanation": "Enclosed-face vectorization followed by the frozen 20,000-step PPO debug policy. Reference cadastral geometry was excluded from inference and used only for the comparison report. Invalid, overlap-increasing, alignment-degrading, or CRS-round-trip-invalid candidates were rejected.", "rl_refinement": {"policy_sha256": "36f4975a32bccffc348e88edeab2d4ba8ad88c180503f6316af39efae7223b29", "timesteps": 20000, "debug_policy": true, "before": {"valid": true, "alignment": 0.49751276678095263, "reference": 0.0, "overlap": 0.0, "displacement": 0.0, "jagged": 0.0, "coverage": 1.0}, "after": {"valid": true, "alignment": 0.5013154856860638, "reference": 0.0, "overlap": 0.0, "displacement": 0.015277777777777777, "jagged": 0.05513737321863048, "coverage": 1.0}, "accepted": true, "reward_mean": -0.0010197208546046713, "reward_std": 0.0016596624773763731, "reward_sum": -0.13052426938939796, "rejected_actions": 0, "mean_vertex_displacement_m": 0.030555555555555555}}, "geometry": {"type": "Polygon", "coordinates": [[[4.78765670661382, 52.179074180162836], [4.787649457132434, 52.179069649287165], [4.787620247813836, 52.17906725388905], [4.787594784045177, 52.17905813643253], [4.7875692296759045, 52.179055759588636], [4.7875620104104595, 52.17904898183486], [4.787540110986237, 52.179046623552566], [4.7875365164588555, 52.17904211123851], [4.787500118118187, 52.1790306911822], [4.78746722368797, 52.17903052404897], [4.78745272477943, 52.17902146227394], [4.787427170438858, 52.1790190853993], [4.787419951200959, 52.17901230763684], [4.787405361672265, 52.17900998647401], [4.787398142439147, 52.17900320871019], [4.787383583127567, 52.17899864067201], [4.787288736150921, 52.17898467648819], [4.787281547157753, 52.17897565184468], [4.787270582361539, 52.17897559611429], [4.787241494005753, 52.17896421313198], [4.787135712582922, 52.178947946218585], [4.787124868697669, 52.178938902984335], [4.787110279208481, 52.17893658178503], [4.787103060032123, 52.178929804003154], [4.787088470547058, 52.17892748280117], [4.787070347050509, 52.17891615552392], [4.787063037196347, 52.178916118357385], [4.78706333948683, 52.17889364963148], [4.7870743647195075, 52.178889211635834], [4.787081855937837, 52.17887576756602], [4.787089196013117, 52.178873557858694], [4.787092971846802, 52.178864588950766], [4.787103997069348, 52.17886015095226], [4.7871114580472645, 52.17884895375312], [4.787119402639875, 52.17880180659116], [4.7871267729268725, 52.178797350008786], [4.78712695428131, 52.17878386877287], [4.787134385015283, 52.17877491844475], [4.787134626817942, 52.178756943463384], [4.787171478193449, 52.17873466054215], [4.787175284221964, 52.17872344475857], [4.787197455467098, 52.17870558125406], [4.78724499951578, 52.178703575901096], [4.787252248896614, 52.17870810680177], [4.7872814881778005, 52.17870825541799], [4.787310576377151, 52.17871963839074], [4.787328850932752, 52.17871973126771], [4.787339725021293, 52.1787265276108], [4.787357969365756, 52.178728867356035], [4.787379777985404, 52.17873796629036], [4.787427291850159, 52.17873820773677], [4.787430856131722, 52.17874496692712], [4.787449070279092, 52.17874955353106], [4.787449009860151, 52.178754047276584], [4.787481873878526, 52.17875646128738], [4.787481783255038, 52.17876320190573], [4.787503591916803, 52.178772300817144], [4.787514556663414, 52.17877235652573], [4.787529085709232, 52.17877917142073], [4.787598498913964, 52.17878177108254], [4.787612997774465, 52.17879083283999], [4.7876312421597325, 52.178793172543024], [4.787645771230211, 52.178799987423616], [4.787660390901751, 52.17880006168393], [4.787693164374047, 52.17880921625438], [4.787711438967392, 52.178809309072186], [4.787711348378466, 52.1788160496907], [4.787740527342727, 52.178820691938995], [4.787751401518716, 52.178827488244195], [4.787776985960123, 52.178827618175646], [4.787817099509693, 52.17883456296117], [4.787853678907073, 52.17883250168265], [4.7878458860328985, 52.17886841453069], [4.787823745156498, 52.17888403128386], [4.78782365458435, 52.17889077190247], [4.787801392921619, 52.17891537614284], [4.7877975266497685, 52.17893108569209], [4.787790186599921, 52.17893329544343], [4.787779040655241, 52.17894672099727], [4.787753395756874, 52.17895108481175], [4.787745995312177, 52.17895778830595], [4.787745663170331, 52.17898250390664], [4.787723492006241, 52.17900036751345], [4.787723190047416, 52.179022836241174], [4.787723099459694, 52.179029576859385], [4.787708449516132, 52.17903174947952], [4.787704432216954, 52.17905869338907], [4.787686066928039, 52.17906534118828], [4.7876933164124456, 52.17906987206173], [4.787671326375273, 52.17907425442199], [4.78765670661382, 52.179074180162836]]]}}, {"type": "Feature", "properties": {"class": "parcel", "candidate_index": 17, "raw_confidence": 0.4973525890382007, "boundary_alignment_score": 0.4973525890382007, "area_m2": 1284.8125019261388, "vertex_count": 109, "vectorization": {"threshold": 0.5, "close_pixels": 5, "boundary_width_pixels": 0, "edge_buffer_pixels": 2, "min_area_m2": 20, "max_area_m2": 250000, "simplify_tolerance_m": 0.25, "min_boundary_alignment": 0.0}, "source_tile_id": "tile-110000-460000", "vectorization_aoi": "vectorization_v2", "calibration": "parameters selected only on train_selected_0; target reference excluded", "parcel_id": "bdaf5b12-a136-548f-93a2-dda369ec68dc", "confidence_score": 0.672879204148621, "segmentation_score": 0.4973525890382007, "topology_score": 1.0, "edge_alignment_score": 0.5023266660670439, "deviation_from_baseline_score": 0.9873853211009175, "explanation": "Enclosed-face vectorization followed by the frozen 20,000-step PPO debug policy. Reference cadastral geometry was excluded from inference and used only for the comparison report. Invalid, overlap-increasing, alignment-degrading, or CRS-round-trip-invalid candidates were rejected.", "rl_refinement": {"policy_sha256": "36f4975a32bccffc348e88edeab2d4ba8ad88c180503f6316af39efae7223b29", "timesteps": 20000, "debug_policy": true, "before": {"valid": true, "alignment": 0.4937255106245478, "reference": 0.0, "overlap": 0.0, "displacement": 0.0, "jagged": 0.0, "coverage": 1.0}, "after": {"valid": true, "alignment": 0.5023266660670439, "reference": 0.0, "overlap": 0.0, "displacement": 0.01261467889908257, "jagged": 0.048034804492399864, "coverage": 1.0}, "accepted": true, "reward_mean": -0.0010208130673014112, "reward_std": 0.00230406229029086, "reward_sum": -0.13066407261458066, "rejected_actions": 0, "mean_vertex_displacement_m": 0.02522935779816514}}, "geometry": {"type": "Polygon", "coordinates": [[[4.812676526372971, 52.17509555070807], [4.812640095845996, 52.175086385276565], [4.812625477338703, 52.17508631411271], [4.812596413960704, 52.17507269048504], [4.812589104709342, 52.175072654900674], [4.812585507963552, 52.17506814334347], [4.81255998346894, 52.1750635250289], [4.812552732102289, 52.17505899567741], [4.812519869424811, 52.17505658864947], [4.812483438962012, 52.17504742316968], [4.812457856597211, 52.17504729859784], [4.8123923918203015, 52.175022262538654], [4.812282926909285, 52.17500824724172], [4.812246496534903, 52.17499908168875], [4.812242928786846, 52.174992323238776], [4.812199218156775, 52.17498087518268], [4.81219196684025, 52.17497634580903], [4.812181031947763, 52.17497404551241], [4.812170183938745, 52.17496500456776], [4.812174215042759, 52.17493581290259], [4.812181611151785, 52.174929107865594], [4.812182161394359, 52.17488641710083], [4.812207946377502, 52.174870813555614], [4.812211745779437, 52.17485959694777], [4.812248523513727, 52.17484179992263], [4.812271001309435, 52.174799215971596], [4.812289419098137, 52.17478807056865], [4.812293218472465, 52.17477685395792], [4.812289679689555, 52.1747678486267], [4.812282399443423, 52.174765566140934], [4.812282717947691, 52.17474085043389], [4.812290056098902, 52.17473863915482], [4.812286691047856, 52.174716152528575], [4.812294173966375, 52.174702706836804], [4.812305195659523, 52.174698266475566], [4.812320045662935, 52.174680362618986], [4.812338463390214, 52.17466921720804], [4.812360390945215, 52.1746693240062], [4.812371267871579, 52.1746761180513], [4.812436818970631, 52.17469441347538], [4.812498860247445, 52.174701456655356], [4.812538771375159, 52.17472412121968], [4.812560612135071, 52.17473096862832], [4.812608035089444, 52.174737940577394], [4.812618941008292, 52.17474248771705], [4.812662767256435, 52.174744948087664], [4.81267729884679, 52.17475175989449], [4.812702852109116, 52.17475413130114], [4.812746446920896, 52.174774566701274], [4.812749754345207, 52.17480154707971], [4.812738732670596, 52.17480598748241], [4.812734933405742, 52.17481720410757], [4.812720199254717, 52.17482612048585], [4.812654445291721, 52.17482355339699], [4.812632546597343, 52.17482119977085], [4.812632604472053, 52.17481670600577], [4.812625324200325, 52.17481442354114], [4.812599741968649, 52.17481429900026], [4.812603338695515, 52.174818810557205], [4.812625266324884, 52.174818917306226], [4.812628776242042, 52.17483016950998], [4.812647020334593, 52.17483250534637], [4.812654242737827, 52.17483928157474], [4.812679796049033, 52.17484165298636], [4.812683277046898, 52.17485515207106], [4.812694154067767, 52.17486194608627], [4.812701463284706, 52.17486198166413], [4.8127013186150505, 52.17487321607677], [4.8126647435855014, 52.174875285065525], [4.812646586284612, 52.17486620858432], [4.812624658631925, 52.174866101839235], [4.812624716507509, 52.174861608074195], [4.8126137816206525, 52.17485930781764], [4.81261383949732, 52.17485481405261], [4.812606559220345, 52.17485253158681], [4.8125882861821365, 52.17485244262662], [4.81256258816515, 52.17486130560773], [4.81256241451958, 52.174874786902684], [4.812580484986669, 52.17489060404428], [4.81260606726204, 52.174890728589446], [4.812609924442715, 52.17487501820363], [4.812628197490227, 52.174875107160425], [4.8126281106773385, 52.17488184780799], [4.812657289685618, 52.17488648389803], [4.812657145004734, 52.174897718310596], [4.812675302320584, 52.17490679479018], [4.812678841192311, 52.17491580010979], [4.81269705638833, 52.17492038282098], [4.812715358387925, 52.174918224881814], [4.812737401795149, 52.17490934407994], [4.812781286073806, 52.17490731064164], [4.8127887110165295, 52.174898358683876], [4.8128253439148265, 52.174891795891604], [4.812850926191772, 52.174891920383644], [4.812865457858752, 52.17489873216722], [4.812861485062347, 52.17492343009177], [4.812846750901383, 52.17493234648567], [4.81283929703756, 52.17494354532957], [4.812809973330269, 52.17495014369718], [4.812788045635814, 52.17495003698244], [4.812784304230603, 52.17495675984384], [4.812765192156082, 52.17502183050399], [4.8127541125656625, 52.175030764672904], [4.812750342216923, 52.17503973441566], [4.812746687593852, 52.175039716628255], [4.812731866573846, 52.175055373655], [4.8127281830167705, 52.175057602749526], [4.812720497637034, 52.175086776645344], [4.812705763393865, 52.17509569302127], [4.812676526372971, 52.17509555070807]]]}}, {"type": "Feature", "properties": {"class": "parcel", "candidate_index": 18, "raw_confidence": 0.4978971973177977, "boundary_alignment_score": 0.4978971973177977, "area_m2": 1112.8750017081547, "vertex_count": 209, "vectorization": {"threshold": 0.5, "close_pixels": 5, "boundary_width_pixels": 0, "edge_buffer_pixels": 2, "min_area_m2": 20, "max_area_m2": 250000, "simplify_tolerance_m": 0.25, "min_boundary_alignment": 0.0}, "source_tile_id": "tile-110000-460000", "vectorization_aoi": "vectorization_v2", "calibration": "parameters selected only on train_selected_0; target reference excluded", "parcel_id": "5ba8f810-6681-56e4-9e27-fce331978aba", "confidence_score": 0.6750567218713639, "segmentation_score": 0.4978971973177977, "topology_score": 1.0, "edge_alignment_score": 0.5035394718870521, "deviation_from_baseline_score": 0.9982057416267942, "explanation": "Enclosed-face vectorization followed by the frozen 20,000-step PPO debug policy. Reference cadastral geometry was excluded from inference and used only for the comparison report. Invalid, overlap-increasing, alignment-degrading, or CRS-round-trip-invalid candidates were rejected.", "rl_refinement": {"policy_sha256": "36f4975a32bccffc348e88edeab2d4ba8ad88c180503f6316af39efae7223b29", "timesteps": 20000, "debug_policy": true, "before": {"valid": true, "alignment": 0.5031273240844408, "reference": 0.0, "overlap": 0.0, "displacement": 0.0, "jagged": 0.0, "coverage": 1.0}, "after": {"valid": true, "alignment": 0.5035394718870521, "reference": 0.0, "overlap": 0.0, "displacement": 0.0017942583732057417, "jagged": 0.006263239207535634, "coverage": 1.0}, "accepted": true, "reward_mean": -0.001114656194951534, "reward_std": 0.001618084967018027, "reward_sum": -0.14267599295379638, "rejected_actions": 0, "mean_vertex_displacement_m": 0.0035885167464114833}}, "geometry": {"type": "Polygon", "coordinates": [[[4.811335339020195, 52.178765143912656], [4.81132817419702, 52.178753873846325], [4.811328783330686, 52.178706689353874], [4.811306824786392, 52.17870882924181], [4.811307027838375, 52.17869310107764], [4.811328986374908, 52.17869096118965], [4.81132907339381, 52.178684220547794], [4.8113363832357745, 52.17868425621111], [4.811358660819369, 52.178657400630826], [4.81138067734322, 52.17865076697193], [4.81138441927192, 52.17864404416011], [4.8113954420309115, 52.17863960388842], [4.811399764010172, 52.17858794346285], [4.811425377403489, 52.178585821386356], [4.811429177322296, 52.178574604811615], [4.8114402000596534, 52.178570164535685], [4.811444115974956, 52.17854996043772], [4.8114552257042, 52.17853877951818], [4.811459083610674, 52.17852306918099], [4.811499664565403, 52.178494055829496], [4.811511354205507, 52.17843793728951], [4.811526147786032, 52.17842452730831], [4.811529976661547, 52.17841106384917], [4.811541028343805, 52.178404376682856], [4.811544857213078, 52.1783909132232], [4.811559534790185, 52.17838649076087], [4.8115826239008594, 52.17829672247334], [4.811589962672394, 52.17829451124003], [4.811593762524718, 52.17828329465936], [4.811604843157753, 52.17827436060595], [4.811605017110026, 52.178260879320824], [4.811557909508429, 52.1782291912781], [4.811543318968348, 52.17822687309784], [4.811543376958571, 52.17822237933611], [4.811536067192098, 52.17822234368574], [4.8115251895304825, 52.17821554956672], [4.811521882602003, 52.17818856917074], [4.811532905234604, 52.17818412888572], [4.81156214427551, 52.17818427148524], [4.8115695120232855, 52.178179813372175], [4.811653603248287, 52.17817797641924], [4.811664683843106, 52.17816904235998], [4.81166494474353, 52.1781488204317], [4.811679709193537, 52.178137657311304], [4.811690702810267, 52.17813546389237], [4.811690818760686, 52.178126476368604], [4.8117018123741175, 52.1781242829486], [4.811727599401378, 52.17810867952017], [4.811738737934449, 52.178095251691886], [4.811746308543271, 52.17807506540089], [4.811742885551438, 52.17805707253417], [4.811765597331968, 52.17799651365821], [4.811783900639033, 52.17799435586657], [4.811787729399327, 52.17798089239794], [4.811809832469717, 52.177967518014476], [4.811824857649622, 52.177936132945966], [4.811832196349798, 52.177933921697274], [4.81183967994891, 52.1779204760428], [4.811861840931332, 52.17790260788725], [4.811876837074606, 52.17787346969277], [4.811885045089607, 52.177803852007266], [4.811903348311856, 52.17780169419695], [4.811918083611184, 52.17779277792693], [4.811921883337779, 52.17778156133452], [4.811929250982992, 52.177777103198565], [4.811929482785207, 52.177759128149276], [4.811944565759142, 52.177723249301785], [4.811977807015726, 52.17769644703612], [4.811985290530845, 52.17768300137171], [4.811985493337475, 52.17766727320322], [4.811992860957418, 52.17766281506318], [4.811993034789293, 52.177649333775804], [4.812011598682203, 52.1776269540174], [4.812022621127205, 52.177622513685925], [4.812030162556457, 52.177604574255966], [4.812041242933067, 52.17759564016016], [4.8120489871338625, 52.17756197256], [4.812056383698741, 52.17755526753458], [4.812060444086437, 52.177523829005565], [4.812071611340552, 52.17750815426284], [4.812086288574812, 52.17750373173381], [4.812093772024691, 52.17749028606201], [4.812101110638148, 52.177488074796344], [4.812108738910871, 52.17746339471688], [4.81211613545037, 52.17745668968755], [4.812116367175095, 52.177438714636814], [4.812171623907062, 52.17740527851192], [4.812175829012094, 52.17736260557098], [4.812183312411153, 52.177349159893105], [4.812216495323942, 52.177326851320636], [4.812235145848431, 52.17729773088113], [4.812239437759813, 52.17724831729265], [4.81224677632622, 52.17724610601775], [4.812261627205403, 52.17722820217778], [4.812276333286001, 52.1772215327432], [4.8122875583017235, 52.17720136421603], [4.812291879101844, 52.17714970374321], [4.81229921764942, 52.177147492465], [4.812303017224595, 52.17713627585883], [4.8123103847249515, 52.17713181769833], [4.812336026193405, 52.17712744854082], [4.812343422642883, 52.17712074349676], [4.8123580997226725, 52.177116320933344], [4.812380028480864, 52.17711642772957], [4.812390906005582, 52.177123221770856], [4.812394300237401, 52.17714346150349], [4.812415997407181, 52.17716154334544], [4.812422785902338, 52.1772020228089], [4.812415447351877, 52.17720423409479], [4.812407992997933, 52.177215432906365], [4.812393315890407, 52.17721985547578], [4.812375041882828, 52.177219766481265], [4.812352997259958, 52.177228647210086], [4.812349110828329, 52.17724660446215], [4.812323006012415, 52.17728692372608], [4.8123010482144215, 52.177289063800586], [4.812300990302124, 52.17729355756353], [4.812289996922884, 52.17729575104004], [4.812282571479175, 52.17730470296193], [4.81227500124508, 52.177324889290595], [4.812274537924829, 52.17736083939361], [4.812259687006453, 52.17737874323478], [4.812245038789531, 52.177380918904156], [4.812237613322566, 52.17738987082311], [4.8122265909564845, 52.17739431117496], [4.812226533036502, 52.17739880493777], [4.81221551066711, 52.177403245288566], [4.812207505971141, 52.17745713483322], [4.812185345349016, 52.17747500305561], [4.812177804004254, 52.177492942496016], [4.81217043643088, 52.17749740064778], [4.8121664340494466, 52.177524345418206], [4.8121475806360685, 52.17756919401468], [4.812140242011543, 52.177571405283224], [4.812136442357946, 52.17758262188313], [4.812121736137207, 52.177589291299604], [4.812110597846268, 52.177602719165534], [4.812099227815876, 52.177634122080605], [4.812098822283066, 52.17766557841827], [4.812084000159692, 52.17768123535488], [4.812050932792788, 52.17769455636326], [4.8120391281510155, 52.17775966249012], [4.812024277004817, 52.17777756630006], [4.8120241611227765, 52.17778655382481], [4.81201310966625, 52.17779324103746], [4.812009280990296, 52.17780670451396], [4.811998200554688, 52.17781563860633], [4.811964495644047, 52.17787839097526], [4.811949789299975, 52.177885060369775], [4.811931486045711, 52.17788721818726], [4.811924031455532, 52.177898416966606], [4.811916692765735, 52.177900628221], [4.8119160552923175, 52.177950059605095], [4.811908629664187, 52.177959011502196], [4.811901261986793, 52.177963469636666], [4.8118902974001845, 52.177963416194295], [4.811890239445356, 52.17796790995648], [4.811871849219188, 52.177976808407784], [4.811867962527516, 52.1779947656413], [4.811856910995908, 52.17800145283896], [4.8118599283237025, 52.17805090203703], [4.811845105987983, 52.178066558942334], [4.811826831634892, 52.178066469862365], [4.811801044666732, 52.17808207331269], [4.811796752185829, 52.178131486877234], [4.81178567162678, 52.178140420948985], [4.811785584678271, 52.17814716159188], [4.811767310292306, 52.17814707250266], [4.811756229723481, 52.178156006571555], [4.8117302107935584, 52.1781895850536], [4.811730123836541, 52.178196325696426], [4.811722785088096, 52.178198536938545], [4.811718898316747, 52.178216494166364], [4.811685656515998, 52.178243296355895], [4.811685424612235, 52.178261271403045], [4.8116631764131075, 52.178285880166605], [4.811663002478289, 52.178299361451856], [4.811651863871219, 52.178312789272404], [4.811651718922587, 52.17832402367667], [4.811636867432223, 52.17834192743563], [4.811633038594983, 52.17835539089839], [4.811625670824467, 52.178359849015216], [4.811621783999715, 52.1783778062393], [4.811610732336136, 52.17838449341323], [4.811606874495244, 52.17840020375584], [4.811577200409217, 52.17843376437918], [4.811573342552191, 52.17844947472055], [4.811565945765974, 52.17845617971432], [4.8115583460156195, 52.178478612872986], [4.811547236327237, 52.1784897938024], [4.811547120346653, 52.178498781325374], [4.811539781539346, 52.17850099255591], [4.811521246040886, 52.17852112535514], [4.81152449500019, 52.17855259951102], [4.811513472275538, 52.178557039794924], [4.811509701376532, 52.17856600949166], [4.811509324414009, 52.17859521894089], [4.81149447277581, 52.17861312268083], [4.811490527879545, 52.17863557366101], [4.811479418134928, 52.17864675458363], [4.811453833709112, 52.17864662979115], [4.811446262869939, 52.17866681606107], [4.811431527187035, 52.17867573227022], [4.811423985334303, 52.17869367165794], [4.811394368920779, 52.178722738471826], [4.8113905109739665, 52.1787384488063], [4.811375746252225, 52.17874961188896], [4.811371975309102, 52.17875858158096], [4.811353613658302, 52.17876523306913], [4.811335339020195, 52.178765143912656]]]}}, {"type": "Feature", "properties": {"class": "parcel", "candidate_index": 19, "raw_confidence": 0.5001946393749677, "boundary_alignment_score": 0.5001946393749677, "area_m2": 1093.1250016894846, "vertex_count": 157, "vectorization": {"threshold": 0.5, "close_pixels": 5, "boundary_width_pixels": 0, "edge_buffer_pixels": 2, "min_area_m2": 20, "max_area_m2": 250000, "simplify_tolerance_m": 0.25, "min_boundary_alignment": 0.0}, "source_tile_id": "tile-110000-460000", "vectorization_aoi": "vectorization_v2", "calibration": "parameters selected only on train_selected_0; target reference excluded", "parcel_id": "13061290-0192-5740-b6a6-9e6de6fb0e13", "confidence_score": 0.675895705223799, "segmentation_score": 0.5001946393749677, "topology_score": 1.0, "edge_alignment_score": 0.5043509614964327, "deviation_from_baseline_score": 0.9968152866242038, "explanation": "Enclosed-face vectorization followed by the frozen 20,000-step PPO debug policy. Reference cadastral geometry was excluded from inference and used only for the comparison report. Invalid, overlap-increasing, alignment-degrading, or CRS-round-trip-invalid candidates were rejected.", "rl_refinement": {"policy_sha256": "36f4975a32bccffc348e88edeab2d4ba8ad88c180503f6316af39efae7223b29", "timesteps": 20000, "debug_policy": true, "before": {"valid": true, "alignment": 0.5000664793575803, "reference": 0.0, "overlap": 0.0, "displacement": 0.0, "jagged": 0.0, "coverage": 1.0}, "after": {"valid": true, "alignment": 0.5043509614964327, "reference": 0.0, "overlap": 0.0, "displacement": 0.0031847133757961785, "jagged": 0.007404906910625612, "coverage": 1.0}, "accepted": true, "reward_mean": -0.0010704729105350716, "reward_std": 0.0015912282256103113, "reward_sum": -0.1370205325484892, "rejected_actions": 0, "mean_vertex_displacement_m": 0.006369426751592357}}, "geometry": {"type": "Polygon", "coordinates": [[[4.816974494856744, 52.16338243001407], [4.816908843640358, 52.163373124650214], [4.81688346894885, 52.163357272829025], [4.816850672080555, 52.163350373237975], [4.816832403742294, 52.16335028494178], [4.816810654040052, 52.16333669765276], [4.816796010656007, 52.1633388738994], [4.8167849347817535, 52.16334780847015], [4.816752051775134, 52.163347649516666], [4.816701216382497, 52.16332268646633], [4.8166573723989385, 52.16332247449521], [4.816617296988993, 52.163313292620984], [4.8166028259694835, 52.16330198751403], [4.816603141973855, 52.16327727174308], [4.816618101342814, 52.163250379749215], [4.8166401956535605, 52.16323700441426], [4.816647646596982, 52.16322580530341], [4.816633204324143, 52.16321225331175], [4.816600407601334, 52.163205353651215], [4.8165857929787315, 52.16320528298354], [4.816582081865789, 52.16320975909292], [4.816574774553781, 52.1632097237582], [4.816567294865378, 52.16322316975274], [4.816545258000761, 52.16323205129749], [4.816544769581293, 52.16327024839804], [4.816537404797504, 52.16327470683746], [4.816511829168464, 52.16327458315414], [4.816504608043742, 52.16326780715033], [4.816471753831642, 52.1632654012305], [4.816446264414796, 52.16325853686828], [4.816413381475544, 52.16325837782047], [4.816384353366996, 52.163242508219476], [4.816377161005835, 52.163233485319616], [4.816377362178715, 52.16321775710201], [4.816381102051624, 52.163211034110866], [4.816403196413714, 52.16319765882029], [4.816417839770357, 52.16319548262231], [4.816410618672688, 52.163188706612694], [4.816410819833513, 52.163172978394904], [4.816421895739015, 52.163164043859055], [4.816433115320626, 52.16314387488076], [4.8164625744019505, 52.16312604114574], [4.816502793274727, 52.16312398863104], [4.816503080600321, 52.163101519747954], [4.816521549957162, 52.16308587987675], [4.816506964106193, 52.16308356231105], [4.816496089367942, 52.1630767686369], [4.816496146833686, 52.16307227486028], [4.816466917676151, 52.163072133497394], [4.816441485841575, 52.16306077535747], [4.81642687126666, 52.16306070467021], [4.816419621452651, 52.16305617554928], [4.816401381973578, 52.1630538402982], [4.816383257450568, 52.16304251749118], [4.8163835735741705, 52.16301780171991], [4.8163909383307875, 52.16301334328976], [4.8163984467746, 52.16299765041762], [4.8164094651645915, 52.16299320965926], [4.8164097237989525, 52.1629729876643], [4.816373273650733, 52.16296607026803], [4.816366023857509, 52.162961541143716], [4.816366196293417, 52.162948059813786], [4.81638089704701, 52.16294138984353], [4.816410097381445, 52.16294377811593], [4.816413521120203, 52.162961770895144], [4.816420770918295, 52.16296630001646], [4.816424740654381, 52.16294160191685], [4.816432076658306, 52.16293939037249], [4.816439585075116, 52.1629236974975], [4.816450632177758, 52.1629170098468], [4.816457939441702, 52.162917045189225], [4.816465390377082, 52.162905846089224], [4.816476408737723, 52.16290140532446], [4.8164801773025365, 52.16289243544135], [4.81649844545243, 52.16289252379185], [4.8165093488783, 52.16289707057755], [4.816542231551719, 52.16289722959821], [4.816553106253355, 52.1629040232683], [4.816560413515281, 52.16290405860431], [4.816571259492405, 52.1629130991611], [4.816593095099161, 52.16291994582962], [4.816684378460712, 52.16292488124321], [4.81668814698574, 52.162915911353444], [4.816706415145783, 52.162915999671704], [4.816706271535004, 52.16292723411394], [4.816684321014175, 52.162929375020084], [4.816684234844345, 52.16293611568538], [4.816669534137693, 52.16294278569354], [4.816669447965595, 52.16294952635877], [4.816691197436451, 52.16296311367445], [4.81673495490484, 52.16297006629778], [4.816734753859469, 52.16298579451678], [4.8167236206181965, 52.16299922285934], [4.816712602257878, 52.1630036636471], [4.8166906804227505, 52.163003557665924], [4.81668345931453, 52.16299678167274], [4.81666884476008, 52.16299671101544], [4.816657970018237, 52.16298991735612], [4.81665802746753, 52.1629854235793], [4.816614040181358, 52.16299644603458], [4.8166066754497745, 52.16300090447863], [4.8166027632638935, 52.16302110880745], [4.816591629974091, 52.16303453713742], [4.816598793619084, 52.16304580691286], [4.816598592525272, 52.16306153513137], [4.816583949221347, 52.16306371135195], [4.81655820133467, 52.16307706900895], [4.8165507791239275, 52.16308602122607], [4.816543471832215, 52.16308598588941], [4.816539530879399, 52.163108437104164], [4.816546838174784, 52.16310847244108], [4.816550434362153, 52.163112983886], [4.816579663546792, 52.163113125228186], [4.81659053830664, 52.16311991889462], [4.816612517652725, 52.16311553111782], [4.816670976026069, 52.16311581376421], [4.81669632178207, 52.16313391251978], [4.816729175909724, 52.16313631837697], [4.816765425216957, 52.163158963882005], [4.816787404565217, 52.16315457607266], [4.816787490720011, 52.163147835407464], [4.816798595261648, 52.163136653947696], [4.816853371299085, 52.16313916573153], [4.816878803283462, 52.16315052378276], [4.816878516146663, 52.16317299266686], [4.816859903305326, 52.16319986703572], [4.816815944573984, 52.16320864267727], [4.816797302962202, 52.16323776392445], [4.816793132378812, 52.16327819025394], [4.816822103223033, 52.1632985535312], [4.816822045789738, 52.16330304730792], [4.81684045768724, 52.163291901163966], [4.816855388203279, 52.16326725602823], [4.816870088989332, 52.163260585997435], [4.81687402978959, 52.16323813477198], [4.816877769589434, 52.163231411765004], [4.816892470360322, 52.16322474173138], [4.816892527786388, 52.16322024795457], [4.816914507152456, 52.163215860121596], [4.81691824694433, 52.163209137113306], [4.8169255542565965, 52.16320917242682], [4.816932918990845, 52.16320471396298], [4.816962205656175, 52.16320036143363], [4.816976906404232, 52.16319369138938], [4.817042614781995, 52.16319850293847], [4.817046182321488, 52.163205261256735], [4.8170606534222715, 52.16321656630963], [4.817060337671904, 52.163241282082446], [4.817056483079518, 52.16325699264893], [4.817041610089068, 52.16327714403353], [4.817041294327591, 52.16330185980603], [4.817059419123087, 52.16331318251185], [4.817059189485354, 52.16333115761909], [4.817055478409326, 52.16333563374328], [4.817029816624847, 52.16334225083745], [4.81702938603119, 52.16337595416315], [4.8170183389011845, 52.16338264186746], [4.816974494856744, 52.16338243001407]]]}}, {"type": "Feature", "properties": {"class": "parcel", "candidate_index": 20, "raw_confidence": 0.49888124654535204, "boundary_alignment_score": 0.49888124654535204, "area_m2": 988.7187515183487, "vertex_count": 106, "vectorization": {"threshold": 0.5, "close_pixels": 5, "boundary_width_pixels": 0, "edge_buffer_pixels": 2, "min_area_m2": 20, "max_area_m2": 250000, "simplify_tolerance_m": 0.25, "min_boundary_alignment": 0.0}, "source_tile_id": "tile-110000-460000", "vectorization_aoi": "vectorization_v2", "calibration": "parameters selected only on train_selected_0; target reference excluded", "parcel_id": "a1ed89ae-7245-5864-8b3a-a5004fd3410a", "confidence_score": 0.6744375619306975, "segmentation_score": 0.49888124654535204, "topology_score": 1.0, "edge_alignment_score": 0.500020041440924, "deviation_from_baseline_score": 0.9988207547169812, "explanation": "Enclosed-face vectorization followed by the frozen 20,000-step PPO debug policy. Reference cadastral geometry was excluded from inference and used only for the comparison report. Invalid, overlap-increasing, alignment-degrading, or CRS-round-trip-invalid candidates were rejected.", "rl_refinement": {"policy_sha256": "36f4975a32bccffc348e88edeab2d4ba8ad88c180503f6316af39efae7223b29", "timesteps": 20000, "debug_policy": true, "before": {"valid": true, "alignment": 0.4988272289435069, "reference": 0.0, "overlap": 0.0, "displacement": 0.0, "jagged": 0.0, "coverage": 1.0}, "after": {"valid": true, "alignment": 0.500020041440924, "reference": 0.0, "overlap": 0.0, "displacement": 0.0011792452830188679, "jagged": 0.0047169811320754715, "coverage": 1.0}, "accepted": true, "reward_mean": -0.0011257788570971541, "reward_std": 0.0010814071367767626, "reward_sum": -0.14409969370843576, "rejected_actions": 0, "mean_vertex_displacement_m": 0.0023584905660377358}}, "geometry": {"type": "Polygon", "coordinates": [[[4.788470889594336, 52.179415366822425], [4.78845636019725, 52.17940855204364], [4.788423555966515, 52.17940164455802], [4.788335927241003, 52.17939445891599], [4.7883216391999515, 52.17936966913801], [4.788285180054475, 52.179362743069476], [4.788267025907984, 52.17935366284892], [4.788241471333011, 52.17935128615041], [4.78823059695475, 52.17934448989066], [4.788208697349616, 52.17934213173226], [4.788175953553071, 52.17933073043234], [4.788135748974993, 52.179330526387005], [4.788102975028663, 52.17932137193957], [4.7880664254202765, 52.179321186421774], [4.787993446934735, 52.17931182786135], [4.787960793768203, 52.179293685883486], [4.787898870785037, 52.17927764231267], [4.787898931159581, 52.17927314856725], [4.787891651433634, 52.17927086457924], [4.787899625465788, 52.1792214704943], [4.787925481806717, 52.17920137853916], [4.787947502066601, 52.17919474925894], [4.787943937670996, 52.179187990084586], [4.787922128716113, 52.179178891254786], [4.787911435547852, 52.1791586137289], [4.787904125653032, 52.17915857661442], [4.787900410331447, 52.179163051802554], [4.7878602360952955, 52.179160600790844], [4.787860477608118, 52.17914262580879], [4.787875187957488, 52.179135959424315], [4.78787210659332, 52.1790932502832], [4.787879446665484, 52.179091040526885], [4.787879537229731, 52.1790842999085], [4.787864947653347, 52.179081978802415], [4.787843531234822, 52.17904367061162], [4.787832566420967, 52.17904361493345], [4.787832173945366, 52.17907282427975], [4.787824833873873, 52.17907503403319], [4.7878210581692935, 52.17908400296439], [4.78780278346309, 52.17908391016345], [4.787791788446909, 52.17908610135426], [4.787784357792606, 52.1790950517234], [4.787766083081974, 52.179094958916686], [4.787766445407354, 52.179067996443685], [4.787788858128912, 52.1790321578468], [4.787818127816015, 52.1790300594576], [4.787843682184054, 52.17903243624761], [4.7878436218043685, 52.17903692999324], [4.787850931679186, 52.179036967111415], [4.787862288947155, 52.17900781344127], [4.787887994242767, 52.1789989558576], [4.787913578783062, 52.17899908575959], [4.78793170252793, 52.179010412907544], [4.78796810096313, 52.17902183283092], [4.787978643209397, 52.1790533447163], [4.787996766992825, 52.17906467185424], [4.788033256029973, 52.17906935113898], [4.788036850609863, 52.17907386343794], [4.788073309480475, 52.179080789583125], [4.788080559006831, 52.17908532043282], [4.788117078245876, 52.17908775281879], [4.788131607486629, 52.17909456763951], [4.788164411446122, 52.179101475206245], [4.788233734680241, 52.17911081511369], [4.788259138272156, 52.179124426178326], [4.788288347663151, 52.17912682141841], [4.788331995846302, 52.17914277206607], [4.788375764713283, 52.179149735205804], [4.788390263851441, 52.17915879686767], [4.788408176651781, 52.17918585205293], [4.788415486551617, 52.17918588913617], [4.788419081179576, 52.17919040142352], [4.788437355931086, 52.17919049412912], [4.788437205130706, 52.17920172849381], [4.788426210116392, 52.17920391974369], [4.788422434521664, 52.17921288869414], [4.788407724228397, 52.17921955514676], [4.788385794512402, 52.17921944389419], [4.788371114374946, 52.179223863469346], [4.7883636536498795, 52.179235060747835], [4.788334172696156, 52.179252887382255], [4.788319492542586, 52.17925730695095], [4.788290252896915, 52.17925715859138], [4.788261103758484, 52.17925026960597], [4.788213589342291, 52.17925002849448], [4.788198848833498, 52.1792589417938], [4.788198788489201, 52.179263435539454], [4.788217033098813, 52.17926577515208], [4.788216972756339, 52.17927026889772], [4.788245940882239, 52.17929063913103], [4.788318859054473, 52.179304491281094], [4.788326108642117, 52.17930902211564], [4.788351633032975, 52.17931364566865], [4.788355257829025, 52.179315911084984], [4.788421047119403, 52.17931624484772], [4.788428296719357, 52.179320775676], [4.78844657152432, 52.17932086838025], [4.78847572073769, 52.179327757319896], [4.788490219953942, 52.1793368189692], [4.788493754286858, 52.17934582499998], [4.788504658862461, 52.17935037436261], [4.788511818007083, 52.17936164580443], [4.788522722588403, 52.1793661951653], [4.788522481340927, 52.179384170148516], [4.788507529752284, 52.17940881159641], [4.788492819406954, 52.17941547805933], [4.788470889594336, 52.179415366822425]]]}}, {"type": "Feature", "properties": {"class": "parcel", "candidate_index": 21, "raw_confidence": 0.5017200392321683, "boundary_alignment_score": 0.5017200392321683, "area_m2": 797.3437512014771, "vertex_count": 78, "vectorization": {"threshold": 0.5, "close_pixels": 5, "boundary_width_pixels": 0, "edge_buffer_pixels": 2, "min_area_m2": 20, "max_area_m2": 250000, "simplify_tolerance_m": 0.25, "min_boundary_alignment": 0.0}, "source_tile_id": "tile-110000-460000", "vectorization_aoi": "vectorization_v2", "calibration": "parameters selected only on train_selected_0; target reference excluded", "parcel_id": "b916e3bb-e1c8-561b-91b6-db280868638e", "confidence_score": 0.6773642082257608, "segmentation_score": 0.5017200392321683, "topology_score": 1.0, "edge_alignment_score": 0.5146880842124423, "deviation_from_baseline_score": 0.9823717948717948, "explanation": "Enclosed-face vectorization followed by the frozen 20,000-step PPO debug policy. Reference cadastral geometry was excluded from inference and used only for the comparison report. Invalid, overlap-increasing, alignment-degrading, or CRS-round-trip-invalid candidates were rejected.", "rl_refinement": {"policy_sha256": "36f4975a32bccffc348e88edeab2d4ba8ad88c180503f6316af39efae7223b29", "timesteps": 20000, "debug_policy": true, "before": {"valid": true, "alignment": 0.5069693603242437, "reference": 0.0, "overlap": 0.0, "displacement": 0.0, "jagged": 0.0, "coverage": 1.0}, "after": {"valid": true, "alignment": 0.5146880842124423, "reference": 0.0, "overlap": 0.0, "displacement": 0.017628205128205128, "jagged": 0.06362004602149669, "coverage": 1.0}, "accepted": true, "reward_mean": -0.0009490098709670955, "reward_std": 0.0020549309271046473, "reward_sum": -0.12147326348378827, "rejected_actions": 0, "mean_vertex_displacement_m": 0.035256410256410256}}, "geometry": {"type": "Polygon", "coordinates": [[[4.80872157116714, 52.164133215838525], [4.808707014509025, 52.16412865042355], [4.8086814384189385, 52.16412852504197], [4.808663315424355, 52.16411720105332], [4.808645075922496, 52.16411486460349], [4.808637826729471, 52.16411033500611], [4.808586732835102, 52.164105590436726], [4.808557590434057, 52.16409870645715], [4.808543062938285, 52.16409189413661], [4.808528448042031, 52.164091822470354], [4.808499393068326, 52.16407819782034], [4.808470163285025, 52.16407805447528], [4.808364525897789, 52.16405281905014], [4.8083353252763565, 52.16405042878639], [4.808317173255901, 52.16404135162987], [4.80828069435276, 52.164036678620455], [4.808269791490456, 52.164032131075956], [4.808247869176316, 52.16403202352522], [4.808233283450087, 52.16402970493718], [4.808200458283767, 52.16402504982881], [4.80817862343094, 52.16401820160929], [4.80816035484176, 52.164018111969895], [4.808145885741381, 52.16400680582989], [4.8081167726288845, 52.16399767485617], [4.808043756625541, 52.163992822472764], [4.808036507513496, 52.16398829283839], [4.807981847596137, 52.163976789419436], [4.807967349391312, 52.1639677301428], [4.807898045499981, 52.16395840183278], [4.807846893521098, 52.163958150713746], [4.80784695185947, 52.16395365694331], [4.807839673604253, 52.16395137418214], [4.8077994827703145, 52.163951176856294], [4.807792262861803, 52.16394440032179], [4.80779264209659, 52.163915190814144], [4.807800007858035, 52.16391073292251], [4.8077965583509625, 52.1638949867866], [4.807818480596354, 52.16389509442111], [4.8078258755220915, 52.16388838964268], [4.807836865812829, 52.16388619657242], [4.807866095467783, 52.16388634007418], [4.807884218165996, 52.16389766418537], [4.80793159970845, 52.16390688489401], [4.807946302035291, 52.16390021597827], [4.80799751227159, 52.16389597328358], [4.808034340946104, 52.163873683756826], [4.808059916887731, 52.163873809278506], [4.808070790532094, 52.16388060372767], [4.808099932715227, 52.163887487827466], [4.808140123493525, 52.16388768505087], [4.808183880522931, 52.16389464084413], [4.808249384922795, 52.16391518548771], [4.8082822100134806, 52.163919840582444], [4.808289459139439, 52.16392437020173], [4.808322284241108, 52.163929025285356], [4.808340465361311, 52.163935855555785], [4.8083879344650935, 52.16393833542516], [4.808402491028395, 52.16394290087949], [4.808439028146518, 52.16394308008048], [4.808460892141047, 52.16394768136644], [4.808464487577108, 52.16395219305606], [4.808493600731462, 52.16396132394404], [4.808511869298264, 52.16396141353186], [4.808566529334418, 52.16397291670544], [4.808570124783203, 52.163977428391874], [4.808581085927346, 52.16397748213773], [4.808602920822338, 52.16398433028289], [4.80860651627572, 52.16398884196814], [4.808646590632459, 52.163998026561], [4.808661088985357, 52.16400708575432], [4.808679270189398, 52.1640139159726], [4.808697364019771, 52.16402748684445], [4.808715574363193, 52.16403207017165], [4.808722794426298, 52.16403884664976], [4.808770118047652, 52.16405256079283], [4.80881355501124, 52.16408423209292], [4.808816830168938, 52.16411345951193], [4.808787367385531, 52.164131291329156], [4.80872157116714, 52.164133215838525]]]}}, {"type": "Feature", "properties": {"class": "parcel", "candidate_index": 22, "raw_confidence": 0.5003172500291839, "boundary_alignment_score": 0.5003172500291839, "area_m2": 583.5312508896532, "vertex_count": 85, "vectorization": {"threshold": 0.5, "close_pixels": 5, "boundary_width_pixels": 0, "edge_buffer_pixels": 2, "min_area_m2": 20, "max_area_m2": 250000, "simplify_tolerance_m": 0.25, "min_boundary_alignment": 0.0}, "source_tile_id": "tile-110000-460000", "vectorization_aoi": "vectorization_v2", "calibration": "parameters selected only on train_selected_0; target reference excluded", "parcel_id": "6badce75-fce5-5862-a368-7966d9928989", "confidence_score": 0.6751973901118619, "segmentation_score": 0.5003172500291839, "topology_score": 1.0, "edge_alignment_score": 0.5002878420054913, "deviation_from_baseline_score": 1.0, "explanation": "Enclosed-face vectorization followed by the frozen 20,000-step PPO debug policy. Reference cadastral geometry was excluded from inference and used only for the comparison report. Invalid, overlap-increasing, alignment-degrading, or CRS-round-trip-invalid candidates were rejected.", "rl_refinement": {"policy_sha256": "36f4975a32bccffc348e88edeab2d4ba8ad88c180503f6316af39efae7223b29", "timesteps": 20000, "debug_policy": true, "before": {"valid": true, "alignment": 0.5002878420054913, "reference": 0.0, "overlap": 0.0, "displacement": 0.0, "jagged": 0.0, "coverage": 1.0}, "after": {"valid": true, "alignment": 0.5002878420054913, "reference": 0.0, "overlap": 0.0, "displacement": 0.0, "jagged": 0.0, "coverage": 1.0}, "accepted": true, "reward_mean": -0.0010000000000000005, "reward_std": 4.336808689942018e-19, "reward_sum": -0.12800000000000009, "rejected_actions": 0, "mean_vertex_displacement_m": 0.0}}, "geometry": {"type": "Polygon", "coordinates": [[[4.788409232676631, 52.17611192510523], [4.788380115733631, 52.17610278927444], [4.788376551517618, 52.17609603010978], [4.788365647749475, 52.176091480734016], [4.788354864629513, 52.17607794386071], [4.7883551360827, 52.17605772199349], [4.788340758605957, 52.17603967282753], [4.788322605798035, 52.17603059261239], [4.788304362505574, 52.17602825301685], [4.788297264273757, 52.17601248780854], [4.788282705844702, 52.17600791988027], [4.788286632017812, 52.17598771655822], [4.788301371425279, 52.175978803241186], [4.788305146767909, 52.17596983428916], [4.788338069107059, 52.175967754311245], [4.788356252053938, 52.17597458764989], [4.788367246274897, 52.175972396404106], [4.7883565235056755, 52.17595436578238], [4.788338400891378, 52.175943038695394], [4.78831281810255, 52.1759429088881], [4.78829825969458, 52.1759383409617], [4.788254403490145, 52.17593811841659], [4.788232384885527, 52.17594474776032], [4.78822483417378, 52.17596268565957], [4.788239362414927, 52.17596950046919], [4.788250326473681, 52.1759695561084], [4.7882501454737065, 52.175983037353184], [4.78826107936968, 52.17598533986553], [4.788260928539015, 52.17599657423616], [4.788253619162072, 52.17599653714413], [4.788235044045292, 52.17601891315312], [4.788220334779534, 52.17602557958767], [4.788169138937458, 52.17602756679027], [4.788154369315934, 52.17603872696473], [4.788132380819459, 52.176043109415595], [4.788128665781546, 52.17604758461372], [4.788088464163335, 52.17604738055675], [4.788066626536049, 52.176040528625016], [4.78805215865167, 52.176029220046175], [4.788037600242391, 52.17602465208772], [4.7880377209520315, 52.17601566459154], [4.788030471927734, 52.176011133737525], [4.788026968127889, 52.175999880814175], [4.7880272397291295, 52.17597965894768], [4.788038324499394, 52.175970727110425], [4.788045875287483, 52.17595278922325], [4.7880974029666845, 52.175926086458915], [4.788159532571579, 52.17592640180898], [4.788152283549348, 52.17592187096241], [4.788148960755907, 52.175897136797715], [4.788174815051374, 52.17587704477326], [4.788182335598609, 52.17586135375114], [4.788207918340166, 52.17586148358659], [4.788218822036023, 52.17586603297705], [4.788226010720394, 52.17587505756787], [4.788244284112935, 52.1758751503013], [4.788255368813759, 52.17586621844339], [4.788255549811534, 52.17585273719827], [4.788270289180477, 52.175843823884875], [4.788310641433799, 52.17583279350863], [4.788332569484354, 52.17583290477267], [4.78834682624472, 52.175859941437054], [4.788361324310194, 52.17586900310593], [4.788375912862292, 52.17587132415036], [4.78839403545707, 52.175882651231696], [4.788397569499653, 52.17589165727027], [4.788426656150875, 52.17590303997111], [4.788433814725928, 52.17591431142344], [4.788452027822229, 52.17591889787323], [4.788459126094033, 52.17593466307252], [4.788481054195159, 52.17593477430908], [4.78849561262078, 52.17593934221303], [4.788510080588754, 52.17595065073772], [4.788517389958454, 52.17595068781392], [4.788539107003022, 52.175966527159275], [4.788546175161382, 52.175984539227464], [4.788571577072077, 52.17599815022964], [4.788578705548816, 52.176011668547346], [4.788578464347536, 52.17602964354109], [4.788571094663733, 52.17603410021717], [4.788563483770957, 52.17605653188643], [4.788523101224164, 52.17606980922267], [4.788489937580696, 52.17608986424544], [4.788464264239133, 52.17609647509339], [4.788449494668417, 52.17610763530467], [4.788409232676631, 52.17611192510523]]]}}, {"type": "Feature", "properties": {"class": "parcel", "candidate_index": 23, "raw_confidence": 0.4986950339654745, "boundary_alignment_score": 0.4986950339654745, "area_m2": 520.9687507360704, "vertex_count": 60, "vectorization": {"threshold": 0.5, "close_pixels": 5, "boundary_width_pixels": 0, "edge_buffer_pixels": 2, "min_area_m2": 20, "max_area_m2": 250000, "simplify_tolerance_m": 0.25, "min_boundary_alignment": 0.0}, "source_tile_id": "tile-110000-460000", "vectorization_aoi": "vectorization_v2", "calibration": "parameters selected only on train_selected_0; target reference excluded", "parcel_id": "23901937-b8b8-5d6a-9fab-8354369dbd2c", "confidence_score": 0.6752884255595885, "segmentation_score": 0.4986950339654745, "topology_score": 1.0, "edge_alignment_score": 0.5024838789055744, "deviation_from_baseline_score": 1.0, "explanation": "Enclosed-face vectorization followed by the frozen 20,000-step PPO debug policy. Reference cadastral geometry was excluded from inference and used only for the comparison report. Invalid, overlap-increasing, alignment-degrading, or CRS-round-trip-invalid candidates were rejected.", "rl_refinement": {"policy_sha256": "36f4975a32bccffc348e88edeab2d4ba8ad88c180503f6316af39efae7223b29", "timesteps": 20000, "debug_policy": true, "before": {"valid": true, "alignment": 0.5024838789055744, "reference": 0.0, "overlap": 0.0, "displacement": 0.0, "jagged": 0.0, "coverage": 1.0}, "after": {"valid": true, "alignment": 0.5024838789055744, "reference": 0.0, "overlap": 0.0, "displacement": 0.0, "jagged": 0.0, "coverage": 1.0}, "accepted": true, "reward_mean": -0.0010000000000000005, "reward_std": 4.336808689942018e-19, "reward_sum": -0.12800000000000009, "rejected_actions": 0, "mean_vertex_displacement_m": 0.0}}, "geometry": {"type": "Polygon", "coordinates": [[[4.788139188946229, 52.17907438288396], [4.788106445363843, 52.17906298156445], [4.788106596246933, 52.17905174720006], [4.788117591239285, 52.17904955597987], [4.788121336705462, 52.17904283391186], [4.788103182722403, 52.17903375366584], [4.7880888949256, 52.17900896385852], [4.7880707409629295, 52.17899988360746], [4.788019571880399, 52.17899962386606], [4.787913790086986, 52.17898335764972], [4.787899925028689, 52.178927111599414], [4.787892645359108, 52.178924827611375], [4.787892886857204, 52.178906852628494], [4.7879002570845035, 52.17890239599786], [4.787900408018829, 52.17889116163352], [4.787933272163161, 52.17889357551871], [4.787940491460058, 52.17890035324994], [4.787940340535793, 52.17891158761436], [4.787951275133052, 52.17891389015537], [4.788006099044122, 52.17891416848048], [4.788013469261348, 52.17890971184274], [4.788009935059693, 52.17890070579711], [4.787995375718557, 52.1788961378342], [4.78798824696127, 52.17888261948762], [4.787959218849879, 52.17886674293601], [4.78795943013689, 52.17885101482562], [4.787966860715241, 52.17884206444495], [4.787985135322787, 52.178842157220366], [4.787992264072715, 52.17885567556729], [4.7880178183502995, 52.17885805231949], [4.788025188557061, 52.17885359568097], [4.788050773014487, 52.17885372555316], [4.788079891683488, 52.1788628614635], [4.788116410740372, 52.17886529384943], [4.788123630060587, 52.17887207156959], [4.788134594832739, 52.178872127220636], [4.788163653183827, 52.17888575685618], [4.788214641110673, 52.17889949777292], [4.788221860451362, 52.178906275487], [4.788240104916154, 52.17890861509592], [4.788247324262187, 52.17891539280847], [4.7882582890451895, 52.17891544844806], [4.788272818251563, 52.17892226325149], [4.7883239872472485, 52.17892252288306], [4.788353075853271, 52.178933905598974], [4.788385940054112, 52.17893631935817], [4.788400439125133, 52.17894538101898], [4.788400197831333, 52.17896335600308], [4.788389142549434, 52.17897004099574], [4.788396090470422, 52.17899704055616], [4.788384974854457, 52.179008219294396], [4.788384612903659, 52.17903518177024], [4.788369691520062, 52.179057576329164], [4.788362381641306, 52.17905753924315], [4.788347641225958, 52.17906645256153], [4.788296472064949, 52.17906619294], [4.788256388400937, 52.17905700144441], [4.788165014920216, 52.17905653774841], [4.788157674867818, 52.17905874752257], [4.788157463649438, 52.179074475632824], [4.788139188946229, 52.17907438288396]]]}}, {"type": "Feature", "properties": {"class": "parcel", "candidate_index": 24, "raw_confidence": 0.4993760618381202, "boundary_alignment_score": 0.4993760618381202, "area_m2": 353.59375051454117, "vertex_count": 79, "vectorization": {"threshold": 0.5, "close_pixels": 5, "boundary_width_pixels": 0, "edge_buffer_pixels": 2, "min_area_m2": 20, "max_area_m2": 250000, "simplify_tolerance_m": 0.25, "min_boundary_alignment": 0.0}, "source_tile_id": "tile-110000-460000", "vectorization_aoi": "vectorization_v2", "calibration": "parameters selected only on train_selected_0; target reference excluded", "parcel_id": "ffd65643-730c-5873-9836-052405f87571", "confidence_score": 0.6740561914639076, "segmentation_score": 0.4993760618381202, "topology_score": 1.0, "edge_alignment_score": 0.502328734844923, "deviation_from_baseline_score": 0.990506329113924, "explanation": "Enclosed-face vectorization followed by the frozen 20,000-step PPO debug policy. Reference cadastral geometry was excluded from inference and used only for the comparison report. Invalid, overlap-increasing, alignment-degrading, or CRS-round-trip-invalid candidates were rejected.", "rl_refinement": {"policy_sha256": "36f4975a32bccffc348e88edeab2d4ba8ad88c180503f6316af39efae7223b29", "timesteps": 20000, "debug_policy": true, "before": {"valid": true, "alignment": 0.49994246506442624, "reference": 0.0, "overlap": 0.0, "displacement": 0.0, "jagged": 0.0, "coverage": 1.0}, "after": {"valid": true, "alignment": 0.502328734844923, "reference": 0.0, "overlap": 0.0, "displacement": 0.00949367088607595, "jagged": 0.03463029986926056, "coverage": 1.0}, "accepted": true, "reward_mean": -0.0011564745991665608, "reward_std": 0.0014503570105032547, "reward_sum": -0.1480287486933198, "rejected_actions": 0, "mean_vertex_displacement_m": 0.0189873417721519}}, "geometry": {"type": "Polygon", "coordinates": [[[4.793175639416406, 52.163458274073434], [4.793175759046774, 52.16344928655095], [4.793164857873149, 52.1634447376127], [4.79316129393515, 52.16343797857832], [4.793161503293188, 52.1634222504139], [4.793172553999605, 52.16341556494924], [4.79316901997065, 52.163406559034435], [4.793198368874779, 52.16339771864713], [4.793198518406744, 52.163386484243865], [4.793216876414015, 52.1633798355577], [4.793213462001368, 52.163361842121404], [4.793254250290367, 52.16331710680153], [4.793254489518388, 52.163299131755906], [4.793269462955392, 52.16327224274518], [4.7932695526635065, 52.16326550210304], [4.793258591718614, 52.16326544693479], [4.793258741234835, 52.16325421253119], [4.793277009471741, 52.163254304477604], [4.793280573412719, 52.163261063508735], [4.793280782727626, 52.163245335343625], [4.793288179726181, 52.16323863147894], [4.793295815933282, 52.16321395256775], [4.793321481142153, 52.16320734064162], [4.793325254385096, 52.16319837150608], [4.793339928754661, 52.16319395129362], [4.7933437318916505, 52.163182735276706], [4.793358495948678, 52.1631715744196], [4.793355320680752, 52.16313560594029], [4.793362717649865, 52.16312890207076], [4.793362956832873, 52.16311092702426], [4.79338892093799, 52.16308184627494], [4.793392724053, 52.16307063025617], [4.79340003131783, 52.163070667026766], [4.793407428269428, 52.163063963154336], [4.793407547851728, 52.163054975630914], [4.793414914904402, 52.16305051863885], [4.79341164991323, 52.16302129080289], [4.793415363331901, 52.163016815425905], [4.793433691260461, 52.16301241358618], [4.793437673722242, 52.16298771628051], [4.793452348011358, 52.162983296053795], [4.793448873746602, 52.162969796384786], [4.79346354802871, 52.16296537615661], [4.793467620146994, 52.162933938207], [4.793478700578295, 52.16292500583197], [4.793482533548888, 52.162911542929066], [4.79350095109978, 52.1629004004359], [4.793533833666682, 52.16290056586956], [4.7935662978096785, 52.1629321876275], [4.793566058709839, 52.16295016267509], [4.793554978289729, 52.162959095058284], [4.793551175225104, 52.16297031108255], [4.793514489531923, 52.16298136167666], [4.793510776126151, 52.16298583705686], [4.793509998976949, 52.16304425596036], [4.793506136112476, 52.16305996574475], [4.793491222672503, 52.16308236102508], [4.793480201988381, 52.16308679963923], [4.793476428786092, 52.16309576877993], [4.79346166478367, 52.163106929652045], [4.7934359697590825, 52.16311578848979], [4.7934250088507016, 52.163115733337094], [4.793431658445902, 52.16316520148385], [4.793420607840369, 52.163171886973224], [4.793413061395791, 52.16318982525038], [4.793402040677335, 52.163194263857086], [4.793386947759522, 52.16323014040826], [4.793350261811969, 52.163241190950494], [4.7933459503912035, 52.16329060394026], [4.793338523493411, 52.16329955468925], [4.793330707897033, 52.1633377148872], [4.793312290122773, 52.163348857352524], [4.793308457062731, 52.163362320248794], [4.793275275131619, 52.16338462355872], [4.79327482659348, 52.16341832676884], [4.79327093371053, 52.16343628342505], [4.793252575688021, 52.16344293211951], [4.793205048165517, 52.163444939923366], [4.793190254072588, 52.1634583476412], [4.793175639416406, 52.163458274073434]]]}}, {"type": "Feature", "properties": {"class": "parcel", "candidate_index": 25, "raw_confidence": 0.5031614907784387, "boundary_alignment_score": 0.5031614907784387, "area_m2": 334.28125047739013, "vertex_count": 67, "vectorization": {"threshold": 0.5, "close_pixels": 5, "boundary_width_pixels": 0, "edge_buffer_pixels": 2, "min_area_m2": 20, "max_area_m2": 250000, "simplify_tolerance_m": 0.25, "min_boundary_alignment": 0.0}, "source_tile_id": "tile-110000-460000", "vectorization_aoi": "vectorization_v2", "calibration": "parameters selected only on train_selected_0; target reference excluded", "parcel_id": "fca41486-63ee-5d54-a7e2-3b2fd5fc236c", "confidence_score": 0.6763023121771576, "segmentation_score": 0.5031614907784387, "topology_score": 1.0, "edge_alignment_score": 0.5053168137868246, "deviation_from_baseline_score": 0.9906716417910448, "explanation": "Enclosed-face vectorization followed by the frozen 20,000-step PPO debug policy. Reference cadastral geometry was excluded from inference and used only for the comparison report. Invalid, overlap-increasing, alignment-degrading, or CRS-round-trip-invalid candidates were rejected.", "rl_refinement": {"policy_sha256": "36f4975a32bccffc348e88edeab2d4ba8ad88c180503f6316af39efae7223b29", "timesteps": 20000, "debug_policy": true, "before": {"valid": true, "alignment": 0.5031576743349433, "reference": 0.0, "overlap": 0.0, "displacement": 0.0, "jagged": 0.0, "coverage": 1.0}, "after": {"valid": true, "alignment": 0.5053168137868246, "reference": 0.0, "overlap": 0.0, "displacement": 0.009328358208955223, "jagged": 0.029850746268656716, "coverage": 1.0}, "accepted": true, "reward_mean": -0.0011597593196994295, "reward_std": 0.001383747762855804, "reward_sum": -0.148449192921527, "rejected_actions": 0, "mean_vertex_displacement_m": 0.018656716417910446}}, "geometry": {"type": "Polygon", "coordinates": [[[4.799333451203435, 52.18030361294549], [4.799278684722648, 52.180298846128274], [4.799245996615288, 52.180282954144474], [4.79914757697668, 52.180262240651466], [4.799133104911689, 52.18025093343327], [4.799122139782818, 52.180250878803804], [4.7991149185659845, 52.180244101755314], [4.799092988311684, 52.18024399249176], [4.799074801974979, 52.18023716080759], [4.799034626142406, 52.18023471359823], [4.7990018789118265, 52.18022331529897], [4.798987258749336, 52.18022324244304], [4.798980037557494, 52.18021646538635], [4.798958196209878, 52.18020961546976], [4.798885125055464, 52.18020700426908], [4.798863283727125, 52.180200154334834], [4.798859687960148, 52.180195642364794], [4.798845097443597, 52.18019332261532], [4.7988197789176334, 52.180172973198495], [4.798757732222071, 52.180165922824685], [4.798735920575531, 52.18015682599098], [4.798695774478434, 52.18015213179048], [4.798681302563846, 52.180140824517004], [4.798659461299342, 52.18013397454502], [4.798637531100656, 52.180133865196964], [4.798626654943922, 52.18012706989356], [4.798582853853116, 52.18012235742925], [4.798553761852082, 52.18011097723229], [4.798553880456754, 52.18010198972856], [4.798546659350438, 52.1800952126454], [4.798469992689693, 52.1800880892082], [4.798440841426228, 52.18008120273523], [4.798422566282853, 52.18008111157827], [4.798419118859704, 52.180065365215306], [4.798451984449945, 52.18006777617263], [4.7984703485539475, 52.18006112669733], [4.798547104122831, 52.180061509506466], [4.79857991041766, 52.180068414180134], [4.798616134566947, 52.180093312077915], [4.798707421381997, 52.1801005083125], [4.798725637249068, 52.18010509317731], [4.798725577964039, 52.18010958692927], [4.798747448868239, 52.180114190013], [4.798754670008177, 52.180120967083916], [4.798900634225637, 52.18013967085741], [4.798907914659731, 52.18014195416695], [4.798911451160921, 52.18015095988763], [4.798933233208432, 52.18016230356497], [4.7989442279467704, 52.180160111336036], [4.798966039637565, 52.18016920813134], [4.799020776297498, 52.180176221969546], [4.7990353075637335, 52.18018303544944], [4.799049927713149, 52.180183108299396], [4.799097146960495, 52.180205813809785], [4.799170158885494, 52.18021291863137], [4.799184660567085, 52.18022197896894], [4.7991919706483275, 52.1802220153849], [4.799199162254565, 52.180231039304736], [4.799217407843603, 52.18023337721761], [4.799224658691792, 52.180237907383706], [4.799275829279344, 52.180238162268566], [4.799312320473304, 52.18024283806781], [4.79935217060708, 52.18027000081994], [4.799384917961816, 52.18028139902215], [4.799421409202712, 52.180286074787695], [4.799432285519525, 52.18029287001793], [4.799432137484143, 52.18030410439853], [4.799333451203435, 52.18030361294549]]]}}, {"type": "Feature", "properties": {"class": "parcel", "candidate_index": 26, "raw_confidence": 0.4988351917968077, "boundary_alignment_score": 0.4988351917968077, "area_m2": 323.0937504820322, "vertex_count": 60, "vectorization": {"threshold": 0.5, "close_pixels": 5, "boundary_width_pixels": 0, "edge_buffer_pixels": 2, "min_area_m2": 20, "max_area_m2": 250000, "simplify_tolerance_m": 0.25, "min_boundary_alignment": 0.0}, "source_tile_id": "tile-110000-460000", "vectorization_aoi": "vectorization_v2", "calibration": "parameters selected only on train_selected_0; target reference excluded", "parcel_id": "182f39ec-76a4-5b70-b662-31da66877404", "confidence_score": 0.6733741446680882, "segmentation_score": 0.4988351917968077, "topology_score": 1.0, "edge_alignment_score": 0.49698109179735184, "deviation_from_baseline_score": 0.9979166666666667, "explanation": "Enclosed-face vectorization followed by the frozen 20,000-step PPO debug policy. Reference cadastral geometry was excluded from inference and used only for the comparison report. Invalid, overlap-increasing, alignment-degrading, or CRS-round-trip-invalid candidates were rejected.", "rl_refinement": {"policy_sha256": "36f4975a32bccffc348e88edeab2d4ba8ad88c180503f6316af39efae7223b29", "timesteps": 20000, "debug_policy": true, "before": {"valid": true, "alignment": 0.496253516835471, "reference": 0.0, "overlap": 0.0, "displacement": 0.0, "jagged": 0.0, "coverage": 1.0}, "after": {"valid": true, "alignment": 0.49698109179735184, "reference": 0.0, "overlap": 0.0, "displacement": 0.0020833333333333333, "jagged": 0.008333333333333333, "coverage": 1.0}, "accepted": true, "reward_mean": -0.0012053288466082244, "reward_std": 0.0011801831174542178, "reward_sum": -0.15428209236585275, "rejected_actions": 0, "mean_vertex_displacement_m": 0.004166666666666667}}, "geometry": {"type": "Polygon", "coordinates": [[[4.816067635265683, 52.16315109468135], [4.816060385473572, 52.163146565538476], [4.815994706038507, 52.16313950655443], [4.81598386012355, 52.163130465945024], [4.815965620637197, 52.1631281306266], [4.815947639997556, 52.16310557331224], [4.81593302540899, 52.16310550256376], [4.815925775637961, 52.16310097341259], [4.8159001713478125, 52.16310309648489], [4.815852731468706, 52.16309837275045], [4.815845481707003, 52.16309384359438], [4.815845625535224, 52.16308260915382], [4.81585661523597, 52.16308041533534], [4.815856701531194, 52.16307367467099], [4.815849451773094, 52.16306914551514], [4.815812886564837, 52.163071215498256], [4.81579470464812, 52.16306438637726], [4.815769157911793, 52.163062015644975], [4.815769215450726, 52.163057521868865], [4.815758254521376, 52.163057468791074], [4.815758053131191, 52.16307319700769], [4.815743381012066, 52.163077620011926], [4.8156922587591895, 52.16307512540776], [4.815692316305885, 52.16307063163161], [4.815677759277448, 52.16306606707541], [4.815667057317652, 52.163045791996566], [4.8156305496731715, 52.16304336814714], [4.8156344047487325, 52.163027657627346], [4.81564907686216, 52.16302323463663], [4.815649278290465, 52.163007506420136], [4.815638432477611, 52.16299846577896], [4.8156422875464555, 52.16298275525875], [4.815653306007746, 52.16297831457114], [4.815653363558204, 52.16297382079488], [4.815671631739286, 52.16297390927348], [4.815675227827257, 52.162978420745056], [4.815693438463855, 52.162983002996384], [4.815770164841177, 52.16298337456117], [4.815781068214738, 52.16298792141408], [4.815813922184575, 52.162990327525975], [4.815861218120785, 52.163006285716726], [4.815890188362712, 52.16302664922292], [4.81595221397368, 52.16303369057832], [4.815963002339381, 52.16304722496702], [4.815973905748237, 52.16305177180206], [4.816028681633572, 52.163054283968634], [4.816057767002952, 52.1630656598809], [4.8161271287354674, 52.16307048962304], [4.8161560991405885, 52.16309085306394], [4.816163406432696, 52.16309088842456], [4.8161815309193825, 52.16310221126528], [4.816184810834917, 52.16313143849153], [4.816170138738719, 52.1631358615488], [4.816158976540187, 52.163151536725536], [4.816137054634116, 52.163151430641385], [4.816133544739081, 52.16314017851942], [4.816126266190483, 52.163137896268715], [4.816107969188614, 52.16314005474868], [4.816107882931182, 52.16314679541322], [4.816104171775232, 52.16315127150751], [4.816067635265683, 52.16315109468135]]]}}, {"type": "Feature", "properties": {"class": "parcel", "candidate_index": 27, "raw_confidence": 0.4938599825836718, "boundary_alignment_score": 0.4938599825836718, "area_m2": 298.0937504630656, "vertex_count": 78, "vectorization": {"threshold": 0.5, "close_pixels": 5, "boundary_width_pixels": 0, "edge_buffer_pixels": 2, "min_area_m2": 20, "max_area_m2": 250000, "simplify_tolerance_m": 0.25, "min_boundary_alignment": 0.0}, "source_tile_id": "tile-110000-460000", "vectorization_aoi": "vectorization_v2", "calibration": "parameters selected only on train_selected_0; target reference excluded", "parcel_id": "982c5220-e495-5513-b22a-2d011092c05d", "confidence_score": 0.67129055611037, "segmentation_score": 0.4938599825836718, "topology_score": 1.0, "edge_alignment_score": 0.5012087970972061, "deviation_from_baseline_score": 0.9871794871794872, "explanation": "Enclosed-face vectorization followed by the frozen 20,000-step PPO debug policy. Reference cadastral geometry was excluded from inference and used only for the comparison report. Invalid, overlap-increasing, alignment-degrading, or CRS-round-trip-invalid candidates were rejected.", "rl_refinement": {"policy_sha256": "36f4975a32bccffc348e88edeab2d4ba8ad88c180503f6316af39efae7223b29", "timesteps": 20000, "debug_policy": true, "before": {"valid": true, "alignment": 0.49303731756905717, "reference": 0.0, "overlap": 0.0, "displacement": 0.0, "jagged": 0.0, "coverage": 1.0}, "after": {"valid": true, "alignment": 0.5012087970972061, "reference": 0.0, "overlap": 0.0, "displacement": 0.01282051282051282, "jagged": 0.048833551209935225, "coverage": 1.0}, "accepted": true, "reward_mean": -0.000953776185580689, "reward_std": 0.001735564512059954, "reward_sum": -0.12208335175432825, "rejected_actions": 0, "mean_vertex_displacement_m": 0.02564102564102564}}, "geometry": {"type": "Polygon", "coordinates": [[[4.812578189585546, 52.176771351138925], [4.8125563188820975, 52.176766750616274], [4.8125564925391044, 52.17675326932581], [4.812563888893214, 52.17674656426724], [4.812582654712839, 52.1767084562421], [4.812582828361586, 52.17669497495143], [4.81259019576097, 52.17669051677299], [4.812590340466294, 52.17667928236401], [4.81260150732174, 52.176663607568265], [4.812605335719502, 52.176650144069484], [4.812609048354636, 52.1766456680978], [4.812620041557932, 52.17664347459109], [4.812620128376508, 52.17663673394559], [4.812634776330745, 52.17663455822904], [4.812642317345312, 52.17661661875628], [4.812638836224446, 52.17660311967431], [4.812616907717829, 52.17660301292659], [4.812584246488511, 52.1765848777427], [4.812580967977718, 52.17655565048611], [4.8125920479827675, 52.176546716336425], [4.812668739785313, 52.17655158371551], [4.812698180309263, 52.17653599785881], [4.8127208610763885, 52.17647768566187], [4.812728228426027, 52.176473227474624], [4.812739192647588, 52.1764732808386], [4.812746675726673, 52.17645983512246], [4.8127576978098485, 52.17645539472081], [4.812761757600113, 52.176423956160754], [4.812754477059701, 52.1764216737044], [4.812754650655059, 52.176408192412616], [4.81276938532311, 52.17639927603325], [4.812787687926411, 52.176397118084296], [4.8127914005221, 52.17639264210663], [4.812835430900467, 52.17637937424094], [4.812835922683726, 52.17634117724693], [4.8128435503513645, 52.176316497114215], [4.8128508598068365, 52.17631653268314], [4.812850946589695, 52.17630979203706], [4.812869220225664, 52.176309880957405], [4.81286910451886, 52.17631886848546], [4.812876413974748, 52.17631890405281], [4.812876645385362, 52.1763009289966], [4.812891351067992, 52.176294259483775], [4.812909624697707, 52.1762943483978], [4.812909393300433, 52.17631232345419], [4.812898400192948, 52.17631451698807], [4.8128946586891, 52.17632123985123], [4.812883694504674, 52.176321186501774], [4.812883463096767, 52.176339161558005], [4.812868699544621, 52.1763503248338], [4.812868525984032, 52.17636380612585], [4.812857388225156, 52.176377234065896], [4.812849673771384, 52.176408654845275], [4.812823888121013, 52.17642425852554], [4.812823743475599, 52.176435492935376], [4.81282000195028, 52.176442215796015], [4.812804341515248, 52.17652303240375], [4.812782268391209, 52.17653416009639], [4.812767649409092, 52.17653408894949], [4.812760108458992, 52.17655202843059], [4.812749086352138, 52.17655646883231], [4.812745286939054, 52.176567685454195], [4.812737948509004, 52.17656989676056], [4.812737832774865, 52.17657888428809], [4.812715614933239, 52.17660124637754], [4.812711468289077, 52.17663942558047], [4.812722461485834, 52.17663723206423], [4.812714833695674, 52.176661912187605], [4.8127037826217975, 52.1766685994668], [4.812700012123195, 52.176677569205104], [4.8126889899793035, 52.17668200960107], [4.812677852086605, 52.176695437523335], [4.8126777363399285, 52.17670442505055], [4.812659346792393, 52.17671332362759], [4.812659173166681, 52.17672680491842], [4.812644380491421, 52.17674021504691], [4.812640494220407, 52.17675817231034], [4.812611082469487, 52.17677151126999], [4.812578189585546, 52.176771351138925]]]}}, {"type": "Feature", "properties": {"class": "parcel", "candidate_index": 28, "raw_confidence": 0.5006364468882338, "boundary_alignment_score": 0.5006364468882338, "area_m2": 291.0625004528156, "vertex_count": 50, "vectorization": {"threshold": 0.5, "close_pixels": 5, "boundary_width_pixels": 0, "edge_buffer_pixels": 2, "min_area_m2": 20, "max_area_m2": 250000, "simplify_tolerance_m": 0.25, "min_boundary_alignment": 0.0}, "source_tile_id": "tile-110000-460000", "vectorization_aoi": "vectorization_v2", "calibration": "parameters selected only on train_selected_0; target reference excluded", "parcel_id": "7c2ae079-5329-55b1-9507-852672c69f67", "confidence_score": 0.6748296062042267, "segmentation_score": 0.5006364468882338, "topology_score": 1.0, "edge_alignment_score": 0.5049394993111491, "deviation_from_baseline_score": 0.9875, "explanation": "Enclosed-face vectorization followed by the frozen 20,000-step PPO debug policy. Reference cadastral geometry was excluded from inference and used only for the comparison report. Invalid, overlap-increasing, alignment-degrading, or CRS-round-trip-invalid candidates were rejected.", "rl_refinement": {"policy_sha256": "36f4975a32bccffc348e88edeab2d4ba8ad88c180503f6316af39efae7223b29", "timesteps": 20000, "debug_policy": true, "before": {"valid": true, "alignment": 0.5003953368092576, "reference": 0.0, "overlap": 0.0, "displacement": 0.0, "jagged": 0.0, "coverage": 1.0}, "after": {"valid": true, "alignment": 0.5049394993111491, "reference": 0.0, "overlap": 0.0, "displacement": 0.0125, "jagged": 0.05, "coverage": 1.0}, "accepted": true, "reward_mean": -0.001116192466648532, "reward_std": 0.001958767049876849, "reward_sum": -0.14287263573101217, "rejected_actions": 0, "mean_vertex_displacement_m": 0.025}}, "geometry": {"type": "Polygon", "coordinates": [[[4.78826464816416, 52.176263989342935], [4.788235500984119, 52.176257100350604], [4.788224657527495, 52.17624805721385], [4.7882100688601925, 52.1762457361507], [4.788188321627169, 52.17623214361951], [4.788181132893173, 52.17622311902689], [4.788185330662788, 52.17618269384283], [4.788159958936808, 52.176166835883976], [4.788145340127348, 52.17616676168679], [4.788141625080384, 52.17617123688531], [4.788112387458711, 52.1761710884847], [4.788097859171485, 52.17616427365962], [4.788097919520491, 52.17615977991157], [4.788094264818722, 52.17615976136053], [4.788072487487136, 52.17614841568198], [4.788062368320321, 52.17608544755376], [4.788084537895119, 52.176067583871834], [4.7881137754488226, 52.176067732279265], [4.788124649012308, 52.17607452855237], [4.788142922486297, 52.17607462130163], [4.788150292219488, 52.17607016465248], [4.788175875080693, 52.176070294495084], [4.788190433519085, 52.17607486243657], [4.788204901453352, 52.17608617099844], [4.788212090170204, 52.1760951955898], [4.788208163953676, 52.176115398908934], [4.788215413012971, 52.176119929751934], [4.788215020821616, 52.17614913911473], [4.788240573561064, 52.17615151581747], [4.788244318763568, 52.17614479374175], [4.788251628164801, 52.176144830834374], [4.788266367631295, 52.17613591752211], [4.788302944794583, 52.17613385609992], [4.788321519925443, 52.17611148008065], [4.7883434481130545, 52.17611159134288], [4.7883506670237805, 52.176118369051764], [4.788372565054245, 52.17612072718271], [4.788390627429803, 52.176136548012444], [4.788397936829842, 52.17613658509605], [4.788401501052313, 52.17614334426002], [4.788419804713522, 52.17614119009233], [4.788430678341615, 52.17614798633724], [4.788426571271634, 52.1761816709083], [4.788382352904813, 52.176208410899584], [4.788374862529484, 52.176221855059445], [4.788367553115496, 52.176221817974486], [4.7883527834789925, 52.176232978173374], [4.788345474063205, 52.17623294108691], [4.788312219727112, 52.176259736681025], [4.788290231136977, 52.17626411916092], [4.78826464816416, 52.176263989342935]]]}}, {"type": "Feature", "properties": {"class": "parcel", "candidate_index": 29, "raw_confidence": 0.49822789218585956, "boundary_alignment_score": 0.49822789218585956, "area_m2": 287.0625004191861, "vertex_count": 81, "vectorization": {"threshold": 0.5, "close_pixels": 5, "boundary_width_pixels": 0, "edge_buffer_pixels": 2, "min_area_m2": 20, "max_area_m2": 250000, "simplify_tolerance_m": 0.25, "min_boundary_alignment": 0.0}, "source_tile_id": "tile-110000-460000", "vectorization_aoi": "vectorization_v2", "calibration": "parameters selected only on train_selected_0; target reference excluded", "parcel_id": "cafc80ff-eee1-5f53-a6d0-ec13adb9bec9", "confidence_score": 0.6738126715778124, "segmentation_score": 0.49822789218585956, "topology_score": 1.0, "edge_alignment_score": 0.5027393273388346, "deviation_from_baseline_score": 0.9907407407407407, "explanation": "Enclosed-face vectorization followed by the frozen 20,000-step PPO debug policy. Reference cadastral geometry was excluded from inference and used only for the comparison report. Invalid, overlap-increasing, alignment-degrading, or CRS-round-trip-invalid candidates were rejected.", "rl_refinement": {"policy_sha256": "36f4975a32bccffc348e88edeab2d4ba8ad88c180503f6316af39efae7223b29", "timesteps": 20000, "debug_policy": true, "before": {"valid": true, "alignment": 0.5003963224589825, "reference": 0.0, "overlap": 0.0, "displacement": 0.0, "jagged": 0.0, "coverage": 1.0}, "after": {"valid": true, "alignment": 0.5027393273388346, "reference": 0.0, "overlap": 0.0, "displacement": 0.009259259259259259, "jagged": 0.037037037037037035, "coverage": 1.0}, "accepted": true, "reward_mean": -0.0011062513197249153, "reward_std": 0.0014863057032824735, "reward_sum": -0.14160016892478922, "rejected_actions": 0, "mean_vertex_displacement_m": 0.018518518518518517}}, "geometry": {"type": "Polygon", "coordinates": [[[4.815022491290059, 52.17456092023582], [4.81502263537374, 52.17454968581884], [4.815044649325182, 52.17454305146781], [4.815066720899077, 52.174531923345896], [4.815078001600191, 52.17450726077412], [4.815089080595502, 52.17449832638537], [4.8151440433474235, 52.174487357677506], [4.815151438936077, 52.17448065245312], [4.815188099954554, 52.17447184204236], [4.815184502993779, 52.174467330563566], [4.815191812148636, 52.17446736598705], [4.815206574495338, 52.174456202415186], [4.815217567031754, 52.17445400866473], [4.815218085554105, 52.17441356476152], [4.815236358419325, 52.17441365331419], [4.815261767603361, 52.17442725858429], [4.815280069277961, 52.174425100246644], [4.815294802785686, 52.17441618354712], [4.815294889194382, 52.174409442896476], [4.815306025726607, 52.174396014719974], [4.8153133636718515, 52.17439380325239], [4.815317162252111, 52.174382586542386], [4.815324471393214, 52.174382621957626], [4.815324528995974, 52.17437812819046], [4.815313622889274, 52.174373581300344], [4.8153175366745815, 52.174353377056], [4.815354111156167, 52.17435130724399], [4.815354168755888, 52.174346813476824], [4.815368815825576, 52.174344637418606], [4.815398311544065, 52.174324557111646], [4.815412958604313, 52.174322381048], [4.815420382921646, 52.174313428922815], [4.8154276920515215, 52.17431346433164], [4.815453475569966, 52.17429786007363], [4.815453533159583, 52.174293366306365], [4.815468237795034, 52.1742866964685], [4.815468295383149, 52.174282202701235], [4.815479345450852, 52.17427551515886], [4.815505013760539, 52.174268898424025], [4.815526998710749, 52.17426451086608], [4.815530710853519, 52.17426003479993], [4.815549012446616, 52.17425787642033], [4.815552724586623, 52.174253400353486], [4.815570997387096, 52.174253488854205], [4.81558181712586, 52.17426477637176], [4.81560739905317, 52.17426490026565], [4.815614650601958, 52.174269429430275], [4.815632894623404, 52.17427176480514], [4.815636174972372, 52.17430099199114], [4.815603053598009, 52.17431880777536], [4.815595456590281, 52.17434124121409], [4.815588118667613, 52.17434345269934], [4.815588061091468, 52.174347946466646], [4.815544091116344, 52.17435672160092], [4.815514595442017, 52.17437680194433], [4.815481704310565, 52.17437664262514], [4.815474452757917, 52.17437211345239], [4.815459834478861, 52.17437204264002], [4.815445158609267, 52.17437646559308], [4.815434079715517, 52.174385400015666], [4.815423087206592, 52.17438759378636], [4.8154191446693915, 52.17441004491775], [4.815400699019779, 52.174423437694905], [4.815364153280561, 52.17442326063767], [4.815334686282195, 52.17444109405206], [4.815320067980815, 52.174441023222386], [4.815316355801798, 52.17444549928172], [4.815305392074705, 52.17444544615794], [4.81527966602647, 52.17445655661595], [4.815243091455194, 52.17445862640475], [4.815209883385236, 52.17448318272827], [4.815195236262344, 52.17448535876654], [4.815176704087626, 52.174505492158765], [4.815154603744148, 52.17451886718486], [4.815128935238769, 52.1745254838429], [4.815125165410438, 52.17453445366306], [4.815114172849671, 52.17453664740485], [4.815103093849829, 52.1745455817959], [4.8150994392660325, 52.17454556408148], [4.815088389074445, 52.174552251587755], [4.8150590371403075, 52.174561097399035], [4.815022491290059, 52.17456092023582]]]}}, {"type": "Feature", "properties": {"class": "parcel", "candidate_index": 30, "raw_confidence": 0.5039794281930536, "boundary_alignment_score": 0.5039794281930536, "area_m2": 249.93750039929, "vertex_count": 56, "vectorization": {"threshold": 0.5, "close_pixels": 5, "boundary_width_pixels": 0, "edge_buffer_pixels": 2, "min_area_m2": 20, "max_area_m2": 250000, "simplify_tolerance_m": 0.25, "min_boundary_alignment": 0.0}, "source_tile_id": "tile-110000-460000", "vectorization_aoi": "vectorization_v2", "calibration": "parameters selected only on train_selected_0; target reference excluded", "parcel_id": "24ef44a3-55ca-5400-a83b-d6e60dd8ad3b", "confidence_score": 0.6766721185019895, "segmentation_score": 0.5039794281930536, "topology_score": 1.0, "edge_alignment_score": 0.5087435621147355, "deviation_from_baseline_score": 0.984375, "explanation": "Enclosed-face vectorization followed by the frozen 20,000-step PPO debug policy. Reference cadastral geometry was excluded from inference and used only for the comparison report. Invalid, overlap-increasing, alignment-degrading, or CRS-round-trip-invalid candidates were rejected.", "rl_refinement": {"policy_sha256": "36f4975a32bccffc348e88edeab2d4ba8ad88c180503f6316af39efae7223b29", "timesteps": 20000, "debug_policy": true, "before": {"valid": true, "alignment": 0.5043141447628537, "reference": 0.0, "overlap": 0.0, "displacement": 0.0, "jagged": 0.0, "coverage": 1.0}, "after": {"valid": true, "alignment": 0.5087435621147355, "reference": 0.0, "overlap": 0.0, "displacement": 0.015625, "jagged": 0.05016101775669549, "coverage": 1.0}, "accepted": true, "reward_mean": -0.0017391503588284232, "reward_std": 0.004323037458985154, "reward_sum": -0.22261124593003823, "rejected_actions": 0, "mean_vertex_displacement_m": 0.03125}}, "geometry": {"type": "Polygon", "coordinates": [[[4.796103678965856, 52.18101776608045], [4.796096428309009, 52.181013235723505], [4.796070872359384, 52.18101086071914], [4.796056371056086, 52.181001800000715], [4.796041780423163, 52.18099947990478], [4.796038393328613, 52.18097923972644], [4.796049388409755, 52.180977047768074], [4.796056787944631, 52.180970343754126], [4.79606775324551, 52.180970398668826], [4.796075152776518, 52.18096369465372], [4.796086118075791, 52.18096374956665], [4.796086207404513, 52.18095700894235], [4.7961009766788285, 52.180945847784116], [4.796104840204133, 52.180930137964225], [4.796119609464865, 52.18091897680358], [4.796119728562914, 52.18090998930435], [4.796134468039481, 52.18090107501657], [4.7961346169082155, 52.18088984064255], [4.796149326602151, 52.180883173227684], [4.796153279423238, 52.1808607227815], [4.796168137964854, 52.180842820990115], [4.796183353749192, 52.18079795669831], [4.796213011214974, 52.180766646855204], [4.796231762933105, 52.1807307883563], [4.796231971313955, 52.18071506023189], [4.796243055624828, 52.18070612763049], [4.796246859543166, 52.18069491155504], [4.7962986259388956, 52.180650230232736], [4.796313811761071, 52.18060761279735], [4.796332087114584, 52.18060770428119], [4.796331789478985, 52.1806301730311], [4.796357404749223, 52.18062805422884], [4.796360762200434, 52.180650541274424], [4.796345903800428, 52.18066844309089], [4.796331253734034, 52.18067061678066], [4.796330807279051, 52.18070431990517], [4.796312264004301, 52.180724450295536], [4.796301239233108, 52.18072888915354], [4.796297465090908, 52.1807378583558], [4.796304596663381, 52.18075137620027], [4.796304179952304, 52.18078283244919], [4.796274582072867, 52.1808096485654], [4.796267063529441, 52.18082534009282], [4.796259723585039, 52.1808275503704], [4.796255889890902, 52.180841013320865], [4.796240971848366, 52.18086340887317], [4.796218922220835, 52.180872286574505], [4.79621149295677, 52.18088123747363], [4.7962075997032665, 52.18089919417204], [4.7961927411586, 52.18091709596829], [4.796192562533541, 52.180930577217175], [4.79618881812331, 52.18093729954072], [4.796177495570928, 52.18096420713506], [4.796147837948301, 52.180995516967904], [4.796147748628797, 52.18100225759221], [4.796125609591111, 52.181017875900125], [4.796103678965856, 52.18101776608045]]]}}, {"type": "Feature", "properties": {"class": "parcel", "candidate_index": 31, "raw_confidence": 0.5002585302108988, "boundary_alignment_score": 0.5002585302108988, "area_m2": 211.4687503233199, "vertex_count": 66, "vectorization": {"threshold": 0.5, "close_pixels": 5, "boundary_width_pixels": 0, "edge_buffer_pixels": 2, "min_area_m2": 20, "max_area_m2": 250000, "simplify_tolerance_m": 0.25, "min_boundary_alignment": 0.0}, "source_tile_id": "tile-110000-460000", "vectorization_aoi": "vectorization_v2", "calibration": "parameters selected only on train_selected_0; target reference excluded", "parcel_id": "386461b9-7ff9-506d-a1b1-9c78adc764a7", "confidence_score": 0.67447262003305, "segmentation_score": 0.5002585302108988, "topology_score": 1.0, "edge_alignment_score": 0.5007813572883606, "deviation_from_baseline_score": 0.9943181818181818, "explanation": "Enclosed-face vectorization followed by the frozen 20,000-step PPO debug policy. Reference cadastral geometry was excluded from inference and used only for the comparison report. Invalid, overlap-increasing, alignment-degrading, or CRS-round-trip-invalid candidates were rejected.", "rl_refinement": {"policy_sha256": "36f4975a32bccffc348e88edeab2d4ba8ad88c180503f6316af39efae7223b29", "timesteps": 20000, "debug_policy": true, "before": {"valid": true, "alignment": 0.4995612893253565, "reference": 0.0, "overlap": 0.0, "displacement": 0.0, "jagged": 0.0, "coverage": 1.0}, "after": {"valid": true, "alignment": 0.5007813572883606, "reference": 0.0, "overlap": 0.0, "displacement": 0.005681818181818182, "jagged": 0.018724146813205826, "coverage": 1.0}, "accepted": true, "reward_mean": -0.0013091755067842627, "reward_std": 0.0019568629447142545, "reward_sum": -0.16757446486838568, "rejected_actions": 0, "mean_vertex_displacement_m": 0.011363636363636364}}, "geometry": {"type": "Polygon", "coordinates": [[[4.813141740079168, 52.175866296195636], [4.813138172126488, 52.17585953777346], [4.8131345752619366, 52.17585502623341], [4.813138750381111, 52.17581460012745], [4.813149801177819, 52.17580791280607], [4.813149887914214, 52.17580117215908], [4.813164622302423, 52.17579225572904], [4.813168392632105, 52.17578328597426], [4.813183098100271, 52.17577661642414], [4.813187446628921, 52.175722709021684], [4.813213318472391, 52.1757003646122], [4.813227937182165, 52.17570043570347], [4.813238959029633, 52.17569599525599], [4.813239045752265, 52.17568925460882], [4.813246412919686, 52.17568479638833], [4.813265553486427, 52.17561747877464], [4.813284058081504, 52.175599592570855], [4.813306477465927, 52.175561502192174], [4.813310536785614, 52.175530063607724], [4.813317961726397, 52.17552111161761], [4.813325675694432, 52.175489690802095], [4.813336639675138, 52.17548974411024], [4.813336697480044, 52.175485250345226], [4.813344035701874, 52.17548303900087], [4.813358943353914, 52.17546064125076], [4.813366281570597, 52.17545842990501], [4.813373822090409, 52.175440490381185], [4.813384872759045, 52.175433803037194], [4.813414110004617, 52.17543394517529], [4.813435864554472, 52.1754475330693], [4.813439403622339, 52.1754565383656], [4.813446712937491, 52.17545657389745], [4.813464841745591, 52.17546789713774], [4.813468294133473, 52.17548364308073], [4.813450020834465, 52.17548355425372], [4.81344274041199, 52.175481271839516], [4.813442798206187, 52.17547677807442], [4.813435459990259, 52.175478989424924], [4.813434910937779, 52.17552168019293], [4.8134275438161644, 52.17552613842541], [4.813409270499853, 52.175526049592015], [4.813401903374954, 52.17553050782288], [4.813401816677335, 52.175537248470334], [4.813390765985543, 52.175543935815774], [4.813390534787245, 52.17556191087567], [4.813375916122544, 52.17556183980462], [4.813364720915228, 52.175579761559916], [4.813357382678487, 52.175581972905455], [4.813353294485229, 52.17561565837373], [4.813345811731499, 52.175629104130834], [4.813331048530593, 52.17564026746639], [4.81333093291911, 52.17564925499612], [4.813301522106588, 52.17566259413183], [4.81329421275782, 52.175662558590886], [4.813283075302895, 52.1756759865733], [4.813275737046273, 52.17567819791369], [4.813242064466176, 52.17573870379342], [4.813223588704729, 52.175754343107755], [4.813223444162821, 52.175765577519535], [4.813208651976887, 52.17577898772171], [4.813204794927622, 52.175794698124854], [4.813193773052331, 52.17579913856901], [4.81318988708593, 52.17581709585389], [4.813178749560863, 52.17583052382597], [4.813175065961892, 52.17583275293409], [4.813163697136686, 52.1758641559631], [4.813141740079168, 52.175866296195636]]]}}, {"type": "Feature", "properties": {"class": "parcel", "candidate_index": 32, "raw_confidence": 0.4975743592931674, "boundary_alignment_score": 0.4975743592931674, "area_m2": 203.71875030379852, "vertex_count": 35, "vectorization": {"threshold": 0.5, "close_pixels": 5, "boundary_width_pixels": 0, "edge_buffer_pixels": 2, "min_area_m2": 20, "max_area_m2": 250000, "simplify_tolerance_m": 0.25, "min_boundary_alignment": 0.0}, "source_tile_id": "tile-110000-460000", "vectorization_aoi": "vectorization_v2", "calibration": "parameters selected only on train_selected_0; target reference excluded", "parcel_id": "a605cc5d-82d3-5288-9069-ba862f42d187", "confidence_score": 0.6728352357103274, "segmentation_score": 0.4975743592931674, "topology_score": 1.0, "edge_alignment_score": 0.49561403319239616, "deviation_from_baseline_score": 1.0, "explanation": "Enclosed-face vectorization followed by the frozen 20,000-step PPO debug policy. Reference cadastral geometry was excluded from inference and used only for the comparison report. Invalid, overlap-increasing, alignment-degrading, or CRS-round-trip-invalid candidates were rejected.", "rl_refinement": {"policy_sha256": "36f4975a32bccffc348e88edeab2d4ba8ad88c180503f6316af39efae7223b29", "timesteps": 20000, "debug_policy": true, "before": {"valid": true, "alignment": 0.49561403319239616, "reference": 0.0, "overlap": 0.0, "displacement": 0.0, "jagged": 0.0, "coverage": 1.0}, "after": {"valid": true, "alignment": 0.49561403319239616, "reference": 0.0, "overlap": 0.0, "displacement": 0.0, "jagged": 0.0, "coverage": 1.0}, "accepted": true, "reward_mean": -0.0010000000000000005, "reward_std": 4.336808689942018e-19, "reward_sum": -0.12800000000000009, "rejected_actions": 0, "mean_vertex_displacement_m": 0.0}}, "geometry": {"type": "Polygon", "coordinates": [[[4.805445280571372, 52.17720603766478], [4.80541636452954, 52.17718117787838], [4.805383588595531, 52.17717202822424], [4.805376366922386, 52.17716525155467], [4.805336164195404, 52.17716505337234], [4.805336398650734, 52.1771470783381], [4.805347626783369, 52.177126910475536], [4.805340991255842, 52.1770751962177], [4.805344763267498, 52.177066226717415], [4.805359499631196, 52.17705731126689], [4.805367278084513, 52.17702139723024], [4.805389470511167, 52.17700128341134], [4.805415053970902, 52.17700140951724], [4.805429555882486, 52.17701046909275], [4.805433005549775, 52.177026215262536], [4.805440315113815, 52.17702625129065], [4.805447741882621, 52.177017299800866], [4.805469670570447, 52.17701740788117], [4.805465693486058, 52.17704210554113], [4.805472944452867, 52.177046635326015], [4.805480254020296, 52.17704667135162], [4.805487651485325, 52.1770399667388], [4.8055059254012304, 52.17704005679981], [4.805509521588239, 52.177044568570466], [4.80552048593894, 52.17704462260536], [4.805520280856073, 52.17706035076099], [4.80550914071275, 52.177073778002274], [4.805508877029383, 52.17709399991659], [4.805516098711199, 52.177100776578115], [4.80551177006828, 52.177152436791424], [4.80550437258815, 52.17715914140566], [4.805504255394323, 52.177168128923014], [4.8054894604243525, 52.17718153815003], [4.805485629833093, 52.17719500141343], [4.805467209351986, 52.17720614574566], [4.805445280571372, 52.17720603766478]]]}}, {"type": "Feature", "properties": {"class": "parcel", "candidate_index": 33, "raw_confidence": 0.49792312906712904, "boundary_alignment_score": 0.49792312906712904, "area_m2": 204.03125032774915, "vertex_count": 40, "vectorization": {"threshold": 0.5, "close_pixels": 5, "boundary_width_pixels": 0, "edge_buffer_pixels": 2, "min_area_m2": 20, "max_area_m2": 250000, "simplify_tolerance_m": 0.25, "min_boundary_alignment": 0.0}, "source_tile_id": "tile-110000-460000", "vectorization_aoi": "vectorization_v2", "calibration": "parameters selected only on train_selected_0; target reference excluded", "parcel_id": "26df7dc1-51d7-522b-926b-2da3a880b452", "confidence_score": 0.6667945712994965, "segmentation_score": 0.49792312906712904, "topology_score": 1.0, "edge_alignment_score": 0.5178500302135944, "deviation_from_baseline_score": 0.914443113746154, "explanation": "Enclosed-face vectorization followed by the frozen 20,000-step PPO debug policy. Reference cadastral geometry was excluded from inference and used only for the comparison report. Invalid, overlap-increasing, alignment-degrading, or CRS-round-trip-invalid candidates were rejected.", "rl_refinement": {"policy_sha256": "36f4975a32bccffc348e88edeab2d4ba8ad88c180503f6316af39efae7223b29", "timesteps": 20000, "debug_policy": true, "before": {"valid": true, "alignment": 0.497454773945113, "reference": 0.0, "overlap": 0.0, "displacement": 0.0, "jagged": 0.0, "coverage": 1.0}, "after": {"valid": true, "alignment": 0.5178500302135944, "reference": 0.0, "overlap": 0.0, "displacement": 0.08555688625384605, "jagged": 0.19767953814419884, "coverage": 1.0}, "accepted": true, "reward_mean": -0.0010025935741592175, "reward_std": 0.0029212219322534267, "reward_sum": -0.1283319774923799, "rejected_actions": 0, "mean_vertex_displacement_m": 0.1711137725076921}}, "geometry": {"type": "Polygon", "coordinates": [[[4.81289921009803, 52.176251604290734], [4.812895757852737, 52.176235858333364], [4.812888506261761, 52.17623132900303], [4.812881341450302, 52.17622005902616], [4.8129332595365755, 52.17616188904806], [4.81293714563685, 52.176143931772906], [4.812929951903554, 52.17613490868088], [4.812904513537197, 52.17612354979441], [4.81290114807451, 52.1761010631905], [4.812912256826598, 52.17608988212762], [4.812959796968398, 52.17608786640741], [4.812970876781123, 52.17607893222114], [4.812978186197795, 52.17607896778215], [4.812993007473005, 52.176063310727606], [4.813000953123726, 52.17601391487932], [4.8130120039905515, 52.17600722757118], [4.813015774369248, 52.17599825782172], [4.813048898024103, 52.175980442772236], [4.813063719241639, 52.17596478570852], [4.8130747700868755, 52.17595809839439], [4.813082224062175, 52.17594689953777], [4.813104152247652, 52.17594700619858], [4.813107749116506, 52.17595151773944], [4.813106766025804, 52.17602791173536], [4.813099427702512, 52.17603012306455], [4.813099283128165, 52.17604135747562], [4.813081009601614, 52.1760412685911], [4.813077239232359, 52.176050238342654], [4.813062533658034, 52.176056907879065], [4.813066101614919, 52.17606366630334], [4.813047509986735, 52.176088293117616], [4.8130397378817396, 52.176124207675535], [4.813021319727016, 52.17613535319253], [4.813013865704757, 52.1761465520449], [4.813010124232485, 52.176153274911975], [4.812995129411853, 52.17618241326112], [4.812987154803253, 52.17623405598959], [4.812979729676898, 52.17624300795753], [4.812946808258284, 52.176245094811904], [4.8129394120451074, 52.17625179989512], [4.81289921009803, 52.176251604290734]]]}}, {"type": "Feature", "properties": {"class": "parcel", "candidate_index": 34, "raw_confidence": 0.49910371406873066, "boundary_alignment_score": 0.49910371406873066, "area_m2": 168.12500027901842, "vertex_count": 47, "vectorization": {"threshold": 0.5, "close_pixels": 5, "boundary_width_pixels": 0, "edge_buffer_pixels": 2, "min_area_m2": 20, "max_area_m2": 250000, "simplify_tolerance_m": 0.25, "min_boundary_alignment": 0.0}, "source_tile_id": "tile-110000-460000", "vectorization_aoi": "vectorization_v2", "calibration": "parameters selected only on train_selected_0; target reference excluded", "parcel_id": "45c44b3d-e85b-5182-ba96-21bcd9f0f980", "confidence_score": 0.674621857337902, "segmentation_score": 0.49910371406873066, "topology_score": 1.0, "edge_alignment_score": 0.4997851913794875, "deviation_from_baseline_score": 1.0, "explanation": "Enclosed-face vectorization followed by the frozen 20,000-step PPO debug policy. Reference cadastral geometry was excluded from inference and used only for the comparison report. Invalid, overlap-increasing, alignment-degrading, or CRS-round-trip-invalid candidates were rejected.", "rl_refinement": {"policy_sha256": "36f4975a32bccffc348e88edeab2d4ba8ad88c180503f6316af39efae7223b29", "timesteps": 20000, "debug_policy": true, "before": {"valid": true, "alignment": 0.4997851913794875, "reference": 0.0, "overlap": 0.0, "displacement": 0.0, "jagged": 0.0, "coverage": 1.0}, "after": {"valid": true, "alignment": 0.4997851913794875, "reference": 0.0, "overlap": 0.0, "displacement": 0.0, "jagged": 0.0, "coverage": 1.0}, "accepted": true, "reward_mean": -0.0010000000000000005, "reward_std": 4.336808689942018e-19, "reward_sum": -0.12800000000000009, "rejected_actions": 0, "mean_vertex_displacement_m": 0.0}}, "geometry": {"type": "Polygon", "coordinates": [[[4.811335438470128, 52.16488302527493], [4.8113245930785284, 52.164873984240785], [4.81129542075466, 52.16486934782298], [4.811284546377665, 52.16486255367101], [4.811277238800442, 52.16486251800775], [4.811277528772294, 52.164840049148076], [4.811284894339426, 52.164835591039335], [4.811288693108838, 52.16482437444089], [4.811289070064259, 52.16479516492298], [4.811300263381433, 52.164777243328516], [4.811314936498461, 52.16477282087971], [4.811326071810311, 52.16475939305475], [4.811340773912827, 52.16475272371664], [4.811349125237433, 52.16467187147824], [4.81138960665477, 52.164649598734975], [4.811397059152168, 52.16463839996077], [4.811397233097971, 52.16462491864422], [4.8114045696269905, 52.16462270741391], [4.811401234756225, 52.16459797383891], [4.811405004485405, 52.164589004122334], [4.811416052754178, 52.16458231694672], [4.811412572929332, 52.16456881780253], [4.811434495517141, 52.16456892476549], [4.811441658103071, 52.16458019484965], [4.811444790075127, 52.16462065662636], [4.811455577453698, 52.1646341914221], [4.811492086167687, 52.16463661656446], [4.811491854278055, 52.16465459165339], [4.811480806002675, 52.164661278836036], [4.811476833373645, 52.16468597675772], [4.81145856450242, 52.16468588762859], [4.811458680454076, 52.16467690008423], [4.811433306963941, 52.16466104709614], [4.811400394023548, 52.164663133535704], [4.811396421349844, 52.16468783145459], [4.811385315068709, 52.16469901240029], [4.811384793218998, 52.16473945634934], [4.811417329345854, 52.16476657943293], [4.811417126415314, 52.16478230763527], [4.8114061070877066, 52.16478674792459], [4.8114022793601885, 52.16480021141301], [4.811387490276353, 52.164813621416826], [4.811383575565431, 52.164833825562575], [4.811376210008425, 52.16483828367745], [4.811368699487048, 52.164853976221934], [4.811368467546234, 52.164871951309905], [4.811357361212089, 52.16488313225251], [4.811335438470128, 52.16488302527493]]]}}, {"type": "Feature", "properties": {"class": "parcel", "candidate_index": 35, "raw_confidence": 0.4985447328242045, "boundary_alignment_score": 0.4985447328242045, "area_m2": 171.12500025382906, "vertex_count": 46, "vectorization": {"threshold": 0.5, "close_pixels": 5, "boundary_width_pixels": 0, "edge_buffer_pixels": 2, "min_area_m2": 20, "max_area_m2": 250000, "simplify_tolerance_m": 0.25, "min_boundary_alignment": 0.0}, "source_tile_id": "tile-110000-460000", "vectorization_aoi": "vectorization_v2", "calibration": "parameters selected only on train_selected_0; target reference excluded", "parcel_id": "8a2ccc62-69f2-503f-a9da-341296e2fc60", "confidence_score": 0.6700840738514698, "segmentation_score": 0.4985447328242045, "topology_score": 1.0, "edge_alignment_score": 0.5097679129491249, "deviation_from_baseline_score": 0.9510869565217391, "explanation": "Enclosed-face vectorization followed by the frozen 20,000-step PPO debug policy. Reference cadastral geometry was excluded from inference and used only for the comparison report. Invalid, overlap-increasing, alignment-degrading, or CRS-round-trip-invalid candidates were rejected.", "rl_refinement": {"policy_sha256": "36f4975a32bccffc348e88edeab2d4ba8ad88c180503f6316af39efae7223b29", "timesteps": 20000, "debug_policy": true, "before": {"valid": true, "alignment": 0.4983922593916456, "reference": 0.0, "overlap": 0.0, "displacement": 0.0, "jagged": 0.0, "coverage": 1.0}, "after": {"valid": true, "alignment": 0.5097679129491249, "reference": 0.0, "overlap": 0.0, "displacement": 0.04891304347826087, "jagged": 0.14483848662974394, "coverage": 1.0}, "accepted": true, "reward_mean": -0.0009519626196108038, "reward_std": 0.0017957359861859926, "reward_sum": -0.12185121531018293, "rejected_actions": 0, "mean_vertex_displacement_m": 0.09782608695652174}}, "geometry": {"type": "Polygon", "coordinates": [[[4.793014164164648, 52.16378552765951], [4.793010689971028, 52.16377202797958], [4.792999788735574, 52.16376747902623], [4.792999878485734, 52.16376073838496], [4.792992571108313, 52.16376070158939], [4.792992720693677, 52.16374946718716], [4.793003921089035, 52.1637315473366], [4.7930042202537075, 52.163709078531966], [4.793019074317275, 52.16369117707732], [4.793019223895663, 52.163679942674875], [4.7930375820504665, 52.16367329401717], [4.793037701709392, 52.163664306495185], [4.793052495916635, 52.16365089879712], [4.793053004453587, 52.16361270182836], [4.793075016251756, 52.16360607156067], [4.793078729753056, 52.16360159619485], [4.793093464103423, 52.1635926822525], [4.793104634507468, 52.163577009272366], [4.793108527469831, 52.16355905262222], [4.793115894635734, 52.16355459564938], [4.793116163831816, 52.16353437372424], [4.793142068526445, 52.163509786793185], [4.793149405771893, 52.16350757669879], [4.793156922468097, 52.16349188532029], [4.7931715670430775, 52.16348971200986], [4.793197172615974, 52.163487593872546], [4.793211727470186, 52.1634921611989], [4.793215291420123, 52.16349892023175], [4.793211368600211, 52.16351912376628], [4.793200168341761, 52.16353704363743], [4.793192591839433, 52.16355722877967], [4.793173964585455, 52.16358409938685], [4.793147730864556, 52.16363340201068], [4.793136680100338, 52.16364008747263], [4.793132817052028, 52.16365579724291], [4.7931180826886175, 52.16366471119006], [4.793118022867256, 52.16366920495112], [4.793106942178458, 52.16367813729068], [4.7930993656097565, 52.163698322426434], [4.793092028330435, 52.163700532517595], [4.793091878770288, 52.163711766920045], [4.793077174292975, 52.16371843398144], [4.793073221477831, 52.16374088439101], [4.7930511497845645, 52.16375200841906], [4.79305103012804, 52.1637609959409], [4.793036086309202, 52.16378563804075], [4.793014164164648, 52.16378552765951]]]}}, {"type": "Feature", "properties": {"class": "parcel", "candidate_index": 36, "raw_confidence": 0.5003870934379259, "boundary_alignment_score": 0.5003870934379259, "area_m2": 165.03125023880057, "vertex_count": 34, "vectorization": {"threshold": 0.5, "close_pixels": 5, "boundary_width_pixels": 0, "edge_buffer_pixels": 2, "min_area_m2": 20, "max_area_m2": 250000, "simplify_tolerance_m": 0.25, "min_boundary_alignment": 0.0}, "source_tile_id": "tile-110000-460000", "vectorization_aoi": "vectorization_v2", "calibration": "parameters selected only on train_selected_0; target reference excluded", "parcel_id": "72a80850-581a-5679-83b0-bc9d463f514c", "confidence_score": 0.6751117296004053, "segmentation_score": 0.5003870934379259, "topology_score": 1.0, "edge_alignment_score": 0.49992082299043733, "deviation_from_baseline_score": 1.0, "explanation": "Enclosed-face vectorization followed by the frozen 20,000-step PPO debug policy. Reference cadastral geometry was excluded from inference and used only for the comparison report. Invalid, overlap-increasing, alignment-degrading, or CRS-round-trip-invalid candidates were rejected.", "rl_refinement": {"policy_sha256": "36f4975a32bccffc348e88edeab2d4ba8ad88c180503f6316af39efae7223b29", "timesteps": 20000, "debug_policy": true, "before": {"valid": true, "alignment": 0.49992082299043733, "reference": 0.0, "overlap": 0.0, "displacement": 0.0, "jagged": 0.0, "coverage": 1.0}, "after": {"valid": true, "alignment": 0.49992082299043733, "reference": 0.0, "overlap": 0.0, "displacement": 0.0, "jagged": 0.0, "coverage": 1.0}, "accepted": true, "reward_mean": -0.0010000000000000005, "reward_std": 4.336808689942018e-19, "reward_sum": -0.12800000000000009, "rejected_actions": 0, "mean_vertex_displacement_m": 0.0}}, "geometry": {"type": "Polygon", "coordinates": [[[4.788149783200364, 52.176380251813974], [4.788146188825027, 52.17637573951663], [4.788091579258207, 52.17635973314372], [4.788062582924796, 52.176341609739154], [4.788048024412597, 52.17633704178206], [4.7880297508313445, 52.17633694901785], [4.788015282860485, 52.176325640434975], [4.787967771561784, 52.176325399229164], [4.787967982830103, 52.176309671111824], [4.78797532243886, 52.176307461347726], [4.78797538280046, 52.176302967599895], [4.78799731108109, 52.176303078926566], [4.788000905435515, 52.17630759122852], [4.788015524290826, 52.17630766544361], [4.788015916614653, 52.17627845608252], [4.788052554259897, 52.17627190099032], [4.7880526146136555, 52.176267407242456], [4.788059924034775, 52.17626744434698], [4.788070978694325, 52.176260759381094], [4.788078438992206, 52.176249562114684], [4.788096772887056, 52.176245161123326], [4.7881004879447016, 52.17624068592629], [4.788126070903531, 52.17624081577991], [4.788144133239961, 52.176256636647025], [4.788180650166945, 52.17625906901092], [4.788195208667371, 52.17626363695179], [4.788234988133525, 52.17629529720879], [4.788234626120732, 52.17632225969672], [4.7882309110697046, 52.17632673489788], [4.788223601638688, 52.17632669780393], [4.788219765912135, 52.17634016050065], [4.788201371651357, 52.17634905525899], [4.788193760518328, 52.176371486902795], [4.788179020959316, 52.17638040020555], [4.788149783200364, 52.176380251813974]]]}}, {"type": "Feature", "properties": {"class": "parcel", "candidate_index": 37, "raw_confidence": 0.49804942921943773, "boundary_alignment_score": 0.49804942921943773, "area_m2": 140.53125019733125, "vertex_count": 47, "vectorization": {"threshold": 0.5, "close_pixels": 5, "boundary_width_pixels": 0, "edge_buffer_pixels": 2, "min_area_m2": 20, "max_area_m2": 250000, "simplify_tolerance_m": 0.25, "min_boundary_alignment": 0.0}, "source_tile_id": "tile-110000-460000", "vectorization_aoi": "vectorization_v2", "calibration": "parameters selected only on train_selected_0; target reference excluded", "parcel_id": "658704de-c6aa-5825-bacb-44fd9574383a", "confidence_score": 0.6724126966137779, "segmentation_score": 0.49804942921943773, "topology_score": 1.0, "edge_alignment_score": 0.5029598319282135, "deviation_from_baseline_score": 0.9813829787234043, "explanation": "Enclosed-face vectorization followed by the frozen 20,000-step PPO debug policy. Reference cadastral geometry was excluded from inference and used only for the comparison report. Invalid, overlap-increasing, alignment-degrading, or CRS-round-trip-invalid candidates were rejected.", "rl_refinement": {"policy_sha256": "36f4975a32bccffc348e88edeab2d4ba8ad88c180503f6316af39efae7223b29", "timesteps": 20000, "debug_policy": true, "before": {"valid": true, "alignment": 0.4976044837385416, "reference": 0.0, "overlap": 0.0, "displacement": 0.0, "jagged": 0.0, "coverage": 1.0}, "after": {"valid": true, "alignment": 0.5029598319282135, "reference": 0.0, "overlap": 0.0, "displacement": 0.018617021276595744, "jagged": 0.06227184458077951, "coverage": 1.0}, "accepted": true, "reward_mean": -0.0011676181511237264, "reward_std": 0.0014947321692512698, "reward_sum": -0.149455123343837, "rejected_actions": 0, "mean_vertex_displacement_m": 0.03723404255319149}}, "geometry": {"type": "Polygon", "coordinates": [[[4.796477045128884, 52.180426420876955], [4.796469854042805, 52.18041739679232], [4.796469973068519, 52.18040840929185], [4.796473687635444, 52.18040393383374], [4.796478116345584, 52.18034553337231], [4.796478175857497, 52.18034103962203], [4.796485634733232, 52.18032984182987], [4.796496629632321, 52.180327649829366], [4.796515083396058, 52.18031426003369], [4.796519065735327, 52.18028956269754], [4.796522810041038, 52.180282840362544], [4.796541739821246, 52.18023350055949], [4.796549139158402, 52.1802267965135], [4.79655644923762, 52.180226833092725], [4.796563848571459, 52.18022012904577], [4.796574813688679, 52.18022018391309], [4.796578528229342, 52.180215708451485], [4.796582540275023, 52.18018876423747], [4.79659371363453, 52.18017309097623], [4.796597963665053, 52.18012817175932], [4.796609047756401, 52.180119239122284], [4.796623727376572, 52.18011481852219], [4.796631186177736, 52.1801036207203], [4.796645865790575, 52.180099200117496], [4.796657009358568, 52.180085773725345], [4.796675284499146, 52.1800858651557], [4.796678552834005, 52.18011509282042], [4.796671123788835, 52.18012404374997], [4.796667082056373, 52.18015323484276], [4.7966560277149854, 52.18015992060989], [4.796652104957516, 52.18018012420089], [4.796641050607206, 52.18018680996657], [4.796640961364359, 52.18019355059234], [4.796629936757227, 52.18019798948175], [4.796622418442731, 52.18021368103382], [4.796611393828775, 52.18021811992137], [4.796607560293895, 52.18023158288499], [4.796596505924134, 52.180238268646434], [4.796592285631357, 52.18028094098723], [4.796581290748464, 52.18028313299673], [4.796555437670769, 52.180303226849574], [4.796554991390008, 52.180336929977244], [4.796540073667183, 52.18035932556978], [4.79653240652742, 52.180386251491335], [4.796506672386058, 52.180397357832476], [4.79649924325918, 52.18040630875063], [4.796495320408581, 52.18042651233544], [4.796477045128884, 52.180426420876955]]]}}, {"type": "Feature", "properties": {"class": "parcel", "candidate_index": 38, "raw_confidence": 0.49556053922948057, "boundary_alignment_score": 0.49556053922948057, "area_m2": 138.00000022852873, "vertex_count": 29, "vectorization": {"threshold": 0.5, "close_pixels": 5, "boundary_width_pixels": 0, "edge_buffer_pixels": 2, "min_area_m2": 20, "max_area_m2": 250000, "simplify_tolerance_m": 0.25, "min_boundary_alignment": 0.0}, "source_tile_id": "tile-110000-460000", "vectorization_aoi": "vectorization_v2", "calibration": "parameters selected only on train_selected_0; target reference excluded", "parcel_id": "601ecbf5-af5b-591b-8b5c-49d86cd9502c", "confidence_score": 0.6724338097061404, "segmentation_score": 0.49556053922948057, "topology_score": 1.0, "edge_alignment_score": 0.4966254032527407, "deviation_from_baseline_score": 1.0, "explanation": "Enclosed-face vectorization followed by the frozen 20,000-step PPO debug policy. Reference cadastral geometry was excluded from inference and used only for the comparison report. Invalid, overlap-increasing, alignment-degrading, or CRS-round-trip-invalid candidates were rejected.", "rl_refinement": {"policy_sha256": "36f4975a32bccffc348e88edeab2d4ba8ad88c180503f6316af39efae7223b29", "timesteps": 20000, "debug_policy": true, "before": {"valid": true, "alignment": 0.4966254032527407, "reference": 0.0, "overlap": 0.0, "displacement": 0.0, "jagged": 0.0, "coverage": 1.0}, "after": {"valid": true, "alignment": 0.4966254032527407, "reference": 0.0, "overlap": 0.0, "displacement": 0.0, "jagged": 0.0, "coverage": 1.0}, "accepted": true, "reward_mean": -0.0010000000000000005, "reward_std": 4.336808689942018e-19, "reward_sum": -0.12800000000000009, "rejected_actions": 0, "mean_vertex_displacement_m": 0.0}}, "geometry": {"type": "Polygon", "coordinates": [[[4.8172617767185555, 52.163204055691445], [4.817218076331204, 52.16319260948632], [4.81721842069032, 52.16316564682422], [4.817233150084561, 52.16315672985939], [4.817230500790792, 52.163078071113496], [4.817252594832865, 52.16306469566304], [4.81728185268206, 52.163062589942655], [4.817292698844036, 52.16307163043318], [4.817300006134171, 52.16307166572342], [4.817314305106132, 52.163096452076886], [4.817328804930756, 52.16310551020847], [4.817390888256948, 52.1631080570308], [4.817405416788034, 52.16311486826444], [4.817416377734033, 52.1631149211892], [4.817434559920496, 52.1631217500606], [4.817434387806525, 52.163135231392154], [4.817408783567238, 52.163137354792035], [4.817404957793793, 52.163150818481796], [4.817393910775823, 52.16315750622174], [4.817386603471537, 52.16315747093731], [4.817368191765748, 52.163168617167], [4.817368134387678, 52.16317311094413], [4.8173608270808606, 52.163173075658136], [4.817346069016507, 52.16318423952736], [4.817338761707889, 52.163184204239975], [4.817331339635676, 52.163193156506274], [4.817324032325614, 52.16319312121794], [4.817316638940615, 52.16319982659472], [4.8172983132776315, 52.163204232147834], [4.8172617767185555, 52.163204055691445]]]}}, {"type": "Feature", "properties": {"class": "parcel", "candidate_index": 39, "raw_confidence": 0.5008967268948603, "boundary_alignment_score": 0.5008967268948603, "area_m2": 133.50000019171966, "vertex_count": 23, "vectorization": {"threshold": 0.5, "close_pixels": 5, "boundary_width_pixels": 0, "edge_buffer_pixels": 2, "min_area_m2": 20, "max_area_m2": 250000, "simplify_tolerance_m": 0.25, "min_boundary_alignment": 0.0}, "source_tile_id": "tile-110000-460000", "vectorization_aoi": "vectorization_v2", "calibration": "parameters selected only on train_selected_0; target reference excluded", "parcel_id": "16d66294-782d-5090-ac5f-f1d47a5af4c5", "confidence_score": 0.6766502843332486, "segmentation_score": 0.5008967268948603, "topology_score": 1.0, "edge_alignment_score": 0.5044547664001584, "deviation_from_baseline_score": 1.0, "explanation": "Enclosed-face vectorization followed by the frozen 20,000-step PPO debug policy. Reference cadastral geometry was excluded from inference and used only for the comparison report. Invalid, overlap-increasing, alignment-degrading, or CRS-round-trip-invalid candidates were rejected.", "rl_refinement": {"policy_sha256": "36f4975a32bccffc348e88edeab2d4ba8ad88c180503f6316af39efae7223b29", "timesteps": 20000, "debug_policy": true, "before": {"valid": true, "alignment": 0.5044547664001584, "reference": 0.0, "overlap": 0.0, "displacement": 0.0, "jagged": 0.0, "coverage": 1.0}, "after": {"valid": true, "alignment": 0.5044547664001584, "reference": 0.0, "overlap": 0.0, "displacement": 0.0, "jagged": 0.0, "coverage": 1.0}, "accepted": true, "reward_mean": -0.0010000000000000005, "reward_std": 4.336808689942018e-19, "reward_sum": -0.12800000000000009, "rejected_actions": 0, "mean_vertex_displacement_m": 0.0}}, "geometry": {"type": "Polygon", "coordinates": [[[4.815909432358462, 52.17408210670728], [4.8159059792150645, 52.174066360830786], [4.815887706490395, 52.17406627238205], [4.815873145857666, 52.17406170785328], [4.815818241361159, 52.174068183134914], [4.815774386820837, 52.174067970820566], [4.815763480743838, 52.17406342397177], [4.815756286772021, 52.174054401048444], [4.81575668968264, 52.174022944674796], [4.815764056323133, 52.17401848629504], [4.815760948584783, 52.173975777807904], [4.815783106032994, 52.17395790889857], [4.815801436266999, 52.173953503595705], [4.815856196753529, 52.17395826274112], [4.815892627024678, 52.17396742718102], [4.815925287690129, 52.17398556145651], [4.815932481685123, 52.17399458436969], [4.815935589588978, 52.17403729285238], [4.8159208275634455, 52.174048456516715], [4.8159135184764885, 52.174048421138515], [4.815909633760013, 52.17406637852025], [4.815931532259212, 52.174068731538185], [4.815931388406485, 52.17407996595754], [4.815909432358462, 52.17408210670728]]]}}, {"type": "Feature", "properties": {"class": "parcel", "candidate_index": 40, "raw_confidence": 0.4993632228133526, "boundary_alignment_score": 0.4993632228133526, "area_m2": 132.12500022470886, "vertex_count": 25, "vectorization": {"threshold": 0.5, "close_pixels": 5, "boundary_width_pixels": 0, "edge_buffer_pixels": 2, "min_area_m2": 20, "max_area_m2": 250000, "simplify_tolerance_m": 0.25, "min_boundary_alignment": 0.0}, "source_tile_id": "tile-110000-460000", "vectorization_aoi": "vectorization_v2", "calibration": "parameters selected only on train_selected_0; target reference excluded", "parcel_id": "a848e2db-ccfa-52b9-aec5-e24ba4042e75", "confidence_score": 0.6744679476094849, "segmentation_score": 0.4993632228133526, "topology_score": 1.0, "edge_alignment_score": 0.49896939874937135, "deviation_from_baseline_score": 1.0, "explanation": "Enclosed-face vectorization followed by the frozen 20,000-step PPO debug policy. Reference cadastral geometry was excluded from inference and used only for the comparison report. Invalid, overlap-increasing, alignment-degrading, or CRS-round-trip-invalid candidates were rejected.", "rl_refinement": {"policy_sha256": "36f4975a32bccffc348e88edeab2d4ba8ad88c180503f6316af39efae7223b29", "timesteps": 20000, "debug_policy": true, "before": {"valid": true, "alignment": 0.49896939874937135, "reference": 0.0, "overlap": 0.0, "displacement": 0.0, "jagged": 0.0, "coverage": 1.0}, "after": {"valid": true, "alignment": 0.49896939874937135, "reference": 0.0, "overlap": 0.0, "displacement": 0.0, "jagged": 0.0, "coverage": 1.0}, "accepted": true, "reward_mean": -0.0010000000000000005, "reward_std": 4.336808689942018e-19, "reward_sum": -0.12800000000000009, "rejected_actions": 0, "mean_vertex_displacement_m": 0.0}}, "geometry": {"type": "Polygon", "coordinates": [[[4.796891349814883, 52.17977910360602], [4.7968841884837214, 52.17976783267011], [4.796866032416552, 52.17975875377028], [4.796866270303666, 52.17974077876622], [4.796877473185985, 52.17972285860112], [4.796881395800327, 52.17970265500082], [4.796903563653037, 52.17968478967061], [4.796947601988142, 52.179671527753285], [4.796976841942735, 52.17967167396812], [4.796991372731581, 52.17967848769956], [4.797027863225437, 52.179683164204654], [4.79703145876574, 52.17968767623059], [4.797060639279208, 52.1796923161759], [4.797085956728915, 52.179712665970165], [4.797089344205145, 52.17973290612345], [4.797096594755455, 52.17973743642025], [4.797107559754851, 52.179737491237844], [4.7971074111362295, 52.17974872561579], [4.797096416409789, 52.1797509176738], [4.797059866400992, 52.179750734940995], [4.797012202747413, 52.17976173174919], [4.796946323521104, 52.17976814340161], [4.7969426090547715, 52.179772618875276], [4.796924304308867, 52.179774774361974], [4.79691693483665, 52.179779231556694], [4.796891349814883, 52.17977910360602]]]}}, {"type": "Feature", "properties": {"class": "parcel", "candidate_index": 41, "raw_confidence": 0.4979736917451316, "boundary_alignment_score": 0.4979736917451316, "area_m2": 129.81250018333958, "vertex_count": 29, "vectorization": {"threshold": 0.5, "close_pixels": 5, "boundary_width_pixels": 0, "edge_buffer_pixels": 2, "min_area_m2": 20, "max_area_m2": 250000, "simplify_tolerance_m": 0.25, "min_boundary_alignment": 0.0}, "source_tile_id": "tile-110000-460000", "vectorization_aoi": "vectorization_v2", "calibration": "parameters selected only on train_selected_0; target reference excluded", "parcel_id": "f67641b2-37f8-5618-a66f-1acb825a5059", "confidence_score": 0.6740778276021137, "segmentation_score": 0.4979736917451316, "topology_score": 1.0, "edge_alignment_score": 0.4992901183043917, "deviation_from_baseline_score": 1.0, "explanation": "Enclosed-face vectorization followed by the frozen 20,000-step PPO debug policy. Reference cadastral geometry was excluded from inference and used only for the comparison report. Invalid, overlap-increasing, alignment-degrading, or CRS-round-trip-invalid candidates were rejected.", "rl_refinement": {"policy_sha256": "36f4975a32bccffc348e88edeab2d4ba8ad88c180503f6316af39efae7223b29", "timesteps": 20000, "debug_policy": true, "before": {"valid": true, "alignment": 0.4992901183043917, "reference": 0.0, "overlap": 0.0, "displacement": 0.0, "jagged": 0.0, "coverage": 1.0}, "after": {"valid": true, "alignment": 0.4992901183043917, "reference": 0.0, "overlap": 0.0, "displacement": 0.0, "jagged": 0.0, "coverage": 1.0}, "accepted": true, "reward_mean": -0.0010000000000000005, "reward_std": 4.336808689942018e-19, "reward_sum": -0.12800000000000009, "rejected_actions": 0, "mean_vertex_displacement_m": 0.0}}, "geometry": {"type": "Polygon", "coordinates": [[[4.816846523442766, 52.163103180199016], [4.816813698049955, 52.163098527486156], [4.816799227050034, 52.1630872224029], [4.816784669902421, 52.1630826579831], [4.816751787091219, 52.16308249902982], [4.816726441341798, 52.163064400286], [4.816730468359729, 52.163035208399485], [4.816763523452201, 52.16302188602813], [4.816781791655829, 52.163021974334804], [4.81679632006566, 52.16302878564338], [4.816829231553541, 52.16302669769575], [4.816836624982885, 52.16301999234937], [4.816833229784907, 52.16299975269389], [4.816851612839272, 52.16299085343592], [4.81690641741296, 52.162991118306415], [4.816913638554182, 52.16299789428603], [4.8169428389546125, 52.1630002824266], [4.816942465720272, 52.163029491976914], [4.816935129726689, 52.16303170355297], [4.816935072305228, 52.16303619732997], [4.816909410675388, 52.16304281439843], [4.816909353251321, 52.16304730817536], [4.816916660537077, 52.16304734348937], [4.81693838142037, 52.16306317764784], [4.81693815173555, 52.16308115275554], [4.816930729600273, 52.16309010499665], [4.816919711238014, 52.1630945458037], [4.816915971456034, 52.16310126881218], [4.81690498180186, 52.163103462729396], [4.816846523442766, 52.163103180199016]]]}}, {"type": "Feature", "properties": {"class": "parcel", "candidate_index": 42, "raw_confidence": 0.5007532404363155, "boundary_alignment_score": 0.5007532404363155, "area_m2": 121.59375018058199, "vertex_count": 29, "vectorization": {"threshold": 0.5, "close_pixels": 5, "boundary_width_pixels": 0, "edge_buffer_pixels": 2, "min_area_m2": 20, "max_area_m2": 250000, "simplify_tolerance_m": 0.25, "min_boundary_alignment": 0.0}, "source_tile_id": "tile-110000-460000", "vectorization_aoi": "vectorization_v2", "calibration": "parameters selected only on train_selected_0; target reference excluded", "parcel_id": "d76463b4-95fd-5c05-b2bc-462bc873649b", "confidence_score": 0.6744684121720493, "segmentation_score": 0.5007532404363155, "topology_score": 1.0, "edge_alignment_score": 0.49734926006446284, "deviation_from_baseline_score": 1.0, "explanation": "Enclosed-face vectorization followed by the frozen 20,000-step PPO debug policy. Reference cadastral geometry was excluded from inference and used only for the comparison report. Invalid, overlap-increasing, alignment-degrading, or CRS-round-trip-invalid candidates were rejected.", "rl_refinement": {"policy_sha256": "36f4975a32bccffc348e88edeab2d4ba8ad88c180503f6316af39efae7223b29", "timesteps": 20000, "debug_policy": true, "before": {"valid": true, "alignment": 0.49734926006446284, "reference": 0.0, "overlap": 0.0, "displacement": 0.0, "jagged": 0.0, "coverage": 1.0}, "after": {"valid": true, "alignment": 0.49734926006446284, "reference": 0.0, "overlap": 0.0, "displacement": 0.0, "jagged": 0.0, "coverage": 1.0}, "accepted": true, "reward_mean": -0.0010317473641941965, "reward_std": 0.00035777462448645354, "reward_sum": -0.13206366261685717, "rejected_actions": 0, "mean_vertex_displacement_m": 0.0}}, "geometry": {"type": "Polygon", "coordinates": [[[4.817256257906269, 52.16335008579649], [4.817249007960952, 52.16334555672657], [4.817219807317938, 52.16334316866159], [4.817150358940422, 52.16334508022668], [4.8171431090066985, 52.16334055115027], [4.817139656244482, 52.1633248052813], [4.817125070283054, 52.16332248779199], [4.817110570429539, 52.16331342963561], [4.817110713940137, 52.16330219519346], [4.817129211868853, 52.16328430833904], [4.817133123839944, 52.16326410399335], [4.81714411352258, 52.163261910054956], [4.817155189303648, 52.16325297545019], [4.817195379562113, 52.16325316958797], [4.817206254449988, 52.1632599631977], [4.817220840395248, 52.16326228067695], [4.8172280616280245, 52.16326905663721], [4.817231399633128, 52.16329379005754], [4.8172534076972875, 52.16328715527306], [4.817278983336209, 52.16328727879558], [4.817311952376667, 52.16328069693668], [4.817315663422407, 52.16327622080434], [4.817337585393439, 52.16327632666951], [4.817355767633476, 52.16328315555302], [4.81735919177922, 52.163301148304285], [4.817329503410658, 52.16333695737092], [4.81732213869406, 52.16334141585943], [4.817285573329181, 52.163343486298665], [4.81727452624554, 52.1633501740271], [4.817256257906269, 52.16335008579649]]]}}, {"type": "Feature", "properties": {"class": "parcel", "candidate_index": 43, "raw_confidence": 0.4977102389374932, "boundary_alignment_score": 0.4977102389374932, "area_m2": 117.68750018932587, "vertex_count": 25, "vectorization": {"threshold": 0.5, "close_pixels": 5, "boundary_width_pixels": 0, "edge_buffer_pixels": 2, "min_area_m2": 20, "max_area_m2": 250000, "simplify_tolerance_m": 0.25, "min_boundary_alignment": 0.0}, "source_tile_id": "tile-110000-460000", "vectorization_aoi": "vectorization_v2", "calibration": "parameters selected only on train_selected_0; target reference excluded", "parcel_id": "a4ed6e49-1b5c-58ec-8e21-e8749eba278d", "confidence_score": 0.6721630088529336, "segmentation_score": 0.4977102389374932, "topology_score": 1.0, "edge_alignment_score": 0.5032147507493695, "deviation_from_baseline_score": 0.98, "explanation": "Enclosed-face vectorization followed by the frozen 20,000-step PPO debug policy. Reference cadastral geometry was excluded from inference and used only for the comparison report. Invalid, overlap-increasing, alignment-degrading, or CRS-round-trip-invalid candidates were rejected.", "rl_refinement": {"policy_sha256": "36f4975a32bccffc348e88edeab2d4ba8ad88c180503f6316af39efae7223b29", "timesteps": 20000, "debug_policy": true, "before": {"valid": true, "alignment": 0.4981338024760286, "reference": 0.0, "overlap": 0.0, "displacement": 0.0, "jagged": 0.0, "coverage": 1.0}, "after": {"valid": true, "alignment": 0.5032147507493695, "reference": 0.0, "overlap": 0.0, "displacement": 0.02, "jagged": 0.06650281539872885, "coverage": 1.0}, "accepted": true, "reward_mean": -0.0012565347609549099, "reward_std": 0.002157990758360327, "reward_sum": -0.16083644940222852, "rejected_actions": 0, "mean_vertex_displacement_m": 0.04}}, "geometry": {"type": "Polygon", "coordinates": [[[4.811387783652202, 52.17838340599942], [4.811369596182466, 52.1783765762062], [4.8113476668078095, 52.17837646922133], [4.811347753823089, 52.17836972857912], [4.811336934165621, 52.17835844068144], [4.811333656346562, 52.17832921340024], [4.811326404575056, 52.1783246839754], [4.811322952727638, 52.178308937978215], [4.811334004415491, 52.1783022508312], [4.811330668590604, 52.178277517311145], [4.811360081718218, 52.178264178676145], [4.811371046377942, 52.17826423216792], [4.811389465825366, 52.17825308691455], [4.8114589086538215, 52.17825342566111], [4.811466276423344, 52.178248967554644], [4.811484550850279, 52.17824905669051], [4.811491773627884, 52.178255832986586], [4.811491599641407, 52.17826931427158], [4.811465899435867, 52.1782781770053], [4.811457893673121, 52.17833206648929], [4.8114503808895455, 52.1783477589991], [4.811443042102351, 52.17834997022373], [4.811439126204477, 52.17837017432241], [4.811431700410448, 52.17837912618863], [4.811420677719537, 52.17838356646402], [4.811387783652202, 52.17838340599942]]]}}, {"type": "Feature", "properties": {"class": "parcel", "candidate_index": 44, "raw_confidence": 0.49824253610202246, "boundary_alignment_score": 0.49824253610202246, "area_m2": 114.21875017857019, "vertex_count": 22, "vectorization": {"threshold": 0.5, "close_pixels": 5, "boundary_width_pixels": 0, "edge_buffer_pixels": 2, "min_area_m2": 20, "max_area_m2": 250000, "simplify_tolerance_m": 0.25, "min_boundary_alignment": 0.0}, "source_tile_id": "tile-110000-460000", "vectorization_aoi": "vectorization_v2", "calibration": "parameters selected only on train_selected_0; target reference excluded", "parcel_id": "5e2170f3-cc31-5d24-a7d0-cc7e71703c1b", "confidence_score": 0.6698115035379173, "segmentation_score": 0.49824253610202246, "topology_score": 1.0, "edge_alignment_score": 0.5206936861698827, "deviation_from_baseline_score": 0.9281234003416313, "explanation": "Enclosed-face vectorization followed by the frozen 20,000-step PPO debug policy. Reference cadastral geometry was excluded from inference and used only for the comparison report. Invalid, overlap-increasing, alignment-degrading, or CRS-round-trip-invalid candidates were rejected.", "rl_refinement": {"policy_sha256": "36f4975a32bccffc348e88edeab2d4ba8ad88c180503f6316af39efae7223b29", "timesteps": 20000, "debug_policy": true, "before": {"valid": true, "alignment": 0.4974165217330058, "reference": 0.0, "overlap": 0.0, "displacement": 0.0, "jagged": 0.0, "coverage": 1.0}, "after": {"valid": true, "alignment": 0.5206936861698827, "reference": 0.0, "overlap": 0.0, "displacement": 0.07187659965836866, "jagged": 0.1855196360655631, "coverage": 1.0}, "accepted": true, "reward_mean": -0.0009398326422659377, "reward_std": 0.004786160695573006, "reward_sum": -0.12029857821004009, "rejected_actions": 0, "mean_vertex_displacement_m": 0.14375319931673733}}, "geometry": {"type": "Polygon", "coordinates": [[[4.8162714923728664, 52.163210503855524], [4.81626058889485, 52.163205957048014], [4.816224081086387, 52.16320353338203], [4.816213206362144, 52.163196739681936], [4.816205870305053, 52.163198951212536], [4.816206560246305, 52.163145025896], [4.8162212323419205, 52.16314060283417], [4.81624677914763, 52.16314297346857], [4.816287170506006, 52.16312743969814], [4.81629462151955, 52.163116240609455], [4.816305611206667, 52.163114046749115], [4.8163093798239265, 52.16310507687192], [4.81633150289605, 52.16308945470621], [4.816346146220621, 52.16308727851704], [4.816368096835146, 52.16308513767402], [4.816386250109996, 52.163094213595116], [4.816393413712585, 52.16310548338288], [4.816393011379288, 52.16313693981862], [4.816374340782779, 52.16316830788723], [4.816333863194184, 52.16319058235209], [4.816333748229594, 52.16319956990496], [4.816315336244007, 52.163210715969896], [4.8162714923728664, 52.163210503855524]]]}}, {"type": "Feature", "properties": {"class": "parcel", "candidate_index": 45, "raw_confidence": 0.5004543808585439, "boundary_alignment_score": 0.5004543808585439, "area_m2": 110.78125016748163, "vertex_count": 32, "vectorization": {"threshold": 0.5, "close_pixels": 5, "boundary_width_pixels": 0, "edge_buffer_pixels": 2, "min_area_m2": 20, "max_area_m2": 250000, "simplify_tolerance_m": 0.25, "min_boundary_alignment": 0.0}, "source_tile_id": "tile-110000-460000", "vectorization_aoi": "vectorization_v2", "calibration": "parameters selected only on train_selected_0; target reference excluded", "parcel_id": "711de0e2-eb28-58cd-80fc-46f3505ee0c1", "confidence_score": 0.6751895196793091, "segmentation_score": 0.5004543808585439, "topology_score": 1.0, "edge_alignment_score": 0.5001016212627292, "deviation_from_baseline_score": 1.0, "explanation": "Enclosed-face vectorization followed by the frozen 20,000-step PPO debug policy. Reference cadastral geometry was excluded from inference and used only for the comparison report. Invalid, overlap-increasing, alignment-degrading, or CRS-round-trip-invalid candidates were rejected.", "rl_refinement": {"policy_sha256": "36f4975a32bccffc348e88edeab2d4ba8ad88c180503f6316af39efae7223b29", "timesteps": 20000, "debug_policy": true, "before": {"valid": true, "alignment": 0.5001016212627292, "reference": 0.0, "overlap": 0.0, "displacement": 0.0, "jagged": 0.0, "coverage": 1.0}, "after": {"valid": true, "alignment": 0.5001016212627292, "reference": 0.0, "overlap": 0.0, "displacement": 0.0, "jagged": 0.0, "coverage": 1.0}, "accepted": true, "reward_mean": -0.0010000000000000005, "reward_std": 4.336808689942018e-19, "reward_sum": -0.12800000000000009, "rejected_actions": 0, "mean_vertex_displacement_m": 0.0}}, "geometry": {"type": "Polygon", "coordinates": [[[4.813003049050036, 52.17925862520255], [4.812984832052181, 52.17925404253937], [4.81295942082031, 52.17924043678727], [4.81295231336037, 52.17922467305801], [4.81295294970891, 52.179175241677534], [4.8129603753311345, 52.179166289716626], [4.812971398063071, 52.17916184929812], [4.812971542682808, 52.179150614893366], [4.81297891045006, 52.17914615669311], [4.812979141838466, 52.17912818164544], [4.812986480678082, 52.179125970325686], [4.812993964130901, 52.17911252460057], [4.8130049868461935, 52.179108084178814], [4.81304884632548, 52.17910829752956], [4.813048759565438, 52.179115038172505], [4.813063263717024, 52.17912409680977], [4.813066745160232, 52.17913759587376], [4.813077652200196, 52.17914214296926], [4.81307750760722, 52.1791533773742], [4.813066484887909, 52.17915781780266], [4.813066427049578, 52.1791623115646], [4.813073708052908, 52.17916459400137], [4.8130808733832025, 52.17917586396165], [4.8130806709539575, 52.179191592128454], [4.813062106942517, 52.17921397204881], [4.813047400320852, 52.17922064157812], [4.813047342480491, 52.179225135340076], [4.813054623493084, 52.17922741777797], [4.813054478893954, 52.179238652182754], [4.813043427230848, 52.179245339489896], [4.81303965658064, 52.17925430923484], [4.813028633832586, 52.17925874965964], [4.813003049050036, 52.17925862520255]]]}}, {"type": "Feature", "properties": {"class": "parcel", "candidate_index": 46, "raw_confidence": 0.5030252117377061, "boundary_alignment_score": 0.5030252117377061, "area_m2": 99.09375013470526, "vertex_count": 25, "vectorization": {"threshold": 0.5, "close_pixels": 5, "boundary_width_pixels": 0, "edge_buffer_pixels": 2, "min_area_m2": 20, "max_area_m2": 250000, "simplify_tolerance_m": 0.25, "min_boundary_alignment": 0.0}, "source_tile_id": "tile-110000-460000", "vectorization_aoi": "vectorization_v2", "calibration": "parameters selected only on train_selected_0; target reference excluded", "parcel_id": "c5ec80f0-4caa-53f4-995d-08f1b8b30064", "confidence_score": 0.6703592807093112, "segmentation_score": 0.5030252117377061, "topology_score": 1.0, "edge_alignment_score": 0.5288239975149432, "deviation_from_baseline_score": 0.9043550489775403, "explanation": "Enclosed-face vectorization followed by the frozen 20,000-step PPO debug policy. Reference cadastral geometry was excluded from inference and used only for the comparison report. Invalid, overlap-increasing, alignment-degrading, or CRS-round-trip-invalid candidates were rejected.", "rl_refinement": {"policy_sha256": "36f4975a32bccffc348e88edeab2d4ba8ad88c180503f6316af39efae7223b29", "timesteps": 20000, "debug_policy": true, "before": {"valid": true, "alignment": 0.5044426157449683, "reference": 0.0, "overlap": 0.0, "displacement": 0.0, "jagged": 0.0, "coverage": 1.0}, "after": {"valid": true, "alignment": 0.5288239975149432, "reference": 0.0, "overlap": 0.0, "displacement": 0.09564495102245979, "jagged": 0.27945821657040065, "coverage": 1.0}, "accepted": true, "reward_mean": -0.00079633333243443, "reward_std": 0.004544617934511982, "reward_sum": -0.10193066655160708, "rejected_actions": 0, "mean_vertex_displacement_m": 0.19128990204491958}}, "geometry": {"type": "Polygon", "coordinates": [[[4.814091807696928, 52.16336397112701], [4.814088384864491, 52.16334597828295], [4.814095749904208, 52.163341519996855], [4.814110999336746, 52.16329215944875], [4.814129585018687, 52.16326753240395], [4.8141406037004275, 52.163263091858084], [4.81415179548647, 52.163245169986176], [4.814155997310397, 52.16320249686582], [4.814181688287704, 52.16319363350959], [4.8141781211833745, 52.16318687510537], [4.814211004059527, 52.163187034776115], [4.814218253670025, 52.16319156403234], [4.81421808058388, 52.16320504535761], [4.814239742890835, 52.16322537378632], [4.814239425577737, 52.163250089549265], [4.814220724573154, 52.163283704161636], [4.814202340874747, 52.16329260300823], [4.814198600666923, 52.16329932592978], [4.814187610831287, 52.163301519593425], [4.814183841770977, 52.16331048940197], [4.814154439360976, 52.16332382879099], [4.814157977621753, 52.16333283408321], [4.814143334110885, 52.163335010000424], [4.814139363076338, 52.1633597080197], [4.814121037035825, 52.163364113078565], [4.814091807696928, 52.16336397112701]]]}}, {"type": "Feature", "properties": {"class": "parcel", "candidate_index": 47, "raw_confidence": 0.4997469060037328, "boundary_alignment_score": 0.4997469060037328, "area_m2": 92.84375011840348, "vertex_count": 32, "vectorization": {"threshold": 0.5, "close_pixels": 5, "boundary_width_pixels": 0, "edge_buffer_pixels": 2, "min_area_m2": 20, "max_area_m2": 250000, "simplify_tolerance_m": 0.25, "min_boundary_alignment": 0.0}, "source_tile_id": "tile-110000-460000", "vectorization_aoi": "vectorization_v2", "calibration": "parameters selected only on train_selected_0; target reference excluded", "parcel_id": "c7c75237-d95c-5d17-ac23-de08ea5bdcfa", "confidence_score": 0.674630971007777, "segmentation_score": 0.4997469060037328, "topology_score": 1.0, "edge_alignment_score": 0.4990651796882351, "deviation_from_baseline_score": 1.0, "explanation": "Enclosed-face vectorization followed by the frozen 20,000-step PPO debug policy. Reference cadastral geometry was excluded from inference and used only for the comparison report. Invalid, overlap-increasing, alignment-degrading, or CRS-round-trip-invalid candidates were rejected.", "rl_refinement": {"policy_sha256": "36f4975a32bccffc348e88edeab2d4ba8ad88c180503f6316af39efae7223b29", "timesteps": 20000, "debug_policy": true, "before": {"valid": true, "alignment": 0.4990651796882351, "reference": 0.0, "overlap": 0.0, "displacement": 0.0, "jagged": 0.0, "coverage": 1.0}, "after": {"valid": true, "alignment": 0.4990651796882351, "reference": 0.0, "overlap": 0.0, "displacement": 0.0, "jagged": 0.0, "coverage": 1.0}, "accepted": true, "reward_mean": -0.0010000000000000005, "reward_std": 4.336808689942018e-19, "reward_sum": -0.12800000000000009, "rejected_actions": 0, "mean_vertex_displacement_m": 0.0}}, "geometry": {"type": "Polygon", "coordinates": [[[4.812847746680798, 52.17939718495578], [4.8128368685330125, 52.179390390958424], [4.812837013187603, 52.17937915655433], [4.812844352075585, 52.17937694524356], [4.812844409936656, 52.1793724514819], [4.8128334739332415, 52.17937015124584], [4.812833531795396, 52.17936565748418], [4.81281899868041, 52.179358845699824], [4.81281914333937, 52.179347611295675], [4.812804668097473, 52.179336305747896], [4.812804841692434, 52.17932282446292], [4.8128159802062225, 52.17930939653576], [4.812830629029375, 52.17930722079715], [4.81283434186416, 52.179302744820724], [4.812878201533825, 52.17930295823516], [4.812889253235955, 52.1792962709436], [4.812907528095753, 52.17929635985974], [4.812918377304698, 52.17930540073157], [4.812951214209066, 52.17931005453231], [4.812965631630927, 52.17932585382396], [4.812998410709855, 52.17933500137328], [4.812998237173342, 52.1793484826586], [4.812990869374515, 52.17935294085984], [4.812968910590449, 52.17935508105645], [4.812968794893443, 52.17936406857994], [4.812939526147435, 52.17936617320869], [4.812921019845602, 52.17938405934428], [4.812895434991557, 52.179383934863736], [4.812895550703411, 52.17937494734037], [4.812888240746616, 52.179374911773486], [4.812888096104949, 52.17938614617767], [4.812877015451411, 52.179395080349856], [4.812847746680798, 52.17939718495578]]]}}, {"type": "Feature", "properties": {"class": "parcel", "candidate_index": 48, "raw_confidence": 0.494396915816399, "boundary_alignment_score": 0.494396915816399, "area_m2": 91.09375014342731, "vertex_count": 23, "vectorization": {"threshold": 0.5, "close_pixels": 5, "boundary_width_pixels": 0, "edge_buffer_pixels": 2, "min_area_m2": 20, "max_area_m2": 250000, "simplify_tolerance_m": 0.25, "min_boundary_alignment": 0.0}, "source_tile_id": "tile-110000-460000", "vectorization_aoi": "vectorization_v2", "calibration": "parameters selected only on train_selected_0; target reference excluded", "parcel_id": "0c9932e4-b2d4-5923-bb0c-763463c11554", "confidence_score": 0.6724030188834632, "segmentation_score": 0.494396915816399, "topology_score": 1.0, "edge_alignment_score": 0.49788032782574493, "deviation_from_baseline_score": 1.0, "explanation": "Enclosed-face vectorization followed by the frozen 20,000-step PPO debug policy. Reference cadastral geometry was excluded from inference and used only for the comparison report. Invalid, overlap-increasing, alignment-degrading, or CRS-round-trip-invalid candidates were rejected.", "rl_refinement": {"policy_sha256": "36f4975a32bccffc348e88edeab2d4ba8ad88c180503f6316af39efae7223b29", "timesteps": 20000, "debug_policy": true, "before": {"valid": true, "alignment": 0.49788032782574493, "reference": 0.0, "overlap": 0.0, "displacement": 0.0, "jagged": 0.0, "coverage": 1.0}, "after": {"valid": true, "alignment": 0.49788032782574493, "reference": 0.0, "overlap": 0.0, "displacement": 0.0, "jagged": 0.0, "coverage": 1.0}, "accepted": true, "reward_mean": -0.0010000000000000005, "reward_std": 4.336808689942018e-19, "reward_sum": -0.12800000000000009, "rejected_actions": 0, "mean_vertex_displacement_m": 0.0}}, "geometry": {"type": "Polygon", "coordinates": [[[4.7877067025637565, 52.18024962863883], [4.787695797850336, 52.180245079203004], [4.787637377671931, 52.18024028842105], [4.787619193099024, 52.180233454974186], [4.787597262887005, 52.180233343574315], [4.7875827635618995, 52.18022428181648], [4.787582823969961, 52.18021978807199], [4.787575544105947, 52.180217504064586], [4.787576148193104, 52.180172566619426], [4.787568868337132, 52.18017028261177], [4.787569049565197, 52.180156801378075], [4.787580105264647, 52.18015011646429], [4.787598380407168, 52.1801502093004], [4.787612789104039, 52.18016601167323], [4.78763468908163, 52.18016836994247], [4.787645563569241, 52.180175166256255], [4.787722289015318, 52.18017780297878], [4.787733193715025, 52.18018235241224], [4.787743917241662, 52.18020038307853], [4.7877512273070755, 52.18020042020315], [4.787750985742755, 52.1802183951816], [4.78774358508661, 52.18022509867388], [4.787746907967891, 52.180249832831606], [4.7877067025637565, 52.18024962863883]]]}}, {"type": "Feature", "properties": {"class": "parcel", "candidate_index": 49, "raw_confidence": 0.4992082929131628, "boundary_alignment_score": 0.4992082929131628, "area_m2": 88.84375012043165, "vertex_count": 24, "vectorization": {"threshold": 0.5, "close_pixels": 5, "boundary_width_pixels": 0, "edge_buffer_pixels": 2, "min_area_m2": 20, "max_area_m2": 250000, "simplify_tolerance_m": 0.25, "min_boundary_alignment": 0.0}, "source_tile_id": "tile-110000-460000", "vectorization_aoi": "vectorization_v2", "calibration": "parameters selected only on train_selected_0; target reference excluded", "parcel_id": "0cf640e7-c08f-5a18-898b-2ccecdd32729", "confidence_score": 0.6753255431968503, "segmentation_score": 0.4992082929131628, "topology_score": 1.0, "edge_alignment_score": 0.5046129689241449, "deviation_from_baseline_score": 0.9947916666666666, "explanation": "Enclosed-face vectorization followed by the frozen 20,000-step PPO debug policy. Reference cadastral geometry was excluded from inference and used only for the comparison report. Invalid, overlap-increasing, alignment-degrading, or CRS-round-trip-invalid candidates were rejected.", "rl_refinement": {"policy_sha256": "36f4975a32bccffc348e88edeab2d4ba8ad88c180503f6316af39efae7223b29", "timesteps": 20000, "debug_policy": true, "before": {"valid": true, "alignment": 0.4995357124134898, "reference": 0.0, "overlap": 0.0, "displacement": 0.0, "jagged": 0.0, "coverage": 1.0}, "after": {"valid": true, "alignment": 0.5046129689241449, "reference": 0.0, "overlap": 0.0, "displacement": 0.005208333333333333, "jagged": 0.020833333333333332, "coverage": 1.0}, "accepted": true, "reward_mean": -0.0012775860097929844, "reward_std": 0.002343949125680914, "reward_sum": -0.16353100925350203, "rejected_actions": 0, "mean_vertex_displacement_m": 0.010416666666666666}}, "geometry": {"type": "Polygon", "coordinates": [[[4.817115667713701, 52.16348647534321], [4.8171049362973255, 52.1634684472836], [4.817090407697328, 52.16346163601324], [4.817094750247268, 52.16340772834379], [4.817080336483458, 52.163391929518646], [4.817084191079283, 52.16337621895175], [4.817109766768653, 52.163376342511064], [4.817116901897322, 52.16338985914307], [4.817135141551568, 52.16339219428364], [4.817138709120468, 52.16339895259893], [4.817178928209091, 52.16339689985414], [4.817200678053025, 52.16341048707533], [4.817200620657673, 52.16341498085216], [4.8172406962796845, 52.16342416252839], [4.81725882117547, 52.16343548520349], [4.817258620312038, 52.163451213422455], [4.817236497384, 52.163466835761284], [4.817221825281131, 52.16347125894908], [4.817199903214678, 52.16347115306219], [4.817185202408274, 52.163477823133825], [4.817166934016964, 52.16347773488929], [4.817163337737928, 52.16347322346337], [4.817137819394609, 52.16346860613886], [4.817137589787417, 52.16348658124585], [4.817115667713701, 52.16348647534321]]]}}, {"type": "Feature", "properties": {"class": "parcel", "candidate_index": 50, "raw_confidence": 0.5037840563675453, "boundary_alignment_score": 0.5037840563675453, "area_m2": 85.96875013691533, "vertex_count": 21, "vectorization": {"threshold": 0.5, "close_pixels": 5, "boundary_width_pixels": 0, "edge_buffer_pixels": 2, "min_area_m2": 20, "max_area_m2": 250000, "simplify_tolerance_m": 0.25, "min_boundary_alignment": 0.0}, "source_tile_id": "tile-110000-460000", "vectorization_aoi": "vectorization_v2", "calibration": "parameters selected only on train_selected_0; target reference excluded", "parcel_id": "08041357-b29c-5704-8bd2-1d90e0f28a9a", "confidence_score": 0.677507548271839, "segmentation_score": 0.5037840563675453, "topology_score": 1.0, "edge_alignment_score": 0.5039437618106604, "deviation_from_baseline_score": 1.0, "explanation": "Enclosed-face vectorization followed by the frozen 20,000-step PPO debug policy. Reference cadastral geometry was excluded from inference and used only for the comparison report. Invalid, overlap-increasing, alignment-degrading, or CRS-round-trip-invalid candidates were rejected.", "rl_refinement": {"policy_sha256": "36f4975a32bccffc348e88edeab2d4ba8ad88c180503f6316af39efae7223b29", "timesteps": 20000, "debug_policy": true, "before": {"valid": true, "alignment": 0.5039437618106604, "reference": 0.0, "overlap": 0.0, "displacement": 0.0, "jagged": 0.0, "coverage": 1.0}, "after": {"valid": true, "alignment": 0.5039437618106604, "reference": 0.0, "overlap": 0.0, "displacement": 0.0, "jagged": 0.0, "coverage": 1.0}, "accepted": true, "reward_mean": -0.0010000000000000005, "reward_std": 4.336808689942018e-19, "reward_sum": -0.12800000000000009, "rejected_actions": 0, "mean_vertex_displacement_m": 0.0}}, "geometry": {"type": "Polygon", "coordinates": [[[4.8170651682088845, 52.163149177308284], [4.817065225617434, 52.163144683531335], [4.817043475944108, 52.16313109628473], [4.817036168644509, 52.1631310609786], [4.8170071403965045, 52.16311519153023], [4.817007341346621, 52.163099463310964], [4.8170298086440715, 52.16305687835211], [4.817051845325928, 52.16304799671627], [4.817084756816301, 52.16304590869743], [4.817110217508642, 52.16305501981045], [4.817117438691162, 52.16306179577754], [4.817143014200417, 52.16306191932941], [4.81714281329835, 52.16307764754912], [4.817150120589315, 52.16307768284861], [4.817153544636658, 52.16309567560639], [4.817153171539217, 52.16312488515701], [4.817142210591175, 52.163124832207885], [4.8171420957896425, 52.16313381976188], [4.817120087784739, 52.1631404545259], [4.8170908298769906, 52.16314256020605], [4.817083436465406, 52.16314926556831], [4.8170651682088845, 52.163149177308284]]]}}, {"type": "Feature", "properties": {"class": "parcel", "candidate_index": 51, "raw_confidence": 0.5015062582724302, "boundary_alignment_score": 0.5015062582724302, "area_m2": 85.40625013648605, "vertex_count": 31, "vectorization": {"threshold": 0.5, "close_pixels": 5, "boundary_width_pixels": 0, "edge_buffer_pixels": 2, "min_area_m2": 20, "max_area_m2": 250000, "simplify_tolerance_m": 0.25, "min_boundary_alignment": 0.0}, "source_tile_id": "tile-110000-460000", "vectorization_aoi": "vectorization_v2", "calibration": "parameters selected only on train_selected_0; target reference excluded", "parcel_id": "c7c15c2b-6247-5803-b755-5d8b12364ec9", "confidence_score": 0.6759217900007023, "segmentation_score": 0.5015062582724302, "topology_score": 1.0, "edge_alignment_score": 0.501315332017839, "deviation_from_baseline_score": 1.0, "explanation": "Enclosed-face vectorization followed by the frozen 20,000-step PPO debug policy. Reference cadastral geometry was excluded from inference and used only for the comparison report. Invalid, overlap-increasing, alignment-degrading, or CRS-round-trip-invalid candidates were rejected.", "rl_refinement": {"policy_sha256": "36f4975a32bccffc348e88edeab2d4ba8ad88c180503f6316af39efae7223b29", "timesteps": 20000, "debug_policy": true, "before": {"valid": true, "alignment": 0.501315332017839, "reference": 0.0, "overlap": 0.0, "displacement": 0.0, "jagged": 0.0, "coverage": 1.0}, "after": {"valid": true, "alignment": 0.501315332017839, "reference": 0.0, "overlap": 0.0, "displacement": 0.0, "jagged": 0.0, "coverage": 1.0}, "accepted": true, "reward_mean": -0.0010000000000000005, "reward_std": 4.336808689942018e-19, "reward_sum": -0.12800000000000009, "rejected_actions": 0, "mean_vertex_displacement_m": 0.0}}, "geometry": {"type": "Polygon", "coordinates": [[[4.788554676192673, 52.17916412490216], [4.7885474567597335, 52.17915734720856], [4.788544103358656, 52.17913485994116], [4.788536853777053, 52.17913032911992], [4.788533530538443, 52.179105594979106], [4.788540840425257, 52.179105632054544], [4.788555580815077, 52.17909671871209], [4.788556033125094, 52.179063015616784], [4.7885635540801195, 52.179047324579614], [4.788574639508162, 52.17903839269768], [4.788592914197809, 52.179038485379124], [4.788607624403646, 52.17903181890306], [4.788618589215858, 52.17903187450914], [4.788626019692364, 52.179022924087086], [4.7886407298881295, 52.179016257606825], [4.788652026336615, 52.178991597605986], [4.788670301007291, 52.178991690275396], [4.788669878932773, 52.17902314649855], [4.788662508762185, 52.17902760317728], [4.7886622374248295, 52.179047825035], [4.788651031415206, 52.17906574441739], [4.788636291054681, 52.17907465777189], [4.788628770120583, 52.179090348813624], [4.788635537305045, 52.17913082959789], [4.788624482016713, 52.17913751461233], [4.788602522188658, 52.17913965027308], [4.788584247457531, 52.17913955759311], [4.788580652816919, 52.17913504531076], [4.788566002880035, 52.1791372180373], [4.7885767868001174, 52.1791507548853], [4.78857663603504, 52.179161989250304], [4.788554676192673, 52.17916412490216]]]}}, {"type": "Feature", "properties": {"class": "parcel", "candidate_index": 52, "raw_confidence": 0.490301946530471, "boundary_alignment_score": 0.490301946530471, "area_m2": 83.78125013087265, "vertex_count": 29, "vectorization": {"threshold": 0.5, "close_pixels": 5, "boundary_width_pixels": 0, "edge_buffer_pixels": 2, "min_area_m2": 20, "max_area_m2": 250000, "simplify_tolerance_m": 0.25, "min_boundary_alignment": 0.0}, "source_tile_id": "tile-110000-460000", "vectorization_aoi": "vectorization_v2", "calibration": "parameters selected only on train_selected_0; target reference excluded", "parcel_id": "ffbd85a2-8e75-5855-a52a-73efa38527c2", "confidence_score": 0.671383818988545, "segmentation_score": 0.490301946530471, "topology_score": 1.0, "edge_alignment_score": 0.5014156314233938, "deviation_from_baseline_score": 0.9956896551724138, "explanation": "Enclosed-face vectorization followed by the frozen 20,000-step PPO debug policy. Reference cadastral geometry was excluded from inference and used only for the comparison report. Invalid, overlap-increasing, alignment-degrading, or CRS-round-trip-invalid candidates were rejected.", "rl_refinement": {"policy_sha256": "36f4975a32bccffc348e88edeab2d4ba8ad88c180503f6316af39efae7223b29", "timesteps": 20000, "debug_policy": true, "before": {"valid": true, "alignment": 0.49876741630335647, "reference": 0.0, "overlap": 0.0, "displacement": 0.0, "jagged": 0.0, "coverage": 1.0}, "after": {"valid": true, "alignment": 0.5014156314233938, "reference": 0.0, "overlap": 0.0, "displacement": 0.004310344827586207, "jagged": 0.017241379310344827, "coverage": 1.0}, "accepted": true, "reward_mean": -0.0014652737998389633, "reward_std": 0.001852302751923911, "reward_sum": -0.18755504637938733, "rejected_actions": 0, "mean_vertex_displacement_m": 0.008620689655172414}}, "geometry": {"type": "Polygon", "coordinates": [[[4.788555333275986, 52.17884280351875], [4.788526184366911, 52.178835914598714], [4.788515310070511, 52.17882911836473], [4.788489755782545, 52.17882674172018], [4.788471601812031, 52.17881766153056], [4.788453327213206, 52.178817568830496], [4.788449823089, 52.17880631592466], [4.788468429422965, 52.17878169302119], [4.788453870073443, 52.17877712511478], [4.7884540208677535, 52.17876589074923], [4.788439491684447, 52.17875907596791], [4.7884396424823, 52.17874784160236], [4.788468851636595, 52.1787502367975], [4.788476221780539, 52.17874578013069], [4.788476342411375, 52.17873679263817], [4.788483742709671, 52.17873008909772], [4.788505642029136, 52.178732447204894], [4.788497879854264, 52.17876611322429], [4.788508723976575, 52.17877515633303], [4.788563577874969, 52.1787731875258], [4.788567172484829, 52.17877769980888], [4.7886036613478575, 52.178782378917155], [4.788621755030162, 52.1787959528329], [4.788621664578861, 52.17880269345232], [4.78862894426605, 52.17880497739543], [4.78862876336554, 52.178818458634325], [4.788614143685871, 52.17881838449399], [4.78861036816187, 52.17882735345114], [4.788588227573043, 52.17884297034842], [4.788555333275986, 52.17884280351875]]]}}, {"type": "Feature", "properties": {"class": "parcel", "candidate_index": 53, "raw_confidence": 0.5023404269013554, "boundary_alignment_score": 0.5023404269013554, "area_m2": 71.87500009727046, "vertex_count": 32, "vectorization": {"threshold": 0.5, "close_pixels": 5, "boundary_width_pixels": 0, "edge_buffer_pixels": 2, "min_area_m2": 20, "max_area_m2": 250000, "simplify_tolerance_m": 0.25, "min_boundary_alignment": 0.0}, "source_tile_id": "tile-110000-460000", "vectorization_aoi": "vectorization_v2", "calibration": "parameters selected only on train_selected_0; target reference excluded", "parcel_id": "fc536daf-36c9-53c9-821d-6fcdc528d749", "confidence_score": 0.6752339728991501, "segmentation_score": 0.5023404269013554, "topology_score": 1.0, "edge_alignment_score": 0.5039087866122524, "deviation_from_baseline_score": 0.98828125, "explanation": "Enclosed-face vectorization followed by the frozen 20,000-step PPO debug policy. Reference cadastral geometry was excluded from inference and used only for the comparison report. Invalid, overlap-increasing, alignment-degrading, or CRS-round-trip-invalid candidates were rejected.", "rl_refinement": {"policy_sha256": "36f4975a32bccffc348e88edeab2d4ba8ad88c180503f6316af39efae7223b29", "timesteps": 20000, "debug_policy": true, "before": {"valid": true, "alignment": 0.5009782491251826, "reference": 0.0, "overlap": 0.0, "displacement": 0.0, "jagged": 0.0, "coverage": 1.0}, "after": {"valid": true, "alignment": 0.5039087866122524, "reference": 0.0, "overlap": 0.0, "displacement": 0.01171875, "jagged": 0.03861855280223701, "coverage": 1.0}, "accepted": true, "reward_mean": -0.0012080910197612006, "reward_std": 0.0027331568693051943, "reward_sum": -0.15463565052943373, "rejected_actions": 0, "mean_vertex_displacement_m": 0.0234375}}, "geometry": {"type": "Polygon", "coordinates": [[[4.795927398419775, 52.16811895165367], [4.795931647924079, 52.168074032366405], [4.79593898578362, 52.16807182210123], [4.795950186088784, 52.16805390198411], [4.795961297071049, 52.16804272250514], [4.795965159509766, 52.16802701265311], [4.795972556901343, 52.16802030862622], [4.795984114421364, 52.16797542594821], [4.796010139201564, 52.16794185088837], [4.796014031382753, 52.16792389415463], [4.796025172084494, 52.16791046778952], [4.7960398477397534, 52.16790604724673], [4.79603646161645, 52.167885807024035], [4.7960474832346485, 52.16788136817615], [4.796054940122508, 52.16787017038411], [4.7960732102571, 52.167870261900404], [4.796072823305143, 52.16789947133861], [4.796061712386609, 52.16791065082841], [4.796064949693304, 52.16794212544956], [4.79605758209497, 52.16794658260255], [4.796057492795852, 52.16795332324203], [4.796050154961673, 52.16795553351473], [4.7960463520930725, 52.16796674961007], [4.796027962847531, 52.167975645608884], [4.796013108556358, 52.16799354742891], [4.796013019250399, 52.16800028806834], [4.796001967830138, 52.16800697379271], [4.79599759932537, 52.1680608806022], [4.795990201930799, 52.168067584630656], [4.795979239801678, 52.16806752971345], [4.79597187217404, 52.16807198686092], [4.795945668655911, 52.16811904318982], [4.795927398419775, 52.16811895165367]]]}}, {"type": "Feature", "properties": {"class": "parcel", "candidate_index": 54, "raw_confidence": 0.4972297230871712, "boundary_alignment_score": 0.4972297230871712, "area_m2": 70.84375010668919, "vertex_count": 25, "vectorization": {"threshold": 0.5, "close_pixels": 5, "boundary_width_pixels": 0, "edge_buffer_pixels": 2, "min_area_m2": 20, "max_area_m2": 250000, "simplify_tolerance_m": 0.25, "min_boundary_alignment": 0.0}, "source_tile_id": "tile-110000-460000", "vectorization_aoi": "vectorization_v2", "calibration": "parameters selected only on train_selected_0; target reference excluded", "parcel_id": "e6a458bf-02f9-53d5-8ac2-9b331e337444", "confidence_score": 0.6732627265482415, "segmentation_score": 0.4972297230871712, "topology_score": 1.0, "edge_alignment_score": 0.4974410782257716, "deviation_from_baseline_score": 1.0, "explanation": "Enclosed-face vectorization followed by the frozen 20,000-step PPO debug policy. Reference cadastral geometry was excluded from inference and used only for the comparison report. Invalid, overlap-increasing, alignment-degrading, or CRS-round-trip-invalid candidates were rejected.", "rl_refinement": {"policy_sha256": "36f4975a32bccffc348e88edeab2d4ba8ad88c180503f6316af39efae7223b29", "timesteps": 20000, "debug_policy": true, "before": {"valid": true, "alignment": 0.4974410782257716, "reference": 0.0, "overlap": 0.0, "displacement": 0.0, "jagged": 0.0, "coverage": 1.0}, "after": {"valid": true, "alignment": 0.4974410782257716, "reference": 0.0, "overlap": 0.0, "displacement": 0.0, "jagged": 0.0, "coverage": 1.0}, "accepted": true, "reward_mean": -0.0010000000000000005, "reward_std": 4.336808689942018e-19, "reward_sum": -0.12800000000000009, "rejected_actions": 0, "mean_vertex_displacement_m": 0.0}}, "geometry": {"type": "Polygon", "coordinates": [[[4.79617416053704, 52.1676977462841], [4.796167447723587, 52.16765277208472], [4.79617861807118, 52.16763709882432], [4.796178826391106, 52.1676213706643], [4.796212010033653, 52.16759906655655], [4.79621622944176, 52.167556394134564], [4.796227429505428, 52.167538473989154], [4.796227578292672, 52.16752723958895], [4.796245997069836, 52.167516096677886], [4.796264296815512, 52.1675139412843], [4.7962790615810835, 52.16750278007102], [4.796297331565815, 52.16750287155234], [4.796297123288394, 52.16751859971292], [4.796282269258011, 52.16753650156866], [4.796278317709369, 52.16755895207273], [4.796267177171923, 52.1675723784628], [4.796267058149961, 52.16758136598299], [4.796259690631493, 52.16758582314905], [4.7962481930041045, 52.167626212097574], [4.796240855233192, 52.16762842238234], [4.796233398432605, 52.16763962018669], [4.796226090416371, 52.16763958359051], [4.796222347134855, 52.16764630593229], [4.796207641824587, 52.1676529733781], [4.79619243060134, 52.16769783778179], [4.79617416053704, 52.1676977462841]]]}}, {"type": "Feature", "properties": {"class": "parcel", "candidate_index": 55, "raw_confidence": 0.49985400344366615, "boundary_alignment_score": 0.49985400344366615, "area_m2": 69.00000009483483, "vertex_count": 23, "vectorization": {"threshold": 0.5, "close_pixels": 5, "boundary_width_pixels": 0, "edge_buffer_pixels": 2, "min_area_m2": 20, "max_area_m2": 250000, "simplify_tolerance_m": 0.25, "min_boundary_alignment": 0.0}, "source_tile_id": "tile-110000-460000", "vectorization_aoi": "vectorization_v2", "calibration": "parameters selected only on train_selected_0; target reference excluded", "parcel_id": "ae0b1e20-f9d0-5247-b03a-0d1a9347d2d6", "confidence_score": 0.6745816464414415, "segmentation_score": 0.49985400344366615, "topology_score": 1.0, "edge_alignment_score": 0.49877581745386124, "deviation_from_baseline_score": 1.0, "explanation": "Enclosed-face vectorization followed by the frozen 20,000-step PPO debug policy. Reference cadastral geometry was excluded from inference and used only for the comparison report. Invalid, overlap-increasing, alignment-degrading, or CRS-round-trip-invalid candidates were rejected.", "rl_refinement": {"policy_sha256": "36f4975a32bccffc348e88edeab2d4ba8ad88c180503f6316af39efae7223b29", "timesteps": 20000, "debug_policy": true, "before": {"valid": true, "alignment": 0.49877581745386124, "reference": 0.0, "overlap": 0.0, "displacement": 0.0, "jagged": 0.0, "coverage": 1.0}, "after": {"valid": true, "alignment": 0.49877581745386124, "reference": 0.0, "overlap": 0.0, "displacement": 0.0, "jagged": 0.0, "coverage": 1.0}, "accepted": true, "reward_mean": -0.0010000000000000005, "reward_std": 4.336808689942018e-19, "reward_sum": -0.12800000000000009, "rejected_actions": 0, "mean_vertex_displacement_m": 0.0}}, "geometry": {"type": "Polygon", "coordinates": [[[4.805293511064101, 52.17230902271694], [4.805253312714583, 52.17230882451274], [4.805253459249274, 52.172297590107036], [4.805264451739081, 52.172295397282916], [4.805268194051938, 52.172288674658226], [4.805279215844447, 52.172284234951576], [4.805279538206076, 52.172259519258766], [4.805290589295268, 52.172252832669834], [4.805345463762531, 52.17224860916508], [4.805433110540004, 52.17225353528672], [4.805459042835194, 52.172226698804344], [4.8054992411118915, 52.172226896938376], [4.805506491301268, 52.17223142672379], [4.805506286242293, 52.172247154892545], [4.805480529736367, 52.17226051009779], [4.805476787457865, 52.172267232729226], [4.805462140593095, 52.17226940756055], [4.805458398311074, 52.17227613019144], [4.805429075274413, 52.17228272672879], [4.805355958106412, 52.172284613312584], [4.805322951351709, 52.172293438688655], [4.805311870953279, 52.17230237216172], [4.805304562163499, 52.17230233612674], [4.805293511064101, 52.17230902271694]]]}}, {"type": "Feature", "properties": {"class": "parcel", "candidate_index": 56, "raw_confidence": 0.4956663331677837, "boundary_alignment_score": 0.4956663331677837, "area_m2": 66.25000008544339, "vertex_count": 19, "vectorization": {"threshold": 0.5, "close_pixels": 5, "boundary_width_pixels": 0, "edge_buffer_pixels": 2, "min_area_m2": 20, "max_area_m2": 250000, "simplify_tolerance_m": 0.25, "min_boundary_alignment": 0.0}, "source_tile_id": "tile-110000-460000", "vectorization_aoi": "vectorization_v2", "calibration": "parameters selected only on train_selected_0; target reference excluded", "parcel_id": "fa58b74e-a93c-575a-8029-a8138310a207", "confidence_score": 0.6723164855827007, "segmentation_score": 0.4956663331677837, "topology_score": 1.0, "edge_alignment_score": 0.49611089657992125, "deviation_from_baseline_score": 1.0, "explanation": "Enclosed-face vectorization followed by the frozen 20,000-step PPO debug policy. Reference cadastral geometry was excluded from inference and used only for the comparison report. Invalid, overlap-increasing, alignment-degrading, or CRS-round-trip-invalid candidates were rejected.", "rl_refinement": {"policy_sha256": "36f4975a32bccffc348e88edeab2d4ba8ad88c180503f6316af39efae7223b29", "timesteps": 20000, "debug_policy": true, "before": {"valid": true, "alignment": 0.49611089657992125, "reference": 0.0, "overlap": 0.0, "displacement": 0.0, "jagged": 0.0, "coverage": 1.0}, "after": {"valid": true, "alignment": 0.49611089657992125, "reference": 0.0, "overlap": 0.0, "displacement": 0.0, "jagged": 0.0, "coverage": 1.0}, "accepted": true, "reward_mean": -0.0010000000000000005, "reward_std": 4.336808689942018e-19, "reward_sum": -0.12800000000000009, "rejected_actions": 0, "mean_vertex_displacement_m": 0.0}}, "geometry": {"type": "Polygon", "coordinates": [[[4.813995702809946, 52.175113199795085], [4.813992105918451, 52.17510868828054], [4.8139519627379865, 52.175103999270476], [4.813952222578031, 52.17508377732488], [4.813934122673659, 52.17507020727586], [4.813926813421319, 52.175070171774344], [4.813926986655476, 52.17505669047721], [4.813945259780834, 52.175056779230175], [4.813952511288873, 52.17506130849627], [4.813989086412813, 52.175059239108585], [4.814003791519505, 52.175052569454806], [4.814018640960407, 52.175034665384814], [4.814062669633289, 52.17502139705556], [4.814095590097426, 52.175019309888036], [4.814098956082947, 52.175041796462835], [4.81406951703549, 52.17505738267521], [4.814058379965533, 52.1750708107327], [4.81406525623713, 52.17510454946938], [4.814050551122433, 52.17511121913073], [4.813995702809946, 52.175113199795085]]]}}, {"type": "Feature", "properties": {"class": "parcel", "candidate_index": 57, "raw_confidence": 0.49828684063100104, "boundary_alignment_score": 0.49828684063100104, "area_m2": 67.46875008979077, "vertex_count": 26, "vectorization": {"threshold": 0.5, "close_pixels": 5, "boundary_width_pixels": 0, "edge_buffer_pixels": 2, "min_area_m2": 20, "max_area_m2": 250000, "simplify_tolerance_m": 0.25, "min_boundary_alignment": 0.0}, "source_tile_id": "tile-110000-460000", "vectorization_aoi": "vectorization_v2", "calibration": "parameters selected only on train_selected_0; target reference excluded", "parcel_id": "0c1d3c4d-cdc6-550b-8d26-ebca85075fb2", "confidence_score": 0.6743512021994644, "segmentation_score": 0.49828684063100104, "topology_score": 1.0, "edge_alignment_score": 0.5118552573646108, "deviation_from_baseline_score": 0.9759615384615384, "explanation": "Enclosed-face vectorization followed by the frozen 20,000-step PPO debug policy. Reference cadastral geometry was excluded from inference and used only for the comparison report. Invalid, overlap-increasing, alignment-degrading, or CRS-round-trip-invalid candidates were rejected.", "rl_refinement": {"policy_sha256": "36f4975a32bccffc348e88edeab2d4ba8ad88c180503f6316af39efae7223b29", "timesteps": 20000, "debug_policy": true, "before": {"valid": true, "alignment": 0.500179674786826, "reference": 0.0, "overlap": 0.0, "displacement": 0.0, "jagged": 0.0, "coverage": 1.0}, "after": {"valid": true, "alignment": 0.5118552573646108, "reference": 0.0, "overlap": 0.0, "displacement": 0.02403846153846154, "jagged": 0.07692307692307693, "coverage": 1.0}, "accepted": true, "reward_mean": -0.0009924686115186181, "reward_std": 0.004272222147017362, "reward_sum": -0.12703598227438315, "rejected_actions": 0, "mean_vertex_displacement_m": 0.04807692307692308}}, "geometry": {"type": "Polygon", "coordinates": [[[4.813168292431419, 52.16386056953228], [4.813161071720801, 52.16385379332509], [4.813161274031066, 52.163838065116344], [4.813176120059492, 52.16382016111274], [4.813176351264917, 52.16380218601694], [4.813187514673918, 52.163786511125885], [4.813187630274249, 52.16377752357793], [4.813195024374855, 52.1637708184616], [4.8132096969736065, 52.163766395775575], [4.813217148866201, 52.163755196883805], [4.813228803514497, 52.16370132490921], [4.8132436205729645, 52.16368566778361], [4.813265687212875, 52.16367453997053], [4.813294974540972, 52.16367018835293], [4.813302224136571, 52.163674717665046], [4.813302079665439, 52.16368595210039], [4.813290974111559, 52.163697133228496], [4.813290656268512, 52.16372184898612], [4.813268416235538, 52.163746458126], [4.813260935460901, 52.163759903908094], [4.8132277631865445, 52.16378221284196], [4.813212657101976, 52.16382033883515], [4.813205234096543, 52.163829290839544], [4.813193955083738, 52.163853953280025], [4.813186618769536, 52.16385616462222], [4.813186560969143, 52.163860658396125], [4.813168292431419, 52.16386056953228]]]}}, {"type": "Feature", "properties": {"class": "parcel", "candidate_index": 58, "raw_confidence": 0.49964414470231355, "boundary_alignment_score": 0.49964414470231355, "area_m2": 65.03125010668191, "vertex_count": 18, "vectorization": {"threshold": 0.5, "close_pixels": 5, "boundary_width_pixels": 0, "edge_buffer_pixels": 2, "min_area_m2": 20, "max_area_m2": 250000, "simplify_tolerance_m": 0.25, "min_boundary_alignment": 0.0}, "source_tile_id": "tile-110000-460000", "vectorization_aoi": "vectorization_v2", "calibration": "parameters selected only on train_selected_0; target reference excluded", "parcel_id": "02f24c32-6e24-5716-ace6-1a82778dba40", "confidence_score": 0.6751753459211939, "segmentation_score": 0.49964414470231355, "topology_score": 1.0, "edge_alignment_score": 0.5009996509179473, "deviation_from_baseline_score": 1.0, "explanation": "Enclosed-face vectorization followed by the frozen 20,000-step PPO debug policy. Reference cadastral geometry was excluded from inference and used only for the comparison report. Invalid, overlap-increasing, alignment-degrading, or CRS-round-trip-invalid candidates were rejected.", "rl_refinement": {"policy_sha256": "36f4975a32bccffc348e88edeab2d4ba8ad88c180503f6316af39efae7223b29", "timesteps": 20000, "debug_policy": true, "before": {"valid": true, "alignment": 0.5009996509179473, "reference": 0.0, "overlap": 0.0, "displacement": 0.0, "jagged": 0.0, "coverage": 1.0}, "after": {"valid": true, "alignment": 0.5009996509179473, "reference": 0.0, "overlap": 0.0, "displacement": 0.0, "jagged": 0.0, "coverage": 1.0}, "accepted": true, "reward_mean": -0.0010000000000000005, "reward_std": 4.336808689942018e-19, "reward_sum": -0.12800000000000009, "rejected_actions": 0, "mean_vertex_displacement_m": 0.0}}, "geometry": {"type": "Polygon", "coordinates": [[[4.8151545146487065, 52.16283882899275], [4.815143611375602, 52.16283428208202], [4.815103479111706, 52.16282959346984], [4.815088951025863, 52.16282278195302], [4.815074595769891, 52.16280248910659], [4.815074826203612, 52.162784514002766], [4.815100487955268, 52.16277789733318], [4.815122640088893, 52.16276002850575], [4.815170194727477, 52.162755764981355], [4.815173905943958, 52.16275128891612], [4.815192174032689, 52.16275137746884], [4.815192030041324, 52.16276261190898], [4.815180896392257, 52.16277604010583], [4.815184406018638, 52.16278729225643], [4.815191598066732, 52.16279631522925], [4.815220654257089, 52.16280993823594], [4.815224106302703, 52.16282568416133], [4.81518374364798, 52.16283897068055], [4.8151545146487065, 52.16283882899275]]]}}, {"type": "Feature", "properties": {"class": "parcel", "candidate_index": 59, "raw_confidence": 0.504038957087961, "boundary_alignment_score": 0.504038957087961, "area_m2": 62.53125009240284, "vertex_count": 24, "vectorization": {"threshold": 0.5, "close_pixels": 5, "boundary_width_pixels": 0, "edge_buffer_pixels": 2, "min_area_m2": 20, "max_area_m2": 250000, "simplify_tolerance_m": 0.25, "min_boundary_alignment": 0.0}, "source_tile_id": "tile-110000-460000", "vectorization_aoi": "vectorization_v2", "calibration": "parameters selected only on train_selected_0; target reference excluded", "parcel_id": "53b8352a-5f26-557c-b4a7-7f94a26e3507", "confidence_score": 0.6766891364033705, "segmentation_score": 0.504038957087961, "topology_score": 1.0, "edge_alignment_score": 0.5061266714086136, "deviation_from_baseline_score": 0.9895833333333334, "explanation": "Enclosed-face vectorization followed by the frozen 20,000-step PPO debug policy. Reference cadastral geometry was excluded from inference and used only for the comparison report. Invalid, overlap-increasing, alignment-degrading, or CRS-round-trip-invalid candidates were rejected.", "rl_refinement": {"policy_sha256": "36f4975a32bccffc348e88edeab2d4ba8ad88c180503f6316af39efae7223b29", "timesteps": 20000, "debug_policy": true, "before": {"valid": true, "alignment": 0.5035512074828148, "reference": 0.0, "overlap": 0.0, "displacement": 0.0, "jagged": 0.0, "coverage": 1.0}, "after": {"valid": true, "alignment": 0.5061266714086136, "reference": 0.0, "overlap": 0.0, "displacement": 0.010416666666666666, "jagged": 0.041666666666666664, "coverage": 1.0}, "accepted": true, "reward_mean": -0.0013072568174660143, "reward_std": 0.0022622223179050494, "reward_sum": -0.16732887263564988, "rejected_actions": 0, "mean_vertex_displacement_m": 0.020833333333333332}}, "geometry": {"type": "Polygon", "coordinates": [[[4.796361208632076, 52.18061683814949], [4.796361387204517, 52.18060335689948], [4.796368816392017, 52.180594405990405], [4.796350689856817, 52.18058308013717], [4.796347421703812, 52.180553852466026], [4.796354850885822, 52.18054490155772], [4.7963549996974875, 52.180533667182544], [4.796366054176768, 52.18052698144426], [4.796370006856481, 52.180504530989225], [4.796377436025708, 52.18049558007935], [4.796395711333477, 52.18049567155332], [4.796399217594721, 52.18050692422306], [4.796417552425497, 52.180502521943495], [4.796424922067324, 52.18049806478079], [4.796443197376241, 52.18049815624742], [4.796442721250207, 52.1805341062484], [4.796435351604186, 52.180538563412206], [4.796438828120646, 52.18055206295575], [4.796423820990466, 52.18058119915768], [4.7964164215754845, 52.180587903195246], [4.7964162727790605, 52.18059913757042], [4.796405188529499, 52.180608070188335], [4.796390538485809, 52.180610243885546], [4.7963868238932825, 52.180614719340845], [4.796361208632076, 52.18061683814949]]]}}, {"type": "Feature", "properties": {"class": "parcel", "candidate_index": 60, "raw_confidence": 0.5021862721868924, "boundary_alignment_score": 0.5021862721868924, "area_m2": 64.12500008168718, "vertex_count": 17, "vectorization": {"threshold": 0.5, "close_pixels": 5, "boundary_width_pixels": 0, "edge_buffer_pixels": 2, "min_area_m2": 20, "max_area_m2": 250000, "simplify_tolerance_m": 0.25, "min_boundary_alignment": 0.0}, "source_tile_id": "tile-110000-460000", "vectorization_aoi": "vectorization_v2", "calibration": "parameters selected only on train_selected_0; target reference excluded", "parcel_id": "847abf26-78c4-5a42-813a-0eb1f3a18caa", "confidence_score": 0.6697209650839869, "segmentation_score": 0.5021862721868924, "topology_score": 1.0, "edge_alignment_score": 0.5233394304911295, "deviation_from_baseline_score": 0.9130262711415721, "explanation": "Enclosed-face vectorization followed by the frozen 20,000-step PPO debug policy. Reference cadastral geometry was excluded from inference and used only for the comparison report. Invalid, overlap-increasing, alignment-degrading, or CRS-round-trip-invalid candidates were rejected.", "rl_refinement": {"policy_sha256": "36f4975a32bccffc348e88edeab2d4ba8ad88c180503f6316af39efae7223b29", "timesteps": 20000, "debug_policy": true, "before": {"valid": true, "alignment": 0.4988105793793996, "reference": 0.0, "overlap": 0.0, "displacement": 0.0, "jagged": 0.0, "coverage": 1.0}, "after": {"valid": true, "alignment": 0.5233394304911295, "reference": 0.0, "overlap": 0.0, "displacement": 0.08697372885842787, "jagged": 0.18950513996136287, "coverage": 1.0}, "accepted": true, "reward_mean": -0.0014303223234346791, "reward_std": 0.004730964908191553, "reward_sum": -0.18308125739963899, "rejected_actions": 0, "mean_vertex_displacement_m": 0.17394745771685574}}, "geometry": {"type": "Polygon", "coordinates": [[[4.807851429893354, 52.16417164068081], [4.807837077501198, 52.164151346962726], [4.8078302659372465, 52.16411311403871], [4.8078266413821495, 52.16411084921509], [4.807834473891581, 52.16407044115907], [4.807856483729702, 52.16406380813109], [4.8078638786778, 52.164057103350466], [4.80788942555681, 52.164059475794375], [4.807915089101927, 52.164052860691996], [4.807929733149238, 52.16405068554892], [4.807940606816728, 52.16405748000997], [4.8079365156243385, 52.16409116535289], [4.807895974661923, 52.164117930681925], [4.807892000098445, 52.16414262848231], [4.807884546805426, 52.164153827034845], [4.807873410610926, 52.164167254535045], [4.807866044814342, 52.16417171243091], [4.807851429893354, 52.16417164068081]]]}}, {"type": "Feature", "properties": {"class": "parcel", "candidate_index": 61, "raw_confidence": 0.4963079943801417, "boundary_alignment_score": 0.4963079943801417, "area_m2": 60.56250007813651, "vertex_count": 20, "vectorization": {"threshold": 0.5, "close_pixels": 5, "boundary_width_pixels": 0, "edge_buffer_pixels": 2, "min_area_m2": 20, "max_area_m2": 250000, "simplify_tolerance_m": 0.25, "min_boundary_alignment": 0.0}, "source_tile_id": "tile-110000-460000", "vectorization_aoi": "vectorization_v2", "calibration": "parameters selected only on train_selected_0; target reference excluded", "parcel_id": "8c214f3b-bcff-5951-a843-e59c1f79802c", "confidence_score": 0.6703619472856321, "segmentation_score": 0.4963079943801417, "topology_score": 1.0, "edge_alignment_score": 0.5088915815576911, "deviation_from_baseline_score": 0.9599111652351682, "explanation": "Enclosed-face vectorization followed by the frozen 20,000-step PPO debug policy. Reference cadastral geometry was excluded from inference and used only for the comparison report. Invalid, overlap-increasing, alignment-degrading, or CRS-round-trip-invalid candidates were rejected.", "rl_refinement": {"policy_sha256": "36f4975a32bccffc348e88edeab2d4ba8ad88c180503f6316af39efae7223b29", "timesteps": 20000, "debug_policy": true, "before": {"valid": true, "alignment": 0.49637035311510164, "reference": 0.0, "overlap": 0.0, "displacement": 0.0, "jagged": 0.0, "coverage": 1.0}, "after": {"valid": true, "alignment": 0.5088915815576911, "reference": 0.0, "overlap": 0.0, "displacement": 0.04008883476483184, "jagged": 0.11808076391870106, "coverage": 1.0}, "accepted": true, "reward_mean": -0.0013074241190065626, "reward_std": 0.0036520556057812836, "reward_sum": -0.16735028723284004, "rejected_actions": 0, "mean_vertex_displacement_m": 0.08017766952966368}}, "geometry": {"type": "Polygon", "coordinates": [[[4.811698809706371, 52.164190466403205], [4.811702840117713, 52.16416127469898], [4.811710234504926, 52.16415456967657], [4.811710756050716, 52.16411412572163], [4.811721804155904, 52.16410743851663], [4.8117109878485005, 52.164096150630435], [4.811711480418069, 52.16405795356151], [4.811733576597023, 52.16404457915013], [4.811740884040749, 52.164044614784935], [4.811744566735587, 52.16404238571571], [4.81177020073084, 52.16403801666026], [4.811769911013891, 52.16406048552464], [4.811773477822477, 52.16406724400024], [4.811791746441203, 52.164067333080226], [4.8117950525195035, 52.16409431353305], [4.811761618514883, 52.164136844029706], [4.811735868568004, 52.16415020062878], [4.811731809205565, 52.164181639220516], [4.811720819032042, 52.164183832653706], [4.8117170783753584, 52.16419055549484], [4.811698809706371, 52.164190466403205]]]}}, {"type": "Feature", "properties": {"class": "parcel", "candidate_index": 62, "raw_confidence": 0.4937040345007632, "boundary_alignment_score": 0.4937040345007632, "area_m2": 59.625000076957804, "vertex_count": 17, "vectorization": {"threshold": 0.5, "close_pixels": 5, "boundary_width_pixels": 0, "edge_buffer_pixels": 2, "min_area_m2": 20, "max_area_m2": 250000, "simplify_tolerance_m": 0.25, "min_boundary_alignment": 0.0}, "source_tile_id": "tile-110000-460000", "vectorization_aoi": "vectorization_v2", "calibration": "parameters selected only on train_selected_0; target reference excluded", "parcel_id": "f3d79048-f0ac-5aed-82eb-3609c8b479fd", "confidence_score": 0.6633622979792608, "segmentation_score": 0.4937040345007632, "topology_score": 1.0, "edge_alignment_score": 0.5312900673598051, "deviation_from_baseline_score": 0.8745257713070148, "explanation": "Enclosed-face vectorization followed by the frozen 20,000-step PPO debug policy. Reference cadastral geometry was excluded from inference and used only for the comparison report. Invalid, overlap-increasing, alignment-degrading, or CRS-round-trip-invalid candidates were rejected.", "rl_refinement": {"policy_sha256": "36f4975a32bccffc348e88edeab2d4ba8ad88c180503f6316af39efae7223b29", "timesteps": 20000, "debug_policy": true, "before": {"valid": true, "alignment": 0.4999229454745849, "reference": 0.0, "overlap": 0.0, "displacement": 0.0, "jagged": 0.0, "coverage": 1.0}, "after": {"valid": true, "alignment": 0.5312900673598051, "reference": 0.0, "overlap": 0.0, "displacement": 0.12547422869298516, "jagged": 0.3007814285523137, "coverage": 1.0}, "accepted": true, "reward_mean": -0.0006958720542044374, "reward_std": 0.00424373716549136, "reward_sum": -0.08907162293816806, "rejected_actions": 0, "mean_vertex_displacement_m": 0.2509484573859703}}, "geometry": {"type": "Polygon", "coordinates": [[[4.792224445660901, 52.17478300306218], [4.79221351185335, 52.17478070091673], [4.79221758596479, 52.17474926307713], [4.7922249850376595, 52.174742559295545], [4.792221450311887, 52.17473355336876], [4.792265754806783, 52.17470007129839], [4.792273063975593, 52.17470010814162], [4.79227312390136, 52.17469561438967], [4.792287742237552, 52.17469568807469], [4.792313204482566, 52.17470480452309], [4.7923568497899085, 52.174720753689805], [4.79235301545051, 52.174734216526694], [4.7923124254988565, 52.17476322329809], [4.792308830831529, 52.17475871112591], [4.792294122589017, 52.174765378071285], [4.792286783447237, 52.17476758810528], [4.792257336981609, 52.17478316886463], [4.792224445660901, 52.17478300306218]]]}}, {"type": "Feature", "properties": {"class": "parcel", "candidate_index": 63, "raw_confidence": 0.49960401725769044, "boundary_alignment_score": 0.49960401725769044, "area_m2": 61.75000008734605, "vertex_count": 12, "vectorization": {"threshold": 0.5, "close_pixels": 5, "boundary_width_pixels": 0, "edge_buffer_pixels": 2, "min_area_m2": 20, "max_area_m2": 250000, "simplify_tolerance_m": 0.25, "min_boundary_alignment": 0.0}, "source_tile_id": "tile-110000-460000", "vectorization_aoi": "vectorization_v2", "calibration": "parameters selected only on train_selected_0; target reference excluded", "parcel_id": "2942cffa-6ee6-559e-a7e7-a47c736f574d", "confidence_score": 0.6485967360777637, "segmentation_score": 0.49960401725769044, "topology_score": 1.0, "edge_alignment_score": 0.5431659665579597, "deviation_from_baseline_score": 0.7385702671345613, "explanation": "Enclosed-face vectorization followed by the frozen 20,000-step PPO debug policy. Reference cadastral geometry was excluded from inference and used only for the comparison report. Invalid, overlap-increasing, alignment-degrading, or CRS-round-trip-invalid candidates were rejected.", "rl_refinement": {"policy_sha256": "36f4975a32bccffc348e88edeab2d4ba8ad88c180503f6316af39efae7223b29", "timesteps": 20000, "debug_policy": true, "before": {"valid": true, "alignment": 0.4999949236710866, "reference": 0.0, "overlap": 0.0, "displacement": 0.0, "jagged": 0.0, "coverage": 1.0}, "after": {"valid": true, "alignment": 0.5431659665579597, "reference": 0.0, "overlap": 0.0, "displacement": 0.26142973286543864, "jagged": 0.3143243676954607, "coverage": 1.0}, "accepted": true, "reward_mean": -0.0010148773967939974, "reward_std": 0.0052182857920670175, "reward_sum": -0.12990430678963172, "rejected_actions": 0, "mean_vertex_displacement_m": 0.5228594657308773}}, "geometry": {"type": "Polygon", "coordinates": [[[4.805329432136407, 52.17740095767406], [4.805319259013792, 52.177340237883136], [4.805323412052694, 52.177302058954226], [4.805338207112629, 52.177288649748384], [4.805385807471655, 52.177282143324], [4.805400338772146, 52.17728895602352], [4.8054036419320125, 52.177315936589665], [4.805410717117077, 52.17733394765358], [4.805414049589621, 52.17735868133995], [4.805395658327007, 52.17736757878138], [4.805355162356056, 52.177389849397294], [4.8053477648129, 52.177396554001426], [4.805329432136407, 52.17740095767406]]]}}, {"type": "Feature", "properties": {"class": "parcel", "candidate_index": 64, "raw_confidence": 0.4975466526160806, "boundary_alignment_score": 0.4975466526160806, "area_m2": 48.43750007917697, "vertex_count": 15, "vectorization": {"threshold": 0.5, "close_pixels": 5, "boundary_width_pixels": 0, "edge_buffer_pixels": 2, "min_area_m2": 20, "max_area_m2": 250000, "simplify_tolerance_m": 0.25, "min_boundary_alignment": 0.0}, "source_tile_id": "tile-110000-460000", "vectorization_aoi": "vectorization_v2", "calibration": "parameters selected only on train_selected_0; target reference excluded", "parcel_id": "4a246f1c-10dc-5e5a-b4ba-d267b4129295", "confidence_score": 0.6734894733007809, "segmentation_score": 0.4975466526160806, "topology_score": 1.0, "edge_alignment_score": 0.4978271496171753, "deviation_from_baseline_score": 1.0, "explanation": "Enclosed-face vectorization followed by the frozen 20,000-step PPO debug policy. Reference cadastral geometry was excluded from inference and used only for the comparison report. Invalid, overlap-increasing, alignment-degrading, or CRS-round-trip-invalid candidates were rejected.", "rl_refinement": {"policy_sha256": "36f4975a32bccffc348e88edeab2d4ba8ad88c180503f6316af39efae7223b29", "timesteps": 20000, "debug_policy": true, "before": {"valid": true, "alignment": 0.4978271496171753, "reference": 0.0, "overlap": 0.0, "displacement": 0.0, "jagged": 0.0, "coverage": 1.0}, "after": {"valid": true, "alignment": 0.4978271496171753, "reference": 0.0, "overlap": 0.0, "displacement": 0.0, "jagged": 0.0, "coverage": 1.0}, "accepted": true, "reward_mean": -0.0010000000000000005, "reward_std": 4.336808689942018e-19, "reward_sum": -0.12800000000000009, "rejected_actions": 0, "mean_vertex_displacement_m": 0.0}}, "geometry": {"type": "Polygon", "coordinates": [[[4.792945358375794, 52.17224524710474], [4.792905279871538, 52.172236057185316], [4.792854178374693, 52.172231305797524], [4.792839650641484, 52.17222449155248], [4.792836355447709, 52.17219751062339], [4.792854866797193, 52.172179627623535], [4.792913247063762, 52.172186662691125], [4.792924090488674, 52.17219570540334], [4.7929350237000445, 52.172198007483026], [4.792938588298288, 52.1722047665151], [4.792953175893147, 52.172207086993694], [4.792964019331111, 52.17221612970217], [4.792971328093645, 52.172216166501514], [4.792993104759116, 52.17222751128267], [4.792992925212343, 52.17224099254564], [4.792945358375794, 52.17224524710474]]]}}, {"type": "Feature", "properties": {"class": "parcel", "candidate_index": 65, "raw_confidence": 0.4964678142751966, "boundary_alignment_score": 0.4964678142751966, "area_m2": 46.687500078342055, "vertex_count": 24, "vectorization": {"threshold": 0.5, "close_pixels": 5, "boundary_width_pixels": 0, "edge_buffer_pixels": 2, "min_area_m2": 20, "max_area_m2": 250000, "simplify_tolerance_m": 0.25, "min_boundary_alignment": 0.0}, "source_tile_id": "tile-110000-460000", "vectorization_aoi": "vectorization_v2", "calibration": "parameters selected only on train_selected_0; target reference excluded", "parcel_id": "7fee7814-d23c-50ed-9717-b4f1490e212d", "confidence_score": 0.6717611415870488, "segmentation_score": 0.4964678142751966, "topology_score": 1.0, "edge_alignment_score": 0.4985330219690998, "deviation_from_baseline_score": 0.9895833333333334, "explanation": "Enclosed-face vectorization followed by the frozen 20,000-step PPO debug policy. Reference cadastral geometry was excluded from inference and used only for the comparison report. Invalid, overlap-increasing, alignment-degrading, or CRS-round-trip-invalid candidates were rejected.", "rl_refinement": {"policy_sha256": "36f4975a32bccffc348e88edeab2d4ba8ad88c180503f6316af39efae7223b29", "timesteps": 20000, "debug_policy": true, "before": {"valid": true, "alignment": 0.49547400263448554, "reference": 0.0, "overlap": 0.0, "displacement": 0.0, "jagged": 0.0, "coverage": 1.0}, "after": {"valid": true, "alignment": 0.4985330219690998, "reference": 0.0, "overlap": 0.0, "displacement": 0.010416666666666666, "jagged": 0.03370904143228948, "coverage": 1.0}, "accepted": true, "reward_mean": -0.001161639991775308, "reward_std": 0.0021322041140097877, "reward_sum": -0.14868991894723946, "rejected_actions": 0, "mean_vertex_displacement_m": 0.020833333333333332}}, "geometry": {"type": "Polygon", "coordinates": [[[4.794829260201456, 52.17458937888554], [4.79480379750578, 52.174580262979234], [4.794804006352745, 52.17456453484131], [4.794815029746166, 52.17456009611632], [4.794815238589041, 52.1745443679783], [4.794833630789182, 52.17453547218305], [4.794855528390358, 52.174537829110896], [4.794870266008006, 52.17452891496839], [4.794884884295136, 52.174528988331616], [4.794899562243173, 52.17452456793917], [4.794906960876189, 52.17451786398852], [4.794928918130528, 52.17451572714888], [4.794936286929114, 52.17451127007328], [4.794980111947398, 52.17451373700986], [4.794979932989219, 52.1745272182714], [4.7949688797933545, 52.174533903888765], [4.794946922531947, 52.1745360407358], [4.794946862875848, 52.174540534489594], [4.794924845951818, 52.174547165086295], [4.794917447316606, 52.17455386903811], [4.794891835468935, 52.174555987535186], [4.794880752421349, 52.17456492002114], [4.794866104290306, 52.174567093534286], [4.79485849681523, 52.17458952562035], [4.794829260201456, 52.17458937888554]]]}}, {"type": "Feature", "properties": {"class": "parcel", "candidate_index": 66, "raw_confidence": 0.49903920007788616, "boundary_alignment_score": 0.49903920007788616, "area_m2": 47.59375006034861, "vertex_count": 16, "vectorization": {"threshold": 0.5, "close_pixels": 5, "boundary_width_pixels": 0, "edge_buffer_pixels": 2, "min_area_m2": 20, "max_area_m2": 250000, "simplify_tolerance_m": 0.25, "min_boundary_alignment": 0.0}, "source_tile_id": "tile-110000-460000", "vectorization_aoi": "vectorization_v2", "calibration": "parameters selected only on train_selected_0; target reference excluded", "parcel_id": "92d3dad1-26e4-5b77-947d-cb676bc0d7a9", "confidence_score": 0.6678921930212582, "segmentation_score": 0.49903920007788616, "topology_score": 1.0, "edge_alignment_score": 0.5174128838504354, "deviation_from_baseline_score": 0.9200307189257829, "explanation": "Enclosed-face vectorization followed by the frozen 20,000-step PPO debug policy. Reference cadastral geometry was excluded from inference and used only for the comparison report. Invalid, overlap-increasing, alignment-degrading, or CRS-round-trip-invalid candidates were rejected.", "rl_refinement": {"policy_sha256": "36f4975a32bccffc348e88edeab2d4ba8ad88c180503f6316af39efae7223b29", "timesteps": 20000, "debug_policy": true, "before": {"valid": true, "alignment": 0.498431586039563, "reference": 0.0, "overlap": 0.0, "displacement": 0.0, "jagged": 0.0, "coverage": 1.0}, "after": {"valid": true, "alignment": 0.5174128838504354, "reference": 0.0, "overlap": 0.0, "displacement": 0.07996928107421711, "jagged": 0.2721196059227893, "coverage": 1.0}, "accepted": true, "reward_mean": -0.0010571519113622258, "reward_std": 0.004216506007632562, "reward_sum": -0.13531544465436493, "rejected_actions": 0, "mean_vertex_displacement_m": 0.15993856214843422}}, "geometry": {"type": "Polygon", "coordinates": [[[4.787306526772579, 52.16461501645353], [4.787288378815015, 52.16460593606886], [4.78729251584788, 52.164570004591674], [4.7872816150029776, 52.1645654551112], [4.787278021662608, 52.16456094277982], [4.78727436791145, 52.164560924204835], [4.787263497276915, 52.164554127844454], [4.787263678514625, 52.164540646575], [4.787271137043095, 52.16452944933432], [4.787289405785997, 52.164529542208676], [4.787300276418505, 52.16453633856672], [4.787314831007755, 52.164540906619365], [4.787362359953297, 52.164538901191044], [4.7873688822265805, 52.16459735717038], [4.787343124733417, 52.16461070843209], [4.787332103061849, 52.16461514646923], [4.787306526772579, 52.16461501645353]]]}}, {"type": "Feature", "properties": {"class": "parcel", "candidate_index": 67, "raw_confidence": 0.498433917071778, "boundary_alignment_score": 0.498433917071778, "area_m2": 44.78125004868707, "vertex_count": 27, "vectorization": {"threshold": 0.5, "close_pixels": 5, "boundary_width_pixels": 0, "edge_buffer_pixels": 2, "min_area_m2": 20, "max_area_m2": 250000, "simplify_tolerance_m": 0.25, "min_boundary_alignment": 0.0}, "source_tile_id": "tile-110000-460000", "vectorization_aoi": "vectorization_v2", "calibration": "parameters selected only on train_selected_0; target reference excluded", "parcel_id": "7065f06e-a618-54a4-b6e8-ad03d4e7368a", "confidence_score": 0.6742768328605182, "segmentation_score": 0.498433917071778, "topology_score": 1.0, "edge_alignment_score": 0.5017313544328014, "deviation_from_baseline_score": 0.9953703703703703, "explanation": "Enclosed-face vectorization followed by the frozen 20,000-step PPO debug policy. Reference cadastral geometry was excluded from inference and used only for the comparison report. Invalid, overlap-increasing, alignment-degrading, or CRS-round-trip-invalid candidates were rejected.", "rl_refinement": {"policy_sha256": "36f4975a32bccffc348e88edeab2d4ba8ad88c180503f6316af39efae7223b29", "timesteps": 20000, "debug_policy": true, "before": {"valid": true, "alignment": 0.4989033903305729, "reference": 0.0, "overlap": 0.0, "displacement": 0.0, "jagged": 0.0, "coverage": 1.0}, "after": {"valid": true, "alignment": 0.5017313544328014, "reference": 0.0, "overlap": 0.0, "displacement": 0.004629629629629629, "jagged": 0.018518518518518517, "coverage": 1.0}, "accepted": true, "reward_mean": -0.0013397632966119992, "reward_std": 0.001335893518370277, "reward_sum": -0.17148970196633592, "rejected_actions": 0, "mean_vertex_displacement_m": 0.009259259259259259}}, "geometry": {"type": "Polygon", "coordinates": [[[4.794905983901839, 52.16991145272401], [4.794910294264185, 52.16986203973182], [4.794903045537646, 52.169857509295674], [4.79488112040322, 52.16985739925692], [4.794881299366861, 52.169843917984714], [4.7948996299593665, 52.16983951592646], [4.794903433277687, 52.169828299872336], [4.794914455488926, 52.169823861132684], [4.794929310832881, 52.16980595945815], [4.794947581757288, 52.1698060511499], [4.794947701052824, 52.16979706363484], [4.794940392684524, 52.16979702695855], [4.794944404757164, 52.16977008275166], [4.794962675666918, 52.16977017444106], [4.794970073499022, 52.16976347047971], [4.794988344406136, 52.16976356216508], [4.794991700371221, 52.16978604928955], [4.794976964348567, 52.16979496345697], [4.794976845058934, 52.16980395097198], [4.79496579303583, 52.16981063659626], [4.794961870441954, 52.16983084016747], [4.794954532244545, 52.16983305037075], [4.794954442773834, 52.169839791006964], [4.7949396172529655, 52.16985544580572], [4.794939110238756, 52.16989364274398], [4.794924374169996, 52.169902556904596], [4.794924254869387, 52.169911544419406], [4.794905983901839, 52.16991145272401]]]}}, {"type": "Feature", "properties": {"class": "parcel", "candidate_index": 68, "raw_confidence": 0.5013820836130454, "boundary_alignment_score": 0.5013820836130454, "area_m2": 42.12500006102891, "vertex_count": 12, "vectorization": {"threshold": 0.5, "close_pixels": 5, "boundary_width_pixels": 0, "edge_buffer_pixels": 2, "min_area_m2": 20, "max_area_m2": 250000, "simplify_tolerance_m": 0.25, "min_boundary_alignment": 0.0}, "source_tile_id": "tile-110000-460000", "vectorization_aoi": "vectorization_v2", "calibration": "parameters selected only on train_selected_0; target reference excluded", "parcel_id": "1eb4d446-c3c7-519f-901b-43aa43400d97", "confidence_score": 0.6756833610524025, "segmentation_score": 0.5013820836130454, "topology_score": 1.0, "edge_alignment_score": 0.5006654392927885, "deviation_from_baseline_score": 1.0, "explanation": "Enclosed-face vectorization followed by the frozen 20,000-step PPO debug policy. Reference cadastral geometry was excluded from inference and used only for the comparison report. Invalid, overlap-increasing, alignment-degrading, or CRS-round-trip-invalid candidates were rejected.", "rl_refinement": {"policy_sha256": "36f4975a32bccffc348e88edeab2d4ba8ad88c180503f6316af39efae7223b29", "timesteps": 20000, "debug_policy": true, "before": {"valid": true, "alignment": 0.5006654392927885, "reference": 0.0, "overlap": 0.0, "displacement": 0.0, "jagged": 0.0, "coverage": 1.0}, "after": {"valid": true, "alignment": 0.5006654392927885, "reference": 0.0, "overlap": 0.0, "displacement": 0.0, "jagged": 0.0, "coverage": 1.0}, "accepted": true, "reward_mean": -0.0010000000000000005, "reward_std": 4.336808689942018e-19, "reward_sum": -0.12800000000000009, "rejected_actions": 0, "mean_vertex_displacement_m": 0.0}}, "geometry": {"type": "Polygon", "coordinates": [[[4.813629662106207, 52.17515636200853], [4.813604484116229, 52.17512478132704], [4.813608572073369, 52.17509109584687], [4.813626960761962, 52.175082197118115], [4.813656197778054, 52.175082339195846], [4.813678067770439, 52.17508693951495], [4.813681635743647, 52.17509369792172], [4.813696225371539, 52.17509601583749], [4.813695705458865, 52.17513645972719], [4.813680971393729, 52.175145376225124], [4.813673662129328, 52.17514534070787], [4.8136662373227015, 52.17515429272112], [4.813629662106207, 52.17515636200853]]]}}, {"type": "Feature", "properties": {"class": "parcel", "candidate_index": 69, "raw_confidence": 0.4988721198964827, "boundary_alignment_score": 0.4988721198964827, "area_m2": 41.87500006463233, "vertex_count": 17, "vectorization": {"threshold": 0.5, "close_pixels": 5, "boundary_width_pixels": 0, "edge_buffer_pixels": 2, "min_area_m2": 20, "max_area_m2": 250000, "simplify_tolerance_m": 0.25, "min_boundary_alignment": 0.0}, "source_tile_id": "tile-110000-460000", "vectorization_aoi": "vectorization_v2", "calibration": "parameters selected only on train_selected_0; target reference excluded", "parcel_id": "15df03d3-1efb-50b3-aa70-8b2e74220f7f", "confidence_score": 0.6745462059845576, "segmentation_score": 0.4988721198964827, "topology_score": 1.0, "edge_alignment_score": 0.4998032134026289, "deviation_from_baseline_score": 1.0, "explanation": "Enclosed-face vectorization followed by the frozen 20,000-step PPO debug policy. Reference cadastral geometry was excluded from inference and used only for the comparison report. Invalid, overlap-increasing, alignment-degrading, or CRS-round-trip-invalid candidates were rejected.", "rl_refinement": {"policy_sha256": "36f4975a32bccffc348e88edeab2d4ba8ad88c180503f6316af39efae7223b29", "timesteps": 20000, "debug_policy": true, "before": {"valid": true, "alignment": 0.4998032134026289, "reference": 0.0, "overlap": 0.0, "displacement": 0.0, "jagged": 0.0, "coverage": 1.0}, "after": {"valid": true, "alignment": 0.4998032134026289, "reference": 0.0, "overlap": 0.0, "displacement": 0.0, "jagged": 0.0, "coverage": 1.0}, "accepted": true, "reward_mean": -0.0010000000000000005, "reward_std": 4.336808689942018e-19, "reward_sum": -0.12800000000000009, "rejected_actions": 0, "mean_vertex_displacement_m": 0.0}}, "geometry": {"type": "Polygon", "coordinates": [[[4.811435154695037, 52.17924424653159], [4.8114279027647635, 52.17923971711346], [4.811402347002038, 52.179237345428874], [4.811395124079656, 52.17923056912828], [4.811380533220697, 52.17922825092786], [4.811366029377936, 52.17921919208435], [4.811366290421783, 52.179198970160606], [4.811373600348156, 52.179199005821744], [4.811399446119234, 52.17917890870811], [4.811421375888635, 52.17917901568399], [4.811432195765776, 52.17919030357258], [4.811465061428606, 52.17919271090608], [4.811483191247443, 52.179204034445064], [4.811482872258555, 52.17922875013], [4.8114718203628195, 52.179235437289655], [4.811471762363668, 52.17923993105051], [4.811464394430589, 52.179244389156345], [4.811435154695037, 52.17924424653159]]]}}, {"type": "Feature", "properties": {"class": "parcel", "candidate_index": 70, "raw_confidence": 0.49921165146524943, "boundary_alignment_score": 0.49921165146524943, "area_m2": 41.87500005507354, "vertex_count": 23, "vectorization": {"threshold": 0.5, "close_pixels": 5, "boundary_width_pixels": 0, "edge_buffer_pixels": 2, "min_area_m2": 20, "max_area_m2": 250000, "simplify_tolerance_m": 0.25, "min_boundary_alignment": 0.0}, "source_tile_id": "tile-110000-460000", "vectorization_aoi": "vectorization_v2", "calibration": "parameters selected only on train_selected_0; target reference excluded", "parcel_id": "f392b381-e7b6-501f-8bc9-394b0f4c0625", "confidence_score": 0.6738062490835102, "segmentation_score": 0.49921165146524943, "topology_score": 1.0, "edge_alignment_score": 0.49965796153992414, "deviation_from_baseline_score": 0.9945652173913043, "explanation": "Enclosed-face vectorization followed by the frozen 20,000-step PPO debug policy. Reference cadastral geometry was excluded from inference and used only for the comparison report. Invalid, overlap-increasing, alignment-degrading, or CRS-round-trip-invalid candidates were rejected.", "rl_refinement": {"policy_sha256": "36f4975a32bccffc348e88edeab2d4ba8ad88c180503f6316af39efae7223b29", "timesteps": 20000, "debug_policy": true, "before": {"valid": true, "alignment": 0.49599414442976314, "reference": 0.0, "overlap": 0.0, "displacement": 0.0, "jagged": 0.0, "coverage": 1.0}, "after": {"valid": true, "alignment": 0.49965796153992414, "reference": 0.0, "overlap": 0.0, "displacement": 0.005434782608695652, "jagged": 0.021739130434782608, "coverage": 1.0}, "accepted": true, "reward_mean": -0.0013473515070837514, "reward_std": 0.0021545741393523858, "reward_sum": -0.1724609929067202, "rejected_actions": 0, "mean_vertex_displacement_m": 0.010869565217391304}}, "geometry": {"type": "Polygon", "coordinates": [[[4.792882365882942, 52.17231009371825], [4.792878950936205, 52.172292100299096], [4.792864423179433, 52.17228528605718], [4.792860918448357, 52.172274033268764], [4.792853609676461, 52.172273996462586], [4.792842796178955, 52.17226270686689], [4.792820899802087, 52.172260349566436], [4.792817484883884, 52.172242356145404], [4.79286502179842, 52.172240348515025], [4.792875955017653, 52.17224265060021], [4.792883173994429, 52.17224942803637], [4.79291597366503, 52.172256334283816], [4.792919568193202, 52.1722608464393], [4.792948803272534, 52.17226099364505], [4.792959736501177, 52.17226329572245], [4.792970579954094, 52.17227233843024], [4.792977888725846, 52.172272375229234], [4.792977739099516, 52.17228360961499], [4.792970370474633, 52.17228806657023], [4.792922773657703, 52.172294567997234], [4.792919059413554, 52.172299043350364], [4.792900757544271, 52.172301198220076], [4.792900637827574, 52.17231018572848], [4.792882365882942, 52.17231009371825]]]}}, {"type": "Feature", "properties": {"class": "parcel", "candidate_index": 71, "raw_confidence": 0.5444334050883417, "boundary_alignment_score": 0.5444334050883417, "area_m2": 41.25000006708797, "vertex_count": 12, "vectorization": {"threshold": 0.5, "close_pixels": 5, "boundary_width_pixels": 0, "edge_buffer_pixels": 2, "min_area_m2": 20, "max_area_m2": 250000, "simplify_tolerance_m": 0.25, "min_boundary_alignment": 0.0}, "source_tile_id": "tile-110000-460000", "vectorization_aoi": "vectorization_v2", "calibration": "parameters selected only on train_selected_0; target reference excluded", "parcel_id": "21de734c-9c23-578e-a70b-c64a68138a70", "confidence_score": 0.7041528545311936, "segmentation_score": 0.5444334050883417, "topology_score": 1.0, "edge_alignment_score": 0.5453372091675798, "deviation_from_baseline_score": 1.0, "explanation": "Enclosed-face vectorization followed by the frozen 20,000-step PPO debug policy. Reference cadastral geometry was excluded from inference and used only for the comparison report. Invalid, overlap-increasing, alignment-degrading, or CRS-round-trip-invalid candidates were rejected.", "rl_refinement": {"policy_sha256": "36f4975a32bccffc348e88edeab2d4ba8ad88c180503f6316af39efae7223b29", "timesteps": 20000, "debug_policy": true, "before": {"valid": true, "alignment": 0.5453372091675798, "reference": 0.0, "overlap": 0.0, "displacement": 0.0, "jagged": 0.0, "coverage": 1.0}, "after": {"valid": true, "alignment": 0.5453372091675798, "reference": 0.0, "overlap": 0.0, "displacement": 0.0, "jagged": 0.0, "coverage": 1.0}, "accepted": true, "reward_mean": -0.0010000000000000005, "reward_std": 4.336808689942018e-19, "reward_sum": -0.12800000000000009, "rejected_actions": 0, "mean_vertex_displacement_m": 0.0}}, "geometry": {"type": "Polygon", "coordinates": [[[4.815248155507238, 52.162944893187216], [4.815233598565427, 52.162940328576255], [4.815222724056349, 52.16293353478489], [4.815219185611892, 52.162924529523615], [4.815175630021175, 52.162901848122694], [4.81517580281646, 52.16288836679485], [4.8151904749292695, 52.16288394386107], [4.815201551006724, 52.16287500943955], [4.81525270179741, 52.1628752573681], [4.815256556991213, 52.16285954686041], [4.815274825124482, 52.162859635400345], [4.815273730942728, 52.16294501714422], [4.815248155507238, 52.162944893187216]]]}}, {"type": "Feature", "properties": {"class": "parcel", "candidate_index": 72, "raw_confidence": 0.5004265872495515, "boundary_alignment_score": 0.5004265872495515, "area_m2": 41.06250006932896, "vertex_count": 12, "vectorization": {"threshold": 0.5, "close_pixels": 5, "boundary_width_pixels": 0, "edge_buffer_pixels": 2, "min_area_m2": 20, "max_area_m2": 250000, "simplify_tolerance_m": 0.25, "min_boundary_alignment": 0.0}, "source_tile_id": "tile-110000-460000", "vectorization_aoi": "vectorization_v2", "calibration": "parameters selected only on train_selected_0; target reference excluded", "parcel_id": "aaa7ae5d-3c0e-5461-b026-8eafabd4524c", "confidence_score": 0.6713116364175395, "segmentation_score": 0.5004265872495515, "topology_score": 1.0, "edge_alignment_score": 0.5154067985713482, "deviation_from_baseline_score": 0.9436019420586136, "explanation": "Enclosed-face vectorization followed by the frozen 20,000-step PPO debug policy. Reference cadastral geometry was excluded from inference and used only for the comparison report. Invalid, overlap-increasing, alignment-degrading, or CRS-round-trip-invalid candidates were rejected.", "rl_refinement": {"policy_sha256": "36f4975a32bccffc348e88edeab2d4ba8ad88c180503f6316af39efae7223b29", "timesteps": 20000, "debug_policy": true, "before": {"valid": true, "alignment": 0.5016402356947461, "reference": 0.0, "overlap": 0.0, "displacement": 0.0, "jagged": 0.0, "coverage": 1.0}, "after": {"valid": true, "alignment": 0.5154067985713482, "reference": 0.0, "overlap": 0.0, "displacement": 0.05639805794138641, "jagged": 0.1404032152564487, "coverage": 1.0}, "accepted": true, "reward_mean": -0.0012395092807930982, "reward_std": 0.004810654435360029, "reward_sum": -0.15865718794151662, "rejected_actions": 0, "mean_vertex_displacement_m": 0.11279611588277282}}, "geometry": {"type": "Polygon", "coordinates": [[[4.7940461341616425, 52.17136545558593], [4.794027982087197, 52.17135637624229], [4.794024536877946, 52.17134062973056], [4.794046612091695, 52.171329505540236], [4.794050445623346, 52.17131604263912], [4.794061587766684, 52.17130261646952], [4.794065749857062, 52.17126443791106], [4.794084021376541, 52.17126452973735], [4.7941129571358445, 52.17128714543271], [4.794112479259845, 52.17132309547896], [4.794082707152152, 52.17136339236412], [4.79406806003462, 52.1713655657809], [4.7940461341616425, 52.17136545558593]]]}}, {"type": "Feature", "properties": {"class": "parcel", "candidate_index": 73, "raw_confidence": 0.496391182526564, "boundary_alignment_score": 0.496391182526564, "area_m2": 39.68750006207301, "vertex_count": 19, "vectorization": {"threshold": 0.5, "close_pixels": 5, "boundary_width_pixels": 0, "edge_buffer_pixels": 2, "min_area_m2": 20, "max_area_m2": 250000, "simplify_tolerance_m": 0.25, "min_boundary_alignment": 0.0}, "source_tile_id": "tile-110000-460000", "vectorization_aoi": "vectorization_v2", "calibration": "parameters selected only on train_selected_0; target reference excluded", "parcel_id": "6297c0fc-5bdb-5bd3-ac69-b77324e7d66f", "confidence_score": 0.6717870876043482, "segmentation_score": 0.496391182526564, "topology_score": 1.0, "edge_alignment_score": 0.5033690001194676, "deviation_from_baseline_score": 0.9802631578947368, "explanation": "Enclosed-face vectorization followed by the frozen 20,000-step PPO debug policy. Reference cadastral geometry was excluded from inference and used only for the comparison report. Invalid, overlap-increasing, alignment-degrading, or CRS-round-trip-invalid candidates were rejected.", "rl_refinement": {"policy_sha256": "36f4975a32bccffc348e88edeab2d4ba8ad88c180503f6316af39efae7223b29", "timesteps": 20000, "debug_policy": true, "before": {"valid": true, "alignment": 0.49526906727502745, "reference": 0.0, "overlap": 0.0, "displacement": 0.0, "jagged": 0.0, "coverage": 1.0}, "after": {"valid": true, "alignment": 0.5033690001194676, "reference": 0.0, "overlap": 0.0, "displacement": 0.019736842105263157, "jagged": 0.05573773654604987, "coverage": 1.0}, "accepted": true, "reward_mean": -0.001427445735412447, "reward_std": 0.0035281463870690958, "reward_sum": -0.18271305413279323, "rejected_actions": 0, "mean_vertex_displacement_m": 0.039473684210526314}}, "geometry": {"type": "Polygon", "coordinates": [[[4.801597820317471, 52.173209776967056], [4.801579665952218, 52.17320069878476], [4.801580019865161, 52.173173736229465], [4.801594726198397, 52.1731670681219], [4.801634954790086, 52.17316502069398], [4.801649513666194, 52.17316958697779], [4.801689742257728, 52.173167539531214], [4.801693308260553, 52.17317429829974], [4.801718801054376, 52.17318116584278], [4.801729646508601, 52.17319020774719], [4.801740580421197, 52.1731925090116], [4.80174043299789, 52.17320374340986], [4.801725815130488, 52.17320367089657], [4.801722101692457, 52.173208146527294], [4.8017001748892625, 52.17320803775333], [4.8016819910162125, 52.17320120646633], [4.80166006421656, 52.17320109768484], [4.801641850862876, 52.17319651327123], [4.8016234015884915, 52.173209903891895], [4.801597820317471, 52.173209776967056]]]}}, {"type": "Feature", "properties": {"class": "parcel", "candidate_index": 74, "raw_confidence": 0.49759727208189264, "boundary_alignment_score": 0.49759727208189264, "area_m2": 39.53125006751907, "vertex_count": 15, "vectorization": {"threshold": 0.5, "close_pixels": 5, "boundary_width_pixels": 0, "edge_buffer_pixels": 2, "min_area_m2": 20, "max_area_m2": 250000, "simplify_tolerance_m": 0.25, "min_boundary_alignment": 0.0}, "source_tile_id": "tile-110000-460000", "vectorization_aoi": "vectorization_v2", "calibration": "parameters selected only on train_selected_0; target reference excluded", "parcel_id": "8927c295-e279-5e97-bbd4-64e1fc865968", "confidence_score": 0.6690536088216328, "segmentation_score": 0.49759727208189264, "topology_score": 1.0, "edge_alignment_score": 0.5038152119765679, "deviation_from_baseline_score": 0.9583333333333334, "explanation": "Enclosed-face vectorization followed by the frozen 20,000-step PPO debug policy. Reference cadastral geometry was excluded from inference and used only for the comparison report. Invalid, overlap-increasing, alignment-degrading, or CRS-round-trip-invalid candidates were rejected.", "rl_refinement": {"policy_sha256": "36f4975a32bccffc348e88edeab2d4ba8ad88c180503f6316af39efae7223b29", "timesteps": 20000, "debug_policy": true, "before": {"valid": true, "alignment": 0.497138327298065, "reference": 0.0, "overlap": 0.0, "displacement": 0.0, "jagged": 0.0, "coverage": 1.0}, "after": {"valid": true, "alignment": 0.5038152119765679, "reference": 0.0, "overlap": 0.0, "displacement": 0.041666666666666664, "jagged": 0.09511844635310913, "coverage": 1.0}, "accepted": true, "reward_mean": -0.0013862213569327641, "reward_std": 0.004341305111164443, "reward_sum": -0.17743633368739387, "rejected_actions": 0, "mean_vertex_displacement_m": 0.08333333333333333}}, "geometry": {"type": "Polygon", "coordinates": [[[4.810963073411271, 52.16881799850594], [4.810955881253395, 52.168808975284584], [4.810960086678816, 52.16876630232407], [4.810963798819581, 52.16876182639732], [4.810971107035212, 52.16876186208091], [4.810971252114783, 52.168750627659094], [4.811000688071034, 52.168735042198215], [4.811001007229338, 52.16871032647001], [4.811015710684711, 52.16870365717888], [4.811044972521574, 52.16870155301316], [4.8110409122456375, 52.16873299155535], [4.811029833877415, 52.16874192557386], [4.811018349315239, 52.16878231597253], [4.810992567444667, 52.16879791927868], [4.8109813439733795, 52.16881808771424], [4.810963073411271, 52.16881799850594]]]}}, {"type": "Feature", "properties": {"class": "parcel", "candidate_index": 75, "raw_confidence": 0.49398745133264643, "boundary_alignment_score": 0.49398745133264643, "area_m2": 40.96875006509072, "vertex_count": 18, "vectorization": {"threshold": 0.5, "close_pixels": 5, "boundary_width_pixels": 0, "edge_buffer_pixels": 2, "min_area_m2": 20, "max_area_m2": 250000, "simplify_tolerance_m": 0.25, "min_boundary_alignment": 0.0}, "source_tile_id": "tile-110000-460000", "vectorization_aoi": "vectorization_v2", "calibration": "parameters selected only on train_selected_0; target reference excluded", "parcel_id": "176ee5b5-143e-5680-a162-922588bafb05", "confidence_score": 0.6640902463279599, "segmentation_score": 0.49398745133264643, "topology_score": 1.0, "edge_alignment_score": 0.5053710167606672, "deviation_from_baseline_score": 0.9305555555555556, "explanation": "Enclosed-face vectorization followed by the frozen 20,000-step PPO debug policy. Reference cadastral geometry was excluded from inference and used only for the comparison report. Invalid, overlap-increasing, alignment-degrading, or CRS-round-trip-invalid candidates were rejected.", "rl_refinement": {"policy_sha256": "36f4975a32bccffc348e88edeab2d4ba8ad88c180503f6316af39efae7223b29", "timesteps": 20000, "debug_policy": true, "before": {"valid": true, "alignment": 0.49354146296779317, "reference": 0.0, "overlap": 0.0, "displacement": 0.0, "jagged": 0.0, "coverage": 1.0}, "after": {"valid": true, "alignment": 0.5053710167606672, "reference": 0.0, "overlap": 0.0, "displacement": 0.06944444444444445, "jagged": 0.21082281578036288, "coverage": 1.0}, "accepted": true, "reward_mean": -0.0010956663469463483, "reward_std": 0.0022304850209034343, "reward_sum": -0.14024529240913264, "rejected_actions": 0, "mean_vertex_displacement_m": 0.1388888888888889}}, "geometry": {"type": "Polygon", "coordinates": [[[4.805105598971214, 52.17774814267581], [4.805106126713462, 52.177707698854135], [4.805098787718734, 52.177709909684104], [4.805099286147277, 52.17767171274124], [4.805132208977696, 52.17766962807894], [4.805132414201072, 52.17765389992584], [4.805158144615804, 52.17764279169289], [4.805165600860263, 52.17763159334303], [4.805165747439829, 52.17762035894786], [4.805195044713312, 52.17761600936634], [4.8051871487563265, 52.177660910903704], [4.805168669376319, 52.17767654894613], [4.805172294895863, 52.17767881384756], [4.805153962086018, 52.177683217492486], [4.805146535146892, 52.17769216896249], [4.80514238191895, 52.17773034788229], [4.8051239904487515, 52.177739245280456], [4.805123873176284, 52.1777482327964], [4.805105598971214, 52.17774814267581]]]}}, {"type": "Feature", "properties": {"class": "parcel", "candidate_index": 76, "raw_confidence": 0.5004012337097755, "boundary_alignment_score": 0.5004012337097755, "area_m2": 36.93750006595292, "vertex_count": 21, "vectorization": {"threshold": 0.5, "close_pixels": 5, "boundary_width_pixels": 0, "edge_buffer_pixels": 2, "min_area_m2": 20, "max_area_m2": 250000, "simplify_tolerance_m": 0.25, "min_boundary_alignment": 0.0}, "source_tile_id": "tile-110000-460000", "vectorization_aoi": "vectorization_v2", "calibration": "parameters selected only on train_selected_0; target reference excluded", "parcel_id": "6c2ce0a6-908f-54c4-87cc-b5d58f1c0af2", "confidence_score": 0.6749516805590919, "segmentation_score": 0.5004012337097755, "topology_score": 1.0, "edge_alignment_score": 0.49937082920223475, "deviation_from_baseline_score": 1.0, "explanation": "Enclosed-face vectorization followed by the frozen 20,000-step PPO debug policy. Reference cadastral geometry was excluded from inference and used only for the comparison report. Invalid, overlap-increasing, alignment-degrading, or CRS-round-trip-invalid candidates were rejected.", "rl_refinement": {"policy_sha256": "36f4975a32bccffc348e88edeab2d4ba8ad88c180503f6316af39efae7223b29", "timesteps": 20000, "debug_policy": true, "before": {"valid": true, "alignment": 0.49937082920223475, "reference": 0.0, "overlap": 0.0, "displacement": 0.0, "jagged": 0.0, "coverage": 1.0}, "after": {"valid": true, "alignment": 0.49937082920223475, "reference": 0.0, "overlap": 0.0, "displacement": 0.0, "jagged": 0.0, "coverage": 1.0}, "accepted": true, "reward_mean": -0.0010000000000000005, "reward_std": 4.336808689942018e-19, "reward_sum": -0.12800000000000009, "rejected_actions": 0, "mean_vertex_displacement_m": 0.0}}, "geometry": {"type": "Polygon", "coordinates": [[[4.815930784224116, 52.17412715051872], [4.8159015765968265, 52.174124762121636], [4.815901749229327, 52.17411128081855], [4.815912770418243, 52.17410684011912], [4.81591282796126, 52.17410234635138], [4.815931187012525, 52.17409569414464], [4.815942150654619, 52.174095747210245], [4.815949632367245, 52.174082301283384], [4.815967962636069, 52.1740778959548], [4.815993745829457, 52.174062291577584], [4.816001054918773, 52.17406232695084], [4.816030550166048, 52.17404224648412], [4.816030607697095, 52.17403775271625], [4.816048880410455, 52.17403784114286], [4.816048333882455, 52.17408053193738], [4.816007961274515, 52.174093818698246], [4.815986005223291, 52.174095959462264], [4.815974926507574, 52.17410489393625], [4.81596025077682, 52.174109316953775], [4.815960193238565, 52.17411381072155], [4.815945459963658, 52.17412272750492], [4.815930784224116, 52.17412715051872]]]}}, {"type": "Feature", "properties": {"class": "parcel", "candidate_index": 77, "raw_confidence": 0.49888813038545154, "boundary_alignment_score": 0.49888813038545154, "area_m2": 37.65625005461152, "vertex_count": 28, "vectorization": {"threshold": 0.5, "close_pixels": 5, "boundary_width_pixels": 0, "edge_buffer_pixels": 2, "min_area_m2": 20, "max_area_m2": 250000, "simplify_tolerance_m": 0.25, "min_boundary_alignment": 0.0}, "source_tile_id": "tile-110000-460000", "vectorization_aoi": "vectorization_v2", "calibration": "parameters selected only on train_selected_0; target reference excluded", "parcel_id": "85251606-bfe5-5897-9986-04183cadf1d8", "confidence_score": 0.6745738213317017, "segmentation_score": 0.49888813038545154, "topology_score": 1.0, "edge_alignment_score": 0.5021087285131216, "deviation_from_baseline_score": 0.9955357142857143, "explanation": "Enclosed-face vectorization followed by the frozen 20,000-step PPO debug policy. Reference cadastral geometry was excluded from inference and used only for the comparison report. Invalid, overlap-increasing, alignment-degrading, or CRS-round-trip-invalid candidates were rejected.", "rl_refinement": {"policy_sha256": "36f4975a32bccffc348e88edeab2d4ba8ad88c180503f6316af39efae7223b29", "timesteps": 20000, "debug_policy": true, "before": {"valid": true, "alignment": 0.4992344308023651, "reference": 0.0, "overlap": 0.0, "displacement": 0.0, "jagged": 0.0, "coverage": 1.0}, "after": {"valid": true, "alignment": 0.5021087285131216, "reference": 0.0, "overlap": 0.0, "displacement": 0.004464285714285714, "jagged": 0.017857142857142856, "coverage": 1.0}, "accepted": true, "reward_mean": -0.0012742469652986112, "reward_std": 0.0021008889264941106, "reward_sum": -0.16310361155822226, "rejected_actions": 0, "mean_vertex_displacement_m": 0.008928571428571428}}, "geometry": {"type": "Polygon", "coordinates": [[[4.8104174907541175, 52.169750096113575], [4.810414301282464, 52.16971412811372], [4.810451075481329, 52.169696331627826], [4.8104549910498, 52.16967612753112], [4.810466011681417, 52.169671687336276], [4.810469840115138, 52.169658223890515], [4.8104809188235915, 52.16964928992656], [4.810481180195731, 52.169629067971805], [4.810488662798671, 52.16961562238222], [4.810496000194261, 52.16961341121156], [4.8104960873159675, 52.16960667055997], [4.810507136966326, 52.16959998347726], [4.810525407847524, 52.16960007275656], [4.810525204573868, 52.16961580094379], [4.810521463278451, 52.16962252373981], [4.8105104426645, 52.16962696393993], [4.810506381925138, 52.16965840245801], [4.810495361300813, 52.16966284265668], [4.810487936773979, 52.169671794478795], [4.810487791568788, 52.16968302889806], [4.810476741894918, 52.169689715978734], [4.810472768251429, 52.16971441384379], [4.810465401795854, 52.169718871896826], [4.810465314669227, 52.16972561254821], [4.810457977253648, 52.16972782371693], [4.810446811391577, 52.16974349833004], [4.810435819784005, 52.16974569163924], [4.810435761696564, 52.16975018540686], [4.8104174907541175, 52.169750096113575]]]}}, {"type": "Feature", "properties": {"class": "parcel", "candidate_index": 78, "raw_confidence": 0.49981416714569876, "boundary_alignment_score": 0.49981416714569876, "area_m2": 35.21875004232788, "vertex_count": 15, "vectorization": {"threshold": 0.5, "close_pixels": 5, "boundary_width_pixels": 0, "edge_buffer_pixels": 2, "min_area_m2": 20, "max_area_m2": 250000, "simplify_tolerance_m": 0.25, "min_boundary_alignment": 0.0}, "source_tile_id": "tile-110000-460000", "vectorization_aoi": "vectorization_v2", "calibration": "parameters selected only on train_selected_0; target reference excluded", "parcel_id": "bddcdc88-1076-59ae-8d71-d433740be8e9", "confidence_score": 0.6733783530650868, "segmentation_score": 0.49981416714569876, "topology_score": 1.0, "edge_alignment_score": 0.5031446485469738, "deviation_from_baseline_score": 0.9833333333333333, "explanation": "Enclosed-face vectorization followed by the frozen 20,000-step PPO debug policy. Reference cadastral geometry was excluded from inference and used only for the comparison report. Invalid, overlap-increasing, alignment-degrading, or CRS-round-trip-invalid candidates were rejected.", "rl_refinement": {"policy_sha256": "36f4975a32bccffc348e88edeab2d4ba8ad88c180503f6316af39efae7223b29", "timesteps": 20000, "debug_policy": true, "before": {"valid": true, "alignment": 0.49959850404411554, "reference": 0.0, "overlap": 0.0, "displacement": 0.0, "jagged": 0.0, "coverage": 1.0}, "after": {"valid": true, "alignment": 0.5031446485469738, "reference": 0.0, "overlap": 0.0, "displacement": 0.016666666666666666, "jagged": 0.06666666666666667, "coverage": 1.0}, "accepted": true, "reward_mean": -0.001744479691299807, "reward_std": 0.002627246493207343, "reward_sum": -0.22329340048637536, "rejected_actions": 0, "mean_vertex_displacement_m": 0.03333333333333333}}, "geometry": {"type": "Polygon", "coordinates": [[[4.7946786323078125, 52.17024511871723], [4.794678930685846, 52.17022264993226], [4.794704510218039, 52.170222778354564], [4.794704868255763, 52.17019581581242], [4.7947270024033335, 52.17018019773441], [4.794734847862893, 52.170139790610314], [4.794756773135647, 52.170139900676396], [4.794760188678802, 52.170157894048764], [4.794771091653472, 52.17016244283713], [4.79477091265486, 52.17017592410842], [4.794759800841227, 52.17018710346988], [4.794752194068559, 52.17020953556715], [4.794744825963977, 52.17021399263564], [4.7947445276192076, 52.17023646142085], [4.794729821233376, 52.17024312867785], [4.7946786323078125, 52.17024511871723]]]}}, {"type": "Feature", "properties": {"class": "parcel", "candidate_index": 79, "raw_confidence": 0.49810116092363993, "boundary_alignment_score": 0.49810116092363993, "area_m2": 34.81250002863271, "vertex_count": 19, "vectorization": {"threshold": 0.5, "close_pixels": 5, "boundary_width_pixels": 0, "edge_buffer_pixels": 2, "min_area_m2": 20, "max_area_m2": 250000, "simplify_tolerance_m": 0.25, "min_boundary_alignment": 0.0}, "source_tile_id": "tile-110000-460000", "vectorization_aoi": "vectorization_v2", "calibration": "parameters selected only on train_selected_0; target reference excluded", "parcel_id": "6a922267-5a21-5274-b8a3-eddbcc67c95a", "confidence_score": 0.674177718044569, "segmentation_score": 0.49810116092363993, "topology_score": 1.0, "edge_alignment_score": 0.4994743724043171, "deviation_from_baseline_score": 1.0, "explanation": "Enclosed-face vectorization followed by the frozen 20,000-step PPO debug policy. Reference cadastral geometry was excluded from inference and used only for the comparison report. Invalid, overlap-increasing, alignment-degrading, or CRS-round-trip-invalid candidates were rejected.", "rl_refinement": {"policy_sha256": "36f4975a32bccffc348e88edeab2d4ba8ad88c180503f6316af39efae7223b29", "timesteps": 20000, "debug_policy": true, "before": {"valid": true, "alignment": 0.4994743724043171, "reference": 0.0, "overlap": 0.0, "displacement": 0.0, "jagged": 0.0, "coverage": 1.0}, "after": {"valid": true, "alignment": 0.4994743724043171, "reference": 0.0, "overlap": 0.0, "displacement": 0.0, "jagged": 0.0, "coverage": 1.0}, "accepted": true, "reward_mean": -0.0010000000000000005, "reward_std": 4.336808689942018e-19, "reward_sum": -0.12800000000000009, "rejected_actions": 0, "mean_vertex_displacement_m": 0.0}}, "geometry": {"type": "Polygon", "coordinates": [[[4.791934269882995, 52.17434336962601], [4.791875856968657, 52.17433858094851], [4.791876036864063, 52.174325099692716], [4.7918834359175575, 52.174318395932005], [4.791879871311707, 52.1743116368705], [4.791861598549913, 52.17431154470095], [4.791850514957554, 52.17432047690181], [4.79181762398001, 52.174320310986445], [4.79181417932664, 52.17430456441912], [4.791825232937208, 52.17429787909766], [4.791847220212505, 52.17429349595551], [4.791872802068633, 52.174293624995144], [4.791876396654499, 52.17429813718091], [4.791898323962119, 52.174298247781216], [4.791901918550938, 52.17430275996621], [4.791916656679537, 52.17429384619301], [4.791945863108069, 52.17429624052524], [4.791956556955209, 52.17431651770358], [4.791956407062697, 52.174327752083606], [4.791934269882995, 52.17434336962601]]]}}, {"type": "Feature", "properties": {"class": "parcel", "candidate_index": 80, "raw_confidence": 0.49838644199901155, "boundary_alignment_score": 0.49838644199901155, "area_m2": 34.09375004878348, "vertex_count": 13, "vectorization": {"threshold": 0.5, "close_pixels": 5, "boundary_width_pixels": 0, "edge_buffer_pixels": 2, "min_area_m2": 20, "max_area_m2": 250000, "simplify_tolerance_m": 0.25, "min_boundary_alignment": 0.0}, "source_tile_id": "tile-110000-460000", "vectorization_aoi": "vectorization_v2", "calibration": "parameters selected only on train_selected_0; target reference excluded", "parcel_id": "a2e27906-04b1-565f-8906-1d26c592fa9b", "confidence_score": 0.6690625254970648, "segmentation_score": 0.49838644199901155, "topology_score": 1.0, "edge_alignment_score": 0.51093705650419, "deviation_from_baseline_score": 0.9423076923076923, "explanation": "Enclosed-face vectorization followed by the frozen 20,000-step PPO debug policy. Reference cadastral geometry was excluded from inference and used only for the comparison report. Invalid, overlap-increasing, alignment-degrading, or CRS-round-trip-invalid candidates were rejected.", "rl_refinement": {"policy_sha256": "36f4975a32bccffc348e88edeab2d4ba8ad88c180503f6316af39efae7223b29", "timesteps": 20000, "debug_policy": true, "before": {"valid": true, "alignment": 0.5014268479620417, "reference": 0.0, "overlap": 0.0, "displacement": 0.0, "jagged": 0.0, "coverage": 1.0}, "after": {"valid": true, "alignment": 0.51093705650419, "reference": 0.0, "overlap": 0.0, "displacement": 0.057692307692307696, "jagged": 0.16181179927640568, "coverage": 1.0}, "accepted": true, "reward_mean": -0.0017763443760763094, "reward_std": 0.0034224987346521013, "reward_sum": -0.22737208013776766, "rejected_actions": 0, "mean_vertex_displacement_m": 0.11538461538461539}}, "geometry": {"type": "Polygon", "coordinates": [[[4.7871404368692, 52.18104219833069], [4.787104037000017, 52.18103077815383], [4.787093253075232, 52.18101724117563], [4.787093464680939, 52.18100151307316], [4.78710808507302, 52.181001587403], [4.787119171279429, 52.18099265566201], [4.787130106343832, 52.180994958278944], [4.787137507220277, 52.18098825482639], [4.787137597901688, 52.18098151421101], [4.787170433318459, 52.18098617518187], [4.78718139860887, 52.18098623092226], [4.787195444735818, 52.18102899580564], [4.787173332781703, 52.181042365557204], [4.7871404368692, 52.18104219833069]]]}}, {"type": "Feature", "properties": {"class": "parcel", "candidate_index": 81, "raw_confidence": 0.4922553481174116, "boundary_alignment_score": 0.4922553481174116, "area_m2": 35.09375004814683, "vertex_count": 16, "vectorization": {"threshold": 0.5, "close_pixels": 5, "boundary_width_pixels": 0, "edge_buffer_pixels": 2, "min_area_m2": 20, "max_area_m2": 250000, "simplify_tolerance_m": 0.25, "min_boundary_alignment": 0.0}, "source_tile_id": "tile-110000-460000", "vectorization_aoi": "vectorization_v2", "calibration": "parameters selected only on train_selected_0; target reference excluded", "parcel_id": "31b1c722-f890-5087-a9ba-80328ddac839", "confidence_score": 0.6574786780161755, "segmentation_score": 0.4922553481174116, "topology_score": 1.0, "edge_alignment_score": 0.5134086292237043, "deviation_from_baseline_score": 0.874444782719801, "explanation": "Enclosed-face vectorization followed by the frozen 20,000-step PPO debug policy. Reference cadastral geometry was excluded from inference and used only for the comparison report. Invalid, overlap-increasing, alignment-degrading, or CRS-round-trip-invalid candidates were rejected.", "rl_refinement": {"policy_sha256": "36f4975a32bccffc348e88edeab2d4ba8ad88c180503f6316af39efae7223b29", "timesteps": 20000, "debug_policy": true, "before": {"valid": true, "alignment": 0.4922784250229597, "reference": 0.0, "overlap": 0.0, "displacement": 0.0, "jagged": 0.0, "coverage": 1.0}, "after": {"valid": true, "alignment": 0.5134086292237043, "reference": 0.0, "overlap": 0.0, "displacement": 0.12555521728019903, "jagged": 0.28529719239902107, "coverage": 1.0}, "accepted": true, "reward_mean": -0.0012231337123219158, "reward_std": 0.004310761964806562, "reward_sum": -0.15656111517720528, "rejected_actions": 0, "mean_vertex_displacement_m": 0.25111043456039805}}, "geometry": {"type": "Polygon", "coordinates": [[[4.787106787812409, 52.18082631281876], [4.787103435015898, 52.18080382551788], [4.787114551402042, 52.18079264690509], [4.787111138147516, 52.18077465334805], [4.787125849147886, 52.180767987059916], [4.787136995746402, 52.18075456157305], [4.787148081885425, 52.180745629828834], [4.787152069450615, 52.18072093281876], [4.787188620201273, 52.180721118621435], [4.787192063707238, 52.18073686530453], [4.7871809775792, 52.180745797052865], [4.78718442108433, 52.18076154373612], [4.7871807962306985, 52.18075927828435], [4.787176899352829, 52.18077723467951], [4.787158472824985, 52.180788376137215], [4.787132373398117, 52.18082644289173], [4.787106787812409, 52.18082631281876]]]}}, {"type": "Feature", "properties": {"class": "parcel", "candidate_index": 82, "raw_confidence": 0.4727636646907941, "boundary_alignment_score": 0.4727636646907941, "area_m2": 37.562500049847586, "vertex_count": 16, "vectorization": {"threshold": 0.5, "close_pixels": 5, "boundary_width_pixels": 0, "edge_buffer_pixels": 2, "min_area_m2": 20, "max_area_m2": 250000, "simplify_tolerance_m": 0.25, "min_boundary_alignment": 0.0}, "source_tile_id": "tile-110000-460000", "vectorization_aoi": "vectorization_v2", "calibration": "parameters selected only on train_selected_0; target reference excluded", "parcel_id": "5c20e382-e53c-5f1a-8ecf-d623c4df5a76", "confidence_score": 0.6678471581423298, "segmentation_score": 0.4727636646907941, "topology_score": 1.0, "edge_alignment_score": 0.5612543306003014, "deviation_from_baseline_score": 0.8933571754697431, "explanation": "Enclosed-face vectorization followed by the frozen 20,000-step PPO debug policy. Reference cadastral geometry was excluded from inference and used only for the comparison report. Invalid, overlap-increasing, alignment-degrading, or CRS-round-trip-invalid candidates were rejected.", "rl_refinement": {"policy_sha256": "36f4975a32bccffc348e88edeab2d4ba8ad88c180503f6316af39efae7223b29", "timesteps": 20000, "debug_policy": true, "before": {"valid": true, "alignment": 0.4703348694990079, "reference": 0.0, "overlap": 0.0, "displacement": 0.0, "jagged": 0.0, "coverage": 1.0}, "after": {"valid": true, "alignment": 0.5612543306003014, "reference": 0.0, "overlap": 0.0, "displacement": 0.10664282453025692, "jagged": 0.28918634949030575, "coverage": 1.0}, "accepted": true, "reward_mean": 0.00020899728377709649, "reward_std": 0.017725379974265806, "reward_sum": 0.026751652323468322, "rejected_actions": 0, "mean_vertex_displacement_m": 0.21328564906051384}}, "geometry": {"type": "Polygon", "coordinates": [[[4.817098192317972, 52.16599856658572], [4.817094796779849, 52.1659783269476], [4.817102219364985, 52.16596937470123], [4.817095600522909, 52.1659154141004], [4.817125061174427, 52.1658975802107], [4.817132368927248, 52.165897615511994], [4.817136108912683, 52.165890892500194], [4.8171543495899565, 52.165893227638314], [4.817165110307349, 52.165909008799375], [4.817161140710646, 52.16593370691153], [4.817146467788111, 52.16593813008687], [4.8171463529780025, 52.16594711763659], [4.817149834644322, 52.16596061661116], [4.8171351043055815, 52.16596953355988], [4.817134932086813, 52.165983014884276], [4.81711643303724, 52.16600090172967], [4.817098192317972, 52.16599856658572]]]}}, {"type": "Feature", "properties": {"class": "parcel", "candidate_index": 83, "raw_confidence": 0.49806653149425983, "boundary_alignment_score": 0.49806653149425983, "area_m2": 35.468750055895725, "vertex_count": 11, "vectorization": {"threshold": 0.5, "close_pixels": 5, "boundary_width_pixels": 0, "edge_buffer_pixels": 2, "min_area_m2": 20, "max_area_m2": 250000, "simplify_tolerance_m": 0.25, "min_boundary_alignment": 0.0}, "source_tile_id": "tile-110000-460000", "vectorization_aoi": "vectorization_v2", "calibration": "parameters selected only on train_selected_0; target reference excluded", "parcel_id": "84145dfc-1522-5b1d-907f-191d2d7755cc", "confidence_score": 0.6546617460926337, "segmentation_score": 0.49806653149425983, "topology_score": 1.0, "edge_alignment_score": 0.5400168073053161, "deviation_from_baseline_score": 0.7888894525203198, "explanation": "Enclosed-face vectorization followed by the frozen 20,000-step PPO debug policy. Reference cadastral geometry was excluded from inference and used only for the comparison report. Invalid, overlap-increasing, alignment-degrading, or CRS-round-trip-invalid candidates were rejected.", "rl_refinement": {"policy_sha256": "36f4975a32bccffc348e88edeab2d4ba8ad88c180503f6316af39efae7223b29", "timesteps": 20000, "debug_policy": true, "before": {"valid": true, "alignment": 0.4969240389764309, "reference": 0.0, "overlap": 0.0, "displacement": 0.0, "jagged": 0.0, "coverage": 1.0}, "after": {"valid": true, "alignment": 0.5400168073053161, "reference": 0.0, "overlap": 0.0, "displacement": 0.21111054747968022, "jagged": 0.536068814637628, "coverage": 1.0}, "accepted": true, "reward_mean": -0.0008290257223048882, "reward_std": 0.005057298084833984, "reward_sum": -0.10611529245502571, "rejected_actions": 0, "mean_vertex_displacement_m": 0.42222109495936044}}, "geometry": {"type": "Polygon", "coordinates": [[[4.815776631226676, 52.174178085820685], [4.815765753901539, 52.17417129208839], [4.815747682593421, 52.17415547543143], [4.815740603730919, 52.17413746497209], [4.815770099145015, 52.174117384570984], [4.815806673412582, 52.1741153146183], [4.815850240252895, 52.17413799575899], [4.815842729725854, 52.174153688563145], [4.815820600980139, 52.17416931059913], [4.815806011543786, 52.17416699294598], [4.815802241882106, 52.174175962788524], [4.815776631226676, 52.174178085820685]]]}}, {"type": "Feature", "properties": {"class": "parcel", "candidate_index": 84, "raw_confidence": 0.491848420480202, "boundary_alignment_score": 0.491848420480202, "area_m2": 29.68750007213748, "vertex_count": 12, "vectorization": {"threshold": 0.5, "close_pixels": 5, "boundary_width_pixels": 0, "edge_buffer_pixels": 2, "min_area_m2": 20, "max_area_m2": 250000, "simplify_tolerance_m": 0.25, "min_boundary_alignment": 0.0}, "source_tile_id": "tile-110000-460000", "vectorization_aoi": "vectorization_v2", "calibration": "parameters selected only on train_selected_0; target reference excluded", "parcel_id": "c81c1d20-7354-59c8-966c-8ac2d2890366", "confidence_score": 0.6649651418889648, "segmentation_score": 0.491848420480202, "topology_score": 1.0, "edge_alignment_score": 0.491685649069647, "deviation_from_baseline_score": 0.96875, "explanation": "Enclosed-face vectorization followed by the frozen 20,000-step PPO debug policy. Reference cadastral geometry was excluded from inference and used only for the comparison report. Invalid, overlap-increasing, alignment-degrading, or CRS-round-trip-invalid candidates were rejected.", "rl_refinement": {"policy_sha256": "36f4975a32bccffc348e88edeab2d4ba8ad88c180503f6316af39efae7223b29", "timesteps": 20000, "debug_policy": true, "before": {"valid": true, "alignment": 0.4859740228081743, "reference": 0.0, "overlap": 0.0, "displacement": 0.0, "jagged": 0.0, "coverage": 1.0}, "after": {"valid": true, "alignment": 0.491685649069647, "reference": 0.0, "overlap": 0.0, "displacement": 0.03125, "jagged": 0.06927376604034255, "coverage": 1.0}, "accepted": true, "reward_mean": -0.002062992836677017, "reward_std": 0.004322497922251973, "reward_sum": -0.2640630830946582, "rejected_actions": 0, "mean_vertex_displacement_m": 0.0625}}, "geometry": {"type": "Polygon", "coordinates": [[[4.798076733308139, 52.17997377589576], [4.79794524164686, 52.17996637846955], [4.797934365636619, 52.17995958310241], [4.797923667726388, 52.17993930647957], [4.797909107026314, 52.17993473973867], [4.797909255443783, 52.17992350535971], [4.797949460614216, 52.17992370607603], [4.797971182944794, 52.17993954368242], [4.7979930240079565, 52.17994639378163], [4.79803676550863, 52.17995560021637], [4.798062350635931, 52.179955727918795], [4.798076911358618, 52.17996029464086], [4.798076733308139, 52.17997377589576]]]}}, {"type": "Feature", "properties": {"class": "parcel", "candidate_index": 85, "raw_confidence": 0.4995054622942751, "boundary_alignment_score": 0.4995054622942751, "area_m2": 27.62500003993773, "vertex_count": 14, "vectorization": {"threshold": 0.5, "close_pixels": 5, "boundary_width_pixels": 0, "edge_buffer_pixels": 2, "min_area_m2": 20, "max_area_m2": 250000, "simplify_tolerance_m": 0.25, "min_boundary_alignment": 0.0}, "source_tile_id": "tile-110000-460000", "vectorization_aoi": "vectorization_v2", "calibration": "parameters selected only on train_selected_0; target reference excluded", "parcel_id": "5c062900-4425-55cb-843e-dc3c763bd134", "confidence_score": 0.6752966409210455, "segmentation_score": 0.4995054622942751, "topology_score": 1.0, "edge_alignment_score": 0.5015657637268305, "deviation_from_baseline_score": 1.0, "explanation": "Enclosed-face vectorization followed by the frozen 20,000-step PPO debug policy. Reference cadastral geometry was excluded from inference and used only for the comparison report. Invalid, overlap-increasing, alignment-degrading, or CRS-round-trip-invalid candidates were rejected.", "rl_refinement": {"policy_sha256": "36f4975a32bccffc348e88edeab2d4ba8ad88c180503f6316af39efae7223b29", "timesteps": 20000, "debug_policy": true, "before": {"valid": true, "alignment": 0.5015657637268305, "reference": 0.0, "overlap": 0.0, "displacement": 0.0, "jagged": 0.0, "coverage": 1.0}, "after": {"valid": true, "alignment": 0.5015657637268305, "reference": 0.0, "overlap": 0.0, "displacement": 0.0, "jagged": 0.0, "coverage": 1.0}, "accepted": true, "reward_mean": -0.0010000000000000005, "reward_std": 4.336808689942018e-19, "reward_sum": -0.12800000000000009, "rejected_actions": 0, "mean_vertex_displacement_m": 0.0}}, "geometry": {"type": "Polygon", "coordinates": [[[4.817498995231585, 52.162940051957705], [4.8174736492591395, 52.16292195337365], [4.817462688360453, 52.162921900454265], [4.817455467147974, 52.1629151245081], [4.817448159883316, 52.162915089227546], [4.817448303307244, 52.162903854784105], [4.817459378938348, 52.16289492015008], [4.817459522359368, 52.162883685706575], [4.81747430897912, 52.162870274933574], [4.817496230751189, 52.16287038076906], [4.817496144704168, 52.16287712143522], [4.817517980435924, 52.16288396793277], [4.817521576703597, 52.1628884793484], [4.817520917038012, 52.16294015778865], [4.817498995231585, 52.162940051957705]]]}}, {"type": "Feature", "properties": {"class": "parcel", "candidate_index": 86, "raw_confidence": 0.4944569964189919, "boundary_alignment_score": 0.4944569964189919, "area_m2": 32.78125005091533, "vertex_count": 13, "vectorization": {"threshold": 0.5, "close_pixels": 5, "boundary_width_pixels": 0, "edge_buffer_pixels": 2, "min_area_m2": 20, "max_area_m2": 250000, "simplify_tolerance_m": 0.25, "min_boundary_alignment": 0.0}, "source_tile_id": "tile-110000-460000", "vectorization_aoi": "vectorization_v2", "calibration": "parameters selected only on train_selected_0; target reference excluded", "parcel_id": "08dbb5f8-70ca-565d-b606-12188921620f", "confidence_score": 0.6551301821294546, "segmentation_score": 0.4944569964189919, "topology_score": 1.0, "edge_alignment_score": 0.5322638340294361, "deviation_from_baseline_score": 0.8159405544931775, "explanation": "Enclosed-face vectorization followed by the frozen 20,000-step PPO debug policy. Reference cadastral geometry was excluded from inference and used only for the comparison report. Invalid, overlap-increasing, alignment-degrading, or CRS-round-trip-invalid candidates were rejected.", "rl_refinement": {"policy_sha256": "36f4975a32bccffc348e88edeab2d4ba8ad88c180503f6316af39efae7223b29", "timesteps": 20000, "debug_policy": true, "before": {"valid": true, "alignment": 0.4932382342716058, "reference": 0.0, "overlap": 0.0, "displacement": 0.0, "jagged": 0.0, "coverage": 1.0}, "after": {"valid": true, "alignment": 0.5322638340294361, "reference": 0.0, "overlap": 0.0, "displacement": 0.18405944550682257, "jagged": 0.491217389074749, "coverage": 1.0}, "accepted": true, "reward_mean": -0.000787479235234903, "reward_std": 0.003989011826147129, "reward_sum": -0.10079734211006762, "rejected_actions": 0, "mean_vertex_displacement_m": 0.36811889101364514}}, "geometry": {"type": "Polygon", "coordinates": [[[4.794113375276616, 52.171255689142036], [4.79410995991217, 52.17123769575455], [4.794120952684124, 52.17123550396872], [4.794110258585301, 52.171215226975306], [4.794117716519664, 52.17120402931372], [4.794118015188587, 52.1711815605344], [4.794140060434452, 52.17117268320412], [4.794165700238346, 52.171168317988034], [4.794183165401828, 52.17122907550372], [4.794157585294555, 52.171228946967595], [4.794157406104945, 52.17124242823513], [4.794142669433694, 52.17125134229513], [4.794138955399075, 52.17125581768778], [4.794113375276616, 52.171255689142036]]]}}, {"type": "Feature", "properties": {"class": "parcel", "candidate_index": 87, "raw_confidence": 0.4976531624794006, "boundary_alignment_score": 0.4976531624794006, "area_m2": 26.187500035535777, "vertex_count": 14, "vectorization": {"threshold": 0.5, "close_pixels": 5, "boundary_width_pixels": 0, "edge_buffer_pixels": 2, "min_area_m2": 20, "max_area_m2": 250000, "simplify_tolerance_m": 0.25, "min_boundary_alignment": 0.0}, "source_tile_id": "tile-110000-460000", "vectorization_aoi": "vectorization_v2", "calibration": "parameters selected only on train_selected_0; target reference excluded", "parcel_id": "a99709f6-3bd1-5047-a2f6-151a0de60ea8", "confidence_score": 0.6734978879243135, "segmentation_score": 0.4976531624794006, "topology_score": 1.0, "edge_alignment_score": 0.49773093685507774, "deviation_from_baseline_score": 1.0, "explanation": "Enclosed-face vectorization followed by the frozen 20,000-step PPO debug policy. Reference cadastral geometry was excluded from inference and used only for the comparison report. Invalid, overlap-increasing, alignment-degrading, or CRS-round-trip-invalid candidates were rejected.", "rl_refinement": {"policy_sha256": "36f4975a32bccffc348e88edeab2d4ba8ad88c180503f6316af39efae7223b29", "timesteps": 20000, "debug_policy": true, "before": {"valid": true, "alignment": 0.49773093685507774, "reference": 0.0, "overlap": 0.0, "displacement": 0.0, "jagged": 0.0, "coverage": 1.0}, "after": {"valid": true, "alignment": 0.49773093685507774, "reference": 0.0, "overlap": 0.0, "displacement": 0.0, "jagged": 0.0, "coverage": 1.0}, "accepted": true, "reward_mean": -0.0010000000000000005, "reward_std": 4.336808689942018e-19, "reward_sum": -0.12800000000000009, "rejected_actions": 0, "mean_vertex_displacement_m": 0.0}}, "geometry": {"type": "Polygon", "coordinates": [[[4.793247386027969, 52.17234338966602], [4.793232888110527, 52.17233432859223], [4.793225579328348, 52.172334291809065], [4.793211111331853, 52.172322983855366], [4.793211260899575, 52.17231174946938], [4.79323711083436, 52.172291656316624], [4.793255382772394, 52.17229174827194], [4.793255322949792, 52.17229624202634], [4.7932734154273895, 52.17230981524218], [4.793299026060324, 52.17230769709373], [4.793317178372298, 52.17231677654835], [4.793316998923002, 52.17233025781177], [4.793298726969032, 52.17233016586597], [4.793280305464771, 52.17234130830353], [4.793247386027969, 52.17234338966602]]]}}, {"type": "Feature", "properties": {"class": "parcel", "candidate_index": 88, "raw_confidence": 0.499097053527832, "boundary_alignment_score": 0.499097053527832, "area_m2": 26.187500039675797, "vertex_count": 15, "vectorization": {"threshold": 0.5, "close_pixels": 5, "boundary_width_pixels": 0, "edge_buffer_pixels": 2, "min_area_m2": 20, "max_area_m2": 250000, "simplify_tolerance_m": 0.25, "min_boundary_alignment": 0.0}, "source_tile_id": "tile-110000-460000", "vectorization_aoi": "vectorization_v2", "calibration": "parameters selected only on train_selected_0; target reference excluded", "parcel_id": "7dca8647-772b-5f57-a482-8f13263c64a6", "confidence_score": 0.6748569554768503, "segmentation_score": 0.499097053527832, "topology_score": 1.0, "edge_alignment_score": 0.5005766224736968, "deviation_from_baseline_score": 1.0, "explanation": "Enclosed-face vectorization followed by the frozen 20,000-step PPO debug policy. Reference cadastral geometry was excluded from inference and used only for the comparison report. Invalid, overlap-increasing, alignment-degrading, or CRS-round-trip-invalid candidates were rejected.", "rl_refinement": {"policy_sha256": "36f4975a32bccffc348e88edeab2d4ba8ad88c180503f6316af39efae7223b29", "timesteps": 20000, "debug_policy": true, "before": {"valid": true, "alignment": 0.5005766224736968, "reference": 0.0, "overlap": 0.0, "displacement": 0.0, "jagged": 0.0, "coverage": 1.0}, "after": {"valid": true, "alignment": 0.5005766224736968, "reference": 0.0, "overlap": 0.0, "displacement": 0.0, "jagged": 0.0, "coverage": 1.0}, "accepted": true, "reward_mean": -0.0010000000000000005, "reward_std": 4.336808689942018e-19, "reward_sum": -0.12800000000000009, "rejected_actions": 0, "mean_vertex_displacement_m": 0.0}}, "geometry": {"type": "Polygon", "coordinates": [[[4.813210010613335, 52.16828741502818], [4.8132215219649535, 52.16824477752436], [4.813228858999997, 52.1682425661827], [4.813236513949465, 52.168215639102385], [4.8132513903119865, 52.16819548821961], [4.813251679317747, 52.168173019366435], [4.8132845947637355, 52.168170932415364], [4.81328427687564, 52.16819564815393], [4.8132695739260605, 52.16820231772908], [4.813269198229899, 52.16823152723804], [4.813261832298565, 52.16823598546746], [4.813258033731163, 52.16824720212321], [4.813239618890797, 52.168258347694255], [4.813239358779511, 52.168278569661744], [4.813228280963982, 52.168287503888195], [4.813210010613335, 52.16828741502818]]]}}, {"type": "Feature", "properties": {"class": "parcel", "candidate_index": 89, "raw_confidence": 0.495274071537313, "boundary_alignment_score": 0.495274071537313, "area_m2": 26.625000041609383, "vertex_count": 8, "vectorization": {"threshold": 0.5, "close_pixels": 5, "boundary_width_pixels": 0, "edge_buffer_pixels": 2, "min_area_m2": 20, "max_area_m2": 250000, "simplify_tolerance_m": 0.25, "min_boundary_alignment": 0.0}, "source_tile_id": "tile-110000-460000", "vectorization_aoi": "vectorization_v2", "calibration": "parameters selected only on train_selected_0; target reference excluded", "parcel_id": "b1ea82ad-d1f9-5877-9f61-5490faf60a30", "confidence_score": 0.6729839543191096, "segmentation_score": 0.495274071537313, "topology_score": 1.0, "edge_alignment_score": 0.5066059309368333, "deviation_from_baseline_score": 0.984375, "explanation": "Enclosed-face vectorization followed by the frozen 20,000-step PPO debug policy. Reference cadastral geometry was excluded from inference and used only for the comparison report. Invalid, overlap-increasing, alignment-degrading, or CRS-round-trip-invalid candidates were rejected.", "rl_refinement": {"policy_sha256": "36f4975a32bccffc348e88edeab2d4ba8ad88c180503f6316af39efae7223b29", "timesteps": 20000, "debug_policy": true, "before": {"valid": true, "alignment": 0.49970405890295905, "reference": 0.0, "overlap": 0.0, "displacement": 0.0, "jagged": 0.0, "coverage": 1.0}, "after": {"valid": true, "alignment": 0.5066059309368333, "reference": 0.0, "overlap": 0.0, "displacement": 0.015625, "jagged": 0.0625, "coverage": 1.0}, "accepted": true, "reward_mean": -0.001615188813282101, "reward_std": 0.008991476877191545, "reward_sum": -0.20674416810010898, "rejected_actions": 0, "mean_vertex_displacement_m": 0.03125}}, "geometry": {"type": "Polygon", "coordinates": [[[4.788492422237439, 52.17644940117866], [4.788485173096518, 52.176444870352846], [4.7884414068651155, 52.1764379072544], [4.788430533164871, 52.17643111101067], [4.788427180022165, 52.176408623729735], [4.788503899037609, 52.1764112599359], [4.7885366709305766, 52.17642041427347], [4.788536278946174, 52.176449623636074], [4.788492422237439, 52.17644940117866]]]}}, {"type": "Feature", "properties": {"class": "parcel", "candidate_index": 90, "raw_confidence": 0.496789196903786, "boundary_alignment_score": 0.496789196903786, "area_m2": 26.03125003951027, "vertex_count": 14, "vectorization": {"threshold": 0.5, "close_pixels": 5, "boundary_width_pixels": 0, "edge_buffer_pixels": 2, "min_area_m2": 20, "max_area_m2": 250000, "simplify_tolerance_m": 0.25, "min_boundary_alignment": 0.0}, "source_tile_id": "tile-110000-460000", "vectorization_aoi": "vectorization_v2", "calibration": "parameters selected only on train_selected_0; target reference excluded", "parcel_id": "bb21a59d-aa7b-5c93-8600-57b29297b62e", "confidence_score": 0.6736800563982112, "segmentation_score": 0.496789196903786, "topology_score": 1.0, "edge_alignment_score": 0.4993461249396205, "deviation_from_baseline_score": 1.0, "explanation": "Enclosed-face vectorization followed by the frozen 20,000-step PPO debug policy. Reference cadastral geometry was excluded from inference and used only for the comparison report. Invalid, overlap-increasing, alignment-degrading, or CRS-round-trip-invalid candidates were rejected.", "rl_refinement": {"policy_sha256": "36f4975a32bccffc348e88edeab2d4ba8ad88c180503f6316af39efae7223b29", "timesteps": 20000, "debug_policy": true, "before": {"valid": true, "alignment": 0.4993461249396205, "reference": 0.0, "overlap": 0.0, "displacement": 0.0, "jagged": 0.0, "coverage": 1.0}, "after": {"valid": true, "alignment": 0.4993461249396205, "reference": 0.0, "overlap": 0.0, "displacement": 0.0, "jagged": 0.0, "coverage": 1.0}, "accepted": true, "reward_mean": -0.0010000000000000005, "reward_std": 4.336808689942018e-19, "reward_sum": -0.12800000000000009, "rejected_actions": 0, "mean_vertex_displacement_m": 0.0}}, "geometry": {"type": "Polygon", "coordinates": [[[4.792991219511775, 52.1723690645423], [4.79298034610602, 52.172362268713584], [4.792954765353392, 52.17236213991574], [4.7929549449123305, 52.172348658653064], [4.7929842997493735, 52.17233981834175], [4.793002841022971, 52.172319688442], [4.793021112971857, 52.17231978043357], [4.793021023202478, 52.17232652106495], [4.793028272137625, 52.17233105161511], [4.793064756203061, 52.172335729341825], [4.793060802600564, 52.17235817971653], [4.793042530635841, 52.17235808773108], [4.793042470791682, 52.17236258148535], [4.793031417843864, 52.17236926692406], [4.792991219511775, 52.1723690645423]]]}}, {"type": "Feature", "properties": {"class": "parcel", "candidate_index": 91, "raw_confidence": 0.5002611613535619, "boundary_alignment_score": 0.5002611613535619, "area_m2": 27.18750003844434, "vertex_count": 11, "vectorization": {"threshold": 0.5, "close_pixels": 5, "boundary_width_pixels": 0, "edge_buffer_pixels": 2, "min_area_m2": 20, "max_area_m2": 250000, "simplify_tolerance_m": 0.25, "min_boundary_alignment": 0.0}, "source_tile_id": "tile-110000-460000", "vectorization_aoi": "vectorization_v2", "calibration": "parameters selected only on train_selected_0; target reference excluded", "parcel_id": "ebbc4e9f-5483-53f0-96b7-b9ebccce3d12", "confidence_score": 0.6632904407878149, "segmentation_score": 0.5002611613535619, "topology_score": 1.0, "edge_alignment_score": 0.5268582291901112, "deviation_from_baseline_score": 0.867610437046899, "explanation": "Enclosed-face vectorization followed by the frozen 20,000-step PPO debug policy. Reference cadastral geometry was excluded from inference and used only for the comparison report. Invalid, overlap-increasing, alignment-degrading, or CRS-round-trip-invalid candidates were rejected.", "rl_refinement": {"policy_sha256": "36f4975a32bccffc348e88edeab2d4ba8ad88c180503f6316af39efae7223b29", "timesteps": 20000, "debug_policy": true, "before": {"valid": true, "alignment": 0.49683042398343485, "reference": 0.0, "overlap": 0.0, "displacement": 0.0, "jagged": 0.0, "coverage": 1.0}, "after": {"valid": true, "alignment": 0.5268582291901112, "reference": 0.0, "overlap": 0.0, "displacement": 0.13238956295310098, "jagged": 0.44173383982581993, "coverage": 1.0}, "accepted": true, "reward_mean": -0.0011058678226330272, "reward_std": 0.005320312625873441, "reward_sum": -0.1415510812970275, "rejected_actions": 0, "mean_vertex_displacement_m": 0.26477912590620195}}, "geometry": {"type": "Polygon", "coordinates": [[[4.79953382757164, 52.180354045241714], [4.799504764779541, 52.18034041840295], [4.7994755243756915, 52.180340272813815], [4.799446283972066, 52.18034012721742], [4.7994502350845325, 52.18031767665611], [4.799534360407182, 52.180313601471006], [4.799545177545129, 52.1803248904431], [4.799570792490043, 52.18032277094275], [4.799585235090066, 52.1803363249834], [4.799577806590574, 52.180345276096425], [4.799563127185825, 52.180349697064145], [4.79953382757164, 52.180354045241714]]]}}, {"type": "Feature", "properties": {"class": "parcel", "candidate_index": 92, "raw_confidence": 0.49773062523957845, "boundary_alignment_score": 0.49773062523957845, "area_m2": 29.437500048030415, "vertex_count": 12, "vectorization": {"threshold": 0.5, "close_pixels": 5, "boundary_width_pixels": 0, "edge_buffer_pixels": 2, "min_area_m2": 20, "max_area_m2": 250000, "simplify_tolerance_m": 0.25, "min_boundary_alignment": 0.0}, "source_tile_id": "tile-110000-460000", "vectorization_aoi": "vectorization_v2", "calibration": "parameters selected only on train_selected_0; target reference excluded", "parcel_id": "1cce768b-061d-5f0d-9c7a-faa357a1e22f", "confidence_score": 0.6485494903924908, "segmentation_score": 0.49773062523957845, "topology_score": 1.0, "edge_alignment_score": 0.5262164548039436, "deviation_from_baseline_score": 0.7765255674497009, "explanation": "Enclosed-face vectorization followed by the frozen 20,000-step PPO debug policy. Reference cadastral geometry was excluded from inference and used only for the comparison report. Invalid, overlap-increasing, alignment-degrading, or CRS-round-trip-invalid candidates were rejected.", "rl_refinement": {"policy_sha256": "36f4975a32bccffc348e88edeab2d4ba8ad88c180503f6316af39efae7223b29", "timesteps": 20000, "debug_policy": true, "before": {"valid": true, "alignment": 0.49661884022255737, "reference": 0.0, "overlap": 0.0, "displacement": 0.0, "jagged": 0.0, "coverage": 1.0}, "after": {"valid": true, "alignment": 0.5262164548039436, "reference": 0.0, "overlap": 0.0, "displacement": 0.2234744325502991, "jagged": 0.3986481678532418, "coverage": 1.0}, "accepted": true, "reward_mean": -0.0011361125387820844, "reward_std": 0.0024118827088275255, "reward_sum": -0.14542240496410686, "rejected_actions": 0, "mean_vertex_displacement_m": 0.4469488651005982}}, "geometry": {"type": "Polygon", "coordinates": [[[4.795030023334381, 52.17460836255647], [4.794997340908146, 52.174592469388756], [4.794994074065395, 52.17456324165178], [4.795012496062529, 52.174552098951736], [4.7950344235051015, 52.17455220896946], [4.795052547260304, 52.17456353503243], [4.795078099461902, 52.17456591025437], [4.795085378790654, 52.17456819380027], [4.795085110400639, 52.1745884156927], [4.795074027383598, 52.174597348196784], [4.795070402627992, 52.174595082985064], [4.795062914539858, 52.17460852757672], [4.795030023334381, 52.17460836255647]]]}}, {"type": "Feature", "properties": {"class": "parcel", "candidate_index": 93, "raw_confidence": 0.504356855756781, "boundary_alignment_score": 0.504356855756781, "area_m2": 26.375000040887244, "vertex_count": 13, "vectorization": {"threshold": 0.5, "close_pixels": 5, "boundary_width_pixels": 0, "edge_buffer_pixels": 2, "min_area_m2": 20, "max_area_m2": 250000, "simplify_tolerance_m": 0.25, "min_boundary_alignment": 0.0}, "source_tile_id": "tile-110000-460000", "vectorization_aoi": "vectorization_v2", "calibration": "parameters selected only on train_selected_0; target reference excluded", "parcel_id": "f232543d-f844-5a29-8b79-62045f65748c", "confidence_score": 0.6637887255511556, "segmentation_score": 0.504356855756781, "topology_score": 1.0, "edge_alignment_score": 0.5299715440099438, "deviation_from_baseline_score": 0.8551490855553271, "explanation": "Enclosed-face vectorization followed by the frozen 20,000-step PPO debug policy. Reference cadastral geometry was excluded from inference and used only for the comparison report. Invalid, overlap-increasing, alignment-degrading, or CRS-round-trip-invalid candidates were rejected.", "rl_refinement": {"policy_sha256": "36f4975a32bccffc348e88edeab2d4ba8ad88c180503f6316af39efae7223b29", "timesteps": 20000, "debug_policy": true, "before": {"valid": true, "alignment": 0.504382868607839, "reference": 0.0, "overlap": 0.0, "displacement": 0.0, "jagged": 0.0, "coverage": 1.0}, "after": {"valid": true, "alignment": 0.5299715440099438, "reference": 0.0, "overlap": 0.0, "displacement": 0.1448509144446729, "jagged": 0.3923375195415384, "coverage": 1.0}, "accepted": true, "reward_mean": -0.0014810419848654583, "reward_std": 0.003292520230475932, "reward_sum": -0.18957337406277872, "rejected_actions": 0, "mean_vertex_displacement_m": 0.2897018288893458}}, "geometry": {"type": "Polygon", "coordinates": [[[4.805206507539344, 52.17757786648656], [4.805210602070528, 52.177544181321544], [4.805214374148432, 52.17753521182625], [4.80522174242169, 52.17753075410992], [4.8052329707034085, 52.17751058625983], [4.805251303434473, 52.17750618260236], [4.805251332745973, 52.17750393572323], [4.805276975113937, 52.17749956810128], [4.805283962347057, 52.17752431980956], [4.805258114787318, 52.17754441558672], [4.805265395125272, 52.177546698504926], [4.8052431437464636, 52.17757130605626], [4.805224810987809, 52.177575709712414], [4.805206507539344, 52.17757786648656]]]}}, {"type": "Feature", "properties": {"class": "parcel", "candidate_index": 94, "raw_confidence": 0.5008795493608945, "boundary_alignment_score": 0.5008795493608945, "area_m2": 23.062500034204277, "vertex_count": 12, "vectorization": {"threshold": 0.5, "close_pixels": 5, "boundary_width_pixels": 0, "edge_buffer_pixels": 2, "min_area_m2": 20, "max_area_m2": 250000, "simplify_tolerance_m": 0.25, "min_boundary_alignment": 0.0}, "source_tile_id": "tile-110000-460000", "vectorization_aoi": "vectorization_v2", "calibration": "parameters selected only on train_selected_0; target reference excluded", "parcel_id": "8a24ba44-ace1-5fa1-995f-fc83cb0a53c8", "confidence_score": 0.6758047803559087, "segmentation_score": 0.5008795493608945, "topology_score": 1.0, "edge_alignment_score": 0.5016564602653185, "deviation_from_baseline_score": 1.0, "explanation": "Enclosed-face vectorization followed by the frozen 20,000-step PPO debug policy. Reference cadastral geometry was excluded from inference and used only for the comparison report. Invalid, overlap-increasing, alignment-degrading, or CRS-round-trip-invalid candidates were rejected.", "rl_refinement": {"policy_sha256": "36f4975a32bccffc348e88edeab2d4ba8ad88c180503f6316af39efae7223b29", "timesteps": 20000, "debug_policy": true, "before": {"valid": true, "alignment": 0.5016564602653185, "reference": 0.0, "overlap": 0.0, "displacement": 0.0, "jagged": 0.0, "coverage": 1.0}, "after": {"valid": true, "alignment": 0.5016564602653185, "reference": 0.0, "overlap": 0.0, "displacement": 0.0, "jagged": 0.0, "coverage": 1.0}, "accepted": true, "reward_mean": -0.0010000000000000005, "reward_std": 4.336808689942018e-19, "reward_sum": -0.12800000000000009, "rejected_actions": 0, "mean_vertex_displacement_m": 0.0}}, "geometry": {"type": "Polygon", "coordinates": [[[4.812235159902442, 52.16311675455995], [4.812224430548211, 52.16309872605829], [4.812217152207276, 52.16309644356671], [4.812217325897457, 52.163082962244985], [4.812224662132179, 52.16308075096263], [4.812224893715927, 52.163062775866955], [4.812239537230033, 52.16306060018779], [4.812246931353658, 52.1630538951301], [4.812265199558701, 52.163053984136184], [4.812279582561226, 52.16307203043484], [4.812279235218476, 52.16309899307846], [4.812260735425509, 52.16311687917026], [4.812235159902442, 52.16311675455995]]]}}, {"type": "Feature", "properties": {"class": "parcel", "candidate_index": 95, "raw_confidence": 0.49857810695966087, "boundary_alignment_score": 0.49857810695966087, "area_m2": 22.87500004775211, "vertex_count": 10, "vectorization": {"threshold": 0.5, "close_pixels": 5, "boundary_width_pixels": 0, "edge_buffer_pixels": 2, "min_area_m2": 20, "max_area_m2": 250000, "simplify_tolerance_m": 0.25, "min_boundary_alignment": 0.0}, "source_tile_id": "tile-110000-460000", "vectorization_aoi": "vectorization_v2", "calibration": "parameters selected only on train_selected_0; target reference excluded", "parcel_id": "828db5c8-fb64-5a0e-966e-480161848e3d", "confidence_score": 0.6737493275577823, "segmentation_score": 0.49857810695966087, "topology_score": 1.0, "edge_alignment_score": 0.49748996707300347, "deviation_from_baseline_score": 1.0, "explanation": "Enclosed-face vectorization followed by the frozen 20,000-step PPO debug policy. Reference cadastral geometry was excluded from inference and used only for the comparison report. Invalid, overlap-increasing, alignment-degrading, or CRS-round-trip-invalid candidates were rejected.", "rl_refinement": {"policy_sha256": "36f4975a32bccffc348e88edeab2d4ba8ad88c180503f6316af39efae7223b29", "timesteps": 20000, "debug_policy": true, "before": {"valid": true, "alignment": 0.49748996707300347, "reference": 0.0, "overlap": 0.0, "displacement": 0.0, "jagged": 0.0, "coverage": 1.0}, "after": {"valid": true, "alignment": 0.49748996707300347, "reference": 0.0, "overlap": 0.0, "displacement": 0.0, "jagged": 0.0, "coverage": 1.0}, "accepted": true, "reward_mean": -0.0010000000000000005, "reward_std": 4.336808689942018e-19, "reward_sum": -0.12800000000000009, "rejected_actions": 0, "mean_vertex_displacement_m": 0.0}}, "geometry": {"type": "Polygon", "coordinates": [[[4.7871865250100605, 52.1781594982623], [4.787172207778487, 52.17813695521428], [4.787172570452772, 52.17810999273904], [4.787201809341477, 52.17811014137454], [4.78720917950567, 52.17810568478631], [4.787227453809421, 52.17810577767862], [4.787241982594475, 52.17811259260931], [4.787237965098595, 52.17813953650701], [4.787230625151604, 52.17814174622402], [4.787223103881957, 52.17815743717822], [4.7871865250100605, 52.1781594982623]]]}}, {"type": "Feature", "properties": {"class": "parcel", "candidate_index": 96, "raw_confidence": 0.5026327148977533, "boundary_alignment_score": 0.5026327148977533, "area_m2": 22.59375003918649, "vertex_count": 8, "vectorization": {"threshold": 0.5, "close_pixels": 5, "boundary_width_pixels": 0, "edge_buffer_pixels": 2, "min_area_m2": 20, "max_area_m2": 250000, "simplify_tolerance_m": 0.25, "min_boundary_alignment": 0.0}, "source_tile_id": "tile-110000-460000", "vectorization_aoi": "vectorization_v2", "calibration": "parameters selected only on train_selected_0; target reference excluded", "parcel_id": "c28d77c7-8385-530c-ac4e-f7311eb88660", "confidence_score": 0.6770576106698578, "segmentation_score": 0.5026327148977533, "topology_score": 1.0, "edge_alignment_score": 0.5037872015188137, "deviation_from_baseline_score": 1.0, "explanation": "Enclosed-face vectorization followed by the frozen 20,000-step PPO debug policy. Reference cadastral geometry was excluded from inference and used only for the comparison report. Invalid, overlap-increasing, alignment-degrading, or CRS-round-trip-invalid candidates were rejected.", "rl_refinement": {"policy_sha256": "36f4975a32bccffc348e88edeab2d4ba8ad88c180503f6316af39efae7223b29", "timesteps": 20000, "debug_policy": true, "before": {"valid": true, "alignment": 0.5037872015188137, "reference": 0.0, "overlap": 0.0, "displacement": 0.0, "jagged": 0.0, "coverage": 1.0}, "after": {"valid": true, "alignment": 0.5037872015188137, "reference": 0.0, "overlap": 0.0, "displacement": 0.0, "jagged": 0.0, "coverage": 1.0}, "accepted": true, "reward_mean": -0.0010000000000000005, "reward_std": 4.336808689942018e-19, "reward_sum": -0.12800000000000009, "rejected_actions": 0, "mean_vertex_displacement_m": 0.0}}, "geometry": {"type": "Polygon", "coordinates": [[[4.795803896490588, 52.16833854164923], [4.795796707479693, 52.16832951750789], [4.79580101669565, 52.16828010446795], [4.795812217108816, 52.16826218436476], [4.795834171240108, 52.16826004734962], [4.795841449580044, 52.1682623308499], [4.795844478314013, 52.16830953363233], [4.795822166816325, 52.16833863320468], [4.795803896490588, 52.16833854164923]]]}}, {"type": "Feature", "properties": {"class": "parcel", "candidate_index": 97, "raw_confidence": 0.49887977522962235, "boundary_alignment_score": 0.49887977522962235, "area_m2": 22.875000031881427, "vertex_count": 12, "vectorization": {"threshold": 0.5, "close_pixels": 5, "boundary_width_pixels": 0, "edge_buffer_pixels": 2, "min_area_m2": 20, "max_area_m2": 250000, "simplify_tolerance_m": 0.25, "min_boundary_alignment": 0.0}, "source_tile_id": "tile-110000-460000", "vectorization_aoi": "vectorization_v2", "calibration": "parameters selected only on train_selected_0; target reference excluded", "parcel_id": "f49fa29f-da5e-575d-a877-31c542c5a4be", "confidence_score": 0.6713871701006942, "segmentation_score": 0.49887977522962235, "topology_score": 1.0, "edge_alignment_score": 0.5048891625677546, "deviation_from_baseline_score": 0.96875, "explanation": "Enclosed-face vectorization followed by the frozen 20,000-step PPO debug policy. Reference cadastral geometry was excluded from inference and used only for the comparison report. Invalid, overlap-increasing, alignment-degrading, or CRS-round-trip-invalid candidates were rejected.", "rl_refinement": {"policy_sha256": "36f4975a32bccffc348e88edeab2d4ba8ad88c180503f6316af39efae7223b29", "timesteps": 20000, "debug_policy": true, "before": {"valid": true, "alignment": 0.49795248204221326, "reference": 0.0, "overlap": 0.0, "displacement": 0.0, "jagged": 0.0, "coverage": 1.0}, "after": {"valid": true, "alignment": 0.5048891625677546, "reference": 0.0, "overlap": 0.0, "displacement": 0.03125, "jagged": 0.09688086541401843, "coverage": 1.0}, "accepted": true, "reward_mean": -0.001225149988565101, "reward_std": 0.007236917725833652, "reward_sum": -0.15681919853633297, "rejected_actions": 0, "mean_vertex_displacement_m": 0.0625}}, "geometry": {"type": "Polygon", "coordinates": [[[4.796084291397711, 52.167861329289266], [4.7960809350226485, 52.16783884218778], [4.796091956624817, 52.16783440333568], [4.796106810831142, 52.16781650150512], [4.796110762489407, 52.16779405100786], [4.79611815982037, 52.16778734697146], [4.796140083941383, 52.16778745677884], [4.796143440342511, 52.167809943878886], [4.796146707461636, 52.16783917161844], [4.796120920949201, 52.16785477167014], [4.796106275082655, 52.16785694534319], [4.796102561528762, 52.16786142080099], [4.796084291397711, 52.167861329289266]]]}}, {"type": "Feature", "properties": {"class": "parcel", "candidate_index": 98, "raw_confidence": 0.510380812562429, "boundary_alignment_score": 0.510380812562429, "area_m2": 24.43750003408968, "vertex_count": 11, "vectorization": {"threshold": 0.5, "close_pixels": 5, "boundary_width_pixels": 0, "edge_buffer_pixels": 2, "min_area_m2": 20, "max_area_m2": 250000, "simplify_tolerance_m": 0.25, "min_boundary_alignment": 0.0}, "source_tile_id": "tile-110000-460000", "vectorization_aoi": "vectorization_v2", "calibration": "parameters selected only on train_selected_0; target reference excluded", "parcel_id": "68eb72f9-41b8-5d33-9d3e-6780c2f33260", "confidence_score": 0.6658975832689324, "segmentation_score": 0.510380812562429, "topology_score": 1.0, "edge_alignment_score": 0.5351434256881475, "deviation_from_baseline_score": 0.8448084744375866, "explanation": "Enclosed-face vectorization followed by the frozen 20,000-step PPO debug policy. Reference cadastral geometry was excluded from inference and used only for the comparison report. Invalid, overlap-increasing, alignment-degrading, or CRS-round-trip-invalid candidates were rejected.", "rl_refinement": {"policy_sha256": "36f4975a32bccffc348e88edeab2d4ba8ad88c180503f6316af39efae7223b29", "timesteps": 20000, "debug_policy": true, "before": {"valid": true, "alignment": 0.5082770235215625, "reference": 0.0, "overlap": 0.0, "displacement": 0.0, "jagged": 0.0, "coverage": 1.0}, "after": {"valid": true, "alignment": 0.5351434256881475, "reference": 0.0, "overlap": 0.0, "displacement": 0.15519152556241342, "jagged": 0.4058940176733071, "coverage": 1.0}, "accepted": true, "reward_mean": -0.0013644776981660465, "reward_std": 0.008896653692560158, "reward_sum": -0.174653145365254, "rejected_actions": 0, "mean_vertex_displacement_m": 0.31038305112482684}}, "geometry": {"type": "Polygon", "coordinates": [[[4.807211574843438, 52.163078688719324], [4.807204647172783, 52.16304944329463], [4.807208680417961, 52.1630202517425], [4.807212509255594, 52.16300678838773], [4.807223470159148, 52.1630068422594], [4.80722355775846, 52.16300010160329], [4.807252728433753, 52.163004739026896], [4.807259918910744, 52.16301376248056], [4.8072595977331565, 52.16303847821977], [4.80724477879355, 52.16305413459267], [4.80723349668591, 52.163078796461896], [4.807211574843438, 52.163078688719324]]]}}, {"type": "Feature", "properties": {"class": "parcel", "candidate_index": 99, "raw_confidence": 0.4935328069299755, "boundary_alignment_score": 0.4935328069299755, "area_m2": 30.68750003219975, "vertex_count": 8, "vectorization": {"threshold": 0.5, "close_pixels": 5, "boundary_width_pixels": 0, "edge_buffer_pixels": 2, "min_area_m2": 20, "max_area_m2": 250000, "simplify_tolerance_m": 0.25, "min_boundary_alignment": 0.0}, "source_tile_id": "tile-110000-460000", "vectorization_aoi": "vectorization_v2", "calibration": "parameters selected only on train_selected_0; target reference excluded", "parcel_id": "b87dad42-a59f-550e-aa61-9de4e017723f", "confidence_score": 0.633194301329328, "segmentation_score": 0.4935328069299755, "topology_score": 1.0, "edge_alignment_score": 0.5579319503158331, "deviation_from_baseline_score": 0.6205215587272433, "explanation": "Enclosed-face vectorization followed by the frozen 20,000-step PPO debug policy. Reference cadastral geometry was excluded from inference and used only for the comparison report. Invalid, overlap-increasing, alignment-degrading, or CRS-round-trip-invalid candidates were rejected.", "rl_refinement": {"policy_sha256": "36f4975a32bccffc348e88edeab2d4ba8ad88c180503f6316af39efae7223b29", "timesteps": 20000, "debug_policy": true, "before": {"valid": true, "alignment": 0.4860025104135275, "reference": 0.0, "overlap": 0.0, "displacement": 0.0, "jagged": 0.0, "coverage": 1.0}, "after": {"valid": true, "alignment": 0.5579319503158331, "reference": 0.0, "overlap": 0.0, "displacement": 0.37947844127275665, "jagged": 0.5565764036370449, "coverage": 1.0}, "accepted": true, "reward_mean": -0.00048190413600200633, "reward_std": 0.00753284500468997, "reward_sum": -0.061683729408256824, "rejected_actions": 0, "mean_vertex_displacement_m": 0.7589568825455133}}, "geometry": {"type": "Polygon", "coordinates": [[[4.792085181557244, 52.17481151229245], [4.792085691088345, 52.17477331540279], [4.792056933947333, 52.17473721796673], [4.792068167468475, 52.17471705136788], [4.792119391609721, 52.17471281559469], [4.792119241756489, 52.174724049974174], [4.792122566667375, 52.174748784035295], [4.792110853624837, 52.17480490065337], [4.792085181557244, 52.17481151229245]]]}}, {"type": "Feature", "properties": {"class": "parcel", "candidate_index": 100, "raw_confidence": 0.5005804532534116, "boundary_alignment_score": 0.5005804532534116, "area_m2": 21.68750002933848, "vertex_count": 11, "vectorization": {"threshold": 0.5, "close_pixels": 5, "boundary_width_pixels": 0, "edge_buffer_pixels": 2, "min_area_m2": 20, "max_area_m2": 250000, "simplify_tolerance_m": 0.25, "min_boundary_alignment": 0.0}, "source_tile_id": "tile-110000-460000", "vectorization_aoi": "vectorization_v2", "calibration": "parameters selected only on train_selected_0; target reference excluded", "parcel_id": "f9bb21a0-7724-5122-8518-2e89580daed3", "confidence_score": 0.6749287506819449, "segmentation_score": 0.5005804532534116, "topology_score": 1.0, "edge_alignment_score": 0.499085306810836, "deviation_from_baseline_score": 1.0, "explanation": "Enclosed-face vectorization followed by the frozen 20,000-step PPO debug policy. Reference cadastral geometry was excluded from inference and used only for the comparison report. Invalid, overlap-increasing, alignment-degrading, or CRS-round-trip-invalid candidates were rejected.", "rl_refinement": {"policy_sha256": "36f4975a32bccffc348e88edeab2d4ba8ad88c180503f6316af39efae7223b29", "timesteps": 20000, "debug_policy": true, "before": {"valid": true, "alignment": 0.499085306810836, "reference": 0.0, "overlap": 0.0, "displacement": 0.0, "jagged": 0.0, "coverage": 1.0}, "after": {"valid": true, "alignment": 0.499085306810836, "reference": 0.0, "overlap": 0.0, "displacement": 0.0, "jagged": 0.0, "coverage": 1.0}, "accepted": true, "reward_mean": -0.0010000000000000005, "reward_std": 4.336808689942018e-19, "reward_sum": -0.12800000000000009, "rejected_actions": 0, "mean_vertex_displacement_m": 0.0}}, "geometry": {"type": "Polygon", "coordinates": [[[4.811469150377574, 52.17887590075304], [4.811421665201775, 52.17887342210607], [4.811421926217758, 52.178853200180974], [4.811436661961353, 52.178844283973376], [4.8114512816979875, 52.17884435528629], [4.811466075431842, 52.178830945313806], [4.811502624762746, 52.17883112358349], [4.811517186501316, 52.178835688649436], [4.8115170415165425, 52.17884692305246], [4.811505989720766, 52.17885361021592], [4.811498679850869, 52.17885357456307], [4.811469150377574, 52.17887590075304]]]}}, {"type": "Feature", "properties": {"class": "parcel", "candidate_index": 101, "raw_confidence": 0.49595461961101084, "boundary_alignment_score": 0.49595461961101084, "area_m2": 21.343750018439096, "vertex_count": 8, "vectorization": {"threshold": 0.5, "close_pixels": 5, "boundary_width_pixels": 0, "edge_buffer_pixels": 2, "min_area_m2": 20, "max_area_m2": 250000, "simplify_tolerance_m": 0.25, "min_boundary_alignment": 0.0}, "source_tile_id": "tile-110000-460000", "vectorization_aoi": "vectorization_v2", "calibration": "parameters selected only on train_selected_0; target reference excluded", "parcel_id": "32dc83c9-b2ea-5fd5-89bb-309f649575df", "confidence_score": 0.6712242335628937, "segmentation_score": 0.49595461961101084, "topology_score": 1.0, "edge_alignment_score": 0.49213372233013314, "deviation_from_baseline_score": 1.0, "explanation": "Enclosed-face vectorization followed by the frozen 20,000-step PPO debug policy. Reference cadastral geometry was excluded from inference and used only for the comparison report. Invalid, overlap-increasing, alignment-degrading, or CRS-round-trip-invalid candidates were rejected.", "rl_refinement": {"policy_sha256": "36f4975a32bccffc348e88edeab2d4ba8ad88c180503f6316af39efae7223b29", "timesteps": 20000, "debug_policy": true, "before": {"valid": true, "alignment": 0.49213372233013314, "reference": 0.0, "overlap": 0.0, "displacement": 0.0, "jagged": 0.0, "coverage": 1.0}, "after": {"valid": true, "alignment": 0.49213372233013314, "reference": 0.0, "overlap": 0.0, "displacement": 0.0, "jagged": 0.0, "coverage": 1.0}, "accepted": true, "reward_mean": -0.0010000000000000005, "reward_std": 4.336808689942018e-19, "reward_sum": -0.12800000000000009, "rejected_actions": 0, "mean_vertex_displacement_m": 0.0}}, "geometry": {"type": "Polygon", "coordinates": [[[4.7931343646711255, 52.17204846017903], [4.793101654875654, 52.172034813360376], [4.793101924144856, 52.17201459146488], [4.793116631358314, 52.17200792441408], [4.793160483730016, 52.17200814514636], [4.7931858548785415, 52.1720240020405], [4.793185675391093, 52.1720374833043], [4.793163599612183, 52.17204860733132], [4.7931343646711255, 52.17204846017903]]]}}, {"type": "Feature", "properties": {"class": "parcel", "candidate_index": 102, "raw_confidence": 0.49845101435979206, "boundary_alignment_score": 0.49845101435979206, "area_m2": 21.34375003427158, "vertex_count": 9, "vectorization": {"threshold": 0.5, "close_pixels": 5, "boundary_width_pixels": 0, "edge_buffer_pixels": 2, "min_area_m2": 20, "max_area_m2": 250000, "simplify_tolerance_m": 0.25, "min_boundary_alignment": 0.0}, "source_tile_id": "tile-110000-460000", "vectorization_aoi": "vectorization_v2", "calibration": "parameters selected only on train_selected_0; target reference excluded", "parcel_id": "992b1475-d99a-57d0-82e8-819243fe4272", "confidence_score": 0.6739608307989936, "segmentation_score": 0.49845101435979206, "topology_score": 1.0, "edge_alignment_score": 0.4983432525768876, "deviation_from_baseline_score": 1.0, "explanation": "Enclosed-face vectorization followed by the frozen 20,000-step PPO debug policy. Reference cadastral geometry was excluded from inference and used only for the comparison report. Invalid, overlap-increasing, alignment-degrading, or CRS-round-trip-invalid candidates were rejected.", "rl_refinement": {"policy_sha256": "36f4975a32bccffc348e88edeab2d4ba8ad88c180503f6316af39efae7223b29", "timesteps": 20000, "debug_policy": true, "before": {"valid": true, "alignment": 0.4983432525768876, "reference": 0.0, "overlap": 0.0, "displacement": 0.0, "jagged": 0.0, "coverage": 1.0}, "after": {"valid": true, "alignment": 0.4983432525768876, "reference": 0.0, "overlap": 0.0, "displacement": 0.0, "jagged": 0.0, "coverage": 1.0}, "accepted": true, "reward_mean": -0.0010000000000000005, "reward_std": 4.336808689942018e-19, "reward_sum": -0.12800000000000009, "rejected_actions": 0, "mean_vertex_displacement_m": 0.0}}, "geometry": {"type": "Polygon", "coordinates": [[[4.811217560174082, 52.16495660189446], [4.81121805317847, 52.164918404833884], [4.811225447764352, 52.164911699843], [4.811229362553833, 52.1648914957029], [4.81123307434369, 52.16488701976415], [4.811254997087297, 52.164887126760775], [4.811269438264065, 52.164900679405335], [4.811269061294632, 52.164929888922536], [4.811239482951824, 52.164956708894074], [4.811217560174082, 52.16495660189446]]]}}, {"type": "Feature", "properties": {"class": "parcel", "candidate_index": 103, "raw_confidence": 0.49801017468174297, "boundary_alignment_score": 0.49801017468174297, "area_m2": 22.68750003839159, "vertex_count": 7, "vectorization": {"threshold": 0.5, "close_pixels": 5, "boundary_width_pixels": 0, "edge_buffer_pixels": 2, "min_area_m2": 20, "max_area_m2": 250000, "simplify_tolerance_m": 0.25, "min_boundary_alignment": 0.0}, "source_tile_id": "tile-110000-460000", "vectorization_aoi": "vectorization_v2", "calibration": "parameters selected only on train_selected_0; target reference excluded", "parcel_id": "b3ecd34c-9c4f-57a5-acc7-32488a7256d8", "confidence_score": 0.6760583023762419, "segmentation_score": 0.49801017468174297, "topology_score": 1.0, "edge_alignment_score": 0.5237062803159157, "deviation_from_baseline_score": 0.9642857142857143, "explanation": "Enclosed-face vectorization followed by the frozen 20,000-step PPO debug policy. Reference cadastral geometry was excluded from inference and used only for the comparison report. Invalid, overlap-increasing, alignment-degrading, or CRS-round-trip-invalid candidates were rejected.", "rl_refinement": {"policy_sha256": "36f4975a32bccffc348e88edeab2d4ba8ad88c180503f6316af39efae7223b29", "timesteps": 20000, "debug_policy": true, "before": {"valid": true, "alignment": 0.4955977275967598, "reference": 0.0, "overlap": 0.0, "displacement": 0.0, "jagged": 0.0, "coverage": 1.0}, "after": {"valid": true, "alignment": 0.5237062803159157, "reference": 0.0, "overlap": 0.0, "displacement": 0.03571428571428571, "jagged": 0.14285714285714285, "coverage": 1.0}, "accepted": true, "reward_mean": -0.0011856369781784394, "reward_std": 0.009140577306279984, "reward_sum": -0.15176153320684027, "rejected_actions": 0, "mean_vertex_displacement_m": 0.07142857142857142}}, "geometry": {"type": "Polygon", "coordinates": [[[4.811838327988256, 52.17887545386716], [4.811801778619273, 52.178875275701344], [4.811794584677529, 52.178866252544076], [4.811783677836221, 52.1788617053301], [4.811795193319717, 52.17881906804942], [4.811817122913405, 52.178819174951435], [4.811857066350516, 52.178839592854345], [4.811838327988256, 52.17887545386716]]]}}, {"type": "Feature", "properties": {"class": "parcel", "candidate_index": 104, "raw_confidence": 0.49411559073548567, "boundary_alignment_score": 0.49411559073548567, "area_m2": 23.187500029614966, "vertex_count": 15, "vectorization": {"threshold": 0.5, "close_pixels": 5, "boundary_width_pixels": 0, "edge_buffer_pixels": 2, "min_area_m2": 20, "max_area_m2": 250000, "simplify_tolerance_m": 0.25, "min_boundary_alignment": 0.0}, "source_tile_id": "tile-110000-460000", "vectorization_aoi": "vectorization_v2", "calibration": "parameters selected only on train_selected_0; target reference excluded", "parcel_id": "1cde4cc9-538e-57b1-bedc-4c2cc4038d5b", "confidence_score": 0.665098084660345, "segmentation_score": 0.49411559073548567, "topology_score": 1.0, "edge_alignment_score": 0.5113587596764168, "deviation_from_baseline_score": 0.925, "explanation": "Enclosed-face vectorization followed by the frozen 20,000-step PPO debug policy. Reference cadastral geometry was excluded from inference and used only for the comparison report. Invalid, overlap-increasing, alignment-degrading, or CRS-round-trip-invalid candidates were rejected.", "rl_refinement": {"policy_sha256": "36f4975a32bccffc348e88edeab2d4ba8ad88c180503f6316af39efae7223b29", "timesteps": 20000, "debug_policy": true, "before": {"valid": true, "alignment": 0.4927677245189746, "reference": 0.0, "overlap": 0.0, "displacement": 0.0, "jagged": 0.0, "coverage": 1.0}, "after": {"valid": true, "alignment": 0.5113587596764168, "reference": 0.0, "overlap": 0.0, "displacement": 0.075, "jagged": 0.18090169943749473, "coverage": 1.0}, "accepted": true, "reward_mean": -0.0015668747301960137, "reward_std": 0.0043498606801154254, "reward_sum": -0.20055996546508978, "rejected_actions": 0, "mean_vertex_displacement_m": 0.15}}, "geometry": {"type": "Polygon", "coordinates": [[[4.81068126480257, 52.162628309127136], [4.81067807560491, 52.162592341090786], [4.810681787257832, 52.16258786516746], [4.810685702085421, 52.162567661037414], [4.81068213556073, 52.162560902527595], [4.8106748283611065, 52.162560866827555], [4.8106749734890135, 52.16254963239427], [4.81069686605794, 52.1625519863796], [4.8107115385018036, 52.16254756400304], [4.810733489116922, 52.16254542420829], [4.810729487244426, 52.16257236900004], [4.810722121996438, 52.16257682707631], [4.810721860787304, 52.162597049056345], [4.810703360579888, 52.16261493490476], [4.810699590878086, 52.16262390460203], [4.81068126480257, 52.162628309127136]]]}}, {"type": "Feature", "properties": {"class": "parcel", "candidate_index": 105, "raw_confidence": 0.49484633229955843, "boundary_alignment_score": 0.49484633229955843, "area_m2": 26.312500029778676, "vertex_count": 7, "vectorization": {"threshold": 0.5, "close_pixels": 5, "boundary_width_pixels": 0, "edge_buffer_pixels": 2, "min_area_m2": 20, "max_area_m2": 250000, "simplify_tolerance_m": 0.25, "min_boundary_alignment": 0.0}, "source_tile_id": "tile-110000-460000", "vectorization_aoi": "vectorization_v2", "calibration": "parameters selected only on train_selected_0; target reference excluded", "parcel_id": "389a9b96-4fe4-5108-8015-3914d692c8b0", "confidence_score": 0.6446335295985178, "segmentation_score": 0.49484633229955843, "topology_score": 1.0, "edge_alignment_score": 0.5816059013207754, "deviation_from_baseline_score": 0.6463702859829316, "explanation": "Enclosed-face vectorization followed by the frozen 20,000-step PPO debug policy. Reference cadastral geometry was excluded from inference and used only for the comparison report. Invalid, overlap-increasing, alignment-degrading, or CRS-round-trip-invalid candidates were rejected.", "rl_refinement": {"policy_sha256": "36f4975a32bccffc348e88edeab2d4ba8ad88c180503f6316af39efae7223b29", "timesteps": 20000, "debug_policy": true, "before": {"valid": true, "alignment": 0.4945929761355122, "reference": 0.0, "overlap": 0.0, "displacement": 0.0, "jagged": 0.0, "coverage": 1.0}, "after": {"valid": true, "alignment": 0.5816059013207754, "reference": 0.0, "overlap": 0.0, "displacement": 0.35362971401706844, "jagged": 0.7373074420580635, "coverage": 1.0}, "accepted": true, "reward_mean": -0.0002497305430223301, "reward_std": 0.012981821848189976, "reward_sum": -0.03196550950685828, "rejected_actions": 0, "mean_vertex_displacement_m": 0.7072594280341369}}, "geometry": {"type": "Polygon", "coordinates": [[[4.81673638363888, 52.16657430384749], [4.8167665054796585, 52.16650479164777], [4.816770188127569, 52.166502562422565], [4.816795794328702, 52.16650043916545], [4.816810381311249, 52.16650275669572], [4.816809950512082, 52.16653646000204], [4.816765586369782, 52.16657669203391], [4.81673638363888, 52.16657430384749]]]}}]}