{
"type": "FeatureCollection",
"name": "reference_parcels",
"crs": { "type": "name", "properties": { "name": "urn:ogc:def:crs:OGC:1.3:CRS84" } },
"features": [
{ "type": "Feature", "properties": { "reference_id": 0 }, "geometry": { "type": "Polygon", "coordinates": [ [ [ 4.791795097737293, 52.1640885951374 ], [ 4.791659484098408, 52.164055082613586 ], [ 4.791523870663779, 52.164021569934022 ], [ 4.791388257433409, 52.163988057098678 ], [ 4.791252644407298, 52.163954544107604 ], [ 4.79111703158545, 52.163921030960722 ], [ 4.790981418967864, 52.163887517658054 ], [ 4.790845806554537, 52.163854004199656 ], [ 4.790710194345473, 52.163820490585465 ], [ 4.790574582340674, 52.163786976815544 ], [ 4.790438970540135, 52.163753462889879 ], [ 4.790303358943864, 52.163719948808364 ], [ 4.790167747551851, 52.163686434571105 ], [ 4.790032136364109, 52.163652920178123 ], [ 4.789896525380629, 52.163619405629376 ], [ 4.789760914601417, 52.163585890924828 ], [ 4.789625304026472, 52.16355237606453 ], [ 4.789489693655794, 52.163518861048487 ], [ 4.789354083489383, 52.163485345876673 ], [ 4.789218473527241, 52.163451830549093 ], [ 4.789082863769369, 52.163418315065748 ], [ 4.788947254215764, 52.163384799426673 ], [ 4.78881164486643, 52.163351283631783 ], [ 4.788767432933727, 52.163424343968614 ], [ 4.788716458882691, 52.163508578404212 ], [ 4.788665484638625, 52.163592812816283 ], [ 4.788614510201522, 52.163677047204807 ], [ 4.788643590285209, 52.16368427418351 ], [ 4.788779095853124, 52.163717949884528 ], [ 4.788914601626128, 52.163751625430081 ], [ 4.789050107604218, 52.163785300820088 ], [ 4.78918561378739, 52.163818976054579 ], [ 4.789321120175646, 52.163852651133524 ], [ 4.789456626768986, 52.163886326056975 ], [ 4.789540288902377, 52.163906316178277 ], [ 4.789676520123116, 52.163938866923573 ], [ 4.789812751543181, 52.163971417511668 ], [ 4.78994898316257, 52.164003967942612 ], [ 4.790085214981281, 52.164036518216356 ], [ 4.790109481131942, 52.164042376806577 ], [ 4.7902455257545, 52.164075222014539 ], [ 4.790381570577903, 52.164108067065719 ], [ 4.790517615602154, 52.164140911960182 ], [ 4.790653660827247, 52.164173756697842 ], [ 4.790746010086809, 52.164195746579317 ], [ 4.790882303507858, 52.164228200118608 ], [ 4.79101859712773, 52.164260653500541 ], [ 4.791154890946427, 52.164293106725147 ], [ 4.791291184963944, 52.164325559792445 ], [ 4.791427479180282, 52.164358012702387 ], [ 4.79147609674216, 52.164369818415572 ], [ 4.791612036887303, 52.164402828371678 ], [ 4.791747977234137, 52.164435838171293 ], [ 4.791883917782669, 52.164468847814369 ], [ 4.792004270267509, 52.164498530484792 ], [ 4.792139922275076, 52.164531986299401 ], [ 4.792135279983942, 52.164539525125527 ], [ 4.792083521025408, 52.164623578648815 ], [ 4.792031761871298, 52.164707632147909 ], [ 4.791980002521614, 52.16479168562276 ], [ 4.791928242976352, 52.164875739073373 ], [ 4.791921259937996, 52.16488708048194 ], [ 4.791869506265633, 52.164971135324258 ], [ 4.791817752397711, 52.165055190142432 ], [ 4.791765998334226, 52.165139244936348 ], [ 4.791714244075179, 52.165223299706049 ], [ 4.791850153385844, 52.165256361681315 ], [ 4.791986062898475, 52.165289423500099 ], [ 4.792121972613076, 52.165322485162413 ], [ 4.792257882529648, 52.165355546668323 ], [ 4.792393792648186, 52.165388608017743 ], [ 4.792529702968693, 52.165421669210772 ], [ 4.792665613491166, 52.165454730247326 ], [ 4.792801524215605, 52.165487791127454 ], [ 4.792937435142011, 52.165520851851092 ], [ 4.793073346270381, 52.165553912418304 ], [ 4.793209257600715, 52.165586972829047 ], [ 4.793345169133014, 52.16562003308335 ], [ 4.793481080867276, 52.165653093181206 ], [ 4.793616992803502, 52.165686153122607 ], [ 4.793752904941691, 52.16571921290754 ], [ 4.79388881728184, 52.165752272536018 ], [ 4.794024729823951, 52.165785332008063 ], [ 4.794160642568023, 52.165818391323654 ], [ 4.794296555514054, 52.165851450482769 ], [ 4.794432468662044, 52.165884509485437 ], [ 4.794568382011994, 52.165917568331714 ], [ 4.794704295563903, 52.165950627021459 ], [ 4.794840209317768, 52.165983685554799 ], [ 4.794976123273589, 52.166016743931628 ], [ 4.795112037431369, 52.166049802152038 ], [ 4.795247951791105, 52.16608286021598 ], [ 4.795383866352797, 52.166115918123424 ], [ 4.795519781116441, 52.166148975874499 ], [ 4.795655696082041, 52.166182033469042 ], [ 4.795791611249596, 52.166215090907166 ], [ 4.795927526619102, 52.166248148188821 ], [ 4.796063442190562, 52.166281205314007 ], [ 4.796199357963972, 52.166314262282711 ], [ 4.796335273939333, 52.166347319094996 ], [ 4.796471190116647, 52.166380375750798 ], [ 4.796607106495909, 52.166413432250131 ], [ 4.796743023077122, 52.166446488593031 ], [ 4.796854930678813, 52.16647370554513 ], [ 4.796903220780599, 52.166388874476766 ], [ 4.79695151069817, 52.166304043387136 ], [ 4.796999800431524, 52.166219212276218 ], [ 4.797048089980668, 52.16613438114404 ], [ 4.797053446747181, 52.166124970793327 ], [ 4.797101738252157, 52.166040140102602 ], [ 4.797150029572916, 52.165955309390533 ], [ 4.797198320709458, 52.165870478657233 ], [ 4.797246611661786, 52.165785647902638 ], [ 4.797256867625215, 52.165767631623837 ], [ 4.797305155432798, 52.165682800214604 ], [ 4.797353443056178, 52.165597968784056 ], [ 4.797401730495356, 52.165513137332269 ], [ 4.797421305109306, 52.165478748520336 ], [ 4.797355432791723, 52.165462474489708 ], [ 4.797219810778701, 52.165428968352849 ], [ 4.797084188969915, 52.165395462060232 ], [ 4.796948567365364, 52.165361955611822 ], [ 4.796812945965053, 52.165328449007589 ], [ 4.796677324768979, 52.165294942247613 ], [ 4.796541703777142, 52.165261435331807 ], [ 4.796406082989545, 52.165227928260258 ], [ 4.796270462406186, 52.165194421032901 ], [ 4.796134842027069, 52.16516091364975 ], [ 4.795999221852189, 52.165127406110805 ], [ 4.795863601881553, 52.165093898416131 ], [ 4.795727982115157, 52.165060390565621 ], [ 4.795592362553005, 52.165026882559346 ], [ 4.795456743195095, 52.164993374397305 ], [ 4.795321124041426, 52.164959866079421 ], [ 4.795185505092001, 52.164926357605815 ], [ 4.795049886346825, 52.164892848976443 ], [ 4.79491426780589, 52.164859340191214 ], [ 4.794778649469201, 52.164825831250248 ], [ 4.79464303133676, 52.164792322153517 ], [ 4.794507413408562, 52.164758812900992 ], [ 4.794371795684615, 52.164725303492666 ], [ 4.794236178164915, 52.164691793928597 ], [ 4.79410056084946, 52.16465828420872 ], [ 4.793964943738255, 52.164624774333078 ], [ 4.793829326831302, 52.16459126430167 ], [ 4.793693710128598, 52.164557754114483 ], [ 4.793558093630145, 52.164524243771481 ], [ 4.793422477335942, 52.16449073327275 ], [ 4.793286861245991, 52.164457222618204 ], [ 4.793151245360291, 52.164423711807885 ], [ 4.793015629678845, 52.164390200841829 ], [ 4.792880014201651, 52.16435668971998 ], [ 4.792744398928712, 52.164323178442373 ], [ 4.792608783860028, 52.16428966700898 ], [ 4.792473168995599, 52.164256155419807 ], [ 4.792337554335425, 52.164222643674876 ], [ 4.792201939879507, 52.164189131774158 ], [ 4.792066325627846, 52.164155619717683 ], [ 4.791930711580441, 52.164122107505392 ], [ 4.791795097737293, 52.1640885951374 ] ] ] } },
{ "type": "Feature", "properties": { "reference_id": 1 }, "geometry": { "type": "Polygon", "coordinates": [ [ [ 4.799321947361398, 52.165897716822521 ], [ 4.799186182909577, 52.165864427478866 ], [ 4.799171875183825, 52.165860919222709 ], [ 4.7990361109583, 52.165827629703671 ], [ 4.798900346935909, 52.165794340028597 ], [ 4.798764583116654, 52.165761050197325 ], [ 4.798628819500534, 52.165727760209968 ], [ 4.79849305608755, 52.165694470066576 ], [ 4.798357292877701, 52.165661179767007 ], [ 4.798221529870993, 52.16562788931131 ], [ 4.798085767067423, 52.165594598699528 ], [ 4.79807764393049, 52.165608723421592 ], [ 4.798032023869312, 52.165688092176282 ], [ 4.797983315983001, 52.165772832725935 ], [ 4.797934607911091, 52.165857573254002 ], [ 4.797885899653582, 52.165942313760475 ], [ 4.797837191210469, 52.166027054245298 ], [ 4.797788482581751, 52.166111794708449 ], [ 4.79773977376743, 52.166196535150029 ], [ 4.797691064767504, 52.166281275569993 ], [ 4.79764235558197, 52.166366015968315 ], [ 4.797593646210829, 52.166450756345043 ], [ 4.797544936654076, 52.166535496700142 ], [ 4.797496226911715, 52.166620237033598 ], [ 4.797447516983743, 52.166704977345447 ], [ 4.797398806870155, 52.166789717635652 ], [ 4.797350096570955, 52.166874457904242 ], [ 4.79730138608614, 52.166959198151197 ], [ 4.797252675415709, 52.167043938376558 ], [ 4.797203964559658, 52.167128678580269 ], [ 4.797155253517991, 52.167213418762351 ], [ 4.797106542290703, 52.167298158922797 ], [ 4.797057830877795, 52.167382899061678 ], [ 4.797009119279265, 52.167467639178859 ], [ 4.796960407495109, 52.167552379274447 ], [ 4.79691169552533, 52.167637119348434 ], [ 4.796862983369926, 52.167721859400771 ], [ 4.796814271028896, 52.167806599431444 ], [ 4.796765558502238, 52.16789133944053 ], [ 4.796716845789947, 52.167976079428009 ], [ 4.796729201543932, 52.167978850949503 ], [ 4.796866516845499, 52.168009652060164 ], [ 4.797003832337238, 52.168040453011159 ], [ 4.79714114801915, 52.168071253802474 ], [ 4.797278463891234, 52.16810205443408 ], [ 4.79741577995349, 52.168132854905991 ], [ 4.797553096205913, 52.168163655218201 ], [ 4.79769041264851, 52.168194455370724 ], [ 4.797827729281273, 52.168225255363566 ], [ 4.797853512060519, 52.168231101494122 ], [ 4.797990652352856, 52.168262197325298 ], [ 4.798127792836934, 52.168293292997163 ], [ 4.798264933512749, 52.16832438850976 ], [ 4.798402074380306, 52.168355483863017 ], [ 4.798429621682941, 52.168361722894069 ], [ 4.798566781240391, 52.168392787256131 ], [ 4.798703940989414, 52.168423851458833 ], [ 4.798841100930009, 52.168454915502238 ], [ 4.79897826106218, 52.16848597938629 ], [ 4.799009519640125, 52.168431505408307 ], [ 4.799058155156738, 52.168346748548444 ], [ 4.799106790487977, 52.16826199166708 ], [ 4.799155425633843, 52.168177234764109 ], [ 4.799204060594338, 52.1680924778396 ], [ 4.799252695369463, 52.168007720893534 ], [ 4.79930132995922, 52.167922963925889 ], [ 4.799349964363608, 52.1678382069367 ], [ 4.799398598582633, 52.167753449925975 ], [ 4.799447232616291, 52.167668692893606 ], [ 4.799495866464582, 52.167583935839723 ], [ 4.799544500127514, 52.167499178764281 ], [ 4.799593133605081, 52.167414421667274 ], [ 4.799641766897289, 52.167329664548703 ], [ 4.799690400004139, 52.167244907408588 ], [ 4.799739032925627, 52.1671601502469 ], [ 4.799787665661759, 52.167075393063627 ], [ 4.799836298212537, 52.166990635858845 ], [ 4.799884930577959, 52.166905878632448 ], [ 4.799933562758029, 52.166821121384565 ], [ 4.799982194752745, 52.166736364115096 ], [ 4.800030826562108, 52.166651606824026 ], [ 4.800079458186125, 52.166566849511447 ], [ 4.800128089624791, 52.166482092177297 ], [ 4.800176720878108, 52.166397334821582 ], [ 4.80022535194608, 52.166312577444295 ], [ 4.800273982828705, 52.166227820045464 ], [ 4.800322613525986, 52.166143062625096 ], [ 4.800297573658263, 52.166136923624094 ], [ 4.800161806349256, 52.166103637557534 ], [ 4.800026039243367, 52.166070351334916 ], [ 4.799890272340597, 52.166037064956171 ], [ 4.799754505640946, 52.166003778421299 ], [ 4.799729241935662, 52.165997583916997 ], [ 4.799593476874443, 52.16596429504164 ], [ 4.799457712016354, 52.165931006010155 ], [ 4.799321947361398, 52.165897716822521 ] ] ] } },
{ "type": "Feature", "properties": { "reference_id": 2 }, "geometry": { "type": "Polygon", "coordinates": [ [ [ 4.79751990982287, 52.165475187639096 ], [ 4.797506080439048, 52.165499701038229 ], [ 4.79745660937753, 52.165584274199318 ], [ 4.797407138127892, 52.165668847338146 ], [ 4.797357666690127, 52.165753420454728 ], [ 4.797308195064239, 52.165837993549047 ], [ 4.797258723250224, 52.16592256662112 ], [ 4.797209251248084, 52.166007139670931 ], [ 4.797159779057814, 52.166091712698481 ], [ 4.797110306679414, 52.166176285703777 ], [ 4.797060834112886, 52.166260858686833 ], [ 4.797011361358223, 52.166345431647606 ], [ 4.796961888415429, 52.166430004586125 ], [ 4.7969124152845, 52.166514577502404 ], [ 4.796862941965435, 52.166599150396394 ], [ 4.796813468458236, 52.166683723268157 ], [ 4.796763994762897, 52.166768296117645 ], [ 4.796714520879418, 52.166852868944865 ], [ 4.796665046807803, 52.166937441749852 ], [ 4.796615572548044, 52.16702201453257 ], [ 4.796566098100143, 52.16710658729302 ], [ 4.796516623464099, 52.167191160031223 ], [ 4.79646714863991, 52.167275732747129 ], [ 4.796417673627575, 52.167360305440823 ], [ 4.796368198427092, 52.167444878112228 ], [ 4.796318723038462, 52.167529450761414 ], [ 4.796311968705737, 52.167540996511896 ], [ 4.796263217208719, 52.167625727985858 ], [ 4.796214465525943, 52.16771045943819 ], [ 4.796165713657413, 52.167795190868866 ], [ 4.796135798135563, 52.167847184294466 ], [ 4.79615890943242, 52.167852293181916 ], [ 4.796296457251818, 52.167882698814772 ], [ 4.796434005259274, 52.167913104287429 ], [ 4.796567113627709, 52.167942532511965 ], [ 4.796581367401994, 52.16794568677183 ], [ 4.796716845789947, 52.167976079428009 ], [ 4.796765558502238, 52.16789133944053 ], [ 4.796814271028896, 52.167806599431444 ], [ 4.796862983369926, 52.167721859400771 ], [ 4.79691169552533, 52.167637119348434 ], [ 4.796960407495109, 52.167552379274447 ], [ 4.797009119279265, 52.167467639178859 ], [ 4.797057830877795, 52.167382899061678 ], [ 4.797106542290703, 52.167298158922797 ], [ 4.797155253517991, 52.167213418762351 ], [ 4.797203964559658, 52.167128678580269 ], [ 4.797252675415709, 52.167043938376558 ], [ 4.79730138608614, 52.166959198151197 ], [ 4.797350096570955, 52.166874457904242 ], [ 4.797398806870155, 52.166789717635652 ], [ 4.797447516983743, 52.166704977345447 ], [ 4.797496226911715, 52.166620237033598 ], [ 4.797544936654076, 52.166535496700142 ], [ 4.797593646210829, 52.166450756345043 ], [ 4.79764235558197, 52.166366015968315 ], [ 4.797691064767504, 52.166281275569993 ], [ 4.79773977376743, 52.166196535150029 ], [ 4.797788482581751, 52.166111794708449 ], [ 4.797837191210469, 52.166027054245298 ], [ 4.797885899653582, 52.165942313760475 ], [ 4.797934607911091, 52.165857573254002 ], [ 4.797983315983001, 52.165772832725935 ], [ 4.798032023869312, 52.165688092176282 ], [ 4.79807764393049, 52.165608723421592 ], [ 4.798068895918314, 52.165606628675725 ], [ 4.797932698949402, 52.165574015667715 ], [ 4.797932611649472, 52.165573994770369 ], [ 4.797796408764538, 52.165541391264817 ], [ 4.797792306216639, 52.165540408975929 ], [ 4.797656107919932, 52.165507798386052 ], [ 4.79751990982287, 52.165475187639096 ] ] ] } },
{ "type": "Feature", "properties": { "reference_id": 3 }, "geometry": { "type": "Polygon", "coordinates": [ [ [ 4.794024729823951, 52.165785332008063 ], [ 4.79388881728184, 52.165752272536018 ], [ 4.793752904941691, 52.16571921290754 ], [ 4.793616992803502, 52.165686153122607 ], [ 4.793481080867276, 52.165653093181206 ], [ 4.793345169133014, 52.16562003308335 ], [ 4.793209257600715, 52.165586972829047 ], [ 4.793073346270381, 52.165553912418304 ], [ 4.792937435142011, 52.165520851851092 ], [ 4.792801524215605, 52.165487791127454 ], [ 4.792665613491166, 52.165454730247326 ], [ 4.792529702968693, 52.165421669210772 ], [ 4.792393792648186, 52.165388608017743 ], [ 4.792257882529648, 52.165355546668323 ], [ 4.792121972613076, 52.165322485162413 ], [ 4.791986062898475, 52.165289423500099 ], [ 4.791850153385844, 52.165256361681315 ], [ 4.791714244075179, 52.165223299706049 ], [ 4.791706513540208, 52.165235853956538 ], [ 4.79165475551129, 52.165319907872984 ], [ 4.791602997286796, 52.165403961765165 ], [ 4.791551238866723, 52.165488015633152 ], [ 4.791499480251074, 52.165572069476958 ], [ 4.791625658744024, 52.165602804660509 ], [ 4.791761544962376, 52.165635904301794 ], [ 4.791897431382897, 52.165669003786633 ], [ 4.792033318005584, 52.16570210311508 ], [ 4.792169204830437, 52.165735202287188 ], [ 4.792305091857457, 52.165768301302897 ], [ 4.792440979086638, 52.165801400162167 ], [ 4.792576866517987, 52.165834498865024 ], [ 4.792712754151495, 52.165867597411534 ], [ 4.792848641987171, 52.165900695801611 ], [ 4.792984530025005, 52.165933794035325 ], [ 4.793120418265004, 52.16596689211265 ], [ 4.793256306707161, 52.165999990033541 ], [ 4.793392195351482, 52.166033087798077 ], [ 4.79352808419796, 52.16606618540618 ], [ 4.793663973246599, 52.1660992828579 ], [ 4.793799862497397, 52.166132380153208 ], [ 4.793935751950353, 52.166165477292154 ], [ 4.794071641605466, 52.166198574274659 ], [ 4.794207531462736, 52.166231671100789 ], [ 4.794343421522165, 52.166264767770514 ], [ 4.794479311783747, 52.166297864283834 ], [ 4.794615202247487, 52.166330960640742 ], [ 4.794751092913379, 52.166364056841253 ], [ 4.794886983781428, 52.166397152885359 ], [ 4.795022874851629, 52.166430248773075 ], [ 4.795158766123984, 52.166463344504358 ], [ 4.795294657598491, 52.166496440079293 ], [ 4.795430549275151, 52.166529535497808 ], [ 4.79556644115396, 52.166562630759898 ], [ 4.795702333234921, 52.166595725865555 ], [ 4.795838225518033, 52.166628820814857 ], [ 4.795974118003295, 52.166661915607719 ], [ 4.796110010690706, 52.166695010244226 ], [ 4.796245903580263, 52.16672810472425 ], [ 4.79638179667197, 52.166761199047919 ], [ 4.796517689965826, 52.166794293215148 ], [ 4.796653583461827, 52.166827387226036 ], [ 4.79670187683954, 52.16674255678624 ], [ 4.796750170033028, 52.166657726325163 ], [ 4.79679846304229, 52.166572895842826 ], [ 4.796846755867324, 52.166488065339202 ], [ 4.796854930678813, 52.16647370554513 ], [ 4.796743023077122, 52.166446488593031 ], [ 4.796607106495909, 52.166413432250131 ], [ 4.796471190116647, 52.166380375750798 ], [ 4.796335273939333, 52.166347319094996 ], [ 4.796199357963972, 52.166314262282711 ], [ 4.796063442190562, 52.166281205314007 ], [ 4.795927526619102, 52.166248148188821 ], [ 4.795791611249596, 52.166215090907166 ], [ 4.795655696082041, 52.166182033469042 ], [ 4.795519781116441, 52.166148975874499 ], [ 4.795383866352797, 52.166115918123424 ], [ 4.795247951791105, 52.16608286021598 ], [ 4.795112037431369, 52.166049802152038 ], [ 4.794976123273589, 52.166016743931628 ], [ 4.794840209317768, 52.165983685554799 ], [ 4.794704295563903, 52.165950627021459 ], [ 4.794568382011994, 52.165917568331714 ], [ 4.794432468662044, 52.165884509485437 ], [ 4.794296555514054, 52.165851450482769 ], [ 4.794160642568023, 52.165818391323654 ], [ 4.794024729823951, 52.165785332008063 ] ] ] } },
{ "type": "Feature", "properties": { "reference_id": 4 }, "geometry": { "type": "Polygon", "coordinates": [ [ [ 4.799155425633843, 52.168177234764109 ], [ 4.799106790487977, 52.16826199166708 ], [ 4.799058155156738, 52.168346748548444 ], [ 4.799009519640125, 52.168431505408307 ], [ 4.79897826106218, 52.16848597938629 ], [ 4.798990180908757, 52.168488678779312 ], [ 4.799127342413409, 52.168519740546444 ], [ 4.799264504109622, 52.168550802154179 ], [ 4.799401665997395, 52.168581863602618 ], [ 4.799538828076729, 52.168612924891725 ], [ 4.799587522262762, 52.168528180727527 ], [ 4.799636216263226, 52.1684434365417 ], [ 4.799684910078121, 52.168358692334238 ], [ 4.799733603707454, 52.16827394810521 ], [ 4.799782297151218, 52.168189203854574 ], [ 4.799830990409419, 52.168104459582302 ], [ 4.799879683482057, 52.168019715288438 ], [ 4.799928376369132, 52.167934970972929 ], [ 4.799977069070648, 52.167850226635849 ], [ 4.800025761586603, 52.167765482277126 ], [ 4.800074453917, 52.167680737896838 ], [ 4.800123146061842, 52.167595993494913 ], [ 4.800171838021126, 52.167511249071367 ], [ 4.800220529794855, 52.167426504626242 ], [ 4.800269221383034, 52.167341760159495 ], [ 4.800317912785657, 52.16725701567114 ], [ 4.800366604002731, 52.16717227116122 ], [ 4.800415295034252, 52.167087526629594 ], [ 4.800463985880226, 52.167002782076445 ], [ 4.800512676540652, 52.166918037501674 ], [ 4.800561367015532, 52.166833292905274 ], [ 4.800610057304865, 52.166748548287273 ], [ 4.800658747408657, 52.166663803647673 ], [ 4.800707437326902, 52.166579058986478 ], [ 4.800756127059605, 52.166494314303669 ], [ 4.80080481660677, 52.166409569599217 ], [ 4.800853505968393, 52.166324824873236 ], [ 4.80090219514448, 52.166240080125597 ], [ 4.800916409582584, 52.166215339470071 ], [ 4.800778496896371, 52.166185574293372 ], [ 4.80064058439475, 52.166155808955594 ], [ 4.800502672077718, 52.166126043456735 ], [ 4.80036475994528, 52.166096277796782 ], [ 4.800351141123175, 52.166093338427167 ], [ 4.800322613525986, 52.166143062625096 ], [ 4.800273982828705, 52.166227820045464 ], [ 4.80022535194608, 52.166312577444295 ], [ 4.800176720878108, 52.166397334821582 ], [ 4.800128089624791, 52.166482092177297 ], [ 4.800079458186125, 52.166566849511447 ], [ 4.800030826562108, 52.166651606824026 ], [ 4.799982194752745, 52.166736364115096 ], [ 4.799933562758029, 52.166821121384565 ], [ 4.799884930577959, 52.166905878632448 ], [ 4.799836298212537, 52.166990635858845 ], [ 4.799787665661759, 52.167075393063627 ], [ 4.799739032925627, 52.1671601502469 ], [ 4.799690400004139, 52.167244907408588 ], [ 4.799641766897289, 52.167329664548703 ], [ 4.799593133605081, 52.167414421667274 ], [ 4.799544500127514, 52.167499178764281 ], [ 4.799495866464582, 52.167583935839723 ], [ 4.799447232616291, 52.167668692893606 ], [ 4.799398598582633, 52.167753449925975 ], [ 4.799349964363608, 52.1678382069367 ], [ 4.79930132995922, 52.167922963925889 ], [ 4.799252695369463, 52.168007720893534 ], [ 4.799204060594338, 52.1680924778396 ], [ 4.799155425633843, 52.168177234764109 ] ] ] } },
{ "type": "Feature", "properties": { "reference_id": 5 }, "geometry": { "type": "Polygon", "coordinates": [ [ [ 4.798264933512749, 52.16832438850976 ], [ 4.798127792836934, 52.168293292997163 ], [ 4.797990652352856, 52.168262197325298 ], [ 4.797853512060519, 52.168231101494122 ], [ 4.797827729281273, 52.168225255363566 ], [ 4.797800996562152, 52.168271572428523 ], [ 4.797938624624953, 52.16830184269201 ], [ 4.798076252875091, 52.168332112795099 ], [ 4.798213881312564, 52.168362382737769 ], [ 4.79835150993737, 52.168392652519991 ], [ 4.798377419503145, 52.168398350998849 ], [ 4.798514483944243, 52.168429573879592 ], [ 4.798651548577752, 52.168460796601238 ], [ 4.798788613403675, 52.1684920191638 ], [ 4.79892567842201, 52.1685232415672 ], [ 4.798953276101556, 52.168529528091128 ], [ 4.799090342424059, 52.168560748522303 ], [ 4.79922740893896, 52.16859196879436 ], [ 4.799364475646267, 52.168623188907318 ], [ 4.799501542545974, 52.168654408861158 ], [ 4.799513440426457, 52.168657118851463 ], [ 4.799650506133761, 52.168688340958781 ], [ 4.799787572033475, 52.168719562906929 ], [ 4.799924638125602, 52.168750784696044 ], [ 4.800061704410141, 52.168782006325991 ], [ 4.800073156038525, 52.16878461482483 ], [ 4.800210221994037, 52.168815837174591 ], [ 4.800213937991415, 52.168816683641396 ], [ 4.80021900421455, 52.168808251026782 ], [ 4.800246417315218, 52.168814499285858 ], [ 4.800241351214768, 52.168822922914103 ], [ 4.800378417480032, 52.16885414494633 ], [ 4.800515483937705, 52.168885366819488 ], [ 4.800636955534786, 52.168913036226037 ], [ 4.800774023446404, 52.168944255988038 ], [ 4.800911091550427, 52.168975475590933 ], [ 4.801048159846847, 52.169006695034717 ], [ 4.801185228335671, 52.169037914319389 ], [ 4.80122514040591, 52.169047004819049 ], [ 4.80136221009275, 52.169078222321865 ], [ 4.801499279971979, 52.16910943966554 ], [ 4.801636350043601, 52.169140656850111 ], [ 4.801773420307607, 52.169171873875555 ], [ 4.801786614863035, 52.169174878854832 ], [ 4.801923684383676, 52.169206097290058 ], [ 4.802060754096712, 52.169237315566122 ], [ 4.802197824002142, 52.169268533683073 ], [ 4.802334894099967, 52.169299751640914 ], [ 4.802471964390186, 52.169330969439621 ], [ 4.802609034872798, 52.169362187079216 ], [ 4.802746105547806, 52.169393404559685 ], [ 4.8028831764152, 52.169424621881035 ], [ 4.802926289782609, 52.169434440729631 ], [ 4.802939693913535, 52.169411012173676 ], [ 4.802953860894729, 52.169386257152539 ], [ 4.802816695098954, 52.169355198072665 ], [ 4.802679529494734, 52.169324138833446 ], [ 4.802542364082066, 52.169293079434858 ], [ 4.802405198860954, 52.169262019876911 ], [ 4.802268033831396, 52.169230960159695 ], [ 4.802130868993392, 52.169199900283097 ], [ 4.801993704346947, 52.169168840247188 ], [ 4.801856539892057, 52.169137780051884 ], [ 4.801813569961377, 52.169128049687295 ], [ 4.801676405213661, 52.169096990191697 ], [ 4.801539240657503, 52.169065930536767 ], [ 4.801402076292897, 52.169034870722498 ], [ 4.801264912119845, 52.169003810748926 ], [ 4.801127748138351, 52.168972750615993 ], [ 4.800990584348411, 52.168941690323663 ], [ 4.80085342075003, 52.168910629872066 ], [ 4.800716257343207, 52.168879569261094 ], [ 4.800663148638038, 52.168867542756857 ], [ 4.800525985343698, 52.168836482180701 ], [ 4.800388822240918, 52.168805421445242 ], [ 4.800268324733028, 52.168778134484789 ], [ 4.800263258640871, 52.168786558114022 ], [ 4.800235815849248, 52.168780345663556 ], [ 4.800240896562284, 52.168771922108192 ], [ 4.800103735256748, 52.168740858705682 ], [ 4.80009546321499, 52.16873898530087 ], [ 4.79995830148413, 52.168707922778609 ], [ 4.799821139944837, 52.168676860097023 ], [ 4.799683978597113, 52.168645797256119 ], [ 4.799546817440953, 52.168614734255875 ], [ 4.799538828076729, 52.168612924891725 ], [ 4.799401665997395, 52.168581863602618 ], [ 4.799264504109622, 52.168550802154179 ], [ 4.799127342413409, 52.168519740546444 ], [ 4.798990180908757, 52.168488678779312 ], [ 4.79897826106218, 52.16848597938629 ], [ 4.798841100930009, 52.168454915502238 ], [ 4.798703940989414, 52.168423851458833 ], [ 4.798566781240391, 52.168392787256131 ], [ 4.798429621682941, 52.168361722894069 ], [ 4.798402074380306, 52.168355483863017 ], [ 4.798264933512749, 52.16832438850976 ] ] ] } },
{ "type": "Feature", "properties": { "reference_id": 6 }, "geometry": { "type": "Polygon", "coordinates": [ [ [ 4.79835150993737, 52.168392652519991 ], [ 4.798213881312564, 52.168362382737769 ], [ 4.798076252875091, 52.168332112795099 ], [ 4.797938624624953, 52.16830184269201 ], [ 4.797800996562152, 52.168271572428523 ], [ 4.797778882783589, 52.168309892215049 ], [ 4.797730001573536, 52.16839459560466 ], [ 4.797681120177288, 52.168479298972564 ], [ 4.797632238594852, 52.168564002318668 ], [ 4.797583356826221, 52.168648705643001 ], [ 4.797534474871399, 52.168733408945585 ], [ 4.797485592730378, 52.168818112226411 ], [ 4.797436710403162, 52.168902815485453 ], [ 4.79738782788975, 52.168987518722709 ], [ 4.797338945190139, 52.169072221938208 ], [ 4.797290062304327, 52.169156925131936 ], [ 4.797241179232316, 52.169241628303951 ], [ 4.797192295974102, 52.16932633145413 ], [ 4.797143412529683, 52.169411034582545 ], [ 4.797094528899062, 52.169495737689225 ], [ 4.797045645082233, 52.169580440774098 ], [ 4.796996761079199, 52.169665143837236 ], [ 4.796947876889957, 52.169749846878595 ], [ 4.796898992514503, 52.169834549898177 ], [ 4.796850107952841, 52.169919252895973 ], [ 4.796801223204968, 52.170003955872041 ], [ 4.796752338270882, 52.170088658826273 ], [ 4.796703453150584, 52.170173361758778 ], [ 4.796654567844069, 52.170258064669511 ], [ 4.796605682351337, 52.170342767558481 ], [ 4.796588249616016, 52.170372972968629 ], [ 4.79653936408788, 52.170457675875447 ], [ 4.796490478373525, 52.17054237876048 ], [ 4.796441592472953, 52.170627081623749 ], [ 4.796392706386159, 52.170711784465269 ], [ 4.796343820113141, 52.170796487284967 ], [ 4.796294933653904, 52.17088119008293 ], [ 4.796246047008442, 52.17096589285913 ], [ 4.796197160176752, 52.171050595613529 ], [ 4.796148273158838, 52.171135298346158 ], [ 4.796099385954697, 52.171220001057016 ], [ 4.796050498564328, 52.171304703746081 ], [ 4.796001610987728, 52.171389406413404 ], [ 4.795952723224896, 52.171474109058906 ], [ 4.795903835275833, 52.171558811682679 ], [ 4.795854947140537, 52.171643514284682 ], [ 4.795806058819003, 52.171728216864864 ], [ 4.795757170311236, 52.171812919423274 ], [ 4.795708281617232, 52.171897621959957 ], [ 4.795659392736992, 52.171982324474826 ], [ 4.795610503670511, 52.172067026967945 ], [ 4.795561614417788, 52.172151729439271 ], [ 4.795512724978823, 52.17223643188882 ], [ 4.79546383535362, 52.172321134316576 ], [ 4.795414945542168, 52.172405836722568 ], [ 4.795366055544473, 52.172490539106789 ], [ 4.795317165360533, 52.172575241469232 ], [ 4.795268274990342, 52.172659943809869 ], [ 4.795219384433907, 52.172744646128756 ], [ 4.795170493691218, 52.172829348425857 ], [ 4.795121602762284, 52.172914050701188 ], [ 4.795072711647091, 52.17299875295474 ], [ 4.795023820345649, 52.173083455186493 ], [ 4.794974928857951, 52.173168157396518 ], [ 4.794926037183997, 52.173252859584672 ], [ 4.794877145323787, 52.173337561751111 ], [ 4.79482825327732, 52.173422263895759 ], [ 4.794779361044593, 52.1735069660186 ], [ 4.794730468625605, 52.173591668119712 ], [ 4.794681576020356, 52.173676370198976 ], [ 4.794632683228845, 52.173761072256518 ], [ 4.79458379025107, 52.173845774292268 ], [ 4.79453489708703, 52.173930476306218 ], [ 4.794486003736722, 52.174015178298376 ], [ 4.794437110200151, 52.174099880268798 ], [ 4.794388216477308, 52.1741845822174 ], [ 4.794339322568196, 52.174269284144216 ], [ 4.794373202623431, 52.17426183888977 ], [ 4.794510860323899, 52.174231588027951 ], [ 4.7946485178382, 52.174201337005073 ], [ 4.794786175166332, 52.174171085821193 ], [ 4.794923831082787, 52.174140832368373 ], [ 4.795061486813064, 52.174110578754558 ], [ 4.795096127949674, 52.174102965384961 ], [ 4.795144873588971, 52.174018231195646 ], [ 4.795193619042494, 52.17393349698466 ], [ 4.79524236431024, 52.173848762752037 ], [ 4.795291109392213, 52.17376402849775 ], [ 4.795339854288414, 52.173679294221763 ], [ 4.795388598998843, 52.173594559924155 ], [ 4.795437343523496, 52.173509825604896 ], [ 4.795486087862387, 52.173425091263958 ], [ 4.795534832015507, 52.173340356901377 ], [ 4.795583575982862, 52.173255622517097 ], [ 4.79563231976445, 52.17317088811123 ], [ 4.795681063360272, 52.173086153683663 ], [ 4.79572980677033, 52.173001419234417 ], [ 4.795778549994628, 52.17291668476355 ], [ 4.795827293033163, 52.172831950271046 ], [ 4.795876035885938, 52.172747215756836 ], [ 4.795924778552955, 52.172662481220996 ], [ 4.795973521034215, 52.17257774666345 ], [ 4.796022263329718, 52.172493012084331 ], [ 4.796071005439465, 52.172408277483484 ], [ 4.796119747363459, 52.172323542861051 ], [ 4.796168489101698, 52.17223880821691 ], [ 4.796217230654188, 52.172154073551155 ], [ 4.796265972020926, 52.172069338863714 ], [ 4.796314713201913, 52.171984604154609 ], [ 4.796363454197152, 52.171899869423861 ], [ 4.796412195006647, 52.171815134671483 ], [ 4.796460935630392, 52.171730399897442 ], [ 4.796509676068394, 52.171645665101714 ], [ 4.796558416320653, 52.171560930284386 ], [ 4.796607156387168, 52.171476195445379 ], [ 4.796655896267942, 52.171391460584694 ], [ 4.796704635962977, 52.171306725702379 ], [ 4.796753375472273, 52.171221990798415 ], [ 4.796802114795829, 52.171137255872821 ], [ 4.796850853933649, 52.171052520925528 ], [ 4.796899592885734, 52.17096778595662 ], [ 4.796948331652085, 52.170883050966054 ], [ 4.796997070232702, 52.17079831595381 ], [ 4.79704580862759, 52.170713580919937 ], [ 4.797094546836743, 52.170628845864421 ], [ 4.797143284860168, 52.170544110787269 ], [ 4.797192022697863, 52.170459375688438 ], [ 4.797240760349835, 52.170374640567935 ], [ 4.797289497816077, 52.17028990542584 ], [ 4.797338235096595, 52.170205170262051 ], [ 4.797386972191389, 52.170120435076626 ], [ 4.797435709100461, 52.170035699869587 ], [ 4.797484445823812, 52.16995096464084 ], [ 4.797533182361441, 52.169866229390472 ], [ 4.797581918713351, 52.16978149411846 ], [ 4.797630654879544, 52.169696758824784 ], [ 4.797679390860019, 52.169612023509494 ], [ 4.797728126654779, 52.169527288172524 ], [ 4.797776862263825, 52.169442552813948 ], [ 4.797825597687158, 52.169357817433671 ], [ 4.797874332924776, 52.169273082031786 ], [ 4.797923067976685, 52.169188346608223 ], [ 4.797971802842886, 52.169103611163038 ], [ 4.798020537523374, 52.169018875696189 ], [ 4.79806927201816, 52.168934140207725 ], [ 4.798118006327234, 52.168849404697575 ], [ 4.798166740450608, 52.168764669165824 ], [ 4.798215474388273, 52.168679933612388 ], [ 4.79826420814024, 52.168595198037345 ], [ 4.7983129417065, 52.168510462440629 ], [ 4.798361675087064, 52.16842572682225 ], [ 4.798377419503145, 52.168398350998849 ], [ 4.79835150993737, 52.168392652519991 ] ] ] } },
{ "type": "Feature", "properties": { "reference_id": 7 }, "geometry": { "type": "Polygon", "coordinates": [ [ [ 4.79741577995349, 52.168132854905991 ], [ 4.797278463891234, 52.16810205443408 ], [ 4.79714114801915, 52.168071253802474 ], [ 4.797003832337238, 52.168040453011159 ], [ 4.796866516845499, 52.168009652060164 ], [ 4.796729201543932, 52.167978850949503 ], [ 4.796716845789947, 52.167976079428009 ], [ 4.796581367401994, 52.16794568677183 ], [ 4.796567113627709, 52.167942532511965 ], [ 4.796434005259274, 52.167913104287429 ], [ 4.796296457251818, 52.167882698814772 ], [ 4.79615890943242, 52.167852293181916 ], [ 4.796135798135563, 52.167847184294466 ], [ 4.796114612665273, 52.167884001365877 ], [ 4.796251920636322, 52.167914814333592 ], [ 4.796389228797604, 52.16794562714162 ], [ 4.796526537149123, 52.167976439789989 ], [ 4.796663845690877, 52.168007252278663 ], [ 4.796694868597104, 52.168014213892896 ], [ 4.796762632671341, 52.168029419340677 ], [ 4.796899942533886, 52.168060229880439 ], [ 4.797037252586652, 52.168091040260457 ], [ 4.797103757545392, 52.16810676006898 ], [ 4.797240191403847, 52.168139008852506 ], [ 4.797255263604073, 52.168142571676526 ], [ 4.797391696546885, 52.168174822100994 ], [ 4.797528129687505, 52.168207072367828 ], [ 4.797664563025927, 52.168239322477035 ], [ 4.797800996562152, 52.168271572428523 ], [ 4.797827729281273, 52.168225255363566 ], [ 4.79769041264851, 52.168194455370724 ], [ 4.797553096205913, 52.168163655218201 ], [ 4.79741577995349, 52.168132854905991 ] ] ] } },
{ "type": "Feature", "properties": { "reference_id": 8 }, "geometry": { "type": "Polygon", "coordinates": [ [ [ 4.797391696546885, 52.168174822100994 ], [ 4.797255263604073, 52.168142571676526 ], [ 4.797240191403847, 52.168139008852506 ], [ 4.79721060037536, 52.168190303656679 ], [ 4.797161734478613, 52.168275010358393 ], [ 4.797112868395721, 52.168359717038328 ], [ 4.79706400212669, 52.168444423696528 ], [ 4.797015135671519, 52.168529130332978 ], [ 4.796966269030204, 52.168613836947642 ], [ 4.796917402202745, 52.168698543540572 ], [ 4.796868535189137, 52.168783250111737 ], [ 4.796819667989388, 52.168867956661188 ], [ 4.796770800603487, 52.168952663188826 ], [ 4.796721933031439, 52.169037369694728 ], [ 4.796673065273244, 52.169122076178866 ], [ 4.796624197328891, 52.169206782641282 ], [ 4.79657532919839, 52.169291489081886 ], [ 4.796526460881736, 52.169376195500782 ], [ 4.796477592378925, 52.169460901897899 ], [ 4.796428723689961, 52.169545608273253 ], [ 4.796379854814837, 52.169630314626886 ], [ 4.796330985753556, 52.169715020958705 ], [ 4.796282116506115, 52.169799727268803 ], [ 4.796233247072514, 52.169884433557144 ], [ 4.79618437745275, 52.169969139823728 ], [ 4.796135507646826, 52.170053846068534 ], [ 4.796086637654736, 52.170138552291597 ], [ 4.796037767476481, 52.170223258492875 ], [ 4.796176065823974, 52.170252361591778 ], [ 4.796314364352501, 52.170281464528685 ], [ 4.796452663062062, 52.170310567303602 ], [ 4.796590961952651, 52.170339669916601 ], [ 4.796605682351337, 52.170342767558481 ], [ 4.796654567844069, 52.170258064669511 ], [ 4.796703453150584, 52.170173361758778 ], [ 4.796752338270882, 52.170088658826273 ], [ 4.796801223204968, 52.170003955872041 ], [ 4.796850107952841, 52.169919252895973 ], [ 4.796898992514503, 52.169834549898177 ], [ 4.796947876889957, 52.169749846878595 ], [ 4.796996761079199, 52.169665143837236 ], [ 4.797045645082233, 52.169580440774098 ], [ 4.797094528899062, 52.169495737689225 ], [ 4.797143412529683, 52.169411034582545 ], [ 4.797192295974102, 52.16932633145413 ], [ 4.797241179232316, 52.169241628303951 ], [ 4.797290062304327, 52.169156925131936 ], [ 4.797338945190139, 52.169072221938208 ], [ 4.79738782788975, 52.168987518722709 ], [ 4.797436710403162, 52.168902815485453 ], [ 4.797485592730378, 52.168818112226411 ], [ 4.797534474871399, 52.168733408945585 ], [ 4.797583356826221, 52.168648705643001 ], [ 4.797632238594852, 52.168564002318668 ], [ 4.797681120177288, 52.168479298972564 ], [ 4.797730001573536, 52.16839459560466 ], [ 4.797778882783589, 52.168309892215049 ], [ 4.797800996562152, 52.168271572428523 ], [ 4.797664563025927, 52.168239322477035 ], [ 4.797528129687505, 52.168207072367828 ], [ 4.797391696546885, 52.168174822100994 ] ] ] } },
{ "type": "Feature", "properties": { "reference_id": 9 }, "geometry": { "type": "Polygon", "coordinates": [ [ [ 4.800074453917, 52.167680737896838 ], [ 4.800025761586603, 52.167765482277126 ], [ 4.799977069070648, 52.167850226635849 ], [ 4.799928376369132, 52.167934970972929 ], [ 4.799879683482057, 52.168019715288438 ], [ 4.799830990409419, 52.168104459582302 ], [ 4.799782297151218, 52.168189203854574 ], [ 4.799733603707454, 52.16827394810521 ], [ 4.799684910078121, 52.168358692334238 ], [ 4.799636216263226, 52.1684434365417 ], [ 4.799587522262762, 52.168528180727527 ], [ 4.799538828076729, 52.168612924891725 ], [ 4.799546817440953, 52.168614734255875 ], [ 4.799683978597113, 52.168645797256119 ], [ 4.799821139944837, 52.168676860097023 ], [ 4.79995830148413, 52.168707922778609 ], [ 4.80009546321499, 52.16873898530087 ], [ 4.800144411219949, 52.168654296411667 ], [ 4.800193359038499, 52.168569607500636 ], [ 4.800242306670642, 52.168484918567799 ], [ 4.800291254116375, 52.16840022961312 ], [ 4.800340201375701, 52.168315540636641 ], [ 4.800389148448622, 52.168230851638327 ], [ 4.80043809533514, 52.168146162618235 ], [ 4.800487042035252, 52.168061473576266 ], [ 4.800535988548964, 52.167976784512533 ], [ 4.800584934876274, 52.167892095426957 ], [ 4.800633881017184, 52.16780740631954 ], [ 4.800682826971695, 52.167722717190308 ], [ 4.800731772739809, 52.167638028039278 ], [ 4.800780718321528, 52.167553338866441 ], [ 4.800829663716851, 52.16746864967174 ], [ 4.800878608925779, 52.167383960455261 ], [ 4.800927553948316, 52.167299271216947 ], [ 4.800976498784463, 52.167214581956848 ], [ 4.801025443434216, 52.167129892674907 ], [ 4.80107438789758, 52.167045203371146 ], [ 4.801123332174557, 52.166960514045584 ], [ 4.801172276265149, 52.166875824698181 ], [ 4.801221220169351, 52.166791135328971 ], [ 4.801270163887174, 52.166706445937976 ], [ 4.801319107418609, 52.166621756525124 ], [ 4.801368050763662, 52.166537067090474 ], [ 4.801416993922336, 52.166452377634016 ], [ 4.801465936894629, 52.166367688155766 ], [ 4.801514879680544, 52.16628299865566 ], [ 4.801563822280081, 52.166198309133755 ], [ 4.801612764693242, 52.166113619590014 ], [ 4.801661706920028, 52.166028930024488 ], [ 4.801710648960439, 52.165944240437177 ], [ 4.801759590814477, 52.165859550828024 ], [ 4.801808532482144, 52.16577486119705 ], [ 4.80185747396344, 52.165690171544227 ], [ 4.801906415258368, 52.16560548186964 ], [ 4.801955356366927, 52.165520792173233 ], [ 4.802004297289119, 52.165436102455018 ], [ 4.802053238024945, 52.165351412714976 ], [ 4.802102178574405, 52.16526672295312 ], [ 4.802151118937505, 52.165182033169501 ], [ 4.802200059114239, 52.165097343364017 ], [ 4.802248999104616, 52.165012653536749 ], [ 4.802297938908628, 52.164927963687653 ], [ 4.802346878526284, 52.164843273816736 ], [ 4.802395817957581, 52.164758583924062 ], [ 4.802444757202524, 52.164673894009553 ], [ 4.80249369626111, 52.164589204073245 ], [ 4.802542635133342, 52.164504514115073 ], [ 4.802591573819222, 52.164419824135152 ], [ 4.802640512318748, 52.164335134133388 ], [ 4.802689450631924, 52.16425044410984 ], [ 4.802738388758752, 52.16416575406447 ], [ 4.80278732669923, 52.164081063997308 ], [ 4.802836264453362, 52.163996373908311 ], [ 4.802885202021146, 52.163911683797522 ], [ 4.802934139402587, 52.163826993664927 ], [ 4.802983076597682, 52.163742303510531 ], [ 4.803032013606439, 52.163657613334294 ], [ 4.803080950428853, 52.163572923136279 ], [ 4.803129887064927, 52.163488232916478 ], [ 4.803178823514661, 52.163403542674843 ], [ 4.803227759778056, 52.163318852411372 ], [ 4.803276695855116, 52.163234162126159 ], [ 4.803325631745841, 52.163149471819104 ], [ 4.803374567450232, 52.163064781490263 ], [ 4.803423502968286, 52.162980091139609 ], [ 4.803431384200966, 52.162966451436567 ], [ 4.803293744246975, 52.162936229881183 ], [ 4.80315610448, 52.162906008165336 ], [ 4.803018464900048, 52.162875786289028 ], [ 4.802880825507112, 52.162845564252251 ], [ 4.802855509809757, 52.162840005560511 ], [ 4.802806828032989, 52.162924751165249 ], [ 4.802758146070727, 52.163009496748408 ], [ 4.802709463922971, 52.163094242309967 ], [ 4.802660781589724, 52.163178987849896 ], [ 4.802612099070981, 52.163263733368268 ], [ 4.802563416366739, 52.163348478865053 ], [ 4.802514733477001, 52.163433224340174 ], [ 4.802466050401764, 52.163517969793752 ], [ 4.802417367141027, 52.163602715225736 ], [ 4.802368683694788, 52.163687460636105 ], [ 4.802320000063049, 52.163772206024895 ], [ 4.802271316245805, 52.163856951392077 ], [ 4.802222632243056, 52.163941696737631 ], [ 4.802173948054801, 52.16402644206164 ], [ 4.802125263681041, 52.164111187363993 ], [ 4.802076579121771, 52.164195932644809 ], [ 4.80202789437699, 52.16428067790396 ], [ 4.801979209446703, 52.164365423141582 ], [ 4.801930524330901, 52.164450168357554 ], [ 4.801881839029586, 52.164534913551954 ], [ 4.801833153542757, 52.164619658724725 ], [ 4.801784467870415, 52.164704403875909 ], [ 4.801735782012557, 52.164789149005529 ], [ 4.80168709596918, 52.164873894113526 ], [ 4.801638409740282, 52.164958639199895 ], [ 4.801589723325869, 52.165043384264685 ], [ 4.801541036725931, 52.165128129307874 ], [ 4.801492349940474, 52.165212874329455 ], [ 4.801443662969491, 52.165297619329415 ], [ 4.801394975812983, 52.165382364307789 ], [ 4.801346288470953, 52.165467109264583 ], [ 4.801297600943395, 52.165551854199755 ], [ 4.801248913230308, 52.165636599113334 ], [ 4.801200225331692, 52.165721344005306 ], [ 4.801151537247546, 52.165806088875648 ], [ 4.80110284897787, 52.165890833724433 ], [ 4.801054160522658, 52.16597557855161 ], [ 4.801005471881914, 52.166060323357136 ], [ 4.800956783055636, 52.166145068141098 ], [ 4.800916409582584, 52.166215339470071 ], [ 4.80090219514448, 52.166240080125597 ], [ 4.800853505968393, 52.166324824873236 ], [ 4.80080481660677, 52.166409569599217 ], [ 4.800756127059605, 52.166494314303669 ], [ 4.800707437326902, 52.166579058986478 ], [ 4.800658747408657, 52.166663803647673 ], [ 4.800610057304865, 52.166748548287273 ], [ 4.800561367015532, 52.166833292905274 ], [ 4.800512676540652, 52.166918037501674 ], [ 4.800463985880226, 52.167002782076445 ], [ 4.800415295034252, 52.167087526629594 ], [ 4.800366604002731, 52.16717227116122 ], [ 4.800317912785657, 52.16725701567114 ], [ 4.800269221383034, 52.167341760159495 ], [ 4.800220529794855, 52.167426504626242 ], [ 4.800171838021126, 52.167511249071367 ], [ 4.800123146061842, 52.167595993494913 ], [ 4.800074453917, 52.167680737896838 ] ] ] } },
{ "type": "Feature", "properties": { "reference_id": 10 }, "geometry": { "type": "Polygon", "coordinates": [ [ [ 4.796899942533886, 52.168060229880439 ], [ 4.796762632671341, 52.168029419340677 ], [ 4.796694868597104, 52.168014213892896 ], [ 4.796646215103053, 52.168098966769989 ], [ 4.796597561423566, 52.168183719625482 ], [ 4.796548907558641, 52.168268472459388 ], [ 4.796500253508283, 52.168353225271758 ], [ 4.796451599272485, 52.168437978062521 ], [ 4.796402944851248, 52.168522730831718 ], [ 4.796354290244571, 52.168607483579322 ], [ 4.796305635452452, 52.16869223630534 ], [ 4.796256980474893, 52.1687769890098 ], [ 4.796208325311886, 52.168861741692652 ], [ 4.796159669963436, 52.168946494353946 ], [ 4.796111014429539, 52.169031246993633 ], [ 4.796062358710194, 52.169115999611719 ], [ 4.796013702805402, 52.16920075220829 ], [ 4.79596504671516, 52.169285504783232 ], [ 4.795916390439464, 52.16937025733661 ], [ 4.795867733978321, 52.169455009868408 ], [ 4.795819077331723, 52.169539762378612 ], [ 4.795770420499669, 52.169624514867266 ], [ 4.795721763482161, 52.169709267334305 ], [ 4.795673106279197, 52.169794019779765 ], [ 4.795624448890774, 52.169878772203653 ], [ 4.79557579131689, 52.169963524605912 ], [ 4.795527133557551, 52.170048276986627 ], [ 4.795478475612746, 52.170133029345763 ], [ 4.79542981748248, 52.170217781683299 ], [ 4.795381159166749, 52.170302533999262 ], [ 4.795332500665555, 52.170387286293611 ], [ 4.795283841978894, 52.170472038566416 ], [ 4.795235183106767, 52.170556790817614 ], [ 4.795186524049171, 52.170641543047218 ], [ 4.795137864806104, 52.170726295255243 ], [ 4.795089205377567, 52.170811047441667 ], [ 4.795078926113084, 52.170828951227662 ], [ 4.795217225638135, 52.170858055572623 ], [ 4.795355525344233, 52.170887159755637 ], [ 4.795493825231378, 52.170916263776661 ], [ 4.795622341466214, 52.170943308732902 ], [ 4.795671212605234, 52.170858602580928 ], [ 4.795720083558085, 52.170773896407212 ], [ 4.795768954324762, 52.170689190211775 ], [ 4.795817824905267, 52.170604483994559 ], [ 4.795866695299605, 52.170519777755558 ], [ 4.795915565507775, 52.170435071494822 ], [ 4.795964435529775, 52.1703503652123 ], [ 4.796013305365612, 52.170265658908029 ], [ 4.796037767476481, 52.170223258492875 ], [ 4.796086637654736, 52.170138552291597 ], [ 4.796135507646826, 52.170053846068534 ], [ 4.79618437745275, 52.169969139823728 ], [ 4.796233247072514, 52.169884433557144 ], [ 4.796282116506115, 52.169799727268803 ], [ 4.796330985753556, 52.169715020958705 ], [ 4.796379854814837, 52.169630314626886 ], [ 4.796428723689961, 52.169545608273253 ], [ 4.796477592378925, 52.169460901897899 ], [ 4.796526460881736, 52.169376195500782 ], [ 4.79657532919839, 52.169291489081886 ], [ 4.796624197328891, 52.169206782641282 ], [ 4.796673065273244, 52.169122076178866 ], [ 4.796721933031439, 52.169037369694728 ], [ 4.796770800603487, 52.168952663188826 ], [ 4.796819667989388, 52.168867956661188 ], [ 4.796868535189137, 52.168783250111737 ], [ 4.796917402202745, 52.168698543540572 ], [ 4.796966269030204, 52.168613836947642 ], [ 4.797015135671519, 52.168529130332978 ], [ 4.79706400212669, 52.168444423696528 ], [ 4.797112868395721, 52.168359717038328 ], [ 4.797161734478613, 52.168275010358393 ], [ 4.79721060037536, 52.168190303656679 ], [ 4.797240191403847, 52.168139008852506 ], [ 4.797103757545392, 52.16810676006898 ], [ 4.797037252586652, 52.168091040260457 ], [ 4.796899942533886, 52.168060229880439 ] ] ] } },
{ "type": "Feature", "properties": { "reference_id": 11 }, "geometry": { "type": "Polygon", "coordinates": [ [ [ 4.796646215103053, 52.168098966769989 ], [ 4.796694868597104, 52.168014213892896 ], [ 4.796663845690877, 52.168007252278663 ], [ 4.796526537149123, 52.167976439789989 ], [ 4.796389228797604, 52.16794562714162 ], [ 4.796251920636322, 52.167914814333592 ], [ 4.796114612665273, 52.167884001365877 ], [ 4.796108310113975, 52.167894955346746 ], [ 4.796059558356009, 52.167979686842287 ], [ 4.796010806412283, 52.168064418316199 ], [ 4.795962054282792, 52.168149149768425 ], [ 4.79591330196754, 52.168233881198965 ], [ 4.795864549466526, 52.168318612607877 ], [ 4.795815796779745, 52.168403343995116 ], [ 4.795767043907197, 52.168488075360727 ], [ 4.795718290848883, 52.16857280670461 ], [ 4.795669537604798, 52.168657538026899 ], [ 4.795620784174946, 52.168742269327474 ], [ 4.795572030559323, 52.168827000606434 ], [ 4.795523276757925, 52.168911731863652 ], [ 4.795474522770756, 52.168996463099298 ], [ 4.795425768597814, 52.16908119431325 ], [ 4.795377014239094, 52.169165925505531 ], [ 4.795328259694597, 52.169250656676162 ], [ 4.795279504964324, 52.169335387825129 ], [ 4.795230750048271, 52.169420118952424 ], [ 4.795181994946436, 52.169504850058054 ], [ 4.795133239658822, 52.169589581142027 ], [ 4.795084484185424, 52.169674312204322 ], [ 4.795040662119306, 52.169750295941007 ], [ 4.794991807461734, 52.169835005436667 ], [ 4.794942952618049, 52.169919714910549 ], [ 4.79489409758825, 52.170004424362709 ], [ 4.794845242372334, 52.170089133793105 ], [ 4.794796386970303, 52.170173843201773 ], [ 4.794747531382151, 52.170258552588678 ], [ 4.794698675607878, 52.170343261953839 ], [ 4.794649819647488, 52.170427971297286 ], [ 4.794600963500975, 52.170512680618941 ], [ 4.794552107168339, 52.170597389918854 ], [ 4.794503250649577, 52.17068209919703 ], [ 4.794454393944693, 52.170766808453457 ], [ 4.79440553705368, 52.170851517688149 ], [ 4.79435667997654, 52.170936226901027 ], [ 4.794307822713269, 52.171020936092205 ], [ 4.794258965263872, 52.171105645261655 ], [ 4.794210107628341, 52.171190354409333 ], [ 4.794161249806681, 52.171275063535234 ], [ 4.794112391798882, 52.171359772639406 ], [ 4.79406353360495, 52.171444481721842 ], [ 4.794014675224886, 52.171529190782515 ], [ 4.793965816658683, 52.17161389982143 ], [ 4.79391695790634, 52.171698608838575 ], [ 4.793868098967859, 52.171783317833977 ], [ 4.793819239843237, 52.171868026807644 ], [ 4.793770380532473, 52.171952735759533 ], [ 4.793721521035569, 52.172037444689714 ], [ 4.793672661352518, 52.172122153598117 ], [ 4.793623801483323, 52.172206862484742 ], [ 4.793598977677447, 52.172249672376715 ], [ 4.793549887313806, 52.172334330899254 ], [ 4.793500796763254, 52.172418989399837 ], [ 4.793451706025792, 52.172503647878528 ], [ 4.793402615101418, 52.172588306335221 ], [ 4.793353523990127, 52.17267296476998 ], [ 4.793304432691924, 52.172757623182811 ], [ 4.793255341206803, 52.172842281573665 ], [ 4.793206249534766, 52.172926939942592 ], [ 4.79315715767581, 52.173011598289555 ], [ 4.793108065629935, 52.173096256614599 ], [ 4.793058973397139, 52.17318091491768 ], [ 4.79300988097742, 52.173265573198812 ], [ 4.792960788370779, 52.173350231458002 ], [ 4.792911695577215, 52.173434889695244 ], [ 4.792862602596723, 52.17351954791053 ], [ 4.792813509429307, 52.17360420610391 ], [ 4.792764416074959, 52.17368886427527 ], [ 4.792715322533685, 52.173773522424725 ], [ 4.792666228805483, 52.173858180552202 ], [ 4.792617134890346, 52.17394283865778 ], [ 4.792568040788278, 52.174027496741374 ], [ 4.792518946499276, 52.174112154803034 ], [ 4.792503173099651, 52.174138408915198 ], [ 4.792452519645838, 52.174222719079332 ], [ 4.792401865999971, 52.174307029220202 ], [ 4.792540757064025, 52.174335068618419 ], [ 4.792679648303297, 52.174363107853246 ], [ 4.792818539717784, 52.174391146924755 ], [ 4.792957431307491, 52.174419185832896 ], [ 4.793011222062054, 52.174430044853295 ], [ 4.793035064755583, 52.174388524191997 ], [ 4.793083731924069, 52.174303772897389 ], [ 4.793132398907038, 52.174219021581195 ], [ 4.793181065704487, 52.1741342702434 ], [ 4.793229732316418, 52.174049518884082 ], [ 4.793278398742836, 52.17396476750308 ], [ 4.793327064983738, 52.173880016100533 ], [ 4.793375731039125, 52.173795264676343 ], [ 4.793424396908997, 52.17371051323061 ], [ 4.793473062593362, 52.173625761763233 ], [ 4.793521728092216, 52.17354101027432 ], [ 4.793570393405559, 52.173456258763778 ], [ 4.793619058533396, 52.173371507231614 ], [ 4.793667723475726, 52.1732867556779 ], [ 4.79371638823255, 52.17320200410262 ], [ 4.793765052803868, 52.173117252505662 ], [ 4.793813717189686, 52.173032500887182 ], [ 4.793862381389999, 52.172947749247072 ], [ 4.793911045404815, 52.172862997585383 ], [ 4.793959709234126, 52.172778245902101 ], [ 4.794008372877941, 52.172693494197226 ], [ 4.794057036336259, 52.172608742470736 ], [ 4.79410569960908, 52.172523990722688 ], [ 4.794154362696406, 52.172439238953039 ], [ 4.794203025598239, 52.172354487161826 ], [ 4.794251688314577, 52.172269735349012 ], [ 4.794300350845425, 52.172184983514555 ], [ 4.794349013190783, 52.17210023165854 ], [ 4.794397675350652, 52.172015479780939 ], [ 4.79444633732503, 52.17193072788173 ], [ 4.794494999113925, 52.17184597596097 ], [ 4.794543660717332, 52.171761224018596 ], [ 4.794592322135255, 52.171676472054649 ], [ 4.794640983367692, 52.171591720069081 ], [ 4.794689644414651, 52.171506968061934 ], [ 4.794738305276125, 52.171422216033228 ], [ 4.794786965952121, 52.171337463982887 ], [ 4.794835626442639, 52.171252711910974 ], [ 4.794884286747678, 52.171167959817517 ], [ 4.794932946867241, 52.171083207702438 ], [ 4.794981606801331, 52.170998455565773 ], [ 4.795030266549943, 52.1709137034075 ], [ 4.795078926113084, 52.170828951227662 ], [ 4.795089205377567, 52.170811047441667 ], [ 4.795137864806104, 52.170726295255243 ], [ 4.795186524049171, 52.170641543047218 ], [ 4.795235183106767, 52.170556790817614 ], [ 4.795283841978894, 52.170472038566416 ], [ 4.795332500665555, 52.170387286293611 ], [ 4.795381159166749, 52.170302533999262 ], [ 4.79542981748248, 52.170217781683299 ], [ 4.795478475612746, 52.170133029345763 ], [ 4.795527133557551, 52.170048276986627 ], [ 4.79557579131689, 52.169963524605912 ], [ 4.795624448890774, 52.169878772203653 ], [ 4.795673106279197, 52.169794019779765 ], [ 4.795721763482161, 52.169709267334305 ], [ 4.795770420499669, 52.169624514867266 ], [ 4.795819077331723, 52.169539762378612 ], [ 4.795867733978321, 52.169455009868408 ], [ 4.795916390439464, 52.16937025733661 ], [ 4.79596504671516, 52.169285504783232 ], [ 4.796013702805402, 52.16920075220829 ], [ 4.796062358710194, 52.169115999611719 ], [ 4.796111014429539, 52.169031246993633 ], [ 4.796159669963436, 52.168946494353946 ], [ 4.796208325311886, 52.168861741692652 ], [ 4.796256980474893, 52.1687769890098 ], [ 4.796305635452452, 52.16869223630534 ], [ 4.796354290244571, 52.168607483579322 ], [ 4.796402944851248, 52.168522730831718 ], [ 4.796451599272485, 52.168437978062521 ], [ 4.796500253508283, 52.168353225271758 ], [ 4.796548907558641, 52.168268472459388 ], [ 4.796597561423566, 52.168183719625482 ], [ 4.796646215103053, 52.168098966769989 ] ] ] } },
{ "type": "Feature", "properties": { "reference_id": 12 }, "geometry": { "type": "Polygon", "coordinates": [ [ [ 4.801514879680544, 52.16628299865566 ], [ 4.801465936894629, 52.166367688155766 ], [ 4.801416993922336, 52.166452377634016 ], [ 4.801368050763662, 52.166537067090474 ], [ 4.801319107418609, 52.166621756525124 ], [ 4.801270163887174, 52.166706445937976 ], [ 4.801221220169351, 52.166791135328971 ], [ 4.801172276265149, 52.166875824698181 ], [ 4.801123332174557, 52.166960514045584 ], [ 4.80107438789758, 52.167045203371146 ], [ 4.801025443434216, 52.167129892674907 ], [ 4.800976498784463, 52.167214581956848 ], [ 4.800927553948316, 52.167299271216947 ], [ 4.800878608925779, 52.167383960455261 ], [ 4.800829663716851, 52.16746864967174 ], [ 4.800780718321528, 52.167553338866441 ], [ 4.800731772739809, 52.167638028039278 ], [ 4.800682826971695, 52.167722717190308 ], [ 4.800633881017184, 52.16780740631954 ], [ 4.800584934876274, 52.167892095426957 ], [ 4.800535988548964, 52.167976784512533 ], [ 4.800487042035252, 52.168061473576266 ], [ 4.80043809533514, 52.168146162618235 ], [ 4.800389148448622, 52.168230851638327 ], [ 4.800340201375701, 52.168315540636641 ], [ 4.800291254116375, 52.16840022961312 ], [ 4.800242306670642, 52.168484918567799 ], [ 4.800193359038499, 52.168569607500636 ], [ 4.800144411219949, 52.168654296411667 ], [ 4.80009546321499, 52.16873898530087 ], [ 4.800103735256748, 52.168740858705682 ], [ 4.800240896562284, 52.168771922108192 ], [ 4.800235815849248, 52.168780345663556 ], [ 4.800263258640871, 52.168786558114022 ], [ 4.800268324733028, 52.168778134484789 ], [ 4.800388822240918, 52.168805421445242 ], [ 4.800525985343698, 52.168836482180701 ], [ 4.800663148638038, 52.168867542756857 ], [ 4.800711917527322, 52.16878281477581 ], [ 4.800760686230788, 52.168698086773105 ], [ 4.800809454748442, 52.168613358748722 ], [ 4.800858223080278, 52.16852863070266 ], [ 4.800906991226302, 52.168443902634934 ], [ 4.800955759186515, 52.168359174545557 ], [ 4.801004526960914, 52.168274446434488 ], [ 4.801053294549503, 52.168189718301761 ], [ 4.801102061952285, 52.168104990147363 ], [ 4.801150829169258, 52.168020261971272 ], [ 4.801199596200426, 52.167935533773552 ], [ 4.801248363045786, 52.167850805554103 ], [ 4.801297129705346, 52.16776607731299 ], [ 4.801345896179098, 52.167681349050277 ], [ 4.80139466246705, 52.167596620765835 ], [ 4.801443428569204, 52.167511892459729 ], [ 4.801492194485556, 52.167427164131965 ], [ 4.801540960216109, 52.167342435782537 ], [ 4.801589725760866, 52.167257707411437 ], [ 4.801638491119827, 52.167172979018645 ], [ 4.801687256292992, 52.167088250604245 ], [ 4.801736021280365, 52.167003522168152 ], [ 4.801784786081944, 52.16691879371033 ], [ 4.801833550697734, 52.166834065230894 ], [ 4.801882315127733, 52.166749336729822 ], [ 4.801931079371941, 52.166664608207036 ], [ 4.801979843430362, 52.166579879662578 ], [ 4.802028607302995, 52.166495151096498 ], [ 4.802077370989847, 52.166410422508712 ], [ 4.80212613449091, 52.166325693899282 ], [ 4.802174897806192, 52.166240965268152 ], [ 4.802223660935691, 52.166156236615421 ], [ 4.80223886486673, 52.1661298188682 ], [ 4.802287627894172, 52.166045090217828 ], [ 4.802336390735833, 52.165960361545793 ], [ 4.802385153391715, 52.165875632852121 ], [ 4.80243391586182, 52.165790904136749 ], [ 4.802482678146148, 52.165706175399706 ], [ 4.802531440244702, 52.165621446641033 ], [ 4.802580202157482, 52.165536717860704 ], [ 4.802628963884489, 52.165451989058703 ], [ 4.802677725425724, 52.165367260235016 ], [ 4.802726486781189, 52.165282531389678 ], [ 4.802775247950884, 52.165197802522677 ], [ 4.802824008934813, 52.165113073634032 ], [ 4.802872769732971, 52.165028344723709 ], [ 4.802921530345367, 52.164943615791714 ], [ 4.802970290771997, 52.164858886838076 ], [ 4.803019051012863, 52.16477415786278 ], [ 4.803067811067968, 52.164689428865806 ], [ 4.803116570937311, 52.164604699847175 ], [ 4.803165330620895, 52.164519970806857 ], [ 4.803214090118719, 52.16443524174494 ], [ 4.803262849430785, 52.164350512661294 ], [ 4.803311608557096, 52.164265783556019 ], [ 4.803360367497652, 52.164181054429136 ], [ 4.803409126252453, 52.164096325280511 ], [ 4.8034578848215, 52.164011596110271 ], [ 4.803506643204797, 52.163926866918352 ], [ 4.803555401402343, 52.163842137704798 ], [ 4.803604159414138, 52.16375740846955 ], [ 4.803652917240186, 52.163672679212688 ], [ 4.803701674880487, 52.163587949934104 ], [ 4.803750432335041, 52.163503220633942 ], [ 4.803799189603851, 52.163418491312079 ], [ 4.803847946686918, 52.163333761968552 ], [ 4.803896703584242, 52.163249032603396 ], [ 4.803945460295824, 52.163164303216561 ], [ 4.803988286495686, 52.163089879585648 ], [ 4.803850461249306, 52.163059978432962 ], [ 4.803712636188217, 52.16303007711943 ], [ 4.80360371826092, 52.163006447101239 ], [ 4.803609746281118, 52.162993659856497 ], [ 4.803568534524295, 52.162984422978525 ], [ 4.803563188007161, 52.162995389003903 ], [ 4.803431384200966, 52.162966451436567 ], [ 4.803423502968286, 52.162980091139609 ], [ 4.803374567450232, 52.163064781490263 ], [ 4.803325631745841, 52.163149471819104 ], [ 4.803276695855116, 52.163234162126159 ], [ 4.803227759778056, 52.163318852411372 ], [ 4.803178823514661, 52.163403542674843 ], [ 4.803129887064927, 52.163488232916478 ], [ 4.803080950428853, 52.163572923136279 ], [ 4.803032013606439, 52.163657613334294 ], [ 4.802983076597682, 52.163742303510531 ], [ 4.802934139402587, 52.163826993664927 ], [ 4.802885202021146, 52.163911683797522 ], [ 4.802836264453362, 52.163996373908311 ], [ 4.80278732669923, 52.164081063997308 ], [ 4.802738388758752, 52.16416575406447 ], [ 4.802689450631924, 52.16425044410984 ], [ 4.802640512318748, 52.164335134133388 ], [ 4.802591573819222, 52.164419824135152 ], [ 4.802542635133342, 52.164504514115073 ], [ 4.80249369626111, 52.164589204073245 ], [ 4.802444757202524, 52.164673894009553 ], [ 4.802395817957581, 52.164758583924062 ], [ 4.802346878526284, 52.164843273816736 ], [ 4.802297938908628, 52.164927963687653 ], [ 4.802248999104616, 52.165012653536749 ], [ 4.802200059114239, 52.165097343364017 ], [ 4.802151118937505, 52.165182033169501 ], [ 4.802102178574405, 52.16526672295312 ], [ 4.802053238024945, 52.165351412714976 ], [ 4.802004297289119, 52.165436102455018 ], [ 4.801955356366927, 52.165520792173233 ], [ 4.801906415258368, 52.16560548186964 ], [ 4.80185747396344, 52.165690171544227 ], [ 4.801808532482144, 52.16577486119705 ], [ 4.801759590814477, 52.165859550828024 ], [ 4.801710648960439, 52.165944240437177 ], [ 4.801661706920028, 52.166028930024488 ], [ 4.801612764693242, 52.166113619590014 ], [ 4.801563822280081, 52.166198309133755 ], [ 4.801514879680544, 52.16628299865566 ] ] ] } },
{ "type": "Feature", "properties": { "reference_id": 13 }, "geometry": { "type": "Polygon", "coordinates": [ [ [ 4.80212613449091, 52.166325693899282 ], [ 4.802077370989847, 52.166410422508712 ], [ 4.802028607302995, 52.166495151096498 ], [ 4.801979843430362, 52.166579879662578 ], [ 4.801931079371941, 52.166664608207036 ], [ 4.801882315127733, 52.166749336729822 ], [ 4.801833550697734, 52.166834065230894 ], [ 4.801784786081944, 52.16691879371033 ], [ 4.801736021280365, 52.167003522168152 ], [ 4.801687256292992, 52.167088250604245 ], [ 4.801638491119827, 52.167172979018645 ], [ 4.801589725760866, 52.167257707411437 ], [ 4.801540960216109, 52.167342435782537 ], [ 4.801492194485556, 52.167427164131965 ], [ 4.801443428569204, 52.167511892459729 ], [ 4.80139466246705, 52.167596620765835 ], [ 4.801345896179098, 52.167681349050277 ], [ 4.801297129705346, 52.16776607731299 ], [ 4.801248363045786, 52.167850805554103 ], [ 4.801199596200426, 52.167935533773552 ], [ 4.801150829169258, 52.168020261971272 ], [ 4.801102061952285, 52.168104990147363 ], [ 4.801053294549503, 52.168189718301761 ], [ 4.801004526960914, 52.168274446434488 ], [ 4.800955759186515, 52.168359174545557 ], [ 4.800906991226302, 52.168443902634934 ], [ 4.800858223080278, 52.16852863070266 ], [ 4.800809454748442, 52.168613358748722 ], [ 4.800760686230788, 52.168698086773105 ], [ 4.800711917527322, 52.16878281477581 ], [ 4.800663148638038, 52.168867542756857 ], [ 4.800716257343207, 52.168879569261094 ], [ 4.80085342075003, 52.168910629872066 ], [ 4.800990584348411, 52.168941690323663 ], [ 4.801127748138351, 52.168972750615993 ], [ 4.801264912119845, 52.169003810748926 ], [ 4.801402076292897, 52.169034870722498 ], [ 4.801539240657503, 52.169065930536767 ], [ 4.801676405213661, 52.169096990191697 ], [ 4.801813569961377, 52.169128049687295 ], [ 4.801862341959908, 52.169043322321031 ], [ 4.801911113772611, 52.168958594933116 ], [ 4.801959885399485, 52.168873867523544 ], [ 4.802008656840536, 52.168789140092287 ], [ 4.802057428095763, 52.16870441263935 ], [ 4.802106199165165, 52.168619685164728 ], [ 4.802154970048747, 52.168534957668449 ], [ 4.802203740746505, 52.168450230150505 ], [ 4.802252511258446, 52.168365502610875 ], [ 4.80230128158457, 52.168280775049581 ], [ 4.802350051724877, 52.168196047466616 ], [ 4.802398821679365, 52.168111319861978 ], [ 4.80244759144804, 52.168026592235648 ], [ 4.8024963610309, 52.167941864587654 ], [ 4.802545130427946, 52.167857136917995 ], [ 4.802593899639185, 52.167772409226686 ], [ 4.80264266866461, 52.167687681513677 ], [ 4.802691437504229, 52.167602953779003 ], [ 4.802740206158036, 52.167518226022658 ], [ 4.802788974626041, 52.167433498244627 ], [ 4.802837742908236, 52.167348770444939 ], [ 4.802886511004629, 52.167264042623621 ], [ 4.802935278915218, 52.167179314780562 ], [ 4.802984046640004, 52.167094586915866 ], [ 4.803032814178992, 52.167009859029541 ], [ 4.803081581532178, 52.166925131121502 ], [ 4.803130348699565, 52.166840403191792 ], [ 4.803134851971765, 52.166832579202875 ], [ 4.803183619420362, 52.166747851354891 ], [ 4.803232386683164, 52.166663123485243 ], [ 4.803281153760169, 52.166578395593895 ], [ 4.803329920651378, 52.166493667680903 ], [ 4.803378687356793, 52.166408939746219 ], [ 4.803394784454491, 52.166380972354979 ], [ 4.803256972693335, 52.166351030028054 ], [ 4.803119161117729, 52.166321087540275 ], [ 4.802981349727672, 52.166291144891652 ], [ 4.802843538523163, 52.166261202082175 ], [ 4.802828716280276, 52.166257981580287 ], [ 4.802690905387963, 52.16622803840697 ], [ 4.8025530946812, 52.166198095072787 ], [ 4.802415284159991, 52.166168151577807 ], [ 4.802277473824333, 52.166138207921939 ], [ 4.80223886486673, 52.1661298188682 ], [ 4.802223660935691, 52.166156236615421 ], [ 4.802174897806192, 52.166240965268152 ], [ 4.80212613449091, 52.166325693899282 ] ] ] } },
{ "type": "Feature", "properties": { "reference_id": 14 }, "geometry": { "type": "Polygon", "coordinates": [ [ [ 4.802886511004629, 52.167264042623621 ], [ 4.802837742908236, 52.167348770444939 ], [ 4.802788974626041, 52.167433498244627 ], [ 4.802740206158036, 52.167518226022658 ], [ 4.802691437504229, 52.167602953779003 ], [ 4.80264266866461, 52.167687681513677 ], [ 4.802593899639185, 52.167772409226686 ], [ 4.802545130427946, 52.167857136917995 ], [ 4.8024963610309, 52.167941864587654 ], [ 4.80244759144804, 52.168026592235648 ], [ 4.802398821679365, 52.168111319861978 ], [ 4.802350051724877, 52.168196047466616 ], [ 4.80230128158457, 52.168280775049581 ], [ 4.802252511258446, 52.168365502610875 ], [ 4.802203740746505, 52.168450230150505 ], [ 4.802154970048747, 52.168534957668449 ], [ 4.802106199165165, 52.168619685164728 ], [ 4.802057428095763, 52.16870441263935 ], [ 4.802008656840536, 52.168789140092287 ], [ 4.801959885399485, 52.168873867523544 ], [ 4.801911113772611, 52.168958594933116 ], [ 4.801862341959908, 52.169043322321031 ], [ 4.801813569961377, 52.169128049687295 ], [ 4.801856539892057, 52.169137780051884 ], [ 4.801993704346947, 52.169168840247188 ], [ 4.802130868993392, 52.169199900283097 ], [ 4.802268033831396, 52.169230960159695 ], [ 4.802405198860954, 52.169262019876911 ], [ 4.802542364082066, 52.169293079434858 ], [ 4.802679529494734, 52.169324138833446 ], [ 4.802816695098954, 52.169355198072665 ], [ 4.802953860894729, 52.169386257152539 ], [ 4.802939693913535, 52.169411012173676 ], [ 4.803076765279561, 52.169442228758605 ], [ 4.803213836837974, 52.169473445184451 ], [ 4.803350908588773, 52.169504661451164 ], [ 4.803487980531957, 52.169535877558744 ], [ 4.803512895485587, 52.169541551549109 ], [ 4.803649966855127, 52.169572768798403 ], [ 4.80378703841706, 52.169603985888628 ], [ 4.803924110171383, 52.169635202819663 ], [ 4.804061182118097, 52.169666419591621 ], [ 4.804067474408075, 52.169667852593157 ], [ 4.804204546670245, 52.169699069009027 ], [ 4.804341619124799, 52.169730285265736 ], [ 4.804478691771744, 52.169761501363368 ], [ 4.804615764611074, 52.169792717301803 ], [ 4.804633759705337, 52.169796815354317 ], [ 4.804682490368961, 52.16971207883811 ], [ 4.804731220846892, 52.169627342300267 ], [ 4.804779951139135, 52.169542605740816 ], [ 4.804828681245689, 52.169457869159679 ], [ 4.804877411166552, 52.169373132556963 ], [ 4.804926140901729, 52.169288395932519 ], [ 4.804974870451217, 52.169203659286538 ], [ 4.805023599815024, 52.169118922618821 ], [ 4.805072328993146, 52.169034185929512 ], [ 4.805121057985583, 52.168949449218573 ], [ 4.805169786792342, 52.168864712486005 ], [ 4.805218515413417, 52.168779975731795 ], [ 4.805267243848817, 52.168695238955948 ], [ 4.805315972098538, 52.168610502158437 ], [ 4.805364700162579, 52.168525765339311 ], [ 4.805413428040947, 52.16844102849852 ], [ 4.80546215573364, 52.168356291636144 ], [ 4.805507863072539, 52.168276806818938 ], [ 4.805646327783634, 52.168305598413923 ], [ 4.805784792674027, 52.168334389846571 ], [ 4.805923257743721, 52.168363181116796 ], [ 4.806061722992713, 52.16839197222464 ], [ 4.806087823254704, 52.168397399235168 ], [ 4.806226289661229, 52.168426188432633 ], [ 4.806364756247045, 52.168454977467668 ], [ 4.806503223012146, 52.168483766340351 ], [ 4.806641689956531, 52.168512555050668 ], [ 4.80664449129186, 52.168513137475166 ], [ 4.806782958026204, 52.168541926734427 ], [ 4.80692142493984, 52.168570715831301 ], [ 4.80705989203276, 52.168599504765744 ], [ 4.807198359304969, 52.168628293537829 ], [ 4.807233291919271, 52.168635556356605 ], [ 4.80728197261715, 52.168550809232869 ], [ 4.807330653129513, 52.168466062087518 ], [ 4.80737933345636, 52.168381314920545 ], [ 4.807428013597693, 52.168296567731993 ], [ 4.807476693553513, 52.168211820521847 ], [ 4.807525373323821, 52.168127073290108 ], [ 4.807574052908618, 52.168042326036783 ], [ 4.807622732307903, 52.167957578761829 ], [ 4.807635235563031, 52.167935811453248 ], [ 4.807499459546245, 52.167902530324049 ], [ 4.807363683732565, 52.167869249038709 ], [ 4.807227908121993, 52.167835967597256 ], [ 4.807092132714526, 52.167802685999611 ], [ 4.807058995435303, 52.167794563278008 ], [ 4.806923220681872, 52.16776128086704 ], [ 4.806787446131552, 52.167727998299924 ], [ 4.806651671784344, 52.167694715576729 ], [ 4.806515897640249, 52.167661432697365 ], [ 4.806510909238622, 52.167660209865808 ], [ 4.806375135236427, 52.167626926930502 ], [ 4.806239361437348, 52.167593643839055 ], [ 4.806103587841381, 52.167560360591466 ], [ 4.80596781444853, 52.167527077187721 ], [ 4.805942544311088, 52.167520882459485 ], [ 4.805806771219521, 52.167487598777434 ], [ 4.805670998331067, 52.16745431493927 ], [ 4.805535225645731, 52.167421030944979 ], [ 4.805399453163511, 52.167387746794553 ], [ 4.805381817803992, 52.167383423532563 ], [ 4.805246044825319, 52.167350140325439 ], [ 4.805110272049758, 52.167316856962181 ], [ 4.804974499477312, 52.167283573442809 ], [ 4.80483872710798, 52.167250289767303 ], [ 4.804829603716115, 52.167248053222274 ], [ 4.804693831151099, 52.167214770016294 ], [ 4.804558058789193, 52.167181486654229 ], [ 4.804422286630396, 52.167148203135987 ], [ 4.804286514674716, 52.167114919461618 ], [ 4.804257810655385, 52.167107882818371 ], [ 4.804122039542711, 52.167074598034141 ], [ 4.803986268633155, 52.167041313093733 ], [ 4.803850497926719, 52.167008027997262 ], [ 4.803714727423402, 52.166974742744635 ], [ 4.803578957123205, 52.166941457335859 ], [ 4.803443187026133, 52.166908171770956 ], [ 4.803307417132177, 52.166874886049918 ], [ 4.803171647441348, 52.166841600172781 ], [ 4.803134851971765, 52.166832579202875 ], [ 4.803130348699565, 52.166840403191792 ], [ 4.803081581532178, 52.166925131121502 ], [ 4.803032814178992, 52.167009859029541 ], [ 4.802984046640004, 52.167094586915866 ], [ 4.802935278915218, 52.167179314780562 ], [ 4.802886511004629, 52.167264042623621 ] ] ] } },
{ "type": "Feature", "properties": { "reference_id": 15 }, "geometry": { "type": "Polygon", "coordinates": [ [ [ 4.796114612665273, 52.167884001365877 ], [ 4.796052878246878, 52.167870147054082 ], [ 4.796012842171838, 52.167938850345884 ], [ 4.795963536344938, 52.168023460541328 ], [ 4.795914230330443, 52.168108070714617 ], [ 4.795864924128354, 52.168192680865815 ], [ 4.795815617738667, 52.168277290994922 ], [ 4.795766311161386, 52.168361901101861 ], [ 4.795717004396504, 52.168446511186673 ], [ 4.795667697444022, 52.168531121249394 ], [ 4.795618390303941, 52.168615731289968 ], [ 4.795569082976258, 52.168700341308465 ], [ 4.795519775460972, 52.168784951304794 ], [ 4.795470467758079, 52.168869561279017 ], [ 4.795421159867583, 52.168954171231135 ], [ 4.795371851789479, 52.169038781161106 ], [ 4.795322543523768, 52.16912339106895 ], [ 4.795273235070447, 52.169208000954697 ], [ 4.795223926429516, 52.16929261081831 ], [ 4.795174617600977, 52.169377220659811 ], [ 4.79512530858482, 52.169461830479158 ], [ 4.795075999381053, 52.16954644027642 ], [ 4.795026689989671, 52.169631050051514 ], [ 4.79501513469016, 52.169650877728635 ], [ 4.794965825149987, 52.169735487494698 ], [ 4.794916515422197, 52.16982009723862 ], [ 4.794867205506788, 52.169904706960416 ], [ 4.79481789540376, 52.1699893166601 ], [ 4.794768585113112, 52.170073926337629 ], [ 4.794719274634843, 52.17015853599306 ], [ 4.79466996396895, 52.170243145626372 ], [ 4.79462065311543, 52.170327755237523 ], [ 4.794571342074288, 52.170412364826575 ], [ 4.794522030845517, 52.170496974393458 ], [ 4.794472719429121, 52.170581583938301 ], [ 4.794423407825092, 52.170666193460939 ], [ 4.794420448643087, 52.170671271131077 ], [ 4.794371139217536, 52.170755881154079 ], [ 4.794321829604361, 52.170840491155012 ], [ 4.794272519803559, 52.170925101133754 ], [ 4.794223209815133, 52.171009711090392 ], [ 4.794173895665221, 52.171094320149351 ], [ 4.794124581327669, 52.171178929186119 ], [ 4.794075266802475, 52.171263538200819 ], [ 4.794025952089635, 52.171348147193342 ], [ 4.794011639955775, 52.171372702381419 ], [ 4.793962333109792, 52.171457313132031 ], [ 4.793913026076187, 52.171541923860502 ], [ 4.793893788314949, 52.17157493571041 ], [ 4.793845100595354, 52.171659681938813 ], [ 4.793796412690185, 52.171744428145573 ], [ 4.793796278148644, 52.171744662328202 ], [ 4.793747598265401, 52.17182941029585 ], [ 4.793698918196607, 52.171914158241883 ], [ 4.793650237942266, 52.171998906166309 ], [ 4.793601557502376, 52.172083654069155 ], [ 4.793597663086313, 52.172090433853185 ], [ 4.793548984693341, 52.172175182220627 ], [ 4.793538865060024, 52.17219280031042 ], [ 4.79353250504178, 52.172203859647475 ], [ 4.793495241651967, 52.172268737135248 ], [ 4.793492971732761, 52.172272688509324 ], [ 4.793444287510583, 52.172357435651172 ], [ 4.79339560310284, 52.172442182771377 ], [ 4.793388205677981, 52.172455059709172 ], [ 4.793339520856473, 52.172539806761073 ], [ 4.793290835849398, 52.172624553791358 ], [ 4.793242150656753, 52.172709300800058 ], [ 4.793193465278539, 52.172794047787143 ], [ 4.793144781576991, 52.172878795157011 ], [ 4.793096097689878, 52.172963542505279 ], [ 4.793047413617194, 52.173048289831925 ], [ 4.792998729358943, 52.173133037136971 ], [ 4.792950044915123, 52.173217784420423 ], [ 4.792901360285732, 52.173302531682246 ], [ 4.792889676047047, 52.173322870847834 ], [ 4.792840992432107, 52.17340761835311 ], [ 4.792792308631598, 52.173492365836807 ], [ 4.792743624645516, 52.17357711329889 ], [ 4.792694940473862, 52.173661860739344 ], [ 4.792646256116637, 52.173746608158204 ], [ 4.792597571573836, 52.173831355555436 ], [ 4.792589620948835, 52.173845195537176 ], [ 4.792540930483922, 52.173929941670053 ], [ 4.792492239833412, 52.174014687781344 ], [ 4.792482013395793, 52.174032486859396 ], [ 4.792433427417778, 52.174117255698604 ], [ 4.79238484125451, 52.174202024516283 ], [ 4.792381373503739, 52.174208074726323 ], [ 4.792332789995871, 52.174292844139217 ], [ 4.792284206302759, 52.174377613530616 ], [ 4.792235622424405, 52.174462382900458 ], [ 4.792189370917402, 52.174543082417955 ], [ 4.792140783805545, 52.174627851123603 ], [ 4.792096017967288, 52.174705952644622 ], [ 4.792108947404962, 52.174706602063146 ], [ 4.792110452134847, 52.174706681554895 ], [ 4.792121750737557, 52.174769313730373 ], [ 4.792124477784588, 52.174768725276692 ], [ 4.792175131992277, 52.174684415151958 ], [ 4.792225786007907, 52.174600105003975 ], [ 4.792276439831476, 52.174515794832722 ], [ 4.792327093462991, 52.174431484638212 ], [ 4.792377746902452, 52.174347174420419 ], [ 4.792401865999971, 52.174307029220202 ], [ 4.792452519645838, 52.174222719079332 ], [ 4.792503173099651, 52.174138408915198 ], [ 4.792518946499276, 52.174112154803034 ], [ 4.792568040788278, 52.174027496741374 ], [ 4.792617134890346, 52.17394283865778 ], [ 4.792666228805483, 52.173858180552202 ], [ 4.792715322533685, 52.173773522424725 ], [ 4.792764416074959, 52.17368886427527 ], [ 4.792813509429307, 52.17360420610391 ], [ 4.792862602596723, 52.17351954791053 ], [ 4.792911695577215, 52.173434889695244 ], [ 4.792960788370779, 52.173350231458002 ], [ 4.79300988097742, 52.173265573198812 ], [ 4.793058973397139, 52.17318091491768 ], [ 4.793108065629935, 52.173096256614599 ], [ 4.79315715767581, 52.173011598289555 ], [ 4.793206249534766, 52.172926939942592 ], [ 4.793255341206803, 52.172842281573665 ], [ 4.793304432691924, 52.172757623182811 ], [ 4.793353523990127, 52.17267296476998 ], [ 4.793402615101418, 52.172588306335221 ], [ 4.793451706025792, 52.172503647878528 ], [ 4.793500796763254, 52.172418989399837 ], [ 4.793549887313806, 52.172334330899254 ], [ 4.793598977677447, 52.172249672376715 ], [ 4.793623801483323, 52.172206862484742 ], [ 4.793672661352518, 52.172122153598117 ], [ 4.793721521035569, 52.172037444689714 ], [ 4.793770380532473, 52.171952735759533 ], [ 4.793819239843237, 52.171868026807644 ], [ 4.793868098967859, 52.171783317833977 ], [ 4.79391695790634, 52.171698608838575 ], [ 4.793965816658683, 52.17161389982143 ], [ 4.794014675224886, 52.171529190782515 ], [ 4.79406353360495, 52.171444481721842 ], [ 4.794112391798882, 52.171359772639406 ], [ 4.794161249806681, 52.171275063535234 ], [ 4.794210107628341, 52.171190354409333 ], [ 4.794258965263872, 52.171105645261655 ], [ 4.794307822713269, 52.171020936092205 ], [ 4.79435667997654, 52.170936226901027 ], [ 4.79440553705368, 52.170851517688149 ], [ 4.794454393944693, 52.170766808453457 ], [ 4.794503250649577, 52.17068209919703 ], [ 4.794552107168339, 52.170597389918854 ], [ 4.794600963500975, 52.170512680618941 ], [ 4.794649819647488, 52.170427971297286 ], [ 4.794698675607878, 52.170343261953839 ], [ 4.794747531382151, 52.170258552588678 ], [ 4.794796386970303, 52.170173843201773 ], [ 4.794845242372334, 52.170089133793105 ], [ 4.79489409758825, 52.170004424362709 ], [ 4.794942952618049, 52.169919714910549 ], [ 4.794991807461734, 52.169835005436667 ], [ 4.795040662119306, 52.169750295941007 ], [ 4.795084484185424, 52.169674312204322 ], [ 4.795133239658822, 52.169589581142027 ], [ 4.795181994946436, 52.169504850058054 ], [ 4.795230750048271, 52.169420118952424 ], [ 4.795279504964324, 52.169335387825129 ], [ 4.795328259694597, 52.169250656676162 ], [ 4.795377014239094, 52.169165925505531 ], [ 4.795425768597814, 52.16908119431325 ], [ 4.795474522770756, 52.168996463099298 ], [ 4.795523276757925, 52.168911731863652 ], [ 4.795572030559323, 52.168827000606434 ], [ 4.795620784174946, 52.168742269327474 ], [ 4.795669537604798, 52.168657538026899 ], [ 4.795718290848883, 52.16857280670461 ], [ 4.795767043907197, 52.168488075360727 ], [ 4.795815796779745, 52.168403343995116 ], [ 4.795864549466526, 52.168318612607877 ], [ 4.79591330196754, 52.168233881198965 ], [ 4.795962054282792, 52.168149149768425 ], [ 4.796010806412283, 52.168064418316199 ], [ 4.796059558356009, 52.167979686842287 ], [ 4.796108310113975, 52.167894955346746 ], [ 4.796114612665273, 52.167884001365877 ] ] ] } },
{ "type": "Feature", "properties": { "reference_id": 16 }, "geometry": { "type": "Polygon", "coordinates": [ [ [ 4.799364475646267, 52.168623188907318 ], [ 4.79922740893896, 52.16859196879436 ], [ 4.799090342424059, 52.168560748522303 ], [ 4.798953276101556, 52.168529528091128 ], [ 4.798914235136895, 52.168597564143241 ], [ 4.798865599158761, 52.168682320958126 ], [ 4.79881696299525, 52.16876707775149 ], [ 4.79876832664636, 52.168851834523245 ], [ 4.798719690112089, 52.168936591273443 ], [ 4.798671053392438, 52.16902134800209 ], [ 4.798622416487405, 52.169106104709186 ], [ 4.798573779396985, 52.169190861394682 ], [ 4.798525142121184, 52.169275618058641 ], [ 4.798476504659994, 52.169360374701043 ], [ 4.79842786701342, 52.169445131321851 ], [ 4.798379229181456, 52.169529887921087 ], [ 4.798330591164103, 52.1696146444988 ], [ 4.798281952961359, 52.169699401054913 ], [ 4.798233314573222, 52.169784157589461 ], [ 4.798184675999696, 52.169868914102459 ], [ 4.798136037240774, 52.169953670593877 ], [ 4.798087398296456, 52.170038427063716 ], [ 4.798038759166743, 52.170123183512018 ], [ 4.797990119851631, 52.17020793993872 ], [ 4.79794148035112, 52.170292696343857 ], [ 4.797892840665209, 52.170377452727458 ], [ 4.7978442007939, 52.170462209089443 ], [ 4.797795560737186, 52.170546965429885 ], [ 4.797746920495068, 52.170631721748748 ], [ 4.797698280067548, 52.170716478046103 ], [ 4.797649639454622, 52.1708012343218 ], [ 4.797600998656288, 52.170885990575947 ], [ 4.797552357672545, 52.170970746808585 ], [ 4.797503716503394, 52.171055503019609 ], [ 4.797455075148832, 52.171140259209068 ], [ 4.79740643360886, 52.171225015376919 ], [ 4.797357791883474, 52.171309771523241 ], [ 4.797309149972675, 52.171394527647955 ], [ 4.797260507876461, 52.171479283751125 ], [ 4.79721186559483, 52.171564039832738 ], [ 4.797163223127782, 52.171648795892771 ], [ 4.797114580475315, 52.171733551931219 ], [ 4.797065937637429, 52.171818307948101 ], [ 4.797017294614121, 52.171903063943404 ], [ 4.796968651405392, 52.171987819917135 ], [ 4.796920008011241, 52.172072575869294 ], [ 4.796871364431663, 52.172157331799859 ], [ 4.796822720666662, 52.172242087708916 ], [ 4.796774076716233, 52.172326843596338 ], [ 4.796725432580376, 52.172411599462187 ], [ 4.796676788259089, 52.1724963553065 ], [ 4.796628143752373, 52.17258111112924 ], [ 4.796579499060226, 52.172665866930359 ], [ 4.796530854182647, 52.172750622709913 ], [ 4.796482209119633, 52.17283537846793 ], [ 4.796433563871186, 52.172920134204332 ], [ 4.796384918437299, 52.173004889919191 ], [ 4.796336272817978, 52.173089645612428 ], [ 4.79628762701322, 52.173174401284136 ], [ 4.796238981023019, 52.173259156934222 ], [ 4.796190334847381, 52.173343912562792 ], [ 4.796141688486299, 52.173428668169748 ], [ 4.796093041939772, 52.173513423755118 ], [ 4.796044395207804, 52.173598179318901 ], [ 4.795995748290391, 52.173682934861127 ], [ 4.79594710118753, 52.173767690381794 ], [ 4.795898453899223, 52.173852445880847 ], [ 4.795849806425466, 52.173937201358335 ], [ 4.7959874467582, 52.173906922345246 ], [ 4.796125086904615, 52.173876643171141 ], [ 4.796262726864713, 52.173846363836027 ], [ 4.796400366638493, 52.173816084339933 ], [ 4.796538006225951, 52.173785804682808 ], [ 4.79657018298607, 52.173778726012443 ], [ 4.796618888437246, 52.173693983155417 ], [ 4.796667593702781, 52.173609240276761 ], [ 4.796716298782679, 52.173524497376476 ], [ 4.796765003676938, 52.173439754454598 ], [ 4.796813708385562, 52.173355011511042 ], [ 4.796862412908551, 52.173270268545899 ], [ 4.796911117245904, 52.173185525559113 ], [ 4.796959821397627, 52.173100782550733 ], [ 4.797008525363718, 52.173016039520718 ], [ 4.797057229144177, 52.172931296469073 ], [ 4.797105932739011, 52.172846553395843 ], [ 4.797154636148211, 52.172761810300912 ], [ 4.797203339371791, 52.172677067184431 ], [ 4.797252042409741, 52.172592324046271 ], [ 4.797300745262064, 52.17250758088651 ], [ 4.797349447928767, 52.17242283770512 ], [ 4.797398150409849, 52.172338094502116 ], [ 4.797446852705309, 52.172253351277519 ], [ 4.797495554815149, 52.172168608031228 ], [ 4.797544256739371, 52.17208386476338 ], [ 4.797592958477974, 52.171999121473881 ], [ 4.797641660030962, 52.171914378162761 ], [ 4.797690361398332, 52.171829634830061 ], [ 4.797739062580091, 52.17174489147569 ], [ 4.797787763576237, 52.171660148099718 ], [ 4.797836464386771, 52.171575404702104 ], [ 4.797885165011693, 52.171490661282888 ], [ 4.797933865451006, 52.17140591784208 ], [ 4.797982565704713, 52.171321174379607 ], [ 4.798031265772812, 52.171236430895547 ], [ 4.798079965655305, 52.171151687389852 ], [ 4.798128665352192, 52.171066943862527 ], [ 4.798177364863476, 52.170982200313581 ], [ 4.798226064189161, 52.170897456743077 ], [ 4.798274763329241, 52.170812713150909 ], [ 4.798323462283721, 52.170727969537118 ], [ 4.798372161052604, 52.170643225901728 ], [ 4.79842085963589, 52.170558482244722 ], [ 4.798469558033578, 52.170473738566088 ], [ 4.798518256245671, 52.170388994865831 ], [ 4.79856695427217, 52.170304251143982 ], [ 4.798615652113075, 52.170219507400475 ], [ 4.798664349768389, 52.170134763635382 ], [ 4.798713047238112, 52.170050019848659 ], [ 4.798761744522245, 52.169965276040351 ], [ 4.798810441620794, 52.169880532210399 ], [ 4.79885913853375, 52.16979578835884 ], [ 4.79890783526112, 52.169711044485673 ], [ 4.79895653180291, 52.169626300590878 ], [ 4.799005228159112, 52.169541556674453 ], [ 4.799053924329733, 52.169456812736435 ], [ 4.799102620314773, 52.169372068776831 ], [ 4.799151316114232, 52.169287324795576 ], [ 4.799200011728114, 52.169202580792707 ], [ 4.799248707156416, 52.169117836768237 ], [ 4.799297402399143, 52.169033092722188 ], [ 4.799346097456293, 52.168948348654467 ], [ 4.799394792327867, 52.168863604565153 ], [ 4.799443487013869, 52.168778860454232 ], [ 4.799492181514302, 52.16869411632171 ], [ 4.799513440426457, 52.168657118851463 ], [ 4.799501542545974, 52.168654408861158 ], [ 4.799364475646267, 52.168623188907318 ] ] ] } },
{ "type": "Feature", "properties": { "reference_id": 17 }, "geometry": { "type": "Polygon", "coordinates": [ [ [ 4.799650506133761, 52.168688340958781 ], [ 4.799513440426457, 52.168657118851463 ], [ 4.799492181514302, 52.16869411632171 ], [ 4.799443487013869, 52.168778860454232 ], [ 4.799394792327867, 52.168863604565153 ], [ 4.799346097456293, 52.168948348654467 ], [ 4.799297402399143, 52.169033092722188 ], [ 4.799248707156416, 52.169117836768237 ], [ 4.799200011728114, 52.169202580792707 ], [ 4.799151316114232, 52.169287324795576 ], [ 4.799102620314773, 52.169372068776831 ], [ 4.799053924329733, 52.169456812736435 ], [ 4.799005228159112, 52.169541556674453 ], [ 4.79895653180291, 52.169626300590878 ], [ 4.79890783526112, 52.169711044485673 ], [ 4.79885913853375, 52.16979578835884 ], [ 4.798810441620794, 52.169880532210399 ], [ 4.798761744522245, 52.169965276040351 ], [ 4.798713047238112, 52.170050019848659 ], [ 4.798664349768389, 52.170134763635382 ], [ 4.798615652113075, 52.170219507400475 ], [ 4.79856695427217, 52.170304251143982 ], [ 4.798518256245671, 52.170388994865831 ], [ 4.798469558033578, 52.170473738566088 ], [ 4.79842085963589, 52.170558482244722 ], [ 4.798372161052604, 52.170643225901728 ], [ 4.798323462283721, 52.170727969537118 ], [ 4.798274763329241, 52.170812713150909 ], [ 4.798226064189161, 52.170897456743077 ], [ 4.798177364863476, 52.170982200313581 ], [ 4.798128665352192, 52.171066943862527 ], [ 4.798079965655305, 52.171151687389852 ], [ 4.798031265772812, 52.171236430895547 ], [ 4.797982565704713, 52.171321174379607 ], [ 4.797933865451006, 52.17140591784208 ], [ 4.797885165011693, 52.171490661282888 ], [ 4.797836464386771, 52.171575404702104 ], [ 4.797787763576237, 52.171660148099718 ], [ 4.797739062580091, 52.17174489147569 ], [ 4.797690361398332, 52.171829634830061 ], [ 4.797641660030962, 52.171914378162761 ], [ 4.797592958477974, 52.171999121473881 ], [ 4.797544256739371, 52.17208386476338 ], [ 4.797495554815149, 52.172168608031228 ], [ 4.797446852705309, 52.172253351277519 ], [ 4.797398150409849, 52.172338094502116 ], [ 4.797349447928767, 52.17242283770512 ], [ 4.797300745262064, 52.17250758088651 ], [ 4.797252042409741, 52.172592324046271 ], [ 4.797203339371791, 52.172677067184431 ], [ 4.797154636148211, 52.172761810300912 ], [ 4.797105932739011, 52.172846553395843 ], [ 4.797057229144177, 52.172931296469073 ], [ 4.797008525363718, 52.173016039520718 ], [ 4.796959821397627, 52.173100782550733 ], [ 4.796911117245904, 52.173185525559113 ], [ 4.796862412908551, 52.173270268545899 ], [ 4.796813708385562, 52.173355011511042 ], [ 4.796765003676938, 52.173439754454598 ], [ 4.796716298782679, 52.173524497376476 ], [ 4.796667593702781, 52.173609240276761 ], [ 4.796618888437246, 52.173693983155417 ], [ 4.79657018298607, 52.173778726012443 ], [ 4.796707822584114, 52.173748446569846 ], [ 4.796845461995838, 52.173718166966339 ], [ 4.796957559384275, 52.173693506260669 ], [ 4.797094758986241, 52.1736624816036 ], [ 4.797231958397892, 52.173631456786552 ], [ 4.797281534546141, 52.173620246113231 ], [ 4.797330437526155, 52.173535546302155 ], [ 4.79737934031988, 52.173450846469294 ], [ 4.79742824292731, 52.17336614661464 ], [ 4.797477145348452, 52.17328144673818 ], [ 4.797526047583302, 52.173196746839963 ], [ 4.797574949631866, 52.173112046919933 ], [ 4.797623851494139, 52.173027346978081 ], [ 4.797672753170129, 52.172942647014516 ], [ 4.797721654659832, 52.172857947029108 ], [ 4.797770555963255, 52.172773247021951 ], [ 4.797819457080394, 52.172688546993015 ], [ 4.79786835801125, 52.172603846942259 ], [ 4.797917258755827, 52.172519146869718 ], [ 4.797966159314125, 52.172434446775377 ], [ 4.798015059686146, 52.172349746659293 ], [ 4.79806395987189, 52.172265046521424 ], [ 4.798112859871358, 52.172180346361735 ], [ 4.798161759684552, 52.172095646180267 ], [ 4.798210659311473, 52.172010945977028 ], [ 4.798259558752122, 52.171926245752005 ], [ 4.798308458006502, 52.171841545505224 ], [ 4.798357357074608, 52.171756845236629 ], [ 4.798406255956448, 52.171672144946264 ], [ 4.798455154652021, 52.171587444634071 ], [ 4.798504053161327, 52.171502744300142 ], [ 4.798552951484369, 52.171418043944406 ], [ 4.798601849621148, 52.171333343566907 ], [ 4.798650747571664, 52.171248643167615 ], [ 4.798699645335919, 52.171163942746567 ], [ 4.798748542913912, 52.171079242303726 ], [ 4.798797440305646, 52.170994541839093 ], [ 4.798846337511122, 52.170909841352675 ], [ 4.798895234530344, 52.17082514084445 ], [ 4.798944131363306, 52.170740440314482 ], [ 4.798993028010016, 52.170655739762708 ], [ 4.799041924470473, 52.170571039189156 ], [ 4.799090820744677, 52.170486338593882 ], [ 4.799139716832633, 52.170401637976781 ], [ 4.799188612734336, 52.170316937337901 ], [ 4.79923750844979, 52.170232236677258 ], [ 4.799286403978998, 52.170147535994801 ], [ 4.79933529932196, 52.170062835290565 ], [ 4.799384194478677, 52.16997813456458 ], [ 4.799433089449148, 52.169893433816824 ], [ 4.79948198423338, 52.169808733047304 ], [ 4.799530878831369, 52.169724032255964 ], [ 4.799579773243115, 52.169639331442845 ], [ 4.799628667468625, 52.169554630607983 ], [ 4.799677561507895, 52.169469929751322 ], [ 4.799726455360931, 52.169385228872883 ], [ 4.799775349027729, 52.169300527972645 ], [ 4.799824242508292, 52.16921582705065 ], [ 4.799873135802623, 52.169131126106912 ], [ 4.799922028910721, 52.169046425141367 ], [ 4.799970921832589, 52.16896172415408 ], [ 4.800019814568227, 52.168877023144987 ], [ 4.800068707117636, 52.168792322114108 ], [ 4.800073156038525, 52.16878461482483 ], [ 4.800061704410141, 52.168782006325991 ], [ 4.799924638125602, 52.168750784696044 ], [ 4.799787572033475, 52.168719562906929 ], [ 4.799650506133761, 52.168688340958781 ] ] ] } },
{ "type": "Feature", "properties": { "reference_id": 18 }, "geometry": { "type": "Polygon", "coordinates": [ [ [ 4.802471964390186, 52.169330969439621 ], [ 4.802334894099967, 52.169299751640914 ], [ 4.802197824002142, 52.169268533683073 ], [ 4.802060754096712, 52.169237315566122 ], [ 4.801923684383676, 52.169206097290058 ], [ 4.801786614863035, 52.169174878854832 ], [ 4.801737842410233, 52.169259606151371 ], [ 4.801689069771601, 52.169344333426189 ], [ 4.801640296947137, 52.169429060679356 ], [ 4.801591523936839, 52.169513787910809 ], [ 4.801542750740706, 52.169598515120647 ], [ 4.801493977358736, 52.169683242308778 ], [ 4.801445203790931, 52.169767969475217 ], [ 4.801396430037286, 52.169852696619998 ], [ 4.801347656097801, 52.1699374237431 ], [ 4.801298881972476, 52.170022150844524 ], [ 4.80125010766131, 52.170106877924269 ], [ 4.8012013331643, 52.170191604982378 ], [ 4.801152558481446, 52.170276332018751 ], [ 4.801103783612748, 52.170361059033439 ], [ 4.801055008558202, 52.170445786026484 ], [ 4.801006233317811, 52.170530512997836 ], [ 4.800957457891567, 52.170615239947516 ], [ 4.800908682279474, 52.17069996687551 ], [ 4.800859906481532, 52.170784693781826 ], [ 4.800811130497737, 52.170869420666463 ], [ 4.800762354328088, 52.170954147529386 ], [ 4.800713577972585, 52.171038874370687 ], [ 4.800664801431227, 52.171123601190295 ], [ 4.80061602470401, 52.171208327988232 ], [ 4.800567247790935, 52.171293054764433 ], [ 4.800518470692001, 52.171377781518977 ], [ 4.800469693407207, 52.171462508251857 ], [ 4.800420915936553, 52.171547234963057 ], [ 4.800372138280035, 52.171631961652572 ], [ 4.800323360437652, 52.171716688320387 ], [ 4.800274582409403, 52.171801414966538 ], [ 4.800225804195291, 52.171886141590967 ], [ 4.800177025795309, 52.17197086819376 ], [ 4.800128247209461, 52.172055594774854 ], [ 4.80007946843774, 52.172140321334275 ], [ 4.800030689480151, 52.172225047872004 ], [ 4.799981910336686, 52.172309774388026 ], [ 4.79993313100735, 52.172394500882433 ], [ 4.79988435149214, 52.172479227355105 ], [ 4.799835571791053, 52.17256395380609 ], [ 4.799786791904089, 52.172648680235355 ], [ 4.799738011831248, 52.172733406642983 ], [ 4.799689231572528, 52.172818133028926 ], [ 4.799640451127927, 52.17290285939319 ], [ 4.799591670497446, 52.172987585735761 ], [ 4.799542889681082, 52.173072312056654 ], [ 4.799514631688486, 52.173121392581294 ], [ 4.799652166005774, 52.173090936272331 ], [ 4.799789700135793, 52.173060479802629 ], [ 4.799927234078543, 52.17303002317216 ], [ 4.800064767834025, 52.172999566380959 ], [ 4.800189896969774, 52.172971856411749 ], [ 4.800327320409057, 52.172941212263112 ], [ 4.800464743660065, 52.172910567953984 ], [ 4.800602166722794, 52.172879923484288 ], [ 4.800739589597248, 52.172849278854102 ], [ 4.800877012283423, 52.172818634063461 ], [ 4.801005615394187, 52.172789955824662 ], [ 4.801107806999137, 52.172767166177152 ], [ 4.801244655023209, 52.172735564616701 ], [ 4.80138150285391, 52.172703962897124 ], [ 4.80151835049124, 52.1726723610183 ], [ 4.8016551979352, 52.17264075898035 ], [ 4.801745344336773, 52.172619941454187 ], [ 4.801748364894923, 52.172619246377486 ], [ 4.801885212076161, 52.172587644173937 ], [ 4.802022059064026, 52.172556041811198 ], [ 4.802158905858522, 52.172524439289333 ], [ 4.802295752459636, 52.172492836608235 ], [ 4.802432598867382, 52.17246123376799 ], [ 4.802464315508807, 52.17245390920646 ], [ 4.802509887948168, 52.172443385211437 ], [ 4.802647619552173, 52.172413271396827 ], [ 4.802785350970757, 52.172383157420988 ], [ 4.80292308220392, 52.172353043283941 ], [ 4.803060813251667, 52.172322928985707 ], [ 4.803198199649822, 52.172292889842581 ], [ 4.803335915150839, 52.172262748996097 ], [ 4.803473630466293, 52.172232607988413 ], [ 4.803611345596185, 52.172202466819542 ], [ 4.803749060540509, 52.172172325489505 ], [ 4.803854402333265, 52.172149269455048 ], [ 4.803946363321953, 52.172128314291101 ], [ 4.804083430225671, 52.17209707660983 ], [ 4.804220496937949, 52.172065838768908 ], [ 4.804357563458789, 52.172034600768271 ], [ 4.804494629788188, 52.172003362607917 ], [ 4.804631695926147, 52.17197212428794 ], [ 4.804651536712343, 52.171967602418803 ], [ 4.80478860186814, 52.171936362650399 ], [ 4.804800840181725, 52.171933573294957 ], [ 4.804939199114521, 52.171904569790499 ], [ 4.805077557867953, 52.171875566123354 ], [ 4.805215916442021, 52.171846562293588 ], [ 4.805349653363153, 52.171818527101259 ], [ 4.805412931538474, 52.1718043142738 ], [ 4.805461619398876, 52.171719568006608 ], [ 4.805510307073716, 52.171634821717809 ], [ 4.805558994562997, 52.171550075407389 ], [ 4.805607681866719, 52.17146532907536 ], [ 4.805656368984882, 52.171380582721746 ], [ 4.805705055917492, 52.171295836346523 ], [ 4.805753742664542, 52.171211089949701 ], [ 4.80580242922604, 52.171126343531235 ], [ 4.805851115601985, 52.171041597091204 ], [ 4.805899801792379, 52.17095685062958 ], [ 4.805948487797222, 52.170872104146319 ], [ 4.805997173616515, 52.170787357641451 ], [ 4.80604585925026, 52.170702611115011 ], [ 4.806094544698458, 52.170617864566964 ], [ 4.806143229961112, 52.17053311799733 ], [ 4.806191915038219, 52.170448371406046 ], [ 4.806240599929781, 52.170363624793175 ], [ 4.806289284635803, 52.170278878158747 ], [ 4.806337969156282, 52.170194131502662 ], [ 4.806386653491223, 52.170109384824983 ], [ 4.806435337640623, 52.170024638125724 ], [ 4.806484021604486, 52.169939891404852 ], [ 4.806532705382812, 52.169855144662364 ], [ 4.806581388975602, 52.169770397898318 ], [ 4.806630072382859, 52.169685651112644 ], [ 4.806678755604582, 52.169600904305348 ], [ 4.806727438640774, 52.169516157476515 ], [ 4.806776121491434, 52.169431410626039 ], [ 4.806824804156566, 52.169346663753963 ], [ 4.806858331603069, 52.169288298913706 ], [ 4.806892519141653, 52.169228785032267 ], [ 4.806941201523599, 52.169144038143408 ], [ 4.80698988372002, 52.169059291232948 ], [ 4.807038565730915, 52.168974544300866 ], [ 4.807087247556288, 52.168889797347177 ], [ 4.807135929196136, 52.16880505037193 ], [ 4.807184610650464, 52.168720303375096 ], [ 4.807233291919271, 52.168635556356605 ], [ 4.807198359304969, 52.168628293537829 ], [ 4.80705989203276, 52.168599504765744 ], [ 4.80692142493984, 52.168570715831301 ], [ 4.806782958026204, 52.168541926734427 ], [ 4.80664449129186, 52.168513137475166 ], [ 4.806641689956531, 52.168512555050668 ], [ 4.806503223012146, 52.168483766340351 ], [ 4.806364756247045, 52.168454977467668 ], [ 4.806226289661229, 52.168426188432633 ], [ 4.806087823254704, 52.168397399235168 ], [ 4.806061722992713, 52.16839197222464 ], [ 4.805923257743721, 52.168363181116796 ], [ 4.805784792674027, 52.168334389846571 ], [ 4.805646327783634, 52.168305598413923 ], [ 4.805507863072539, 52.168276806818938 ], [ 4.80546215573364, 52.168356291636144 ], [ 4.805413428040947, 52.16844102849852 ], [ 4.805364700162579, 52.168525765339311 ], [ 4.805315972098538, 52.168610502158437 ], [ 4.805267243848817, 52.168695238955948 ], [ 4.805218515413417, 52.168779975731795 ], [ 4.805169786792342, 52.168864712486005 ], [ 4.805121057985583, 52.168949449218573 ], [ 4.805072328993146, 52.169034185929512 ], [ 4.805023599815024, 52.169118922618821 ], [ 4.804974870451217, 52.169203659286538 ], [ 4.804926140901729, 52.169288395932519 ], [ 4.804877411166552, 52.169373132556963 ], [ 4.804828681245689, 52.169457869159679 ], [ 4.804779951139135, 52.169542605740816 ], [ 4.804731220846892, 52.169627342300267 ], [ 4.804682490368961, 52.16971207883811 ], [ 4.804633759705337, 52.169796815354317 ], [ 4.804615764611074, 52.169792717301803 ], [ 4.804478691771744, 52.169761501363368 ], [ 4.804341619124799, 52.169730285265736 ], [ 4.804204546670245, 52.169699069009027 ], [ 4.804067474408075, 52.169667852593157 ], [ 4.804061182118097, 52.169666419591621 ], [ 4.803924110171383, 52.169635202819663 ], [ 4.80378703841706, 52.169603985888628 ], [ 4.803649966855127, 52.169572768798403 ], [ 4.803512895485587, 52.169541551549109 ], [ 4.803487980531957, 52.169535877558744 ], [ 4.803350908588773, 52.169504661451164 ], [ 4.803213836837974, 52.169473445184451 ], [ 4.803076765279561, 52.169442228758605 ], [ 4.802939693913535, 52.169411012173676 ], [ 4.802926289782609, 52.169434440729631 ], [ 4.8028831764152, 52.169424621881035 ], [ 4.802746105547806, 52.169393404559685 ], [ 4.802609034872798, 52.169362187079216 ], [ 4.802471964390186, 52.169330969439621 ] ] ] } },
{ "type": "Feature", "properties": { "reference_id": 19 }, "geometry": { "type": "Polygon", "coordinates": [ [ [ 4.800073156038525, 52.16878461482483 ], [ 4.800068707117636, 52.168792322114108 ], [ 4.800019814568227, 52.168877023144987 ], [ 4.799970921832589, 52.16896172415408 ], [ 4.799922028910721, 52.169046425141367 ], [ 4.799873135802623, 52.169131126106912 ], [ 4.799824242508292, 52.16921582705065 ], [ 4.799775349027729, 52.169300527972645 ], [ 4.799726455360931, 52.169385228872883 ], [ 4.799677561507895, 52.169469929751322 ], [ 4.799628667468625, 52.169554630607983 ], [ 4.799579773243115, 52.169639331442845 ], [ 4.799530878831369, 52.169724032255964 ], [ 4.79948198423338, 52.169808733047304 ], [ 4.799433089449148, 52.169893433816824 ], [ 4.799384194478677, 52.16997813456458 ], [ 4.79933529932196, 52.170062835290565 ], [ 4.799286403978998, 52.170147535994801 ], [ 4.79923750844979, 52.170232236677258 ], [ 4.799188612734336, 52.170316937337901 ], [ 4.799139716832633, 52.170401637976781 ], [ 4.799090820744677, 52.170486338593882 ], [ 4.799041924470473, 52.170571039189156 ], [ 4.798993028010016, 52.170655739762708 ], [ 4.798944131363306, 52.170740440314482 ], [ 4.798895234530344, 52.17082514084445 ], [ 4.798846337511122, 52.170909841352675 ], [ 4.798797440305646, 52.170994541839093 ], [ 4.798748542913912, 52.171079242303726 ], [ 4.798699645335919, 52.171163942746567 ], [ 4.798650747571664, 52.171248643167615 ], [ 4.798601849621148, 52.171333343566907 ], [ 4.798552951484369, 52.171418043944406 ], [ 4.798504053161327, 52.171502744300142 ], [ 4.798455154652021, 52.171587444634071 ], [ 4.798406255956448, 52.171672144946264 ], [ 4.798357357074608, 52.171756845236629 ], [ 4.798308458006502, 52.171841545505224 ], [ 4.798259558752122, 52.171926245752005 ], [ 4.798210659311473, 52.172010945977028 ], [ 4.798161759684552, 52.172095646180267 ], [ 4.798112859871358, 52.172180346361735 ], [ 4.79806395987189, 52.172265046521424 ], [ 4.798015059686146, 52.172349746659293 ], [ 4.797966159314125, 52.172434446775377 ], [ 4.797917258755827, 52.172519146869718 ], [ 4.79786835801125, 52.172603846942259 ], [ 4.797819457080394, 52.172688546993015 ], [ 4.797770555963255, 52.172773247021951 ], [ 4.797721654659832, 52.172857947029108 ], [ 4.797672753170129, 52.172942647014516 ], [ 4.797623851494139, 52.173027346978081 ], [ 4.797574949631866, 52.173112046919933 ], [ 4.797526047583302, 52.173196746839963 ], [ 4.797477145348452, 52.17328144673818 ], [ 4.79742824292731, 52.17336614661464 ], [ 4.79737934031988, 52.173450846469294 ], [ 4.797330437526155, 52.173535546302155 ], [ 4.797281534546141, 52.173620246113231 ], [ 4.797418734539182, 52.173589222483422 ], [ 4.797555934341914, 52.173558198693613 ], [ 4.797693133954336, 52.173527174743789 ], [ 4.797830333376449, 52.173496150633994 ], [ 4.797967532608255, 52.173465126364221 ], [ 4.798023821383176, 52.173452397967907 ], [ 4.798072600505847, 52.173367671198399 ], [ 4.79812137944264, 52.173282944407255 ], [ 4.798170158193551, 52.173198217594361 ], [ 4.798218936758585, 52.173113490759803 ], [ 4.798267715137742, 52.173028763903559 ], [ 4.798316493331022, 52.172944037025658 ], [ 4.798365271338429, 52.172859310126022 ], [ 4.79841404915996, 52.172774583204742 ], [ 4.79846282679562, 52.172689856261755 ], [ 4.798511604245407, 52.172605129297111 ], [ 4.798560381509326, 52.172520402310788 ], [ 4.798609158587372, 52.172435675302751 ], [ 4.798657935479554, 52.172350948273028 ], [ 4.798706712185868, 52.172266221221655 ], [ 4.798755488706314, 52.172181494148568 ], [ 4.798804265040899, 52.172096767053823 ], [ 4.798853041189622, 52.172012039937385 ], [ 4.798901817152479, 52.171927312799255 ], [ 4.798950592929475, 52.171842585639467 ], [ 4.798999368520614, 52.171757858457958 ], [ 4.799048143925894, 52.171673131254771 ], [ 4.799096919145316, 52.171588404029968 ], [ 4.799145694178882, 52.171503676783423 ], [ 4.799194469026594, 52.171418949515243 ], [ 4.79924324368845, 52.171334222225354 ], [ 4.799292018164453, 52.171249494913802 ], [ 4.799340792454608, 52.171164767580535 ], [ 4.799389566558909, 52.171080040225647 ], [ 4.799438340477361, 52.17099531284903 ], [ 4.799487114209967, 52.170910585450741 ], [ 4.799535887756726, 52.170825858030781 ], [ 4.799584661117636, 52.170741130589128 ], [ 4.799633434292705, 52.170656403125818 ], [ 4.79968220728193, 52.170571675640844 ], [ 4.799730980085311, 52.170486948134155 ], [ 4.79977975270285, 52.170402220605808 ], [ 4.799828525134552, 52.170317493055776 ], [ 4.799877297380413, 52.170232765484059 ], [ 4.799926069440439, 52.170148037890677 ], [ 4.799974841314629, 52.170063310275637 ], [ 4.800023613002982, 52.169978582638883 ], [ 4.8000723845055, 52.169893854980479 ], [ 4.800121155822188, 52.169809127300404 ], [ 4.800169926953042, 52.169724399598643 ], [ 4.800218697898065, 52.169639671875224 ], [ 4.80026746865726, 52.169554944130127 ], [ 4.800316239230626, 52.169470216363294 ], [ 4.800365009618165, 52.169385488574846 ], [ 4.800413779819879, 52.169300760764713 ], [ 4.800462549835768, 52.169216032932887 ], [ 4.800511319665834, 52.169131305079418 ], [ 4.800560089310077, 52.16904657720427 ], [ 4.800608858768499, 52.168961849307458 ], [ 4.800636955534786, 52.168913036226037 ], [ 4.800515483937705, 52.168885366819488 ], [ 4.800378417480032, 52.16885414494633 ], [ 4.800241351214768, 52.168822922914103 ], [ 4.800246417315218, 52.168814499285858 ], [ 4.80021900421455, 52.168808251026782 ], [ 4.800213937991415, 52.168816683641396 ], [ 4.800210221994037, 52.168815837174591 ], [ 4.800073156038525, 52.16878461482483 ] ] ] } },
{ "type": "Feature", "properties": { "reference_id": 20 }, "geometry": { "type": "Polygon", "coordinates": [ [ [ 4.80122514040591, 52.169047004819049 ], [ 4.801185228335671, 52.169037914319389 ], [ 4.801048159846847, 52.169006695034717 ], [ 4.800911091550427, 52.168975475590933 ], [ 4.800774023446404, 52.168944255988038 ], [ 4.800636955534786, 52.168913036226037 ], [ 4.800608858768499, 52.168961849307458 ], [ 4.800560089310077, 52.16904657720427 ], [ 4.800511319665834, 52.169131305079418 ], [ 4.800462549835768, 52.169216032932887 ], [ 4.800413779819879, 52.169300760764713 ], [ 4.800365009618165, 52.169385488574846 ], [ 4.800316239230626, 52.169470216363294 ], [ 4.80026746865726, 52.169554944130127 ], [ 4.800218697898065, 52.169639671875224 ], [ 4.800169926953042, 52.169724399598643 ], [ 4.800121155822188, 52.169809127300404 ], [ 4.8000723845055, 52.169893854980479 ], [ 4.800023613002982, 52.169978582638883 ], [ 4.799974841314629, 52.170063310275637 ], [ 4.799926069440439, 52.170148037890677 ], [ 4.799877297380413, 52.170232765484059 ], [ 4.799828525134552, 52.170317493055776 ], [ 4.79977975270285, 52.170402220605808 ], [ 4.799730980085311, 52.170486948134155 ], [ 4.79968220728193, 52.170571675640844 ], [ 4.799633434292705, 52.170656403125818 ], [ 4.799584661117636, 52.170741130589128 ], [ 4.799535887756726, 52.170825858030781 ], [ 4.799487114209967, 52.170910585450741 ], [ 4.799438340477361, 52.17099531284903 ], [ 4.799389566558909, 52.171080040225647 ], [ 4.799340792454608, 52.171164767580535 ], [ 4.799292018164453, 52.171249494913802 ], [ 4.79924324368845, 52.171334222225354 ], [ 4.799194469026594, 52.171418949515243 ], [ 4.799145694178882, 52.171503676783423 ], [ 4.799096919145316, 52.171588404029968 ], [ 4.799048143925894, 52.171673131254771 ], [ 4.798999368520614, 52.171757858457958 ], [ 4.798950592929475, 52.171842585639467 ], [ 4.798901817152479, 52.171927312799255 ], [ 4.798853041189622, 52.172012039937385 ], [ 4.798804265040899, 52.172096767053823 ], [ 4.798755488706314, 52.172181494148568 ], [ 4.798706712185868, 52.172266221221655 ], [ 4.798657935479554, 52.172350948273028 ], [ 4.798609158587372, 52.172435675302751 ], [ 4.798560381509326, 52.172520402310788 ], [ 4.798511604245407, 52.172605129297111 ], [ 4.79846282679562, 52.172689856261755 ], [ 4.79841404915996, 52.172774583204742 ], [ 4.798365271338429, 52.172859310126022 ], [ 4.798316493331022, 52.172944037025658 ], [ 4.798267715137742, 52.173028763903559 ], [ 4.798218936758585, 52.173113490759803 ], [ 4.798170158193551, 52.173198217594361 ], [ 4.79812137944264, 52.173282944407255 ], [ 4.798072600505847, 52.173367671198399 ], [ 4.798023821383176, 52.173452397967907 ], [ 4.798161019480293, 52.173421372024372 ], [ 4.798214758786891, 52.1734092193756 ], [ 4.798352294745981, 52.173378764367463 ], [ 4.798489830517809, 52.173348309198573 ], [ 4.798627366102374, 52.173317853868873 ], [ 4.798764901499674, 52.173287398378449 ], [ 4.798789834990826, 52.173281877147595 ], [ 4.798838568499273, 52.173197140491766 ], [ 4.798887301821991, 52.173112403814336 ], [ 4.798936034958984, 52.173027667115221 ], [ 4.798984767910252, 52.172942930394456 ], [ 4.799033500675796, 52.172858193652083 ], [ 4.799082233255614, 52.172773456888009 ], [ 4.799130965649714, 52.172688720102357 ], [ 4.799179697858092, 52.172603983295012 ], [ 4.79922842988075, 52.172519246466045 ], [ 4.799277161717691, 52.1724345096154 ], [ 4.799325893368914, 52.172349772743132 ], [ 4.79937462483442, 52.172265035849207 ], [ 4.799423356114212, 52.172180298933689 ], [ 4.799472087208289, 52.172095561996443 ], [ 4.799520818116657, 52.172010825037624 ], [ 4.79956954883931, 52.171926088057091 ], [ 4.799618279376253, 52.171841351054987 ], [ 4.799667009727489, 52.171756614031203 ], [ 4.799715739893018, 52.171671876985769 ], [ 4.799764469872837, 52.171587139918699 ], [ 4.799813199666954, 52.171502402829979 ], [ 4.799861929275364, 52.17141766571963 ], [ 4.799910658698071, 52.171332928587653 ], [ 4.799959387935076, 52.171248191433982 ], [ 4.80000811698638, 52.171163454258711 ], [ 4.800056845851985, 52.171078717061789 ], [ 4.800105574531893, 52.170993979843232 ], [ 4.800154303026101, 52.170909242603024 ], [ 4.800203031334615, 52.170824505341187 ], [ 4.800251759457431, 52.170739768057679 ], [ 4.800300487394556, 52.17065503075257 ], [ 4.800349215145985, 52.170570293425783 ], [ 4.800397942711726, 52.170485556077388 ], [ 4.800446670091777, 52.17040081870735 ], [ 4.800495397286138, 52.170316081315647 ], [ 4.800544124294809, 52.17023134390233 ], [ 4.800592851117794, 52.17014660646737 ], [ 4.800641577755094, 52.17006186901078 ], [ 4.80069030420671, 52.169977131532534 ], [ 4.80073903047264, 52.16989239403263 ], [ 4.800787756552889, 52.169807656511132 ], [ 4.800836482447457, 52.169722918967956 ], [ 4.800885208156347, 52.169638181403187 ], [ 4.800933933679556, 52.169553443816739 ], [ 4.800982659017088, 52.16946870620864 ], [ 4.801031384168943, 52.169383968578977 ], [ 4.801080109135124, 52.169299230927592 ], [ 4.801128833915632, 52.169214493254657 ], [ 4.801177558510465, 52.169129755560022 ], [ 4.80122514040591, 52.169047004819049 ] ] ] } },
{ "type": "Feature", "properties": { "reference_id": 21 }, "geometry": { "type": "Polygon", "coordinates": [ [ [ 4.80136221009275, 52.169078222321865 ], [ 4.80122514040591, 52.169047004819049 ], [ 4.801177558510465, 52.169129755560022 ], [ 4.801128833915632, 52.169214493254657 ], [ 4.801080109135124, 52.169299230927592 ], [ 4.801031384168943, 52.169383968578977 ], [ 4.800982659017088, 52.16946870620864 ], [ 4.800933933679556, 52.169553443816739 ], [ 4.800885208156347, 52.169638181403187 ], [ 4.800836482447457, 52.169722918967956 ], [ 4.800787756552889, 52.169807656511132 ], [ 4.80073903047264, 52.16989239403263 ], [ 4.80069030420671, 52.169977131532534 ], [ 4.800641577755094, 52.17006186901078 ], [ 4.800592851117794, 52.17014660646737 ], [ 4.800544124294809, 52.17023134390233 ], [ 4.800495397286138, 52.170316081315647 ], [ 4.800446670091777, 52.17040081870735 ], [ 4.800397942711726, 52.170485556077388 ], [ 4.800349215145985, 52.170570293425783 ], [ 4.800300487394556, 52.17065503075257 ], [ 4.800251759457431, 52.170739768057679 ], [ 4.800203031334615, 52.170824505341187 ], [ 4.800154303026101, 52.170909242603024 ], [ 4.800105574531893, 52.170993979843232 ], [ 4.800056845851985, 52.171078717061789 ], [ 4.80000811698638, 52.171163454258711 ], [ 4.799959387935076, 52.171248191433982 ], [ 4.799910658698071, 52.171332928587653 ], [ 4.799861929275364, 52.17141766571963 ], [ 4.799813199666954, 52.171502402829979 ], [ 4.799764469872837, 52.171587139918699 ], [ 4.799715739893018, 52.171671876985769 ], [ 4.799667009727489, 52.171756614031203 ], [ 4.799618279376253, 52.171841351054987 ], [ 4.79956954883931, 52.171926088057091 ], [ 4.799520818116657, 52.172010825037624 ], [ 4.799472087208289, 52.172095561996443 ], [ 4.799423356114212, 52.172180298933689 ], [ 4.79937462483442, 52.172265035849207 ], [ 4.799325893368914, 52.172349772743132 ], [ 4.799277161717691, 52.1724345096154 ], [ 4.79922842988075, 52.172519246466045 ], [ 4.799179697858092, 52.172603983295012 ], [ 4.799130965649714, 52.172688720102357 ], [ 4.799082233255614, 52.172773456888009 ], [ 4.799033500675796, 52.172858193652083 ], [ 4.798984767910252, 52.172942930394456 ], [ 4.798936034958984, 52.173027667115221 ], [ 4.798887301821991, 52.173112403814336 ], [ 4.798838568499273, 52.173197140491766 ], [ 4.798789834990826, 52.173281877147595 ], [ 4.798927371752479, 52.173251424174069 ], [ 4.799064908326883, 52.173220971039825 ], [ 4.799202444714035, 52.173190517744807 ], [ 4.799339980913933, 52.173160064288972 ], [ 4.799477516926581, 52.173129610672461 ], [ 4.799514631688486, 52.173121392581294 ], [ 4.799542889681082, 52.173072312056654 ], [ 4.799591670497446, 52.172987585735761 ], [ 4.799640451127927, 52.17290285939319 ], [ 4.799689231572528, 52.172818133028926 ], [ 4.799738011831248, 52.172733406642983 ], [ 4.799786791904089, 52.172648680235355 ], [ 4.799835571791053, 52.17256395380609 ], [ 4.79988435149214, 52.172479227355105 ], [ 4.79993313100735, 52.172394500882433 ], [ 4.799981910336686, 52.172309774388026 ], [ 4.800030689480151, 52.172225047872004 ], [ 4.80007946843774, 52.172140321334275 ], [ 4.800128247209461, 52.172055594774854 ], [ 4.800177025795309, 52.17197086819376 ], [ 4.800225804195291, 52.171886141590967 ], [ 4.800274582409403, 52.171801414966538 ], [ 4.800323360437652, 52.171716688320387 ], [ 4.800372138280035, 52.171631961652572 ], [ 4.800420915936553, 52.171547234963057 ], [ 4.800469693407207, 52.171462508251857 ], [ 4.800518470692001, 52.171377781518977 ], [ 4.800567247790935, 52.171293054764433 ], [ 4.80061602470401, 52.171208327988232 ], [ 4.800664801431227, 52.171123601190295 ], [ 4.800713577972585, 52.171038874370687 ], [ 4.800762354328088, 52.170954147529386 ], [ 4.800811130497737, 52.170869420666463 ], [ 4.800859906481532, 52.170784693781826 ], [ 4.800908682279474, 52.17069996687551 ], [ 4.800957457891567, 52.170615239947516 ], [ 4.801006233317811, 52.170530512997836 ], [ 4.801055008558202, 52.170445786026484 ], [ 4.801103783612748, 52.170361059033439 ], [ 4.801152558481446, 52.170276332018751 ], [ 4.8012013331643, 52.170191604982378 ], [ 4.80125010766131, 52.170106877924269 ], [ 4.801298881972476, 52.170022150844524 ], [ 4.801347656097801, 52.1699374237431 ], [ 4.801396430037286, 52.169852696619998 ], [ 4.801445203790931, 52.169767969475217 ], [ 4.801493977358736, 52.169683242308778 ], [ 4.801542750740706, 52.169598515120647 ], [ 4.801591523936839, 52.169513787910809 ], [ 4.801640296947137, 52.169429060679356 ], [ 4.801689069771601, 52.169344333426189 ], [ 4.801737842410233, 52.169259606151371 ], [ 4.801786614863035, 52.169174878854832 ], [ 4.801773420307607, 52.169171873875555 ], [ 4.801636350043601, 52.169140656850111 ], [ 4.801499279971979, 52.16910943966554 ], [ 4.80136221009275, 52.169078222321865 ] ] ] } },
{ "type": "Feature", "properties": { "reference_id": 22 }, "geometry": { "type": "Polygon", "coordinates": [ [ [ 4.798377419503145, 52.168398350998849 ], [ 4.798361675087064, 52.16842572682225 ], [ 4.7983129417065, 52.168510462440629 ], [ 4.79826420814024, 52.168595198037345 ], [ 4.798215474388273, 52.168679933612388 ], [ 4.798166740450608, 52.168764669165824 ], [ 4.798118006327234, 52.168849404697575 ], [ 4.79806927201816, 52.168934140207725 ], [ 4.798020537523374, 52.169018875696189 ], [ 4.797971802842886, 52.169103611163038 ], [ 4.797923067976685, 52.169188346608223 ], [ 4.797874332924776, 52.169273082031786 ], [ 4.797825597687158, 52.169357817433671 ], [ 4.797776862263825, 52.169442552813948 ], [ 4.797728126654779, 52.169527288172524 ], [ 4.797679390860019, 52.169612023509494 ], [ 4.797630654879544, 52.169696758824784 ], [ 4.797581918713351, 52.16978149411846 ], [ 4.797533182361441, 52.169866229390472 ], [ 4.797484445823812, 52.16995096464084 ], [ 4.797435709100461, 52.170035699869587 ], [ 4.797386972191389, 52.170120435076626 ], [ 4.797338235096595, 52.170205170262051 ], [ 4.797289497816077, 52.17028990542584 ], [ 4.797240760349835, 52.170374640567935 ], [ 4.797192022697863, 52.170459375688438 ], [ 4.797143284860168, 52.170544110787269 ], [ 4.797094546836743, 52.170628845864421 ], [ 4.79704580862759, 52.170713580919937 ], [ 4.796997070232702, 52.17079831595381 ], [ 4.796948331652085, 52.170883050966054 ], [ 4.796899592885734, 52.17096778595662 ], [ 4.796850853933649, 52.171052520925528 ], [ 4.796802114795829, 52.171137255872821 ], [ 4.796753375472273, 52.171221990798415 ], [ 4.796704635962977, 52.171306725702379 ], [ 4.796655896267942, 52.171391460584694 ], [ 4.796607156387168, 52.171476195445379 ], [ 4.796558416320653, 52.171560930284386 ], [ 4.796509676068394, 52.171645665101714 ], [ 4.796460935630392, 52.171730399897442 ], [ 4.796412195006647, 52.171815134671483 ], [ 4.796363454197152, 52.171899869423861 ], [ 4.796314713201913, 52.171984604154609 ], [ 4.796265972020926, 52.172069338863714 ], [ 4.796217230654188, 52.172154073551155 ], [ 4.796168489101698, 52.17223880821691 ], [ 4.796119747363459, 52.172323542861051 ], [ 4.796071005439465, 52.172408277483484 ], [ 4.796022263329718, 52.172493012084331 ], [ 4.795973521034215, 52.17257774666345 ], [ 4.795924778552955, 52.172662481220996 ], [ 4.795876035885938, 52.172747215756836 ], [ 4.795827293033163, 52.172831950271046 ], [ 4.795778549994628, 52.17291668476355 ], [ 4.79572980677033, 52.173001419234417 ], [ 4.795681063360272, 52.173086153683663 ], [ 4.79563231976445, 52.17317088811123 ], [ 4.795583575982862, 52.173255622517097 ], [ 4.795534832015507, 52.173340356901377 ], [ 4.795486087862387, 52.173425091263958 ], [ 4.795437343523496, 52.173509825604896 ], [ 4.795388598998843, 52.173594559924155 ], [ 4.795339854288414, 52.173679294221763 ], [ 4.795291109392213, 52.17376402849775 ], [ 4.79524236431024, 52.173848762752037 ], [ 4.795193619042494, 52.17393349698466 ], [ 4.795144873588971, 52.174018231195646 ], [ 4.795096127949674, 52.174102965384961 ], [ 4.795233785267816, 52.174072714701566 ], [ 4.795236486058361, 52.174072121191244 ], [ 4.7953741272102, 52.174041842876427 ], [ 4.795511768175726, 52.174011564400658 ], [ 4.795649408954937, 52.173981285763873 ], [ 4.795787049547831, 52.173951006966085 ], [ 4.795849806425466, 52.173937201358335 ], [ 4.795898453899223, 52.173852445880847 ], [ 4.79594710118753, 52.173767690381794 ], [ 4.795995748290391, 52.173682934861127 ], [ 4.796044395207804, 52.173598179318901 ], [ 4.796093041939772, 52.173513423755118 ], [ 4.796141688486299, 52.173428668169748 ], [ 4.796190334847381, 52.173343912562792 ], [ 4.796238981023019, 52.173259156934222 ], [ 4.79628762701322, 52.173174401284136 ], [ 4.796336272817978, 52.173089645612428 ], [ 4.796384918437299, 52.173004889919191 ], [ 4.796433563871186, 52.172920134204332 ], [ 4.796482209119633, 52.17283537846793 ], [ 4.796530854182647, 52.172750622709913 ], [ 4.796579499060226, 52.172665866930359 ], [ 4.796628143752373, 52.17258111112924 ], [ 4.796676788259089, 52.1724963553065 ], [ 4.796725432580376, 52.172411599462187 ], [ 4.796774076716233, 52.172326843596338 ], [ 4.796822720666662, 52.172242087708916 ], [ 4.796871364431663, 52.172157331799859 ], [ 4.796920008011241, 52.172072575869294 ], [ 4.796968651405392, 52.171987819917135 ], [ 4.797017294614121, 52.171903063943404 ], [ 4.797065937637429, 52.171818307948101 ], [ 4.797114580475315, 52.171733551931219 ], [ 4.797163223127782, 52.171648795892771 ], [ 4.79721186559483, 52.171564039832738 ], [ 4.797260507876461, 52.171479283751125 ], [ 4.797309149972675, 52.171394527647955 ], [ 4.797357791883474, 52.171309771523241 ], [ 4.79740643360886, 52.171225015376919 ], [ 4.797455075148832, 52.171140259209068 ], [ 4.797503716503394, 52.171055503019609 ], [ 4.797552357672545, 52.170970746808585 ], [ 4.797600998656288, 52.170885990575947 ], [ 4.797649639454622, 52.1708012343218 ], [ 4.797698280067548, 52.170716478046103 ], [ 4.797746920495068, 52.170631721748748 ], [ 4.797795560737186, 52.170546965429885 ], [ 4.7978442007939, 52.170462209089443 ], [ 4.797892840665209, 52.170377452727458 ], [ 4.79794148035112, 52.170292696343857 ], [ 4.797990119851631, 52.17020793993872 ], [ 4.798038759166743, 52.170123183512018 ], [ 4.798087398296456, 52.170038427063716 ], [ 4.798136037240774, 52.169953670593877 ], [ 4.798184675999696, 52.169868914102459 ], [ 4.798233314573222, 52.169784157589461 ], [ 4.798281952961359, 52.169699401054913 ], [ 4.798330591164103, 52.1696146444988 ], [ 4.798379229181456, 52.169529887921087 ], [ 4.79842786701342, 52.169445131321851 ], [ 4.798476504659994, 52.169360374701043 ], [ 4.798525142121184, 52.169275618058641 ], [ 4.798573779396985, 52.169190861394682 ], [ 4.798622416487405, 52.169106104709186 ], [ 4.798671053392438, 52.16902134800209 ], [ 4.798719690112089, 52.168936591273443 ], [ 4.79876832664636, 52.168851834523245 ], [ 4.79881696299525, 52.16876707775149 ], [ 4.798865599158761, 52.168682320958126 ], [ 4.798914235136895, 52.168597564143241 ], [ 4.798953276101556, 52.168529528091128 ], [ 4.79892567842201, 52.1685232415672 ], [ 4.798788613403675, 52.1684920191638 ], [ 4.798651548577752, 52.168460796601238 ], [ 4.798514483944243, 52.168429573879592 ], [ 4.798377419503145, 52.168398350998849 ] ] ] } },
{ "type": "Feature", "properties": { "reference_id": 23 }, "geometry": { "type": "Polygon", "coordinates": [ [ [ 4.789540288902377, 52.163906316178277 ], [ 4.789456626768986, 52.163886326056975 ], [ 4.789321120175646, 52.163852651133524 ], [ 4.78918561378739, 52.163818976054579 ], [ 4.789050107604218, 52.163785300820088 ], [ 4.788914601626128, 52.163751625430081 ], [ 4.788779095853124, 52.163717949884528 ], [ 4.788643590285209, 52.16368427418351 ], [ 4.788614510201522, 52.163677047204807 ], [ 4.788665484638625, 52.163592812816283 ], [ 4.788716458882691, 52.163508578404212 ], [ 4.788767432933727, 52.163424343968614 ], [ 4.78881164486643, 52.163351283631783 ], [ 4.788776515012133, 52.163342601111999 ], [ 4.788640906261299, 52.16330908459873 ], [ 4.788505297714742, 52.16327556792978 ], [ 4.788369689372459, 52.163242051104994 ], [ 4.788234081234449, 52.163208534124493 ], [ 4.788182009923055, 52.16329251430156 ], [ 4.788129938415088, 52.16337649445412 ], [ 4.788077866710545, 52.16346047458218 ], [ 4.788033136271146, 52.163532614602616 ], [ 4.787981068032675, 52.163616595583584 ], [ 4.787928999597637, 52.163700576540066 ], [ 4.787876930966033, 52.163784557472049 ], [ 4.787824862137859, 52.163868538379532 ], [ 4.787821894762147, 52.163873324397926 ], [ 4.787769823940256, 52.163957304860766 ], [ 4.787717752921787, 52.164041285299135 ], [ 4.78766568170674, 52.16412526571299 ], [ 4.787613610295111, 52.164209246102338 ], [ 4.787604763991403, 52.164223513321915 ], [ 4.787740667255042, 52.164256579933713 ], [ 4.787876570720663, 52.164289646389079 ], [ 4.788012474388276, 52.164322712688048 ], [ 4.788148378257872, 52.164355778830583 ], [ 4.788284282329452, 52.164388844816642 ], [ 4.788420186603019, 52.16442191064629 ], [ 4.788556091078567, 52.164454976319533 ], [ 4.788691995756101, 52.164488041836286 ], [ 4.788827900635615, 52.164521107196649 ], [ 4.788963805717116, 52.164554172400557 ], [ 4.789099711000595, 52.164587237448025 ], [ 4.789235616486056, 52.164620302339046 ], [ 4.789371522173498, 52.164653367073655 ], [ 4.789507428062919, 52.164686431651802 ], [ 4.789643334154319, 52.164719496073523 ], [ 4.789779240447697, 52.164752560338798 ], [ 4.789915146943056, 52.164785624447646 ], [ 4.79005105364039, 52.16481868840004 ], [ 4.790186960539702, 52.164851752196022 ], [ 4.790322867640991, 52.164884815835556 ], [ 4.790458774944256, 52.164917879318608 ], [ 4.790594682449495, 52.16495094264527 ], [ 4.79073059015671, 52.164984005815448 ], [ 4.790866498065898, 52.165017068829194 ], [ 4.791002406177061, 52.165050131686513 ], [ 4.791138314490196, 52.165083194387385 ], [ 4.791274223005303, 52.165116256931803 ], [ 4.791410131722382, 52.16514931931976 ], [ 4.791546040641433, 52.16518238155129 ], [ 4.791681949762455, 52.165215443626408 ], [ 4.791714244075179, 52.165223299706049 ], [ 4.791765998334226, 52.165139244936348 ], [ 4.791817752397711, 52.165055190142432 ], [ 4.791869506265633, 52.164971135324258 ], [ 4.791921259937996, 52.16488708048194 ], [ 4.791928242976352, 52.164875739073373 ], [ 4.791980002521614, 52.16479168562276 ], [ 4.792031761871298, 52.164707632147909 ], [ 4.792083521025408, 52.164623578648815 ], [ 4.792135279983942, 52.164539525125527 ], [ 4.792139922275076, 52.164531986299401 ], [ 4.792004270267509, 52.164498530484792 ], [ 4.791883917782669, 52.164468847814369 ], [ 4.791747977234137, 52.164435838171293 ], [ 4.791612036887303, 52.164402828371678 ], [ 4.79147609674216, 52.164369818415572 ], [ 4.791427479180282, 52.164358012702387 ], [ 4.791291184963944, 52.164325559792445 ], [ 4.791154890946427, 52.164293106725147 ], [ 4.79101859712773, 52.164260653500541 ], [ 4.790882303507858, 52.164228200118608 ], [ 4.790746010086809, 52.164195746579317 ], [ 4.790653660827247, 52.164173756697842 ], [ 4.790517615602154, 52.164140911960182 ], [ 4.790381570577903, 52.164108067065719 ], [ 4.7902455257545, 52.164075222014539 ], [ 4.790109481131942, 52.164042376806577 ], [ 4.790085214981281, 52.164036518216356 ], [ 4.78994898316257, 52.164003967942612 ], [ 4.789812751543181, 52.163971417511668 ], [ 4.789676520123116, 52.163938866923573 ], [ 4.789540288902377, 52.163906316178277 ] ] ] } },
{ "type": "Feature", "properties": { "reference_id": 24 }, "geometry": { "type": "Polygon", "coordinates": [ [ [ 4.787740667255042, 52.164256579933713 ], [ 4.787604763991403, 52.164223513321915 ], [ 4.78755269120805, 52.164307493414896 ], [ 4.787500618228109, 52.164391473483391 ], [ 4.787448545051583, 52.164475453527359 ], [ 4.787396471678468, 52.164559433546856 ], [ 4.787389407765352, 52.164570825668342 ], [ 4.787525287772811, 52.16460393004207 ], [ 4.787661167982454, 52.164637034259421 ], [ 4.787797048394279, 52.164670138320375 ], [ 4.787932929008289, 52.164703242225016 ], [ 4.788068809824481, 52.164736345973232 ], [ 4.788204690842855, 52.164769449565071 ], [ 4.788340572063412, 52.164802553000534 ], [ 4.788476453486146, 52.1648356562796 ], [ 4.788612335111059, 52.164868759402275 ], [ 4.788748216938155, 52.16490186236863 ], [ 4.788884098967432, 52.164934965178539 ], [ 4.789019981198883, 52.164968067832071 ], [ 4.789155863632514, 52.165001170329226 ], [ 4.789291746268323, 52.165034272670034 ], [ 4.789427629106305, 52.165067374854431 ], [ 4.789563512146468, 52.165100476882429 ], [ 4.789699395388804, 52.165133578754045 ], [ 4.789835278833315, 52.165166680469298 ], [ 4.789971162480002, 52.165199782028132 ], [ 4.790107046328862, 52.165232883430647 ], [ 4.790242930379894, 52.165265984676736 ], [ 4.790378814633098, 52.165299085766428 ], [ 4.790514699088476, 52.165332186699686 ], [ 4.790650583746026, 52.165365287476632 ], [ 4.790786468605746, 52.165398388097174 ], [ 4.790922353667635, 52.165431488561318 ], [ 4.791058238931695, 52.165464588869057 ], [ 4.791194124397926, 52.16549768902042 ], [ 4.791330010066324, 52.165530789015392 ], [ 4.79146589593689, 52.165563888853981 ], [ 4.791499480251074, 52.165572069476958 ], [ 4.791551238866723, 52.165488015633152 ], [ 4.791602997286796, 52.165403961765165 ], [ 4.79165475551129, 52.165319907872984 ], [ 4.791706513540208, 52.165235853956538 ], [ 4.791714244075179, 52.165223299706049 ], [ 4.791681949762455, 52.165215443626408 ], [ 4.791546040641433, 52.16518238155129 ], [ 4.791410131722382, 52.16514931931976 ], [ 4.791274223005303, 52.165116256931803 ], [ 4.791138314490196, 52.165083194387385 ], [ 4.791002406177061, 52.165050131686513 ], [ 4.790866498065898, 52.165017068829194 ], [ 4.79073059015671, 52.164984005815448 ], [ 4.790594682449495, 52.16495094264527 ], [ 4.790458774944256, 52.164917879318608 ], [ 4.790322867640991, 52.164884815835556 ], [ 4.790186960539702, 52.164851752196022 ], [ 4.79005105364039, 52.16481868840004 ], [ 4.789915146943056, 52.164785624447646 ], [ 4.789779240447697, 52.164752560338798 ], [ 4.789643334154319, 52.164719496073523 ], [ 4.789507428062919, 52.164686431651802 ], [ 4.789371522173498, 52.164653367073655 ], [ 4.789235616486056, 52.164620302339046 ], [ 4.789099711000595, 52.164587237448025 ], [ 4.788963805717116, 52.164554172400557 ], [ 4.788827900635615, 52.164521107196649 ], [ 4.788691995756101, 52.164488041836286 ], [ 4.788556091078567, 52.164454976319533 ], [ 4.788420186603019, 52.16442191064629 ], [ 4.788284282329452, 52.164388844816642 ], [ 4.788148378257872, 52.164355778830583 ], [ 4.788012474388276, 52.164322712688048 ], [ 4.787876570720663, 52.164289646389079 ], [ 4.787740667255042, 52.164256579933713 ] ] ] } },
{ "type": "Feature", "properties": { "reference_id": 25 }, "geometry": { "type": "Polygon", "coordinates": [ [ [ 4.790906280062844, 52.169814835283503 ], [ 4.790770269353617, 52.169781909686485 ], [ 4.790634258845706, 52.169748983932863 ], [ 4.790498248539118, 52.169716058022537 ], [ 4.790362238433848, 52.169683131955544 ], [ 4.790226228529897, 52.169650205731898 ], [ 4.790221010366956, 52.169659173080973 ], [ 4.790171766799224, 52.169743797358606 ], [ 4.790122523044087, 52.169828421614177 ], [ 4.790073279101545, 52.169913045847629 ], [ 4.790024034971595, 52.169997670059047 ], [ 4.790160125231966, 52.170030472168172 ], [ 4.790296215693021, 52.170063274120409 ], [ 4.790432306354761, 52.170096075915836 ], [ 4.790568397217188, 52.17012887755439 ], [ 4.790704488280295, 52.170161679036113 ], [ 4.790840579544086, 52.170194480360948 ], [ 4.790976671008559, 52.170227281528952 ], [ 4.791112762673715, 52.170260082540125 ], [ 4.791248854539551, 52.170292883394389 ], [ 4.791384946606071, 52.170325684091836 ], [ 4.791521038873268, 52.17035848463243 ], [ 4.791657131341146, 52.170391285016173 ], [ 4.791793224009702, 52.17042408524302 ], [ 4.791929316878934, 52.170456885313058 ], [ 4.792065409948846, 52.170489685226229 ], [ 4.792201503219437, 52.170522484982541 ], [ 4.792337596690704, 52.170555284582008 ], [ 4.792473690362646, 52.170588084024587 ], [ 4.792609784235261, 52.170620883310299 ], [ 4.792745878308554, 52.170653682439173 ], [ 4.792881972582521, 52.170686481411181 ], [ 4.793018067057159, 52.170719280226379 ], [ 4.79315416173247, 52.170752078884661 ], [ 4.793290256608456, 52.170784877386076 ], [ 4.793426351685113, 52.17081767573066 ], [ 4.793562446962441, 52.170850473918406 ], [ 4.79369854244044, 52.170883271949236 ], [ 4.793834638119108, 52.1709160698232 ], [ 4.793970733998449, 52.170948867540318 ], [ 4.794106830078453, 52.170981665100591 ], [ 4.794223209815133, 52.171009711090392 ], [ 4.794272519803559, 52.170925101133754 ], [ 4.794321829604361, 52.170840491155012 ], [ 4.794371139217536, 52.170755881154079 ], [ 4.794420448643087, 52.170671271131077 ], [ 4.794423407825092, 52.170666193460939 ], [ 4.794306613220371, 52.170637924289551 ], [ 4.794170597478367, 52.170605002609427 ], [ 4.79403458193767, 52.170572080772622 ], [ 4.793898566598275, 52.170539158779128 ], [ 4.793762551460184, 52.17050623662896 ], [ 4.793626536523403, 52.170473314322109 ], [ 4.793490521787928, 52.170440391858548 ], [ 4.793354507253757, 52.170407469238349 ], [ 4.793218492920894, 52.170374546461524 ], [ 4.79308247878934, 52.170341623527953 ], [ 4.792946464859093, 52.170308700437715 ], [ 4.792810451130157, 52.17027577719081 ], [ 4.792674437602529, 52.170242853787215 ], [ 4.792538424276215, 52.170209930226967 ], [ 4.792402411151208, 52.170177006510045 ], [ 4.792266398227515, 52.170144082636433 ], [ 4.792130385505134, 52.170111158606154 ], [ 4.791994372984066, 52.170078234419179 ], [ 4.79185836066431, 52.170045310075587 ], [ 4.791722348545866, 52.170012385575298 ], [ 4.791586336628741, 52.169979460918334 ], [ 4.79145032491293, 52.169946536104717 ], [ 4.791314313398433, 52.169913611134412 ], [ 4.791178302085252, 52.169880686007403 ], [ 4.79104229097339, 52.169847760723755 ], [ 4.790906280062844, 52.169814835283503 ] ] ] } },
{ "type": "Feature", "properties": { "reference_id": 26 }, "geometry": { "type": "Polygon", "coordinates": [ [ [ 4.790976671008559, 52.170227281528952 ], [ 4.790840579544086, 52.170194480360948 ], [ 4.790704488280295, 52.170161679036113 ], [ 4.790568397217188, 52.17012887755439 ], [ 4.790432306354761, 52.170096075915836 ], [ 4.790296215693021, 52.170063274120409 ], [ 4.790160125231966, 52.170030472168172 ], [ 4.790024034971595, 52.169997670059047 ], [ 4.790013631806475, 52.170015546785109 ], [ 4.7899643857806, 52.170100170602602 ], [ 4.789915139567307, 52.170184794398033 ], [ 4.789865893166602, 52.170269418171351 ], [ 4.789816646578479, 52.170354041922614 ], [ 4.789952600728181, 52.170387058419962 ], [ 4.790088555079679, 52.170420074760784 ], [ 4.790224509632964, 52.17045309094506 ], [ 4.79036046438804, 52.170486106972781 ], [ 4.790496419344906, 52.17051912284397 ], [ 4.790632374503564, 52.170552138558648 ], [ 4.790768329864008, 52.17058515411675 ], [ 4.790904285426242, 52.170618169518342 ], [ 4.791040241190265, 52.170651184763379 ], [ 4.791176197156071, 52.170684199851898 ], [ 4.791312153323664, 52.170717214783849 ], [ 4.791448109693046, 52.17075022955926 ], [ 4.791584066264213, 52.17078324417816 ], [ 4.791720023037164, 52.170816258640485 ], [ 4.791855980011899, 52.170849272946271 ], [ 4.791991937188417, 52.170882287095516 ], [ 4.792127894566719, 52.170915301088236 ], [ 4.792263852146803, 52.170948314924416 ], [ 4.79239980992867, 52.170981328604014 ], [ 4.792535767912318, 52.171014342127087 ], [ 4.792671726097746, 52.171047355493613 ], [ 4.792807684484955, 52.171080368703592 ], [ 4.792943643073942, 52.171113381757024 ], [ 4.793079601864709, 52.17114639465391 ], [ 4.793215560857254, 52.171179407394277 ], [ 4.793351520051578, 52.171212419978055 ], [ 4.79348747944768, 52.171245432405314 ], [ 4.793623439045555, 52.17127844467602 ], [ 4.793759398845208, 52.171311456790171 ], [ 4.793895358846636, 52.171344468747762 ], [ 4.794011639955775, 52.171372702381419 ], [ 4.794025952089635, 52.171348147193342 ], [ 4.794075266802475, 52.171263538200819 ], [ 4.794124581327669, 52.171178929186119 ], [ 4.794173895665221, 52.171094320149351 ], [ 4.794223209815133, 52.171009711090392 ], [ 4.794106830078453, 52.170981665100591 ], [ 4.793970733998449, 52.170948867540318 ], [ 4.793834638119108, 52.1709160698232 ], [ 4.79369854244044, 52.170883271949236 ], [ 4.793562446962441, 52.170850473918406 ], [ 4.793426351685113, 52.17081767573066 ], [ 4.793290256608456, 52.170784877386076 ], [ 4.79315416173247, 52.170752078884661 ], [ 4.793018067057159, 52.170719280226379 ], [ 4.792881972582521, 52.170686481411181 ], [ 4.792745878308554, 52.170653682439173 ], [ 4.792609784235261, 52.170620883310299 ], [ 4.792473690362646, 52.170588084024587 ], [ 4.792337596690704, 52.170555284582008 ], [ 4.792201503219437, 52.170522484982541 ], [ 4.792065409948846, 52.170489685226229 ], [ 4.791929316878934, 52.170456885313058 ], [ 4.791793224009702, 52.17042408524302 ], [ 4.791657131341146, 52.170391285016173 ], [ 4.791521038873268, 52.17035848463243 ], [ 4.791384946606071, 52.170325684091836 ], [ 4.791248854539551, 52.170292883394389 ], [ 4.791112762673715, 52.170260082540125 ], [ 4.790976671008559, 52.170227281528952 ] ] ] } },
{ "type": "Feature", "properties": { "reference_id": 27 }, "geometry": { "type": "Polygon", "coordinates": [ [ [ 4.790224509632964, 52.17045309094506 ], [ 4.790088555079679, 52.170420074760784 ], [ 4.789952600728181, 52.170387058419962 ], [ 4.789816646578479, 52.170354041922614 ], [ 4.789799223946044, 52.170383980673172 ], [ 4.789749977603524, 52.17046860450445 ], [ 4.789700731073586, 52.170553228313587 ], [ 4.789651484356226, 52.170637852100683 ], [ 4.789602237451447, 52.170722475865674 ], [ 4.789738124812965, 52.170755597886448 ], [ 4.789874012376821, 52.170788719750881 ], [ 4.790009900143013, 52.170821841458881 ], [ 4.790145788111541, 52.170854963010534 ], [ 4.790281676282402, 52.170888084405746 ], [ 4.790417564655601, 52.170921205644639 ], [ 4.790553453231133, 52.170954326727141 ], [ 4.790689342008998, 52.170987447653211 ], [ 4.790825230989196, 52.171020568422925 ], [ 4.790961120171726, 52.171053689036256 ], [ 4.791097009556587, 52.17108680949319 ], [ 4.791232899143782, 52.171119929793761 ], [ 4.791368788933305, 52.171153049937921 ], [ 4.791504678925159, 52.171186169925704 ], [ 4.791640569119343, 52.171219289757069 ], [ 4.791776459515854, 52.171252409432064 ], [ 4.791912350114696, 52.171285528950669 ], [ 4.792048240915863, 52.171318648312926 ], [ 4.792184131919359, 52.17135176751875 ], [ 4.792320023125181, 52.171384886568212 ], [ 4.792455914533329, 52.171418005461227 ], [ 4.792591806143802, 52.171451124197915 ], [ 4.792727697956601, 52.171484242778156 ], [ 4.792863589971723, 52.171517361202049 ], [ 4.792999482189168, 52.171550479469559 ], [ 4.79313537460894, 52.171583597580621 ], [ 4.793271267231031, 52.171616715535357 ], [ 4.793407160055443, 52.171649833333625 ], [ 4.793543053082179, 52.171682950975544 ], [ 4.793678946311235, 52.171716068461045 ], [ 4.793796278148644, 52.171744662328202 ], [ 4.793796412690185, 52.171744428145573 ], [ 4.793845100595354, 52.171659681938813 ], [ 4.793893788314949, 52.17157493571041 ], [ 4.793913026076187, 52.171541923860502 ], [ 4.793962333109792, 52.171457313132031 ], [ 4.794011639955775, 52.171372702381419 ], [ 4.793895358846636, 52.171344468747762 ], [ 4.793759398845208, 52.171311456790171 ], [ 4.793623439045555, 52.17127844467602 ], [ 4.79348747944768, 52.171245432405314 ], [ 4.793351520051578, 52.171212419978055 ], [ 4.793215560857254, 52.171179407394277 ], [ 4.793079601864709, 52.17114639465391 ], [ 4.792943643073942, 52.171113381757024 ], [ 4.792807684484955, 52.171080368703592 ], [ 4.792671726097746, 52.171047355493613 ], [ 4.792535767912318, 52.171014342127087 ], [ 4.79239980992867, 52.170981328604014 ], [ 4.792263852146803, 52.170948314924416 ], [ 4.792127894566719, 52.170915301088236 ], [ 4.791991937188417, 52.170882287095516 ], [ 4.791855980011899, 52.170849272946271 ], [ 4.791720023037164, 52.170816258640485 ], [ 4.791584066264213, 52.17078324417816 ], [ 4.791448109693046, 52.17075022955926 ], [ 4.791312153323664, 52.170717214783849 ], [ 4.791176197156071, 52.170684199851898 ], [ 4.791040241190265, 52.170651184763379 ], [ 4.790904285426242, 52.170618169518342 ], [ 4.790768329864008, 52.17058515411675 ], [ 4.790632374503564, 52.170552138558648 ], [ 4.790496419344906, 52.17051912284397 ], [ 4.79036046438804, 52.170486106972781 ], [ 4.790224509632964, 52.17045309094506 ] ] ] } },
{ "type": "Feature", "properties": { "reference_id": 28 }, "geometry": { "type": "Polygon", "coordinates": [ [ [ 4.789301758313117, 52.171238791002686 ], [ 4.789252507839471, 52.171323414118561 ], [ 4.789203257178388, 52.171408037212331 ], [ 4.789199773330322, 52.171414023190046 ], [ 4.789234291417765, 52.171422482423118 ], [ 4.78937008054584, 52.17145575968474 ], [ 4.789505869877055, 52.17148903679017 ], [ 4.789641659411408, 52.17152231373948 ], [ 4.789777449148898, 52.171555590532613 ], [ 4.789913239089527, 52.171588867169582 ], [ 4.790049029233293, 52.171622143650417 ], [ 4.790184819580192, 52.17165541997511 ], [ 4.790320610130229, 52.171688696143597 ], [ 4.790456400883401, 52.171721972155957 ], [ 4.790592191839707, 52.171755248012147 ], [ 4.790727982999146, 52.171788523712202 ], [ 4.790863774361718, 52.17182179925603 ], [ 4.790999565927422, 52.171855074643759 ], [ 4.79113535769626, 52.171888349875346 ], [ 4.791271149668228, 52.171921624950727 ], [ 4.791406941843327, 52.171954899869959 ], [ 4.791542734221559, 52.171988174633043 ], [ 4.791678526802917, 52.172021449239971 ], [ 4.791814319587404, 52.1720547236907 ], [ 4.791950112575022, 52.17208799798528 ], [ 4.792085905765767, 52.17212127212369 ], [ 4.79222169915964, 52.172154546105979 ], [ 4.792357492756638, 52.172187819932063 ], [ 4.792493286556765, 52.172221093601955 ], [ 4.792629080560016, 52.172254367115762 ], [ 4.792764874766392, 52.172287640473364 ], [ 4.792900669175896, 52.172320913674795 ], [ 4.792951768686583, 52.172236705789345 ], [ 4.793002868003779, 52.172152497880226 ], [ 4.793005190558423, 52.172148670473184 ], [ 4.793056290888928, 52.172064462818255 ], [ 4.793107391025941, 52.17198025513963 ], [ 4.793112177221985, 52.17197236797184 ], [ 4.792976245540137, 52.171939308990389 ], [ 4.792840314060312, 52.171906249852455 ], [ 4.792704382782516, 52.171873190558024 ], [ 4.792568451706742, 52.171840131107132 ], [ 4.792432520832993, 52.171807071499757 ], [ 4.792296590161272, 52.171774011735884 ], [ 4.792160659691579, 52.171740951815565 ], [ 4.792024729423913, 52.171707891738727 ], [ 4.791888799358272, 52.171674831505406 ], [ 4.791752869494664, 52.171641771115652 ], [ 4.791616939833083, 52.171608710569402 ], [ 4.791481010373533, 52.171575649866632 ], [ 4.791345081116011, 52.171542589007451 ], [ 4.791209152060522, 52.171509527991773 ], [ 4.791073223207066, 52.171476466819605 ], [ 4.790937294555639, 52.171443405490969 ], [ 4.790801366106247, 52.171410344005828 ], [ 4.790665437858888, 52.171377282364226 ], [ 4.790529509813562, 52.171344220566155 ], [ 4.790393581970272, 52.171311158611616 ], [ 4.790257654329014, 52.171278096500608 ], [ 4.790121726889794, 52.171245034233124 ], [ 4.789985799652611, 52.171211971809157 ], [ 4.789849872617462, 52.171178909228715 ], [ 4.789713945784352, 52.171145846491818 ], [ 4.78957801915328, 52.171112783598424 ], [ 4.789442092724247, 52.171079720548576 ], [ 4.789400258698103, 52.171069544704736 ], [ 4.789351008599326, 52.171154167864771 ], [ 4.789301758313117, 52.171238791002686 ] ] ] } },
{ "type": "Feature", "properties": { "reference_id": 29 }, "geometry": { "type": "Polygon", "coordinates": [ [ [ 4.789234291417765, 52.171422482423118 ], [ 4.789199773330322, 52.171414023190046 ], [ 4.789150525560614, 52.171498646940506 ], [ 4.789101277603479, 52.171583270668876 ], [ 4.789052029458913, 52.171667894375169 ], [ 4.789002781126913, 52.171752518059357 ], [ 4.788993598548537, 52.171768296497085 ], [ 4.789023293421705, 52.171775549674173 ], [ 4.789159144924388, 52.17180873221308 ], [ 4.789294996629732, 52.17184191459571 ], [ 4.789430848537732, 52.171875096821999 ], [ 4.789566700648388, 52.171908278892026 ], [ 4.789702552961701, 52.171941460805762 ], [ 4.789838405477671, 52.171974642563171 ], [ 4.789974258196296, 52.17200782416429 ], [ 4.790110111117577, 52.172041005609103 ], [ 4.79024596424151, 52.172074186897632 ], [ 4.790381817568099, 52.172107368029842 ], [ 4.790517671097341, 52.172140549005761 ], [ 4.790653524829235, 52.172173729825396 ], [ 4.790789378763781, 52.172206910488697 ], [ 4.790925232900979, 52.1722400909957 ], [ 4.791061087240828, 52.17227327134642 ], [ 4.791196941783326, 52.172306451540834 ], [ 4.791332796528475, 52.172339631578922 ], [ 4.791468651476273, 52.17237281146074 ], [ 4.791604506626719, 52.172405991186224 ], [ 4.791740361979814, 52.172439170755418 ], [ 4.791876217535555, 52.172472350168292 ], [ 4.792012073293945, 52.172505529424868 ], [ 4.792147929254982, 52.172538708525153 ], [ 4.792283785418662, 52.172571887469111 ], [ 4.792419641784988, 52.17260506625675 ], [ 4.792555498353958, 52.172638244888098 ], [ 4.792691355125574, 52.172671423363148 ], [ 4.792827212099834, 52.172704601681872 ], [ 4.792963069276733, 52.17273777984429 ], [ 4.793098926656278, 52.172770957850403 ], [ 4.793106391317172, 52.1727580667417 ], [ 4.793155420906256, 52.172673394811888 ], [ 4.793204450308627, 52.172588722860198 ], [ 4.793253479524292, 52.172504050886623 ], [ 4.793302508553246, 52.172419378891135 ], [ 4.793170720195007, 52.172387086310586 ], [ 4.793034926281454, 52.172353812031332 ], [ 4.793024770271455, 52.1723513251236 ], [ 4.792900669175896, 52.172320913674795 ], [ 4.792764874766392, 52.172287640473364 ], [ 4.792629080560016, 52.172254367115762 ], [ 4.792493286556765, 52.172221093601955 ], [ 4.792357492756638, 52.172187819932063 ], [ 4.79222169915964, 52.172154546105979 ], [ 4.792085905765767, 52.17212127212369 ], [ 4.791950112575022, 52.17208799798528 ], [ 4.791814319587404, 52.1720547236907 ], [ 4.791678526802917, 52.172021449239971 ], [ 4.791542734221559, 52.171988174633043 ], [ 4.791406941843327, 52.171954899869959 ], [ 4.791271149668228, 52.171921624950727 ], [ 4.79113535769626, 52.171888349875346 ], [ 4.790999565927422, 52.171855074643759 ], [ 4.790863774361718, 52.17182179925603 ], [ 4.790727982999146, 52.171788523712202 ], [ 4.790592191839707, 52.171755248012147 ], [ 4.790456400883401, 52.171721972155957 ], [ 4.790320610130229, 52.171688696143597 ], [ 4.790184819580192, 52.17165541997511 ], [ 4.790049029233293, 52.171622143650417 ], [ 4.789913239089527, 52.171588867169582 ], [ 4.789777449148898, 52.171555590532613 ], [ 4.789641659411408, 52.17152231373948 ], [ 4.789505869877055, 52.17148903679017 ], [ 4.78937008054584, 52.17145575968474 ], [ 4.789234291417765, 52.171422482423118 ] ] ] } },
{ "type": "Feature", "properties": { "reference_id": 30 }, "geometry": { "type": "Polygon", "coordinates": [ [ [ 4.789023293421705, 52.171775549674173 ], [ 4.788993598548537, 52.171768296497085 ], [ 4.788944349215273, 52.171852919983735 ], [ 4.788895099694572, 52.171937543448287 ], [ 4.788845849986435, 52.172022166890798 ], [ 4.788796600090856, 52.172106790311226 ], [ 4.788790128929605, 52.172117909330517 ], [ 4.788820638509383, 52.172125350065535 ], [ 4.7889565193438, 52.172158488819001 ], [ 4.789092400380655, 52.172191627416055 ], [ 4.789228281619948, 52.172224765856789 ], [ 4.789364163061678, 52.172257904141127 ], [ 4.789500044705845, 52.172291042269109 ], [ 4.789635926552447, 52.172324180240736 ], [ 4.789771808601484, 52.172357318055973 ], [ 4.789907690852956, 52.172390455714861 ], [ 4.790043573306861, 52.172423593217381 ], [ 4.790179455963202, 52.172456730563532 ], [ 4.790315338821973, 52.172489867753313 ], [ 4.790451221883175, 52.172523004786733 ], [ 4.790587105146813, 52.172556141663804 ], [ 4.79072298861288, 52.172589278384464 ], [ 4.790858872281378, 52.172622414948783 ], [ 4.790994756152306, 52.172655551356712 ], [ 4.791130640225663, 52.172688687608265 ], [ 4.791266524501447, 52.172721823703462 ], [ 4.791402408979662, 52.17275495964229 ], [ 4.791538293660304, 52.172788095424735 ], [ 4.791674178543373, 52.172821231050847 ], [ 4.791810063628869, 52.172854366520539 ], [ 4.791945948916791, 52.172887501833884 ], [ 4.792081834407137, 52.172920636990845 ], [ 4.792217720099908, 52.172953771991452 ], [ 4.792353605995104, 52.172986906835668 ], [ 4.792489492092722, 52.173020041523493 ], [ 4.792625378392766, 52.173053176054943 ], [ 4.792761264895231, 52.173086310430023 ], [ 4.792897151600117, 52.173119444648776 ], [ 4.792946177734351, 52.173034771881767 ], [ 4.792995203681881, 52.17295009909288 ], [ 4.793044229442712, 52.172865426282073 ], [ 4.793093255016845, 52.172780753449423 ], [ 4.793098926656278, 52.172770957850403 ], [ 4.792963069276733, 52.17273777984429 ], [ 4.792827212099834, 52.172704601681872 ], [ 4.792691355125574, 52.172671423363148 ], [ 4.792555498353958, 52.172638244888098 ], [ 4.792419641784988, 52.17260506625675 ], [ 4.792283785418662, 52.172571887469111 ], [ 4.792147929254982, 52.172538708525153 ], [ 4.792012073293945, 52.172505529424868 ], [ 4.791876217535555, 52.172472350168292 ], [ 4.791740361979814, 52.172439170755418 ], [ 4.791604506626719, 52.172405991186224 ], [ 4.791468651476273, 52.17237281146074 ], [ 4.791332796528475, 52.172339631578922 ], [ 4.791196941783326, 52.172306451540834 ], [ 4.791061087240828, 52.17227327134642 ], [ 4.790925232900979, 52.1722400909957 ], [ 4.790789378763781, 52.172206910488697 ], [ 4.790653524829235, 52.172173729825396 ], [ 4.790517671097341, 52.172140549005761 ], [ 4.790381817568099, 52.172107368029842 ], [ 4.79024596424151, 52.172074186897632 ], [ 4.790110111117577, 52.172041005609103 ], [ 4.789974258196296, 52.17200782416429 ], [ 4.789838405477671, 52.171974642563171 ], [ 4.789702552961701, 52.171941460805762 ], [ 4.789566700648388, 52.171908278892026 ], [ 4.789430848537732, 52.171875096821999 ], [ 4.789294996629732, 52.17184191459571 ], [ 4.789159144924388, 52.17180873221308 ], [ 4.789023293421705, 52.171775549674173 ] ] ] } },
{ "type": "Feature", "properties": { "reference_id": 31 }, "geometry": { "type": "Polygon", "coordinates": [ [ [ 4.788820638509383, 52.172125350065535 ], [ 4.788790128929605, 52.172117909330517 ], [ 4.788783106950938, 52.172129974871311 ], [ 4.788733857144954, 52.172214598335856 ], [ 4.788684607151526, 52.17229922177831 ], [ 4.788715485326167, 52.172306739271157 ], [ 4.78885139884252, 52.172339828176277 ], [ 4.788987312561055, 52.172372916924978 ], [ 4.789123226481776, 52.172406005517217 ], [ 4.78925914060468, 52.172439093952967 ], [ 4.789395054929766, 52.17247218223234 ], [ 4.789530969457036, 52.172505270355281 ], [ 4.789666884186486, 52.172538358321745 ], [ 4.789802799118117, 52.172571446131769 ], [ 4.789938714251932, 52.172604533785368 ], [ 4.790074629587923, 52.172637621282533 ], [ 4.790210545126095, 52.172670708623251 ], [ 4.790346460866445, 52.172703795807543 ], [ 4.790482376808972, 52.172736882835338 ], [ 4.79061829295368, 52.172769969706721 ], [ 4.790754209300564, 52.172803056421664 ], [ 4.790890125849623, 52.172836142980138 ], [ 4.791026042600861, 52.172869229382208 ], [ 4.79116195955427, 52.172902315627816 ], [ 4.791297876709854, 52.172935401716956 ], [ 4.791433794067617, 52.172968487649669 ], [ 4.791569711627549, 52.173001573425942 ], [ 4.791705629389655, 52.173034659045769 ], [ 4.791841547353936, 52.173067744509105 ], [ 4.791977465520388, 52.173100829816043 ], [ 4.792113383889007, 52.173133914966513 ], [ 4.792249302459801, 52.17316699996055 ], [ 4.792385221232765, 52.173200084798118 ], [ 4.792521140207898, 52.173233169479246 ], [ 4.7926570593852, 52.173266254003927 ], [ 4.792792978764667, 52.173299338372132 ], [ 4.792842010487385, 52.173214666788056 ], [ 4.79289104202338, 52.173129995182144 ], [ 4.792897151600117, 52.173119444648776 ], [ 4.792761264895231, 52.173086310430023 ], [ 4.792625378392766, 52.173053176054943 ], [ 4.792489492092722, 52.173020041523493 ], [ 4.792353605995104, 52.172986906835668 ], [ 4.792217720099908, 52.172953771991452 ], [ 4.792081834407137, 52.172920636990845 ], [ 4.791945948916791, 52.172887501833884 ], [ 4.791810063628869, 52.172854366520539 ], [ 4.791674178543373, 52.172821231050847 ], [ 4.791538293660304, 52.172788095424735 ], [ 4.791402408979662, 52.17275495964229 ], [ 4.791266524501447, 52.172721823703462 ], [ 4.791130640225663, 52.172688687608265 ], [ 4.790994756152306, 52.172655551356712 ], [ 4.790858872281378, 52.172622414948783 ], [ 4.79072298861288, 52.172589278384464 ], [ 4.790587105146813, 52.172556141663804 ], [ 4.790451221883175, 52.172523004786733 ], [ 4.790315338821973, 52.172489867753313 ], [ 4.790179455963202, 52.172456730563532 ], [ 4.790043573306861, 52.172423593217381 ], [ 4.789907690852956, 52.172390455714861 ], [ 4.789771808601484, 52.172357318055973 ], [ 4.789635926552447, 52.172324180240736 ], [ 4.789500044705845, 52.172291042269109 ], [ 4.789364163061678, 52.172257904141127 ], [ 4.789228281619948, 52.172224765856789 ], [ 4.789092400380655, 52.172191627416055 ], [ 4.7889565193438, 52.172158488819001 ], [ 4.788820638509383, 52.172125350065535 ] ] ] } },
{ "type": "Feature", "properties": { "reference_id": 32 }, "geometry": { "type": "Polygon", "coordinates": [ [ [ 4.790961120171726, 52.171053689036256 ], [ 4.790825230989196, 52.171020568422925 ], [ 4.790689342008998, 52.170987447653211 ], [ 4.790553453231133, 52.170954326727141 ], [ 4.790417564655601, 52.170921205644639 ], [ 4.790281676282402, 52.170888084405746 ], [ 4.790145788111541, 52.170854963010534 ], [ 4.790009900143013, 52.170821841458881 ], [ 4.789874012376821, 52.170788719750881 ], [ 4.789738124812965, 52.170755597886448 ], [ 4.789602237451447, 52.170722475865674 ], [ 4.78959724785057, 52.170731049782681 ], [ 4.789548000843587, 52.170815673546301 ], [ 4.789498753649185, 52.170900297287865 ], [ 4.789449506267356, 52.170984921007353 ], [ 4.789400258698103, 52.171069544704736 ], [ 4.789442092724247, 52.171079720548576 ], [ 4.78957801915328, 52.171112783598424 ], [ 4.789713945784352, 52.171145846491818 ], [ 4.789849872617462, 52.171178909228715 ], [ 4.789985799652611, 52.171211971809157 ], [ 4.790121726889794, 52.171245034233124 ], [ 4.790257654329014, 52.171278096500608 ], [ 4.790393581970272, 52.171311158611616 ], [ 4.790529509813562, 52.171344220566155 ], [ 4.790665437858888, 52.171377282364226 ], [ 4.790801366106247, 52.171410344005828 ], [ 4.790937294555639, 52.171443405490969 ], [ 4.791073223207066, 52.171476466819605 ], [ 4.791209152060522, 52.171509527991773 ], [ 4.791345081116011, 52.171542589007451 ], [ 4.791481010373533, 52.171575649866632 ], [ 4.791616939833083, 52.171608710569402 ], [ 4.791752869494664, 52.171641771115652 ], [ 4.791888799358272, 52.171674831505406 ], [ 4.792024729423913, 52.171707891738727 ], [ 4.792160659691579, 52.171740951815565 ], [ 4.792296590161272, 52.171774011735884 ], [ 4.792432520832993, 52.171807071499757 ], [ 4.792568451706742, 52.171840131107132 ], [ 4.792704382782516, 52.171873190558024 ], [ 4.792840314060312, 52.171906249852455 ], [ 4.792976245540137, 52.171939308990389 ], [ 4.793112177221985, 52.17197236797184 ], [ 4.793189864604736, 52.171991261034563 ], [ 4.79332579722991, 52.172024318797241 ], [ 4.793461730057103, 52.172057376403458 ], [ 4.793597663086313, 52.172090433853185 ], [ 4.793601557502376, 52.172083654069155 ], [ 4.793650237942266, 52.171998906166309 ], [ 4.793698918196607, 52.171914158241883 ], [ 4.793747598265401, 52.17182941029585 ], [ 4.793796278148644, 52.171744662328202 ], [ 4.793678946311235, 52.171716068461045 ], [ 4.793543053082179, 52.171682950975544 ], [ 4.793407160055443, 52.171649833333625 ], [ 4.793271267231031, 52.171616715535357 ], [ 4.79313537460894, 52.171583597580621 ], [ 4.792999482189168, 52.171550479469559 ], [ 4.792863589971723, 52.171517361202049 ], [ 4.792727697956601, 52.171484242778156 ], [ 4.792591806143802, 52.171451124197915 ], [ 4.792455914533329, 52.171418005461227 ], [ 4.792320023125181, 52.171384886568212 ], [ 4.792184131919359, 52.17135176751875 ], [ 4.792048240915863, 52.171318648312926 ], [ 4.791912350114696, 52.171285528950669 ], [ 4.791776459515854, 52.171252409432064 ], [ 4.791640569119343, 52.171219289757069 ], [ 4.791504678925159, 52.171186169925704 ], [ 4.791368788933305, 52.171153049937921 ], [ 4.791232899143782, 52.171119929793761 ], [ 4.791097009556587, 52.17108680949319 ], [ 4.790961120171726, 52.171053689036256 ] ] ] } },
{ "type": "Feature", "properties": { "reference_id": 33 }, "geometry": { "type": "Polygon", "coordinates": [ [ [ 4.789395054929766, 52.17247218223234 ], [ 4.78925914060468, 52.172439093952967 ], [ 4.789123226481776, 52.172406005517217 ], [ 4.788987312561055, 52.172372916924978 ], [ 4.78885139884252, 52.172339828176277 ], [ 4.788715485326167, 52.172306739271157 ], [ 4.788684607151526, 52.17229922177831 ], [ 4.788635713343035, 52.172383230260543 ], [ 4.788586461620884, 52.172467853360821 ], [ 4.788617910686098, 52.172475533852378 ], [ 4.788753766820652, 52.172508712514464 ], [ 4.788889623157852, 52.172541891020288 ], [ 4.789025479697699, 52.172575069369756 ], [ 4.789161336440192, 52.172608247562941 ], [ 4.789297193385328, 52.172641425599785 ], [ 4.789433050533108, 52.172674603480353 ], [ 4.789568907883532, 52.172707781204636 ], [ 4.789704765436598, 52.172740958772565 ], [ 4.789840623192307, 52.172774136184195 ], [ 4.789976481150656, 52.172807313439527 ], [ 4.790112339311648, 52.172840490538505 ], [ 4.79024819767528, 52.172873667481213 ], [ 4.790384056241552, 52.172906844267601 ], [ 4.790519915010464, 52.172940020897705 ], [ 4.790655773982011, 52.172973197371483 ], [ 4.790791633156199, 52.173006373688942 ], [ 4.790927492533026, 52.17303954985006 ], [ 4.791063352112489, 52.17307272585488 ], [ 4.791199211894586, 52.173105901703416 ], [ 4.791335071879321, 52.173139077395625 ], [ 4.791470932066691, 52.173172252931515 ], [ 4.791606792456695, 52.173205428311093 ], [ 4.791742653049335, 52.173238603534351 ], [ 4.791878513844607, 52.173271778601297 ], [ 4.792014374842513, 52.173304953511924 ], [ 4.792150236043051, 52.173338128266231 ], [ 4.792286097446222, 52.173371302864211 ], [ 4.792421959052023, 52.173404477305894 ], [ 4.792557820860454, 52.173437651591229 ], [ 4.792693682871517, 52.173470825720301 ], [ 4.792742710670276, 52.17338615323888 ], [ 4.792791738282326, 52.173301480735581 ], [ 4.792792978764667, 52.173299338372132 ], [ 4.7926570593852, 52.173266254003927 ], [ 4.792521140207898, 52.173233169479246 ], [ 4.792385221232765, 52.173200084798118 ], [ 4.792249302459801, 52.17316699996055 ], [ 4.792113383889007, 52.173133914966513 ], [ 4.791977465520388, 52.173100829816043 ], [ 4.791841547353936, 52.173067744509105 ], [ 4.791705629389655, 52.173034659045769 ], [ 4.791569711627549, 52.173001573425942 ], [ 4.791433794067617, 52.172968487649669 ], [ 4.791297876709854, 52.172935401716956 ], [ 4.79116195955427, 52.172902315627816 ], [ 4.791026042600861, 52.172869229382208 ], [ 4.790890125849623, 52.172836142980138 ], [ 4.790754209300564, 52.172803056421664 ], [ 4.79061829295368, 52.172769969706721 ], [ 4.790482376808972, 52.172736882835338 ], [ 4.790346460866445, 52.172703795807543 ], [ 4.790210545126095, 52.172670708623251 ], [ 4.790074629587923, 52.172637621282533 ], [ 4.789938714251932, 52.172604533785368 ], [ 4.789802799118117, 52.172571446131769 ], [ 4.789666884186486, 52.172538358321745 ], [ 4.789530969457036, 52.172505270355281 ], [ 4.789395054929766, 52.17247218223234 ] ] ] } },
{ "type": "Feature", "properties": { "reference_id": 34 }, "geometry": { "type": "Polygon", "coordinates": [ [ [ 4.796176065823974, 52.170252361591778 ], [ 4.796037767476481, 52.170223258492875 ], [ 4.796013305365612, 52.170265658908029 ], [ 4.795964435529775, 52.1703503652123 ], [ 4.795915565507775, 52.170435071494822 ], [ 4.795866695299605, 52.170519777755558 ], [ 4.795817824905267, 52.170604483994559 ], [ 4.795768954324762, 52.170689190211775 ], [ 4.795720083558085, 52.170773896407212 ], [ 4.795671212605234, 52.170858602580928 ], [ 4.795622341466214, 52.170943308732902 ], [ 4.795613600380626, 52.170958458923977 ], [ 4.79556472815126, 52.171043164860336 ], [ 4.795515855735715, 52.171127870774903 ], [ 4.79546698313399, 52.171212576667742 ], [ 4.795418110346087, 52.171297282538767 ], [ 4.795369237371998, 52.171381988388049 ], [ 4.795320364211728, 52.171466694215539 ], [ 4.795271490865272, 52.171551400021336 ], [ 4.795222617332629, 52.171636105805305 ], [ 4.795173743613804, 52.171720811567553 ], [ 4.795124869708789, 52.171805517308023 ], [ 4.795075995617583, 52.171890223026722 ], [ 4.79502712134019, 52.171974928723678 ], [ 4.794978246876603, 52.172059634398828 ], [ 4.794929372226823, 52.172144340052249 ], [ 4.794880497390853, 52.172229045683878 ], [ 4.794831622368686, 52.172313751293771 ], [ 4.794782747160321, 52.172398456881872 ], [ 4.794733871765762, 52.172483162448245 ], [ 4.794684996185, 52.172567867992825 ], [ 4.794636120418043, 52.172652573515613 ], [ 4.794587244464884, 52.172737279016665 ], [ 4.794538368325523, 52.172821984495968 ], [ 4.794489491999958, 52.172906689953479 ], [ 4.79444061548819, 52.172991395389246 ], [ 4.794391738790216, 52.173076100803193 ], [ 4.794342861906036, 52.173160806195398 ], [ 4.794293984835647, 52.173245511565852 ], [ 4.794245107579049, 52.173330216914536 ], [ 4.794196230136239, 52.17341492224142 ], [ 4.794147352507222, 52.173499627546576 ], [ 4.794098474691992, 52.173584332829947 ], [ 4.794049596690546, 52.17366903809156 ], [ 4.794000718502888, 52.173753743331382 ], [ 4.793951840129012, 52.173838448549446 ], [ 4.79390296156892, 52.173923153745733 ], [ 4.793854082822606, 52.174007858920213 ], [ 4.793805203890077, 52.174092564073007 ], [ 4.793756324771327, 52.174177269203966 ], [ 4.793707445466354, 52.174261974313133 ], [ 4.793658565975159, 52.174346679400607 ], [ 4.79360968629774, 52.174431384466281 ], [ 4.793746601709308, 52.174399885119243 ], [ 4.793780889728922, 52.174391996638448 ], [ 4.793918548372717, 52.174361746714311 ], [ 4.794056206830348, 52.174331496629158 ], [ 4.794193865101816, 52.174301246382988 ], [ 4.794240104839667, 52.174291085208665 ], [ 4.794339322568196, 52.174269284144216 ], [ 4.794388216477308, 52.1741845822174 ], [ 4.794437110200151, 52.174099880268798 ], [ 4.794486003736722, 52.174015178298376 ], [ 4.79453489708703, 52.173930476306218 ], [ 4.79458379025107, 52.173845774292268 ], [ 4.794632683228845, 52.173761072256518 ], [ 4.794681576020356, 52.173676370198976 ], [ 4.794730468625605, 52.173591668119712 ], [ 4.794779361044593, 52.1735069660186 ], [ 4.79482825327732, 52.173422263895759 ], [ 4.794877145323787, 52.173337561751111 ], [ 4.794926037183997, 52.173252859584672 ], [ 4.794974928857951, 52.173168157396518 ], [ 4.795023820345649, 52.173083455186493 ], [ 4.795072711647091, 52.17299875295474 ], [ 4.795121602762284, 52.172914050701188 ], [ 4.795170493691218, 52.172829348425857 ], [ 4.795219384433907, 52.172744646128756 ], [ 4.795268274990342, 52.172659943809869 ], [ 4.795317165360533, 52.172575241469232 ], [ 4.795366055544473, 52.172490539106789 ], [ 4.795414945542168, 52.172405836722568 ], [ 4.79546383535362, 52.172321134316576 ], [ 4.795512724978823, 52.17223643188882 ], [ 4.795561614417788, 52.172151729439271 ], [ 4.795610503670511, 52.172067026967945 ], [ 4.795659392736992, 52.171982324474826 ], [ 4.795708281617232, 52.171897621959957 ], [ 4.795757170311236, 52.171812919423274 ], [ 4.795806058819003, 52.171728216864864 ], [ 4.795854947140537, 52.171643514284682 ], [ 4.795903835275833, 52.171558811682679 ], [ 4.795952723224896, 52.171474109058906 ], [ 4.796001610987728, 52.171389406413404 ], [ 4.796050498564328, 52.171304703746081 ], [ 4.796099385954697, 52.171220001057016 ], [ 4.796148273158838, 52.171135298346158 ], [ 4.796197160176752, 52.171050595613529 ], [ 4.796246047008442, 52.17096589285913 ], [ 4.796294933653904, 52.17088119008293 ], [ 4.796343820113141, 52.170796487284967 ], [ 4.796392706386159, 52.170711784465269 ], [ 4.796441592472953, 52.170627081623749 ], [ 4.796490478373525, 52.17054237876048 ], [ 4.79653936408788, 52.170457675875447 ], [ 4.796588249616016, 52.170372972968629 ], [ 4.796605682351337, 52.170342767558481 ], [ 4.796590961952651, 52.170339669916601 ], [ 4.796452663062062, 52.170310567303602 ], [ 4.796314364352501, 52.170281464528685 ], [ 4.796176065823974, 52.170252361591778 ] ] ] } },
{ "type": "Feature", "properties": { "reference_id": 35 }, "geometry": { "type": "Polygon", "coordinates": [ [ [ 4.795217225638135, 52.170858055572623 ], [ 4.795078926113084, 52.170828951227662 ], [ 4.795030266549943, 52.1709137034075 ], [ 4.794981606801331, 52.170998455565773 ], [ 4.794932946867241, 52.171083207702438 ], [ 4.794884286747678, 52.171167959817517 ], [ 4.794835626442639, 52.171252711910974 ], [ 4.794786965952121, 52.171337463982887 ], [ 4.794738305276125, 52.171422216033228 ], [ 4.794689644414651, 52.171506968061934 ], [ 4.794640983367692, 52.171591720069081 ], [ 4.794592322135255, 52.171676472054649 ], [ 4.794543660717332, 52.171761224018596 ], [ 4.794494999113925, 52.17184597596097 ], [ 4.79444633732503, 52.17193072788173 ], [ 4.794397675350652, 52.172015479780939 ], [ 4.794349013190783, 52.17210023165854 ], [ 4.794300350845425, 52.172184983514555 ], [ 4.794251688314577, 52.172269735349012 ], [ 4.794203025598239, 52.172354487161826 ], [ 4.794154362696406, 52.172439238953039 ], [ 4.79410569960908, 52.172523990722688 ], [ 4.794057036336259, 52.172608742470736 ], [ 4.794008372877941, 52.172693494197226 ], [ 4.793959709234126, 52.172778245902101 ], [ 4.793911045404815, 52.172862997585383 ], [ 4.793862381389999, 52.172947749247072 ], [ 4.793813717189686, 52.173032500887182 ], [ 4.793765052803868, 52.173117252505662 ], [ 4.79371638823255, 52.17320200410262 ], [ 4.793667723475726, 52.1732867556779 ], [ 4.793619058533396, 52.173371507231614 ], [ 4.793570393405559, 52.173456258763778 ], [ 4.793521728092216, 52.17354101027432 ], [ 4.793473062593362, 52.173625761763233 ], [ 4.793424396908997, 52.17371051323061 ], [ 4.793375731039125, 52.173795264676343 ], [ 4.793327064983738, 52.173880016100533 ], [ 4.793278398742836, 52.17396476750308 ], [ 4.793229732316418, 52.174049518884082 ], [ 4.793181065704487, 52.1741342702434 ], [ 4.793132398907038, 52.174219021581195 ], [ 4.793083731924069, 52.174303772897389 ], [ 4.793035064755583, 52.174388524191997 ], [ 4.793011222062054, 52.174430044853295 ], [ 4.792962549591584, 52.17451479502482 ], [ 4.792919223792631, 52.174590235098883 ], [ 4.79305613986226, 52.174558736038762 ], [ 4.793193055739048, 52.174527236819316 ], [ 4.793329971422998, 52.174495737440523 ], [ 4.793466886914106, 52.174464237902427 ], [ 4.793603802212373, 52.174432738204935 ], [ 4.79360968629774, 52.174431384466281 ], [ 4.793658565975159, 52.174346679400607 ], [ 4.793707445466354, 52.174261974313133 ], [ 4.793756324771327, 52.174177269203966 ], [ 4.793805203890077, 52.174092564073007 ], [ 4.793854082822606, 52.174007858920213 ], [ 4.79390296156892, 52.173923153745733 ], [ 4.793951840129012, 52.173838448549446 ], [ 4.794000718502888, 52.173753743331382 ], [ 4.794049596690546, 52.17366903809156 ], [ 4.794098474691992, 52.173584332829947 ], [ 4.794147352507222, 52.173499627546576 ], [ 4.794196230136239, 52.17341492224142 ], [ 4.794245107579049, 52.173330216914536 ], [ 4.794293984835647, 52.173245511565852 ], [ 4.794342861906036, 52.173160806195398 ], [ 4.794391738790216, 52.173076100803193 ], [ 4.79444061548819, 52.172991395389246 ], [ 4.794489491999958, 52.172906689953479 ], [ 4.794538368325523, 52.172821984495968 ], [ 4.794587244464884, 52.172737279016665 ], [ 4.794636120418043, 52.172652573515613 ], [ 4.794684996185, 52.172567867992825 ], [ 4.794733871765762, 52.172483162448245 ], [ 4.794782747160321, 52.172398456881872 ], [ 4.794831622368686, 52.172313751293771 ], [ 4.794880497390853, 52.172229045683878 ], [ 4.794929372226823, 52.172144340052249 ], [ 4.794978246876603, 52.172059634398828 ], [ 4.79502712134019, 52.171974928723678 ], [ 4.795075995617583, 52.171890223026722 ], [ 4.795124869708789, 52.171805517308023 ], [ 4.795173743613804, 52.171720811567553 ], [ 4.795222617332629, 52.171636105805305 ], [ 4.795271490865272, 52.171551400021336 ], [ 4.795320364211728, 52.171466694215539 ], [ 4.795369237371998, 52.171381988388049 ], [ 4.795418110346087, 52.171297282538767 ], [ 4.79546698313399, 52.171212576667742 ], [ 4.795515855735715, 52.171127870774903 ], [ 4.79556472815126, 52.171043164860336 ], [ 4.795613600380626, 52.170958458923977 ], [ 4.795622341466214, 52.170943308732902 ], [ 4.795493825231378, 52.170916263776661 ], [ 4.795355525344233, 52.170887159755637 ], [ 4.795217225638135, 52.170858055572623 ] ] ] } },
{ "type": "Feature", "properties": { "reference_id": 36 }, "geometry": { "type": "Polygon", "coordinates": [ [ [ 4.801748364894923, 52.172619246377486 ], [ 4.801745344336773, 52.172619941454187 ], [ 4.8016551979352, 52.17264075898035 ], [ 4.80151835049124, 52.1726723610183 ], [ 4.80138150285391, 52.172703962897124 ], [ 4.801244655023209, 52.172735564616701 ], [ 4.801107806999137, 52.172767166177152 ], [ 4.801005615394187, 52.172789955824662 ], [ 4.800877012283423, 52.172818634063461 ], [ 4.800739589597248, 52.172849278854102 ], [ 4.800602166722794, 52.172879923484288 ], [ 4.800464743660065, 52.172910567953984 ], [ 4.800327320409057, 52.172941212263112 ], [ 4.800189896969774, 52.172971856411749 ], [ 4.800064767834025, 52.172999566380959 ], [ 4.799927234078543, 52.17303002317216 ], [ 4.799789700135793, 52.173060479802629 ], [ 4.799652166005774, 52.173090936272331 ], [ 4.799514631688486, 52.173121392581294 ], [ 4.799477516926581, 52.173129610672461 ], [ 4.799339980913933, 52.173160064288972 ], [ 4.799202444714035, 52.173190517744807 ], [ 4.799064908326883, 52.173220971039825 ], [ 4.798927371752479, 52.173251424174069 ], [ 4.798789834990826, 52.173281877147595 ], [ 4.798764901499674, 52.173287398378449 ], [ 4.798627366102374, 52.173317853868873 ], [ 4.798489830517809, 52.173348309198573 ], [ 4.798352294745981, 52.173378764367463 ], [ 4.798214758786891, 52.1734092193756 ], [ 4.798161019480293, 52.173421372024372 ], [ 4.798023821383176, 52.173452397967907 ], [ 4.797967532608255, 52.173465126364221 ], [ 4.797830333376449, 52.173496150633994 ], [ 4.797693133954336, 52.173527174743789 ], [ 4.797555934341914, 52.173558198693613 ], [ 4.797418734539182, 52.173589222483422 ], [ 4.797281534546141, 52.173620246113231 ], [ 4.797231958397892, 52.173631456786552 ], [ 4.797094758986241, 52.1736624816036 ], [ 4.796957559384275, 52.173693506260669 ], [ 4.797093219360254, 52.173726992700608 ], [ 4.797228879540453, 52.173760478984718 ], [ 4.797364539924875, 52.173793965112957 ], [ 4.79750020051352, 52.173827451085323 ], [ 4.797635861306386, 52.173860936901896 ], [ 4.797771522303469, 52.173894422562547 ], [ 4.797907183504778, 52.173927908067363 ], [ 4.798004068776385, 52.173951822311594 ], [ 4.798141618084603, 52.173921387247553 ], [ 4.798279167205663, 52.173890952022759 ], [ 4.798416716139559, 52.17386051663722 ], [ 4.798554264886295, 52.173830081090806 ], [ 4.798691813445868, 52.173799645383646 ], [ 4.798829361818276, 52.173769209515733 ], [ 4.798966910003523, 52.173738773486988 ], [ 4.799104458001606, 52.173708337297455 ], [ 4.799242005812521, 52.173677900947148 ], [ 4.799379553436271, 52.173647464436065 ], [ 4.799517100872853, 52.173617027764209 ], [ 4.79965464812227, 52.173586590931528 ], [ 4.799792195184518, 52.173556153938115 ], [ 4.799929742059597, 52.17352571678385 ], [ 4.800067288747509, 52.173495279468874 ], [ 4.800204835248248, 52.173464841993059 ], [ 4.800342381561817, 52.17343440435647 ], [ 4.800479927688214, 52.173403966559164 ], [ 4.800605190610769, 52.173376246755254 ], [ 4.800742736611516, 52.173345809046971 ], [ 4.800880282425096, 52.1733153711779 ], [ 4.801017828051499, 52.173284933148032 ], [ 4.801155373490732, 52.173254494957405 ], [ 4.801292918742789, 52.173224056606003 ], [ 4.801430463807673, 52.173193618093791 ], [ 4.801471023849418, 52.173184642180111 ], [ 4.80160817383015, 52.17315353726449 ], [ 4.80174532362014, 52.173122432189018 ], [ 4.801882473219388, 52.173091326953674 ], [ 4.802001217343921, 52.173064395876487 ], [ 4.801989352697974, 52.173043508248441 ], [ 4.801941154771733, 52.172958655915593 ], [ 4.801892957028307, 52.172873803562034 ], [ 4.801844759467699, 52.172788951187869 ], [ 4.801796562089904, 52.172704098792998 ], [ 4.801748364894923, 52.172619246377486 ] ] ] } },
{ "type": "Feature", "properties": { "reference_id": 37 }, "geometry": { "type": "Polygon", "coordinates": [ [ [ 4.801155373490732, 52.173254494957405 ], [ 4.801017828051499, 52.173284933148032 ], [ 4.800880282425096, 52.1733153711779 ], [ 4.800742736611516, 52.173345809046971 ], [ 4.800605190610769, 52.173376246755254 ], [ 4.800644407987, 52.173386723987726 ], [ 4.800778481767267, 52.173422542723777 ], [ 4.800912555763365, 52.173458361307553 ], [ 4.801046629975288, 52.173494179739109 ], [ 4.801180704403039, 52.173529998018402 ], [ 4.801276696235495, 52.173554245821542 ], [ 4.801411913451922, 52.173588401888303 ], [ 4.801547130875953, 52.173622557800215 ], [ 4.801682348507591, 52.173656713557264 ], [ 4.801817566346831, 52.173690869159465 ], [ 4.801952784393675, 52.173725024606846 ], [ 4.802088002648123, 52.173759179899335 ], [ 4.802223221110173, 52.17379333503704 ], [ 4.802285515832653, 52.173732884205378 ], [ 4.802259738705106, 52.173715533677345 ], [ 4.802161148321582, 52.173649172529615 ], [ 4.802062558231366, 52.173582811299227 ], [ 4.801963968434454, 52.173516449986103 ], [ 4.801865378930844, 52.173450088590293 ], [ 4.801766789720537, 52.173383727111762 ], [ 4.801668200803531, 52.173317365550574 ], [ 4.801569612179827, 52.173251003906699 ], [ 4.801471023849418, 52.173184642180111 ], [ 4.801430463807673, 52.173193618093791 ], [ 4.801292918742789, 52.173224056606003 ], [ 4.801155373490732, 52.173254494957405 ] ] ] } },
{ "type": "Feature", "properties": { "reference_id": 38 }, "geometry": { "type": "Polygon", "coordinates": [ [ [ 4.795649408954937, 52.173981285763873 ], [ 4.795511768175726, 52.174011564400658 ], [ 4.7953741272102, 52.174041842876427 ], [ 4.795236486058361, 52.174072121191244 ], [ 4.795233785267816, 52.174072714701566 ], [ 4.795096127949674, 52.174102965384961 ], [ 4.795061486813064, 52.174110578754558 ], [ 4.794923831082787, 52.174140832368373 ], [ 4.794786175166332, 52.174171085821193 ], [ 4.794810983480163, 52.174214191096674 ], [ 4.79485974820383, 52.1742989211779 ], [ 4.794908513112206, 52.17438365123796 ], [ 4.794957278205292, 52.174468381276938 ], [ 4.794849625212946, 52.174493244456706 ], [ 4.794712774759843, 52.1745248508035 ], [ 4.794575924113333, 52.174556456991134 ], [ 4.794439073273418, 52.174588063019577 ], [ 4.794392694139923, 52.174598574358363 ], [ 4.794255528952609, 52.174629661257605 ], [ 4.79411836357464, 52.174660747996938 ], [ 4.793981198006019, 52.174691834576379 ], [ 4.79384403224675, 52.174722920995912 ], [ 4.793706866296827, 52.174754007255515 ], [ 4.79356970015626, 52.174785093355247 ], [ 4.793432533825039, 52.17481617929505 ], [ 4.793295367303172, 52.174847265074909 ], [ 4.793158200590657, 52.174878350694925 ], [ 4.793021033687497, 52.174909436154977 ], [ 4.792883866593691, 52.174940521455149 ], [ 4.792746699309236, 52.174971606595378 ], [ 4.792609531834141, 52.175002691575727 ], [ 4.7924723641684, 52.175033776396155 ], [ 4.792509752047692, 52.175085228124743 ], [ 4.792569382700076, 52.175167289212297 ], [ 4.792618142209037, 52.175142889468198 ], [ 4.79269164346436, 52.175126742820112 ], [ 4.792829308812943, 52.17509650054307 ], [ 4.792966973975396, 52.175066258104991 ], [ 4.793104638951723, 52.175036015505867 ], [ 4.79324230374192, 52.175005772745685 ], [ 4.79328277735369, 52.174996568036448 ], [ 4.793419886445983, 52.174965385876106 ], [ 4.793556995347114, 52.174934203555985 ], [ 4.793694104057079, 52.174903021076069 ], [ 4.793831212575881, 52.174871838436367 ], [ 4.793968320903519, 52.174840655636906 ], [ 4.794105429039995, 52.174809472677694 ], [ 4.794242536985301, 52.174778289558674 ], [ 4.794379644739442, 52.174747106279881 ], [ 4.794516752302417, 52.174715922841315 ], [ 4.794653859674224, 52.174684739242991 ], [ 4.79479096685486, 52.174653555484866 ], [ 4.794892881323945, 52.174631607676233 ], [ 4.795030850046143, 52.17460189522258 ], [ 4.795168818585087, 52.17457218260715 ], [ 4.795306786940771, 52.174542469829994 ], [ 4.795444755113203, 52.174512756891069 ], [ 4.795582723102377, 52.174483043790403 ], [ 4.79572069090829, 52.17445333052796 ], [ 4.795858658530945, 52.174423617103777 ], [ 4.795996625970343, 52.174393903517831 ], [ 4.796077328516511, 52.174376131945905 ], [ 4.796214954032872, 52.174345825161126 ], [ 4.796352579362763, 52.17431551821538 ], [ 4.796490204506182, 52.17428521110871 ], [ 4.796627829463127, 52.174254903841046 ], [ 4.796765454233596, 52.174224596412408 ], [ 4.796903078817592, 52.174194288822832 ], [ 4.797040703215111, 52.174163981072276 ], [ 4.797178327426153, 52.17413367316076 ], [ 4.797315951450724, 52.174103365088307 ], [ 4.797453575288813, 52.17407305685488 ], [ 4.797591198940426, 52.174042748460501 ], [ 4.797728822405559, 52.174012439905169 ], [ 4.797866445684213, 52.173982131188858 ], [ 4.798004068776385, 52.173951822311594 ], [ 4.797907183504778, 52.173927908067363 ], [ 4.797771522303469, 52.173894422562547 ], [ 4.797635861306386, 52.173860936901896 ], [ 4.79750020051352, 52.173827451085323 ], [ 4.797364539924875, 52.173793965112957 ], [ 4.797228879540453, 52.173760478984718 ], [ 4.797093219360254, 52.173726992700608 ], [ 4.796957559384275, 52.173693506260669 ], [ 4.796845461995838, 52.173718166966339 ], [ 4.796707822584114, 52.173748446569846 ], [ 4.79657018298607, 52.173778726012443 ], [ 4.796538006225951, 52.173785804682808 ], [ 4.796400366638493, 52.173816084339933 ], [ 4.796262726864713, 52.173846363836027 ], [ 4.796125086904615, 52.173876643171141 ], [ 4.7959874467582, 52.173906922345246 ], [ 4.795849806425466, 52.173937201358335 ], [ 4.795787049547831, 52.173951006966085 ], [ 4.795649408954937, 52.173981285763873 ] ] ] } },
{ "type": "Feature", "properties": { "reference_id": 39 }, "geometry": { "type": "Polygon", "coordinates": [ [ [ 4.802275515737659, 52.173002184812347 ], [ 4.802138366636163, 52.17303329042435 ], [ 4.802001217343921, 52.173064395876487 ], [ 4.801882473219388, 52.173091326953674 ], [ 4.80174532362014, 52.173122432189018 ], [ 4.80160817383015, 52.17315353726449 ], [ 4.801471023849418, 52.173184642180111 ], [ 4.801569612179827, 52.173251003906699 ], [ 4.801668200803531, 52.173317365550574 ], [ 4.801766789720537, 52.173383727111762 ], [ 4.801865378930844, 52.173450088590293 ], [ 4.801963968434454, 52.173516449986103 ], [ 4.802062558231366, 52.173582811299227 ], [ 4.802161148321582, 52.173649172529615 ], [ 4.802259738705106, 52.173715533677345 ], [ 4.802285515832653, 52.173732884205378 ], [ 4.802363738946555, 52.173656955999313 ], [ 4.802441961793827, 52.173581027739964 ], [ 4.802520184374474, 52.173505099427366 ], [ 4.802598406688492, 52.173429171061557 ], [ 4.802676628735887, 52.173353242642435 ], [ 4.802754850516663, 52.173277314170129 ], [ 4.802833072030813, 52.173201385644525 ], [ 4.802911293278344, 52.173125457065673 ], [ 4.802989514259257, 52.173049528433566 ], [ 4.803067734973552, 52.172973599748275 ], [ 4.80314595542123, 52.172897671009657 ], [ 4.803202092154213, 52.172843178782927 ], [ 4.803093632746854, 52.172816630486707 ], [ 4.802961258383966, 52.172846654354139 ], [ 4.802824110236197, 52.172877760765488 ], [ 4.802686961897681, 52.172908867017 ], [ 4.80254981336842, 52.172939973108647 ], [ 4.80241266464841, 52.172971079040437 ], [ 4.802275515737659, 52.173002184812347 ] ] ] } },
{ "type": "Feature", "properties": { "reference_id": 40 }, "geometry": { "type": "Polygon", "coordinates": [ [ [ 4.803067734973552, 52.172973599748275 ], [ 4.802989514259257, 52.173049528433566 ], [ 4.802911293278344, 52.173125457065673 ], [ 4.802833072030813, 52.173201385644525 ], [ 4.802754850516663, 52.173277314170129 ], [ 4.802676628735887, 52.173353242642435 ], [ 4.802598406688492, 52.173429171061557 ], [ 4.802520184374474, 52.173505099427366 ], [ 4.802441961793827, 52.173581027739964 ], [ 4.802363738946555, 52.173656955999313 ], [ 4.802285515832653, 52.173732884205378 ], [ 4.802223221110173, 52.17379333503704 ], [ 4.802088002648123, 52.173759179899335 ], [ 4.801952784393675, 52.173725024606846 ], [ 4.801817566346831, 52.173690869159465 ], [ 4.801682348507591, 52.173656713557264 ], [ 4.801547130875953, 52.173622557800215 ], [ 4.801411913451922, 52.173588401888303 ], [ 4.801276696235495, 52.173554245821542 ], [ 4.801180704403039, 52.173529998018402 ], [ 4.801046629975288, 52.173494179739109 ], [ 4.800912555763365, 52.173458361307553 ], [ 4.800778481767267, 52.173422542723777 ], [ 4.800644407987, 52.173386723987726 ], [ 4.800605190610769, 52.173376246755254 ], [ 4.800479927688214, 52.173403966559164 ], [ 4.800342381561817, 52.17343440435647 ], [ 4.800204835248248, 52.173464841993059 ], [ 4.800067288747509, 52.173495279468874 ], [ 4.799929742059597, 52.17352571678385 ], [ 4.799792195184518, 52.173556153938115 ], [ 4.79965464812227, 52.173586590931528 ], [ 4.799517100872853, 52.173617027764209 ], [ 4.799379553436271, 52.173647464436065 ], [ 4.799242005812521, 52.173677900947148 ], [ 4.799104458001606, 52.173708337297455 ], [ 4.798966910003523, 52.173738773486988 ], [ 4.798829361818276, 52.173769209515733 ], [ 4.798691813445868, 52.173799645383646 ], [ 4.798554264886295, 52.173830081090806 ], [ 4.798416716139559, 52.17386051663722 ], [ 4.798279167205663, 52.173890952022759 ], [ 4.798141618084603, 52.173921387247553 ], [ 4.798004068776385, 52.173951822311594 ], [ 4.798139730529938, 52.173985307239569 ], [ 4.798275392487706, 52.174018792011715 ], [ 4.798411054649691, 52.174052276628046 ], [ 4.798546717015891, 52.174085761088442 ], [ 4.798682379586307, 52.174119245393022 ], [ 4.798818042360938, 52.174152729541717 ], [ 4.798953705339781, 52.174186213534561 ], [ 4.799089368522839, 52.17421969737152 ], [ 4.799225031910109, 52.174253181052656 ], [ 4.799360695501592, 52.174286664577899 ], [ 4.799496359297286, 52.174320147947263 ], [ 4.799632023297191, 52.174353631160784 ], [ 4.799767687501309, 52.174387114218447 ], [ 4.799903351909634, 52.174420597120175 ], [ 4.800039016522171, 52.174454079866116 ], [ 4.800167244136505, 52.174485726931827 ], [ 4.800232380580623, 52.174501807031071 ], [ 4.800368045614877, 52.17453528951161 ], [ 4.800503710853341, 52.174568771836277 ], [ 4.800639376296014, 52.174602254005116 ], [ 4.800775041942894, 52.174635736018047 ], [ 4.800910707793977, 52.174669217875142 ], [ 4.801046373849269, 52.174702699576308 ], [ 4.801182040108766, 52.174736181121666 ], [ 4.801317706572466, 52.174769662511132 ], [ 4.801453373240371, 52.174803143744718 ], [ 4.801589040112481, 52.174836624822426 ], [ 4.801724707188793, 52.174870105744276 ], [ 4.801860374469308, 52.174903586510254 ], [ 4.801996041954025, 52.174937067120339 ], [ 4.802131709642942, 52.174970547574567 ], [ 4.802267377536061, 52.175004027872895 ], [ 4.802403045633382, 52.1750375080154 ], [ 4.802538713934901, 52.175070988001998 ], [ 4.802674382440618, 52.175104467832718 ], [ 4.802810051150536, 52.175137947507565 ], [ 4.802945720064649, 52.175171427026513 ], [ 4.803081389182962, 52.175204906389588 ], [ 4.803142121182054, 52.175219893290155 ], [ 4.8032778280701, 52.175253314970355 ], [ 4.803413535162051, 52.175286736494563 ], [ 4.803549242457906, 52.175320157862856 ], [ 4.803684949957663, 52.175353579075143 ], [ 4.803820657661321, 52.175387000131487 ], [ 4.803956365568879, 52.175420421031845 ], [ 4.804092073680339, 52.17545384177626 ], [ 4.804227781995698, 52.175487262364705 ], [ 4.80436349051496, 52.175520682797192 ], [ 4.804499199238117, 52.175554103073665 ], [ 4.804634908165174, 52.175587523194224 ], [ 4.804770617296129, 52.175620943158776 ], [ 4.804906326630979, 52.175654362967357 ], [ 4.805042036169727, 52.175687782619988 ], [ 4.805177745912373, 52.175721202116634 ], [ 4.805313455858912, 52.175754621457322 ], [ 4.805449166009347, 52.175788040642026 ], [ 4.805584876363677, 52.175821459670779 ], [ 4.805720586921901, 52.175854878543554 ], [ 4.805856297684016, 52.175888297260357 ], [ 4.805992008650025, 52.175921715821168 ], [ 4.806127719819926, 52.175955134226015 ], [ 4.80617982297542, 52.175967964392562 ], [ 4.806185595462154, 52.175958603397333 ], [ 4.806237419656665, 52.175874562124534 ], [ 4.806289243655335, 52.175790520827462 ], [ 4.806341067458164, 52.175706479506083 ], [ 4.806392891065152, 52.175622438160438 ], [ 4.806444714476302, 52.175538396790522 ], [ 4.806496537691615, 52.175454355396347 ], [ 4.806548360711089, 52.175370313977901 ], [ 4.80660018353473, 52.17528627253516 ], [ 4.806652006162535, 52.175202231068177 ], [ 4.806703828594507, 52.175118189576899 ], [ 4.806755650830649, 52.175034148061343 ], [ 4.806769247658218, 52.175037459631262 ], [ 4.806784794531736, 52.175012243580234 ], [ 4.806771197710686, 52.175008932012105 ], [ 4.80680528731469, 52.174953649121846 ], [ 4.806857110308473, 52.174869607824711 ], [ 4.806908933106424, 52.174785566503324 ], [ 4.806960755708547, 52.174701525157687 ], [ 4.807012578114839, 52.174617483787756 ], [ 4.807064400325301, 52.174533442393546 ], [ 4.807116222339938, 52.174449400975064 ], [ 4.807168044158749, 52.174365359532295 ], [ 4.807219865781737, 52.17428131806529 ], [ 4.807271687208901, 52.174197276573999 ], [ 4.807323508440242, 52.174113235058449 ], [ 4.807375329475765, 52.174029193518614 ], [ 4.807427150315466, 52.17394515195452 ], [ 4.807440732009824, 52.173948481350486 ], [ 4.807451096086607, 52.173931670587159 ], [ 4.807437514396582, 52.173928341192322 ], [ 4.807463424448313, 52.173886323270267 ], [ 4.807412354811015, 52.173873822978571 ], [ 4.80727653684182, 52.173840578734918 ], [ 4.807140719075604, 52.173807334335031 ], [ 4.807004901512367, 52.173774089778938 ], [ 4.806869084152116, 52.173740845066611 ], [ 4.806733266994843, 52.173707600198043 ], [ 4.806597450040554, 52.173674355173262 ], [ 4.806461633289247, 52.173641109992275 ], [ 4.806325816740923, 52.173607864655033 ], [ 4.806190000395583, 52.17357461916162 ], [ 4.806054184253229, 52.173541373511952 ], [ 4.805918368313858, 52.17350812770605 ], [ 4.805782552577473, 52.173474881743942 ], [ 4.805646737044076, 52.173441635625629 ], [ 4.805510921713666, 52.173408389351103 ], [ 4.80537510658624, 52.173375142920356 ], [ 4.805239291661807, 52.173341896333355 ], [ 4.805103476940358, 52.173308649590183 ], [ 4.804967662421902, 52.173275402690777 ], [ 4.80483184810643, 52.173242155635137 ], [ 4.804696033993954, 52.173208908423305 ], [ 4.804560220084467, 52.173175661055261 ], [ 4.804424406377972, 52.173142413530968 ], [ 4.804288592874467, 52.173109165850491 ], [ 4.804152779573956, 52.173075918013801 ], [ 4.804016966476438, 52.173042670020905 ], [ 4.803881153581914, 52.173009421871733 ], [ 4.803745340890382, 52.172976173566397 ], [ 4.803609528401848, 52.172942925104856 ], [ 4.803473716116307, 52.172909676487095 ], [ 4.803337904033762, 52.172876427713121 ], [ 4.803202092154213, 52.172843178782927 ], [ 4.80314595542123, 52.172897671009657 ], [ 4.803067734973552, 52.172973599748275 ] ] ] } },
{ "type": "Feature", "properties": { "reference_id": 41 }, "geometry": { "type": "Polygon", "coordinates": [ [ [ 4.799225031910109, 52.174253181052656 ], [ 4.799089368522839, 52.17421969737152 ], [ 4.798953705339781, 52.174186213534561 ], [ 4.798818042360938, 52.174152729541717 ], [ 4.798682379586307, 52.174119245393022 ], [ 4.798546717015891, 52.174085761088442 ], [ 4.798411054649691, 52.174052276628046 ], [ 4.798275392487706, 52.174018792011715 ], [ 4.798139730529938, 52.173985307239569 ], [ 4.798004068776385, 52.173951822311594 ], [ 4.797866445684213, 52.173982131188858 ], [ 4.797728822405559, 52.174012439905169 ], [ 4.797591198940426, 52.174042748460501 ], [ 4.797453575288813, 52.17407305685488 ], [ 4.797315951450724, 52.174103365088307 ], [ 4.797178327426153, 52.17413367316076 ], [ 4.797040703215111, 52.174163981072276 ], [ 4.796903078817592, 52.174194288822832 ], [ 4.796765454233596, 52.174224596412408 ], [ 4.796627829463127, 52.174254903841046 ], [ 4.796490204506182, 52.17428521110871 ], [ 4.796352579362763, 52.17431551821538 ], [ 4.796214954032872, 52.174345825161126 ], [ 4.796077328516511, 52.174376131945905 ], [ 4.795996625970343, 52.174393903517831 ], [ 4.795858658530945, 52.174423617103777 ], [ 4.79572069090829, 52.17445333052796 ], [ 4.795582723102377, 52.174483043790403 ], [ 4.795444755113203, 52.174512756891069 ], [ 4.795306786940771, 52.174542469829994 ], [ 4.795168818585087, 52.17457218260715 ], [ 4.795030850046143, 52.17460189522258 ], [ 4.794892881323945, 52.174631607676233 ], [ 4.79479096685486, 52.174653555484866 ], [ 4.794653859674224, 52.174684739242991 ], [ 4.794516752302417, 52.174715922841315 ], [ 4.794379644739442, 52.174747106279881 ], [ 4.794242536985301, 52.174778289558674 ], [ 4.794105429039995, 52.174809472677694 ], [ 4.793968320903519, 52.174840655636906 ], [ 4.793831212575881, 52.174871838436367 ], [ 4.793694104057079, 52.174903021076069 ], [ 4.793556995347114, 52.174934203555985 ], [ 4.793419886445983, 52.174965385876106 ], [ 4.79328277735369, 52.174996568036448 ], [ 4.79324230374192, 52.175005772745685 ], [ 4.793377572200161, 52.175039858560645 ], [ 4.793512840865676, 52.175073944220706 ], [ 4.793648109738466, 52.175108029725742 ], [ 4.793783378818527, 52.175142115075843 ], [ 4.793918648105864, 52.175176200271025 ], [ 4.79405391760047, 52.175210285311188 ], [ 4.79418918730235, 52.175244370196459 ], [ 4.794324457211501, 52.175278454926726 ], [ 4.79445972732792, 52.175312539502059 ], [ 4.794594997651611, 52.175346623922401 ], [ 4.794730268182572, 52.175380708187809 ], [ 4.794865538920801, 52.175414792298248 ], [ 4.795000809866298, 52.175448876253746 ], [ 4.795136081019064, 52.175482960054289 ], [ 4.795271352379098, 52.175517043699827 ], [ 4.795406623946397, 52.175551127190417 ], [ 4.795541895720963, 52.175585210526023 ], [ 4.795677167702796, 52.17561929370671 ], [ 4.79581243989189, 52.175653376732427 ], [ 4.795947712288253, 52.175687459603182 ], [ 4.796082984891879, 52.175721542318932 ], [ 4.796218257702768, 52.175755624879756 ], [ 4.79635353072092, 52.17578970728561 ], [ 4.796488803946335, 52.175823789536466 ], [ 4.796624077379011, 52.175857871632417 ], [ 4.796759351018951, 52.17589195357337 ], [ 4.796894624866151, 52.175926035359332 ], [ 4.797029898920612, 52.175960116990375 ], [ 4.797165173182332, 52.17599419846642 ], [ 4.797300447651311, 52.176028279787481 ], [ 4.797435722327548, 52.176062360953566 ], [ 4.797570997211043, 52.176096441964745 ], [ 4.7977062723018, 52.176130522820884 ], [ 4.797841547599811, 52.176164603522082 ], [ 4.797976823105079, 52.176198684068339 ], [ 4.798112098817604, 52.176232764459598 ], [ 4.798247374737385, 52.176266844695895 ], [ 4.798382650864419, 52.176300924777173 ], [ 4.798517927198708, 52.176335004703532 ], [ 4.798653203740252, 52.176369084474892 ], [ 4.798788480489049, 52.176403164091269 ], [ 4.798923757445101, 52.176437243552677 ], [ 4.798938897151813, 52.176441057589649 ], [ 4.798991570542172, 52.176357215998557 ], [ 4.799044243733954, 52.176273374382397 ], [ 4.799096916727164, 52.176189532741276 ], [ 4.799114063945154, 52.176162238777408 ], [ 4.799166734170103, 52.176078396508238 ], [ 4.799219404196489, 52.175994554214093 ], [ 4.799272074024313, 52.175910711894879 ], [ 4.799324743653579, 52.175826869550676 ], [ 4.799373092039235, 52.17574990569382 ], [ 4.799393539426646, 52.175754762233666 ], [ 4.799411981215508, 52.175725427032617 ], [ 4.799391533957931, 52.175720561508413 ], [ 4.799444204191635, 52.175636719357882 ], [ 4.799496874226779, 52.175552877182341 ], [ 4.799549544063363, 52.175469034981781 ], [ 4.799602213701392, 52.17538519275616 ], [ 4.799654883140862, 52.175301350505542 ], [ 4.799707552381779, 52.175217508229892 ], [ 4.799760221424144, 52.175133665929224 ], [ 4.799812890267954, 52.175049823603523 ], [ 4.799865558913215, 52.174965981252797 ], [ 4.799918227359923, 52.174882138877031 ], [ 4.799970895608086, 52.174798296476304 ], [ 4.8000235636577, 52.174714454050466 ], [ 4.800076231508767, 52.17463061159966 ], [ 4.80012889916129, 52.174546769123857 ], [ 4.800167244136505, 52.174485726931827 ], [ 4.800039016522171, 52.174454079866116 ], [ 4.799903351909634, 52.174420597120175 ], [ 4.799767687501309, 52.174387114218447 ], [ 4.799632023297191, 52.174353631160784 ], [ 4.799496359297286, 52.174320147947263 ], [ 4.799360695501592, 52.174286664577899 ], [ 4.799225031910109, 52.174253181052656 ] ] ] } },
{ "type": "Feature", "properties": { "reference_id": 42 }, "geometry": { "type": "Polygon", "coordinates": [ [ [ 4.800232380580623, 52.174501807031071 ], [ 4.800167244136505, 52.174485726931827 ], [ 4.80012889916129, 52.174546769123857 ], [ 4.800076231508767, 52.17463061159966 ], [ 4.8000235636577, 52.174714454050466 ], [ 4.799970895608086, 52.174798296476304 ], [ 4.799918227359923, 52.174882138877031 ], [ 4.799865558913215, 52.174965981252797 ], [ 4.799812890267954, 52.175049823603523 ], [ 4.799760221424144, 52.175133665929224 ], [ 4.799707552381779, 52.175217508229892 ], [ 4.799654883140862, 52.175301350505542 ], [ 4.799602213701392, 52.17538519275616 ], [ 4.799549544063363, 52.175469034981781 ], [ 4.799496874226779, 52.175552877182341 ], [ 4.799444204191635, 52.175636719357882 ], [ 4.799391533957931, 52.175720561508413 ], [ 4.799411981215508, 52.175725427032617 ], [ 4.799393539426646, 52.175754762233666 ], [ 4.799373092039235, 52.17574990569382 ], [ 4.799324743653579, 52.175826869550676 ], [ 4.799272074024313, 52.175910711894879 ], [ 4.799219404196489, 52.175994554214093 ], [ 4.799166734170103, 52.176078396508238 ], [ 4.799114063945154, 52.176162238777408 ], [ 4.799179187479087, 52.176178346346177 ], [ 4.799231857534883, 52.176094504032363 ], [ 4.799284527392118, 52.176010661693525 ], [ 4.799337197050794, 52.175926819329689 ], [ 4.799383262082515, 52.175853490282663 ], [ 4.79943593933814, 52.17576964976427 ], [ 4.799438573256163, 52.175765457641447 ], [ 4.799418111240216, 52.175760601036565 ], [ 4.79943653839667, 52.175731265758884 ], [ 4.799457000519597, 52.17573611337307 ], [ 4.799509671137139, 52.175652271309325 ], [ 4.799562341556124, 52.175568429220583 ], [ 4.799580046393052, 52.175540246142262 ], [ 4.799632716213039, 52.175456403940821 ], [ 4.799685385834472, 52.17537256171439 ], [ 4.799738055257348, 52.175288719462877 ], [ 4.799790724481667, 52.175204877186388 ], [ 4.799843393507434, 52.175121034884853 ], [ 4.79989606233465, 52.175037192558285 ], [ 4.799948730963313, 52.174953350206707 ], [ 4.800001399393427, 52.174869507830138 ], [ 4.800054067624994, 52.17478566542848 ], [ 4.800106735658013, 52.174701823001854 ], [ 4.800159403492486, 52.174617980550209 ], [ 4.800212071128414, 52.174534138073497 ], [ 4.800232380580623, 52.174501807031071 ] ] ] } },
{ "type": "Feature", "properties": { "reference_id": 43 }, "geometry": { "type": "Polygon", "coordinates": [ [ [ 4.800232380580623, 52.174501807031071 ], [ 4.800212071128414, 52.174534138073497 ], [ 4.800159403492486, 52.174617980550209 ], [ 4.800106735658013, 52.174701823001854 ], [ 4.800054067624994, 52.17478566542848 ], [ 4.800001399393427, 52.174869507830138 ], [ 4.799948730963313, 52.174953350206707 ], [ 4.79989606233465, 52.175037192558285 ], [ 4.799843393507434, 52.175121034884853 ], [ 4.799790724481667, 52.175204877186388 ], [ 4.799738055257348, 52.175288719462877 ], [ 4.799685385834472, 52.17537256171439 ], [ 4.799632716213039, 52.175456403940821 ], [ 4.799580046393052, 52.175540246142262 ], [ 4.799715681611598, 52.175573779068813 ], [ 4.799851317034621, 52.175607311839585 ], [ 4.799986952662118, 52.175640844454499 ], [ 4.800122588494091, 52.175674376913676 ], [ 4.800258224530538, 52.175707909217017 ], [ 4.800393860771462, 52.175741441364629 ], [ 4.800529497216857, 52.175774973356361 ], [ 4.800665133866725, 52.175808505192343 ], [ 4.800800770721066, 52.175842036872488 ], [ 4.800936407779881, 52.175875568396862 ], [ 4.801072045043163, 52.175909099765413 ], [ 4.80120768251092, 52.17594263097817 ], [ 4.801343320183145, 52.17597616203512 ], [ 4.80147895805984, 52.17600969293629 ], [ 4.801614596141007, 52.176043223681624 ], [ 4.80175023442664, 52.176076754271158 ], [ 4.80188587291674, 52.176110284704933 ], [ 4.802021511611308, 52.176143814982836 ], [ 4.802157150510346, 52.176177345104982 ], [ 4.802292789613846, 52.176210875071313 ], [ 4.802332385650388, 52.176220663166774 ], [ 4.80241378435454, 52.176240784852979 ], [ 4.802549423775649, 52.176274314630362 ], [ 4.802685063401226, 52.176307844252008 ], [ 4.802820703231266, 52.176341373717804 ], [ 4.802956343265772, 52.176374903027778 ], [ 4.803091983504741, 52.176408432181915 ], [ 4.803227623948172, 52.176441961180331 ], [ 4.803363264596066, 52.176475490022888 ], [ 4.803498905448423, 52.176509018709631 ], [ 4.803634546505242, 52.176542547240572 ], [ 4.803770187766522, 52.176576075615721 ], [ 4.80390582923226, 52.176609603835068 ], [ 4.804041470902459, 52.176643131898558 ], [ 4.804177112777115, 52.176676659806247 ], [ 4.804312754856233, 52.176710187558129 ], [ 4.804448397139806, 52.176743715154181 ], [ 4.804584039627839, 52.176777242594454 ], [ 4.80471968232033, 52.176810769878891 ], [ 4.804855325217274, 52.17684429700752 ], [ 4.804990968318676, 52.176877823980355 ], [ 4.805126611624533, 52.176911350797312 ], [ 4.805262255134845, 52.17694487745851 ], [ 4.805397898849607, 52.176978403963872 ], [ 4.805533542768828, 52.177011930313434 ], [ 4.805555807969879, 52.176975965195595 ], [ 4.805607810300643, 52.176891965263053 ], [ 4.805659812434984, 52.176807965306075 ], [ 4.805711814372906, 52.176723965324662 ], [ 4.805763816114405, 52.176639965318813 ], [ 4.805815817659486, 52.176555965288543 ], [ 4.805867819008147, 52.176471965233823 ], [ 4.805919820160393, 52.176387965154689 ], [ 4.805971821116224, 52.176303965051147 ], [ 4.806023821875641, 52.176219964923099 ], [ 4.806075822438644, 52.176135964770694 ], [ 4.806127822805236, 52.176051964593846 ], [ 4.80617982297542, 52.175967964392562 ], [ 4.806127719819926, 52.175955134226015 ], [ 4.805992008650025, 52.175921715821168 ], [ 4.805856297684016, 52.175888297260357 ], [ 4.805720586921901, 52.175854878543554 ], [ 4.805584876363677, 52.175821459670779 ], [ 4.805449166009347, 52.175788040642026 ], [ 4.805313455858912, 52.175754621457322 ], [ 4.805177745912373, 52.175721202116634 ], [ 4.805042036169727, 52.175687782619988 ], [ 4.804906326630979, 52.175654362967357 ], [ 4.804770617296129, 52.175620943158776 ], [ 4.804634908165174, 52.175587523194224 ], [ 4.804499199238117, 52.175554103073665 ], [ 4.80436349051496, 52.175520682797192 ], [ 4.804227781995698, 52.175487262364705 ], [ 4.804092073680339, 52.17545384177626 ], [ 4.803956365568879, 52.175420421031845 ], [ 4.803820657661321, 52.175387000131487 ], [ 4.803684949957663, 52.175353579075143 ], [ 4.803549242457906, 52.175320157862856 ], [ 4.803413535162051, 52.175286736494563 ], [ 4.8032778280701, 52.175253314970355 ], [ 4.803142121182054, 52.175219893290155 ], [ 4.803081389182962, 52.175204906389588 ], [ 4.802945720064649, 52.175171427026513 ], [ 4.802810051150536, 52.175137947507565 ], [ 4.802674382440618, 52.175104467832718 ], [ 4.802538713934901, 52.175070988001998 ], [ 4.802403045633382, 52.1750375080154 ], [ 4.802267377536061, 52.175004027872895 ], [ 4.802131709642942, 52.174970547574567 ], [ 4.801996041954025, 52.174937067120339 ], [ 4.801860374469308, 52.174903586510254 ], [ 4.801724707188793, 52.174870105744276 ], [ 4.801589040112481, 52.174836624822426 ], [ 4.801453373240371, 52.174803143744718 ], [ 4.801317706572466, 52.174769662511132 ], [ 4.801182040108766, 52.174736181121666 ], [ 4.801046373849269, 52.174702699576308 ], [ 4.800910707793977, 52.174669217875142 ], [ 4.800775041942894, 52.174635736018047 ], [ 4.800639376296014, 52.174602254005116 ], [ 4.800503710853341, 52.174568771836277 ], [ 4.800368045614877, 52.17453528951161 ], [ 4.800232380580623, 52.174501807031071 ] ] ] } },
{ "type": "Feature", "properties": { "reference_id": 44 }, "geometry": { "type": "Polygon", "coordinates": [ [ [ 4.800122588494091, 52.175674376913676 ], [ 4.799986952662118, 52.175640844454499 ], [ 4.799851317034621, 52.175607311839585 ], [ 4.799715681611598, 52.175573779068813 ], [ 4.799580046393052, 52.175540246142262 ], [ 4.799562341556124, 52.175568429220583 ], [ 4.799509671137139, 52.175652271309325 ], [ 4.799457000519597, 52.17573611337307 ], [ 4.79943653839667, 52.175731265758884 ], [ 4.799418111240216, 52.175760601036565 ], [ 4.799438573256163, 52.175765457641447 ], [ 4.79943593933814, 52.17576964976427 ], [ 4.799383262082515, 52.175853490282663 ], [ 4.799430139548076, 52.175865152815405 ], [ 4.799565656428251, 52.175898867597446 ], [ 4.79970117351383, 52.175932582223986 ], [ 4.799836690804813, 52.175966296694995 ], [ 4.799972208301197, 52.176000011010487 ], [ 4.800107726002983, 52.17603372517042 ], [ 4.800243243910169, 52.176067439174858 ], [ 4.800378762022759, 52.17610115302373 ], [ 4.800514280340749, 52.176134866717106 ], [ 4.800649798864135, 52.176168580254952 ], [ 4.800785317592923, 52.176202293637246 ], [ 4.800920836527109, 52.176236006864045 ], [ 4.801056355666693, 52.176269719935263 ], [ 4.801191875011675, 52.176303432851036 ], [ 4.801327394562053, 52.176337145611207 ], [ 4.801462914317828, 52.176370858215847 ], [ 4.801598434278998, 52.176404570664992 ], [ 4.801733954445562, 52.176438282958578 ], [ 4.801869474817523, 52.176471995096648 ], [ 4.80200499539488, 52.176505707079151 ], [ 4.802140516177627, 52.176539418906145 ], [ 4.802180172375204, 52.176473537850285 ], [ 4.80223091032593, 52.176389246312418 ], [ 4.802281648084325, 52.176304954751259 ], [ 4.802332385650388, 52.176220663166774 ], [ 4.802292789613846, 52.176210875071313 ], [ 4.802157150510346, 52.176177345104982 ], [ 4.802021511611308, 52.176143814982836 ], [ 4.80188587291674, 52.176110284704933 ], [ 4.80175023442664, 52.176076754271158 ], [ 4.801614596141007, 52.176043223681624 ], [ 4.80147895805984, 52.17600969293629 ], [ 4.801343320183145, 52.17597616203512 ], [ 4.80120768251092, 52.17594263097817 ], [ 4.801072045043163, 52.175909099765413 ], [ 4.800936407779881, 52.175875568396862 ], [ 4.800800770721066, 52.175842036872488 ], [ 4.800665133866725, 52.175808505192343 ], [ 4.800529497216857, 52.175774973356361 ], [ 4.800393860771462, 52.175741441364629 ], [ 4.800258224530538, 52.175707909217017 ], [ 4.800122588494091, 52.175674376913676 ] ] ] } },
{ "type": "Feature", "properties": { "reference_id": 45 }, "geometry": { "type": "Polygon", "coordinates": [ [ [ 4.797300447651311, 52.176028279787481 ], [ 4.797165173182332, 52.17599419846642 ], [ 4.797029898920612, 52.175960116990375 ], [ 4.796894624866151, 52.175926035359332 ], [ 4.796759351018951, 52.17589195357337 ], [ 4.796624077379011, 52.175857871632417 ], [ 4.796488803946335, 52.175823789536466 ], [ 4.79635353072092, 52.17578970728561 ], [ 4.796218257702768, 52.175755624879756 ], [ 4.796082984891879, 52.175721542318932 ], [ 4.795947712288253, 52.175687459603182 ], [ 4.79581243989189, 52.175653376732427 ], [ 4.795677167702796, 52.17561929370671 ], [ 4.795541895720963, 52.175585210526023 ], [ 4.795406623946397, 52.175551127190417 ], [ 4.795271352379098, 52.175517043699827 ], [ 4.795136081019064, 52.175482960054289 ], [ 4.795000809866298, 52.175448876253746 ], [ 4.794865538920801, 52.175414792298248 ], [ 4.794730268182572, 52.175380708187809 ], [ 4.794594997651611, 52.175346623922401 ], [ 4.79445972732792, 52.175312539502059 ], [ 4.794324457211501, 52.175278454926726 ], [ 4.79418918730235, 52.175244370196459 ], [ 4.79405391760047, 52.175210285311188 ], [ 4.793918648105864, 52.175176200271025 ], [ 4.793783378818527, 52.175142115075843 ], [ 4.793648109738466, 52.175108029725742 ], [ 4.793512840865676, 52.175073944220706 ], [ 4.793377572200161, 52.175039858560645 ], [ 4.79324230374192, 52.175005772745685 ], [ 4.793104638951723, 52.175036015505867 ], [ 4.792966973975396, 52.175066258104991 ], [ 4.792829308812943, 52.17509650054307 ], [ 4.79269164346436, 52.175126742820112 ], [ 4.792618142209037, 52.175142889468198 ], [ 4.792569382700076, 52.175167289212297 ], [ 4.792540374260991, 52.175181802663815 ], [ 4.79267572660662, 52.17521576317106 ], [ 4.792811079158893, 52.175249723523095 ], [ 4.792946431917813, 52.175283683720018 ], [ 4.793081784883375, 52.175317643761765 ], [ 4.793217138055581, 52.17535160364838 ], [ 4.793352491434431, 52.175385563379855 ], [ 4.793487845019921, 52.175419522956176 ], [ 4.793623198812058, 52.175453482377357 ], [ 4.793758552810833, 52.175487441643384 ], [ 4.793893907016248, 52.175521400754263 ], [ 4.794029261428304, 52.175555359709968 ], [ 4.794164616047002, 52.175589318510553 ], [ 4.794299970872339, 52.17562327715595 ], [ 4.794435325904311, 52.175657235646213 ], [ 4.794570681142925, 52.175691193981329 ], [ 4.794706036588175, 52.175725152161291 ], [ 4.794841392240062, 52.175759110186085 ], [ 4.794976748098587, 52.175793068055739 ], [ 4.795112104163745, 52.175827025770218 ], [ 4.795247460435541, 52.175860983329571 ], [ 4.795382816913972, 52.175894940733784 ], [ 4.795518173599036, 52.1759288979828 ], [ 4.795653530490734, 52.175962855076691 ], [ 4.795788887589067, 52.175996812015391 ], [ 4.795924244894032, 52.176030768798917 ], [ 4.796059602405632, 52.176064725427366 ], [ 4.796194960123858, 52.176098681900598 ], [ 4.796330318048719, 52.176132638218689 ], [ 4.796465676180209, 52.176166594381606 ], [ 4.79660103451833, 52.176200550389325 ], [ 4.796736393063081, 52.176234506241968 ], [ 4.796871751814461, 52.176268461939394 ], [ 4.797007110772467, 52.176302417481665 ], [ 4.797142469937105, 52.176336372868789 ], [ 4.797277829308368, 52.176370328100759 ], [ 4.797413188886257, 52.176404283177561 ], [ 4.797548548670774, 52.176438238099202 ], [ 4.797683908661916, 52.176472192865653 ], [ 4.797819268859682, 52.176506147476957 ], [ 4.797954629264074, 52.176540101933092 ], [ 4.798089989875092, 52.176574056234088 ], [ 4.798225350692731, 52.176608010379887 ], [ 4.798360711716994, 52.176641964370546 ], [ 4.798496072947879, 52.176675918206008 ], [ 4.798631434385387, 52.176709871886345 ], [ 4.798751153986642, 52.176739901840143 ], [ 4.798803826336701, 52.176656059923204 ], [ 4.798856498488188, 52.176572217981224 ], [ 4.798909170441104, 52.176488376014184 ], [ 4.798938897151813, 52.176441057589649 ], [ 4.798923757445101, 52.176437243552677 ], [ 4.798788480489049, 52.176403164091269 ], [ 4.798653203740252, 52.176369084474892 ], [ 4.798517927198708, 52.176335004703532 ], [ 4.798382650864419, 52.176300924777173 ], [ 4.798247374737385, 52.176266844695895 ], [ 4.798112098817604, 52.176232764459598 ], [ 4.797976823105079, 52.176198684068339 ], [ 4.797841547599811, 52.176164603522082 ], [ 4.7977062723018, 52.176130522820884 ], [ 4.797570997211043, 52.176096441964745 ], [ 4.797435722327548, 52.176062360953566 ], [ 4.797300447651311, 52.176028279787481 ] ] ] } },
{ "type": "Feature", "properties": { "reference_id": 46 }, "geometry": { "type": "Polygon", "coordinates": [ [ [ 4.799430139548076, 52.175865152815405 ], [ 4.799383262082515, 52.175853490282663 ], [ 4.799337197050794, 52.175926819329689 ], [ 4.799284527392118, 52.176010661693525 ], [ 4.799231857534883, 52.176094504032363 ], [ 4.799179187479087, 52.176178346346177 ], [ 4.799314816128769, 52.176211892272384 ], [ 4.799450444983001, 52.176245438042805 ], [ 4.799586074041782, 52.176278983657447 ], [ 4.79972170330511, 52.176312529116281 ], [ 4.799857332772986, 52.176346074419392 ], [ 4.79999296244541, 52.176379619566696 ], [ 4.800128592322381, 52.17641316455822 ], [ 4.800264222403899, 52.176446709393957 ], [ 4.800399852689962, 52.176480254073887 ], [ 4.80053548318057, 52.176513798598087 ], [ 4.800671113875723, 52.176547342966437 ], [ 4.80080674477542, 52.176580887179036 ], [ 4.800942375879661, 52.176614431235848 ], [ 4.801078007188444, 52.176647975136881 ], [ 4.801213638701771, 52.176681518882098 ], [ 4.801349270419638, 52.176715062471537 ], [ 4.801484902342048, 52.176748605905246 ], [ 4.801620534468996, 52.17678214918309 ], [ 4.801756166800487, 52.176815692305162 ], [ 4.801891799336516, 52.176849235271455 ], [ 4.801945953921399, 52.176862628057947 ], [ 4.801988294447481, 52.17679229189774 ], [ 4.802039035216539, 52.176708000923881 ], [ 4.802089775793255, 52.176623709926673 ], [ 4.802140516177627, 52.176539418906145 ], [ 4.80200499539488, 52.176505707079151 ], [ 4.801869474817523, 52.176471995096648 ], [ 4.801733954445562, 52.176438282958578 ], [ 4.801598434278998, 52.176404570664992 ], [ 4.801462914317828, 52.176370858215847 ], [ 4.801327394562053, 52.176337145611207 ], [ 4.801191875011675, 52.176303432851036 ], [ 4.801056355666693, 52.176269719935263 ], [ 4.800920836527109, 52.176236006864045 ], [ 4.800785317592923, 52.176202293637246 ], [ 4.800649798864135, 52.176168580254952 ], [ 4.800514280340749, 52.176134866717106 ], [ 4.800378762022759, 52.17610115302373 ], [ 4.800243243910169, 52.176067439174858 ], [ 4.800107726002983, 52.17603372517042 ], [ 4.799972208301197, 52.176000011010487 ], [ 4.799836690804813, 52.175966296694995 ], [ 4.79970117351383, 52.175932582223986 ], [ 4.799565656428251, 52.175898867597446 ], [ 4.799430139548076, 52.175865152815405 ] ] ] } },
{ "type": "Feature", "properties": { "reference_id": 47 }, "geometry": { "type": "Polygon", "coordinates": [ [ [ 4.799179187479087, 52.176178346346177 ], [ 4.799161876838284, 52.176205900342872 ], [ 4.799109203685457, 52.176289741950697 ], [ 4.799056530334056, 52.176373583533469 ], [ 4.799003856784081, 52.176457425091229 ], [ 4.799064664570217, 52.176472667301219 ], [ 4.799200039044306, 52.176506600407059 ], [ 4.799335413724913, 52.176540533357695 ], [ 4.799470788612032, 52.176574466153099 ], [ 4.799606163705666, 52.176608398793363 ], [ 4.799741539005813, 52.176642331278423 ], [ 4.79987691451247, 52.17667626360825 ], [ 4.800012290225641, 52.176710195782874 ], [ 4.800147666145326, 52.17674412780233 ], [ 4.800283042271521, 52.176778059666582 ], [ 4.800418418604226, 52.176811991375601 ], [ 4.800553795143441, 52.176845922929431 ], [ 4.800689171889166, 52.176879854328085 ], [ 4.8008245488414, 52.176913785571486 ], [ 4.800959926000142, 52.176947716659747 ], [ 4.801095303365392, 52.17698164759274 ], [ 4.801230680937149, 52.177015578370586 ], [ 4.801366058715415, 52.177049508993186 ], [ 4.801501436700186, 52.177083439460617 ], [ 4.80163681489146, 52.177117369772816 ], [ 4.801772193289244, 52.177151299929804 ], [ 4.801793740594657, 52.177115503196326 ], [ 4.801844478562574, 52.1770312115069 ], [ 4.801895216338156, 52.176946919794105 ], [ 4.801945953921399, 52.176862628057947 ], [ 4.801891799336516, 52.176849235271455 ], [ 4.801756166800487, 52.176815692305162 ], [ 4.801620534468996, 52.17678214918309 ], [ 4.801484902342048, 52.176748605905246 ], [ 4.801349270419638, 52.176715062471537 ], [ 4.801213638701771, 52.176681518882098 ], [ 4.801078007188444, 52.176647975136881 ], [ 4.800942375879661, 52.176614431235848 ], [ 4.80080674477542, 52.176580887179036 ], [ 4.800671113875723, 52.176547342966437 ], [ 4.80053548318057, 52.176513798598087 ], [ 4.800399852689962, 52.176480254073887 ], [ 4.800264222403899, 52.176446709393957 ], [ 4.800128592322381, 52.17641316455822 ], [ 4.79999296244541, 52.176379619566696 ], [ 4.799857332772986, 52.176346074419392 ], [ 4.79972170330511, 52.176312529116281 ], [ 4.799586074041782, 52.176278983657447 ], [ 4.799450444983001, 52.176245438042805 ], [ 4.799314816128769, 52.176211892272384 ], [ 4.799179187479087, 52.176178346346177 ] ] ] } },
{ "type": "Feature", "properties": { "reference_id": 48 }, "geometry": { "type": "Polygon", "coordinates": [ [ [ 4.797277829308368, 52.176370328100759 ], [ 4.797142469937105, 52.176336372868789 ], [ 4.797007110772467, 52.176302417481665 ], [ 4.796871751814461, 52.176268461939394 ], [ 4.796736393063081, 52.176234506241968 ], [ 4.79660103451833, 52.176200550389325 ], [ 4.796465676180209, 52.176166594381606 ], [ 4.796330318048719, 52.176132638218689 ], [ 4.796194960123858, 52.176098681900598 ], [ 4.796059602405632, 52.176064725427366 ], [ 4.795924244894032, 52.176030768798917 ], [ 4.795788887589067, 52.175996812015391 ], [ 4.795653530490734, 52.175962855076691 ], [ 4.795518173599036, 52.1759288979828 ], [ 4.795382816913972, 52.175894940733784 ], [ 4.795247460435541, 52.175860983329571 ], [ 4.795112104163745, 52.175827025770218 ], [ 4.794976748098587, 52.175793068055739 ], [ 4.794841392240062, 52.175759110186085 ], [ 4.794706036588175, 52.175725152161291 ], [ 4.794570681142925, 52.175691193981329 ], [ 4.794435325904311, 52.175657235646213 ], [ 4.794299970872339, 52.17562327715595 ], [ 4.794164616047002, 52.175589318510553 ], [ 4.794029261428304, 52.175555359709968 ], [ 4.793893907016248, 52.175521400754263 ], [ 4.793758552810833, 52.175487441643384 ], [ 4.793623198812058, 52.175453482377357 ], [ 4.793487845019921, 52.175419522956176 ], [ 4.793352491434431, 52.175385563379855 ], [ 4.793217138055581, 52.17535160364838 ], [ 4.793081784883375, 52.175317643761765 ], [ 4.792946431917813, 52.175283683720018 ], [ 4.792811079158893, 52.175249723523095 ], [ 4.79267572660662, 52.17521576317106 ], [ 4.792540374260991, 52.175181802663815 ], [ 4.792521314879586, 52.175191341885252 ], [ 4.792513771427918, 52.175216551469887 ], [ 4.792488226594797, 52.175301986066131 ], [ 4.792461795927252, 52.175390382978115 ], [ 4.792435365154254, 52.175478779882688 ], [ 4.792343461092279, 52.175526331188507 ], [ 4.79247869307953, 52.175560474012585 ], [ 4.792613925274345, 52.175594616681749 ], [ 4.792749157676726, 52.17562875919608 ], [ 4.792884390286678, 52.175662901555512 ], [ 4.793019623104192, 52.17569704376011 ], [ 4.793154856129274, 52.175731185809816 ], [ 4.793290089361921, 52.175765327704632 ], [ 4.793425322802131, 52.175799469444598 ], [ 4.793560556449904, 52.175833611029681 ], [ 4.793695790305241, 52.17586775245988 ], [ 4.793831024368141, 52.175901893735229 ], [ 4.793966258638604, 52.175936034855674 ], [ 4.794101493116629, 52.175970175821277 ], [ 4.794236727802214, 52.176004316631982 ], [ 4.794371962695359, 52.176038457287802 ], [ 4.794507197796065, 52.176072597788767 ], [ 4.79464243310433, 52.176106738134834 ], [ 4.794777668620156, 52.176140878326038 ], [ 4.794912904343538, 52.176175018362336 ], [ 4.79504814027448, 52.1762091582438 ], [ 4.795183376412978, 52.176243297970338 ], [ 4.795318612759035, 52.176277437542034 ], [ 4.795453849312644, 52.176311576958852 ], [ 4.795589086073812, 52.176345716220752 ], [ 4.795724323042534, 52.176379855327745 ], [ 4.795859560218815, 52.176413994279962 ], [ 4.795994797602646, 52.176448133077216 ], [ 4.796130035194031, 52.176482271719593 ], [ 4.79626527299297, 52.176516410207093 ], [ 4.796400510999461, 52.17655054853973 ], [ 4.796535749213505, 52.176584686717497 ], [ 4.796670987635101, 52.176618824740324 ], [ 4.796806226264247, 52.17665296260828 ], [ 4.796941465100944, 52.176687100321381 ], [ 4.797076704145192, 52.176721237879605 ], [ 4.79721194339699, 52.176755375282902 ], [ 4.797347182856334, 52.176789512531322 ], [ 4.797482422523227, 52.176823649624865 ], [ 4.79761766239767, 52.176857786563524 ], [ 4.797752902479659, 52.176891923347291 ], [ 4.797888142769194, 52.17692605997614 ], [ 4.798023383266277, 52.176960196450132 ], [ 4.798158623970903, 52.176994332769212 ], [ 4.79829386488308, 52.177028468933436 ], [ 4.798429106002796, 52.177062604942748 ], [ 4.798532092127355, 52.177088599377825 ], [ 4.798584764441555, 52.177004757360315 ], [ 4.798637436557177, 52.176920915317829 ], [ 4.798690108474225, 52.17683707325029 ], [ 4.798742780192701, 52.17675323115769 ], [ 4.798751153986642, 52.176739901840143 ], [ 4.798631434385387, 52.176709871886345 ], [ 4.798496072947879, 52.176675918206008 ], [ 4.798360711716994, 52.176641964370546 ], [ 4.798225350692731, 52.176608010379887 ], [ 4.798089989875092, 52.176574056234088 ], [ 4.797954629264074, 52.176540101933092 ], [ 4.797819268859682, 52.176506147476957 ], [ 4.797683908661916, 52.176472192865653 ], [ 4.797548548670774, 52.176438238099202 ], [ 4.797413188886257, 52.176404283177561 ], [ 4.797277829308368, 52.176370328100759 ] ] ] } },
{ "type": "Feature", "properties": { "reference_id": 49 }, "geometry": { "type": "Polygon", "coordinates": [ [ [ 4.7946485178382, 52.174201337005073 ], [ 4.794510860323899, 52.174231588027951 ], [ 4.794373202623431, 52.17426183888977 ], [ 4.794339322568196, 52.174269284144216 ], [ 4.794240104839667, 52.174291085208665 ], [ 4.794295779418871, 52.174374189980227 ], [ 4.794351454205033, 52.174457294724654 ], [ 4.794376558318329, 52.174494767069696 ], [ 4.794396684697936, 52.174524798555147 ], [ 4.794439073273418, 52.174588063019577 ], [ 4.794575924113333, 52.174556456991134 ], [ 4.794712774759843, 52.1745248508035 ], [ 4.794849625212946, 52.174493244456706 ], [ 4.794957278205292, 52.174468381276938 ], [ 4.794908513112206, 52.17438365123796 ], [ 4.79485974820383, 52.1742989211779 ], [ 4.794810983480163, 52.174214191096674 ], [ 4.794786175166332, 52.174171085821193 ], [ 4.7946485178382, 52.174201337005073 ] ] ] } },
{ "type": "Feature", "properties": { "reference_id": 50 }, "geometry": { "type": "Polygon", "coordinates": [ [ [ 4.794240104839667, 52.174291085208665 ], [ 4.794193865101816, 52.174301246382988 ], [ 4.794056206830348, 52.174331496629158 ], [ 4.793918548372717, 52.174361746714311 ], [ 4.793780889728922, 52.174391996638448 ], [ 4.793746601709308, 52.174399885119243 ], [ 4.79360968629774, 52.174431384466281 ], [ 4.793603802212373, 52.174432738204935 ], [ 4.793466886914106, 52.174464237902427 ], [ 4.793329971422998, 52.174495737440523 ], [ 4.793193055739048, 52.174527236819316 ], [ 4.79305613986226, 52.174558736038762 ], [ 4.792919223792631, 52.174590235098883 ], [ 4.792782308064741, 52.174621734877974 ], [ 4.7926506921372, 52.174652015156326 ], [ 4.792554866828197, 52.174674730708034 ], [ 4.792557953154916, 52.174694349320824 ], [ 4.792475322334085, 52.174727431655988 ], [ 4.792475555386112, 52.174725302648781 ], [ 4.792347850453496, 52.174769047167985 ], [ 4.79234608002364, 52.174769653615982 ], [ 4.792219312874187, 52.174814417425814 ], [ 4.792212899232767, 52.174816682194432 ], [ 4.79217481469039, 52.174831014980597 ], [ 4.792152709336968, 52.17484532944804 ], [ 4.792132066880209, 52.174860666943239 ], [ 4.792133876894157, 52.174846627656471 ], [ 4.792121669849525, 52.174788529897356 ], [ 4.792110405505496, 52.174744152742313 ], [ 4.792108758055497, 52.174710933376538 ], [ 4.792108947404962, 52.174706602063146 ], [ 4.792096017967288, 52.174705952644622 ], [ 4.792027761973593, 52.174702543522891 ], [ 4.792046372672312, 52.174760601679282 ], [ 4.792069025781076, 52.174831254578379 ], [ 4.792069439617162, 52.174865986713989 ], [ 4.792027583507149, 52.174952102070669 ], [ 4.791985727234892, 52.175038217410979 ], [ 4.791943870800393, 52.17512433273491 ], [ 4.791938360301042, 52.175135669996422 ], [ 4.791885901153611, 52.175166684023736 ], [ 4.79202306887327, 52.175135598617395 ], [ 4.792160236402284, 52.175104513051167 ], [ 4.792297403740648, 52.175073427325032 ], [ 4.792434570888362, 52.17504234143896 ], [ 4.7924723641684, 52.175033776396155 ], [ 4.792609531834141, 52.175002691575727 ], [ 4.792746699309236, 52.174971606595378 ], [ 4.792883866593691, 52.174940521455149 ], [ 4.793021033687497, 52.174909436154977 ], [ 4.793158200590657, 52.174878350694925 ], [ 4.793295367303172, 52.174847265074909 ], [ 4.793432533825039, 52.17481617929505 ], [ 4.79356970015626, 52.174785093355247 ], [ 4.793706866296827, 52.174754007255515 ], [ 4.79384403224675, 52.174722920995912 ], [ 4.793981198006019, 52.174691834576379 ], [ 4.79411836357464, 52.174660747996938 ], [ 4.794255528952609, 52.174629661257605 ], [ 4.794392694139923, 52.174598574358363 ], [ 4.794439073273418, 52.174588063019577 ], [ 4.794396684697936, 52.174524798555147 ], [ 4.794339274100831, 52.174540257349939 ], [ 4.794318846024409, 52.174509828862455 ], [ 4.794376558318329, 52.174494767069696 ], [ 4.794351454205033, 52.174457294724654 ], [ 4.794295779418871, 52.174374189980227 ], [ 4.794240104839667, 52.174291085208665 ] ] ] } },
{ "type": "Feature", "properties": { "reference_id": 51 }, "geometry": { "type": "Polygon", "coordinates": [ [ [ 4.793831024368141, 52.175901893735229 ], [ 4.793695790305241, 52.17586775245988 ], [ 4.793560556449904, 52.175833611029681 ], [ 4.793425322802131, 52.175799469444598 ], [ 4.793290089361921, 52.175765327704632 ], [ 4.793154856129274, 52.175731185809816 ], [ 4.793019623104192, 52.17569704376011 ], [ 4.792884390286678, 52.175662901555512 ], [ 4.792749157676726, 52.17562875919608 ], [ 4.792613925274345, 52.175594616681749 ], [ 4.79247869307953, 52.175560474012585 ], [ 4.792343461092279, 52.175526331188507 ], [ 4.792302816032196, 52.175547356238745 ], [ 4.792279069394493, 52.175557584641638 ], [ 4.792159338842827, 52.175609156105942 ], [ 4.792039608014517, 52.175660727447898 ], [ 4.791919876909568, 52.175712298667477 ], [ 4.791835208803656, 52.17573110563162 ], [ 4.791697715830395, 52.175761646194111 ], [ 4.791832947318303, 52.175795790827188 ], [ 4.791967927279619, 52.175829871745563 ], [ 4.792026501196075, 52.175844655955487 ], [ 4.79216173376359, 52.175878799351366 ], [ 4.79229696653868, 52.175912942592383 ], [ 4.792432199521343, 52.175947085678494 ], [ 4.792567432711581, 52.175981228609771 ], [ 4.792702666109391, 52.17601537138615 ], [ 4.792837899714773, 52.176049514007673 ], [ 4.792973133527726, 52.176083656474333 ], [ 4.793108367548251, 52.176117798786109 ], [ 4.793243601776345, 52.176151940942979 ], [ 4.79337883621201, 52.176186082945009 ], [ 4.793514070855241, 52.176220224792146 ], [ 4.793649305706044, 52.176254366484436 ], [ 4.793784540764416, 52.176288508021834 ], [ 4.793919776030353, 52.176322649404376 ], [ 4.794055011503858, 52.176356790631978 ], [ 4.794190247184932, 52.176390931704773 ], [ 4.794325483073569, 52.176425072622642 ], [ 4.794460719169773, 52.176459213385648 ], [ 4.794595955473542, 52.176493353993799 ], [ 4.794731191984877, 52.176527494447015 ], [ 4.794866428703775, 52.176561634745418 ], [ 4.795001665630235, 52.176595774888895 ], [ 4.795136902764259, 52.176629914877466 ], [ 4.795272140105845, 52.176664054711232 ], [ 4.795407377654994, 52.176698194390049 ], [ 4.795542615411704, 52.176732333914025 ], [ 4.795677853375974, 52.176766473283088 ], [ 4.795813091547805, 52.17680061249731 ], [ 4.795948329927196, 52.176834751556619 ], [ 4.796083568514145, 52.176868890461023 ], [ 4.796218807308654, 52.1769030292106 ], [ 4.796354046310719, 52.176937167805228 ], [ 4.796489285520345, 52.176971306244994 ], [ 4.796624524937527, 52.17700544452989 ], [ 4.796759764562266, 52.177039582659923 ], [ 4.796895004394559, 52.17707372063505 ], [ 4.797030244434407, 52.177107858455251 ], [ 4.797165484681813, 52.177141996120582 ], [ 4.797300725136773, 52.177176133631036 ], [ 4.797435965799285, 52.177210270986606 ], [ 4.797571206669352, 52.177244408187271 ], [ 4.797706447746972, 52.177278545233051 ], [ 4.797841689032142, 52.177312682123954 ], [ 4.797976930524866, 52.177346818859945 ], [ 4.798112172225142, 52.177380955441059 ], [ 4.798247414132967, 52.177415091867282 ], [ 4.798316073701767, 52.177432422157949 ], [ 4.798368750098195, 52.177348581019082 ], [ 4.798421426296032, 52.177264739855168 ], [ 4.798474102295279, 52.177180898666265 ], [ 4.798526778095935, 52.177097057452244 ], [ 4.798532092127355, 52.177088599377825 ], [ 4.798429106002796, 52.177062604942748 ], [ 4.79829386488308, 52.177028468933436 ], [ 4.798158623970903, 52.176994332769212 ], [ 4.798023383266277, 52.176960196450132 ], [ 4.797888142769194, 52.17692605997614 ], [ 4.797752902479659, 52.176891923347291 ], [ 4.79761766239767, 52.176857786563524 ], [ 4.797482422523227, 52.176823649624865 ], [ 4.797347182856334, 52.176789512531322 ], [ 4.79721194339699, 52.176755375282902 ], [ 4.797076704145192, 52.176721237879605 ], [ 4.796941465100944, 52.176687100321381 ], [ 4.796806226264247, 52.17665296260828 ], [ 4.796670987635101, 52.176618824740324 ], [ 4.796535749213505, 52.176584686717497 ], [ 4.796400510999461, 52.17655054853973 ], [ 4.79626527299297, 52.176516410207093 ], [ 4.796130035194031, 52.176482271719593 ], [ 4.795994797602646, 52.176448133077216 ], [ 4.795859560218815, 52.176413994279962 ], [ 4.795724323042534, 52.176379855327745 ], [ 4.795589086073812, 52.176345716220752 ], [ 4.795453849312644, 52.176311576958852 ], [ 4.795318612759035, 52.176277437542034 ], [ 4.795183376412978, 52.176243297970338 ], [ 4.79504814027448, 52.1762091582438 ], [ 4.794912904343538, 52.176175018362336 ], [ 4.794777668620156, 52.176140878326038 ], [ 4.79464243310433, 52.176106738134834 ], [ 4.794507197796065, 52.176072597788767 ], [ 4.794371962695359, 52.176038457287802 ], [ 4.794236727802214, 52.176004316631982 ], [ 4.794101493116629, 52.175970175821277 ], [ 4.793966258638604, 52.175936034855674 ], [ 4.793831024368141, 52.175901893735229 ] ] ] } },
{ "type": "Feature", "properties": { "reference_id": 52 }, "geometry": { "type": "Polygon", "coordinates": [ [ [ 4.80241378435454, 52.176240784852979 ], [ 4.802332385650388, 52.176220663166774 ], [ 4.802281648084325, 52.176304954751259 ], [ 4.80223091032593, 52.176389246312418 ], [ 4.802180172375204, 52.176473537850285 ], [ 4.802140516177627, 52.176539418906145 ], [ 4.80221721756976, 52.176558498910005 ], [ 4.802352738634315, 52.176592210553935 ], [ 4.802488259904258, 52.176625922042383 ], [ 4.802623781379594, 52.176659633375237 ], [ 4.802759303060324, 52.176693344552604 ], [ 4.802894824946445, 52.176727055574418 ], [ 4.803030347037954, 52.176760766440673 ], [ 4.803165869334856, 52.176794477151432 ], [ 4.803301391837143, 52.176828187706619 ], [ 4.803436914544819, 52.176861898106267 ], [ 4.803572437457885, 52.176895608350442 ], [ 4.803707960576339, 52.176929318439015 ], [ 4.803843483900178, 52.176963028372064 ], [ 4.803979007429406, 52.176996738149569 ], [ 4.804114531164019, 52.177030447771536 ], [ 4.804250055104014, 52.177064157237943 ], [ 4.804385579249397, 52.177097866548827 ], [ 4.804521103600166, 52.177131575704173 ], [ 4.804656628156316, 52.17716528470401 ], [ 4.804792152917848, 52.177198993548252 ], [ 4.804927677884766, 52.177232702236957 ], [ 4.805063203057063, 52.177266410770137 ], [ 4.805198728434743, 52.177300119147738 ], [ 4.805334254017804, 52.177333827369843 ], [ 4.805382553111523, 52.177255815109234 ], [ 4.805403180911283, 52.177260392860191 ], [ 4.805418668632522, 52.17723534747573 ], [ 4.805398234760384, 52.177230474076261 ], [ 4.805450241585059, 52.17714647513003 ], [ 4.805502248213294, 52.177062476159321 ], [ 4.805533542768828, 52.177011930313434 ], [ 4.805397898849607, 52.176978403963872 ], [ 4.805262255134845, 52.17694487745851 ], [ 4.805126611624533, 52.176911350797312 ], [ 4.804990968318676, 52.176877823980355 ], [ 4.804855325217274, 52.17684429700752 ], [ 4.80471968232033, 52.176810769878891 ], [ 4.804584039627839, 52.176777242594454 ], [ 4.804448397139806, 52.176743715154181 ], [ 4.804312754856233, 52.176710187558129 ], [ 4.804177112777115, 52.176676659806247 ], [ 4.804041470902459, 52.176643131898558 ], [ 4.80390582923226, 52.176609603835068 ], [ 4.803770187766522, 52.176576075615721 ], [ 4.803634546505242, 52.176542547240572 ], [ 4.803498905448423, 52.176509018709631 ], [ 4.803363264596066, 52.176475490022888 ], [ 4.803227623948172, 52.176441961180331 ], [ 4.803091983504741, 52.176408432181915 ], [ 4.802956343265772, 52.176374903027778 ], [ 4.802820703231266, 52.176341373717804 ], [ 4.802685063401226, 52.176307844252008 ], [ 4.802549423775649, 52.176274314630362 ], [ 4.80241378435454, 52.176240784852979 ] ] ] } },
{ "type": "Feature", "properties": { "reference_id": 53 }, "geometry": { "type": "Polygon", "coordinates": [ [ [ 4.800147666145326, 52.17674412780233 ], [ 4.800012290225641, 52.176710195782874 ], [ 4.79987691451247, 52.17667626360825 ], [ 4.799741539005813, 52.176642331278423 ], [ 4.799606163705666, 52.176608398793363 ], [ 4.799470788612032, 52.176574466153099 ], [ 4.799335413724913, 52.176540533357695 ], [ 4.799200039044306, 52.176506600407059 ], [ 4.799064664570217, 52.176472667301219 ], [ 4.799003856784081, 52.176457425091229 ], [ 4.798974117918641, 52.176504762061889 ], [ 4.798921445187113, 52.17658860384865 ], [ 4.798868772257008, 52.176672445610315 ], [ 4.79881609912833, 52.176756287346954 ], [ 4.798883863536554, 52.176773388304987 ], [ 4.79901910791332, 52.176807518284569 ], [ 4.799154352497596, 52.176841648109274 ], [ 4.799289597289381, 52.176875777779081 ], [ 4.799424842288675, 52.176909907293947 ], [ 4.799560087495478, 52.176944036653964 ], [ 4.799695332909791, 52.176978165859055 ], [ 4.799830578531612, 52.177012294909254 ], [ 4.79996582436094, 52.177046423804534 ], [ 4.800101070397774, 52.177080552544936 ], [ 4.800236316642117, 52.177114681130398 ], [ 4.800371563093965, 52.177148809561032 ], [ 4.800506809753315, 52.177182937836683 ], [ 4.800642056620172, 52.177217065957443 ], [ 4.800777303694534, 52.17725119392329 ], [ 4.800912550976401, 52.177285321734281 ], [ 4.801047798465768, 52.177319449390332 ], [ 4.801183046162637, 52.177353576891484 ], [ 4.801318294067011, 52.177387704237731 ], [ 4.801453542178885, 52.177421831429065 ], [ 4.801588790498259, 52.177455958465487 ], [ 4.801696981331966, 52.177483256815712 ], [ 4.801832230850525, 52.177517382336546 ], [ 4.801967480576581, 52.177551507702432 ], [ 4.802102730510129, 52.177585632913406 ], [ 4.802237980651168, 52.17761975796946 ], [ 4.802373230999699, 52.177653882870622 ], [ 4.802407366069625, 52.177601664881287 ], [ 4.802461881870255, 52.177518269273151 ], [ 4.802516397466487, 52.177434873638312 ], [ 4.802570912858315, 52.177351477976778 ], [ 4.802449089539018, 52.177320946632371 ], [ 4.802313709876061, 52.177287017602289 ], [ 4.802178330419605, 52.177253088416975 ], [ 4.80204295116965, 52.177219159076465 ], [ 4.801907572126197, 52.177185229580729 ], [ 4.801772193289244, 52.177151299929804 ], [ 4.80163681489146, 52.177117369772816 ], [ 4.801501436700186, 52.177083439460617 ], [ 4.801366058715415, 52.177049508993186 ], [ 4.801230680937149, 52.177015578370586 ], [ 4.801095303365392, 52.17698164759274 ], [ 4.800959926000142, 52.176947716659747 ], [ 4.8008245488414, 52.176913785571486 ], [ 4.800689171889166, 52.176879854328085 ], [ 4.800553795143441, 52.176845922929431 ], [ 4.800418418604226, 52.176811991375601 ], [ 4.800283042271521, 52.176778059666582 ], [ 4.800147666145326, 52.17674412780233 ] ] ] } },
{ "type": "Feature", "properties": { "reference_id": 54 }, "geometry": { "type": "Polygon", "coordinates": [ [ [ 4.802352738634315, 52.176592210553935 ], [ 4.80221721756976, 52.176558498910005 ], [ 4.802140516177627, 52.176539418906145 ], [ 4.802089775793255, 52.176623709926673 ], [ 4.802039035216539, 52.176708000923881 ], [ 4.801988294447481, 52.17679229189774 ], [ 4.801945953921399, 52.176862628057947 ], [ 4.802017774694849, 52.176880389850211 ], [ 4.802153407528194, 52.176913932664526 ], [ 4.802289040566078, 52.176947475323125 ], [ 4.8024246738085, 52.176981017825909 ], [ 4.802560307255461, 52.177014560172857 ], [ 4.802695940906959, 52.177048102364097 ], [ 4.802831574762992, 52.177081644399465 ], [ 4.80296720882356, 52.177115186279075 ], [ 4.803102843088666, 52.177148728002905 ], [ 4.803238477558305, 52.177182269570942 ], [ 4.803374112232478, 52.177215810983114 ], [ 4.803509747111187, 52.177249352239556 ], [ 4.803645382194429, 52.177282893340198 ], [ 4.8037810174822, 52.177316434285039 ], [ 4.803916652974506, 52.177349975074115 ], [ 4.804052288671342, 52.177383515707312 ], [ 4.804187924572711, 52.177417056184801 ], [ 4.804323560678611, 52.177450596506453 ], [ 4.804459196989038, 52.177484136672305 ], [ 4.804594833503996, 52.177517676682356 ], [ 4.804730470223482, 52.177551216536614 ], [ 4.804866107147494, 52.177584756235085 ], [ 4.805001744276037, 52.177618295777755 ], [ 4.805137381609104, 52.177651835164589 ], [ 4.805189384627455, 52.17756783521974 ], [ 4.805241387449375, 52.177483835250435 ], [ 4.805293390074868, 52.177399835256672 ], [ 4.805334254017804, 52.177333827369843 ], [ 4.805198728434743, 52.177300119147738 ], [ 4.805063203057063, 52.177266410770137 ], [ 4.804927677884766, 52.177232702236957 ], [ 4.804792152917848, 52.177198993548252 ], [ 4.804656628156316, 52.17716528470401 ], [ 4.804521103600166, 52.177131575704173 ], [ 4.804385579249397, 52.177097866548827 ], [ 4.804250055104014, 52.177064157237943 ], [ 4.804114531164019, 52.177030447771536 ], [ 4.803979007429406, 52.176996738149569 ], [ 4.803843483900178, 52.176963028372064 ], [ 4.803707960576339, 52.176929318439015 ], [ 4.803572437457885, 52.176895608350442 ], [ 4.803436914544819, 52.176861898106267 ], [ 4.803301391837143, 52.176828187706619 ], [ 4.803165869334856, 52.176794477151432 ], [ 4.803030347037954, 52.176760766440673 ], [ 4.802894824946445, 52.176727055574418 ], [ 4.802759303060324, 52.176693344552604 ], [ 4.802623781379594, 52.176659633375237 ], [ 4.802488259904258, 52.176625922042383 ], [ 4.802352738634315, 52.176592210553935 ] ] ] } },
{ "type": "Feature", "properties": { "reference_id": 55 }, "geometry": { "type": "Polygon", "coordinates": [ [ [ 4.793112177221985, 52.17197236797184 ], [ 4.793107391025941, 52.17198025513963 ], [ 4.793056290888928, 52.172064462818255 ], [ 4.793005190558423, 52.172148670473184 ], [ 4.793002868003779, 52.172152497880226 ], [ 4.792951768686583, 52.172236705789345 ], [ 4.792900669175896, 52.172320913674795 ], [ 4.793024770271455, 52.1723513251236 ], [ 4.793034926281454, 52.172353812031332 ], [ 4.793055797624444, 52.172320747601873 ], [ 4.793108687740782, 52.172236958720468 ], [ 4.793161577657876, 52.172153169813853 ], [ 4.793172208968584, 52.172136424544178 ], [ 4.793174866765095, 52.172132240473509 ], [ 4.793180182476278, 52.172123863344375 ], [ 4.793180719834456, 52.17212303015463 ], [ 4.793181765435417, 52.172121354640495 ], [ 4.793182302793535, 52.172120521450765 ], [ 4.793182676008739, 52.172119939101947 ], [ 4.793260141508211, 52.172138522430274 ], [ 4.793396323174986, 52.172171191117407 ], [ 4.79353250504178, 52.172203859647475 ], [ 4.793538865060024, 52.17219280031042 ], [ 4.793548984693341, 52.172175182220627 ], [ 4.793597663086313, 52.172090433853185 ], [ 4.793461730057103, 52.172057376403458 ], [ 4.79332579722991, 52.172024318797241 ], [ 4.793189864604736, 52.171991261034563 ], [ 4.793112177221985, 52.17197236797184 ] ] ] } },
{ "type": "Feature", "properties": { "reference_id": 56 }, "geometry": { "type": "Polygon", "coordinates": [ [ [ 4.793182676008739, 52.172119939101947 ], [ 4.793182302793535, 52.172120521450765 ], [ 4.793181765435417, 52.172121354640495 ], [ 4.793180719834456, 52.17212303015463 ], [ 4.793180182476278, 52.172123863344375 ], [ 4.793174866765095, 52.172132240473509 ], [ 4.793172208968584, 52.172136424544178 ], [ 4.793161577657876, 52.172153169813853 ], [ 4.793108687740782, 52.172236958720468 ], [ 4.793055797624444, 52.172320747601873 ], [ 4.793034926281454, 52.172353812031332 ], [ 4.793170720195007, 52.172387086310586 ], [ 4.793302508553246, 52.172419378891135 ], [ 4.79339560310284, 52.172442182771377 ], [ 4.793444287510583, 52.172357435651172 ], [ 4.793492971732761, 52.172272688509324 ], [ 4.793495241651967, 52.172268737135248 ], [ 4.79353250504178, 52.172203859647475 ], [ 4.793396323174986, 52.172171191117407 ], [ 4.793260141508211, 52.172138522430274 ], [ 4.793182676008739, 52.172119939101947 ] ] ] } },
{ "type": "Feature", "properties": { "reference_id": 57 }, "geometry": { "type": "Polygon", "coordinates": [ [ [ 4.787452455435248, 52.172998398957986 ], [ 4.787451164911221, 52.173000396740264 ], [ 4.787397205607195, 52.173083927704944 ], [ 4.787343246100527, 52.173167458643455 ], [ 4.787290791825349, 52.173248652243863 ], [ 4.787236827976256, 52.173332182167869 ], [ 4.787332885956474, 52.173355670961392 ], [ 4.787468721125732, 52.17338888618572 ], [ 4.787604556497833, 52.173422101253792 ], [ 4.78774039207278, 52.173455316165594 ], [ 4.787876227850567, 52.17348853092119 ], [ 4.788012063831196, 52.173521745520489 ], [ 4.788147900014666, 52.173554959963546 ], [ 4.788283736400979, 52.173588174250334 ], [ 4.788419572990132, 52.173621388380894 ], [ 4.788555409782122, 52.173654602355185 ], [ 4.788691246776954, 52.173687816173214 ], [ 4.788827083974621, 52.173721029834958 ], [ 4.78896292137513, 52.17375424334049 ], [ 4.789098758978475, 52.173787456689752 ], [ 4.789234596784655, 52.173820669882723 ], [ 4.789370434793674, 52.173853882919431 ], [ 4.789506273005526, 52.173887095799913 ], [ 4.789642111420215, 52.173920308524089 ], [ 4.789777950037737, 52.173953521092024 ], [ 4.789913788858095, 52.173986733503739 ], [ 4.790049627881285, 52.17401994575912 ], [ 4.790185467107309, 52.174053157858296 ], [ 4.790321306536164, 52.174086369801195 ], [ 4.79045714616785, 52.174119581587796 ], [ 4.790592986002368, 52.17415279321817 ], [ 4.790728826039717, 52.174186004692217 ], [ 4.790864666279893, 52.17421921601008 ], [ 4.791000506722902, 52.174252427171638 ], [ 4.791136347368739, 52.174285638176912 ], [ 4.791272188217405, 52.174318849025923 ], [ 4.791408029268897, 52.174352059718693 ], [ 4.791543870523216, 52.1743852702552 ], [ 4.791679711980362, 52.174418480635424 ], [ 4.791815553640333, 52.174451690859335 ], [ 4.791951395503132, 52.174484900926998 ], [ 4.792087237568754, 52.174518110838434 ], [ 4.792136270407886, 52.174433439225645 ], [ 4.792185303060285, 52.174348767590892 ], [ 4.79223433552595, 52.174264095934255 ], [ 4.792281034293754, 52.174183453900973 ], [ 4.792204314411355, 52.174164626945554 ], [ 4.792068543554572, 52.174131308799652 ], [ 4.791932772901161, 52.17409799049765 ], [ 4.791797002451124, 52.174064672039542 ], [ 4.791661232204464, 52.174031353425292 ], [ 4.791525462161181, 52.173998034655 ], [ 4.791389692321272, 52.173964715728523 ], [ 4.791253922684743, 52.173931396646005 ], [ 4.791118153251588, 52.17389807740733 ], [ 4.790982384021813, 52.173864758012584 ], [ 4.790846614995417, 52.173831438461733 ], [ 4.7907108461724, 52.173798118754775 ], [ 4.790575077552762, 52.173764798891725 ], [ 4.790439309136505, 52.173731478872561 ], [ 4.79030354092363, 52.173698158697306 ], [ 4.790167772914136, 52.173664838365944 ], [ 4.790032005108023, 52.173631517878441 ], [ 4.789896237505293, 52.173598197234902 ], [ 4.789760470105947, 52.173564876435222 ], [ 4.789624702909984, 52.17353155547945 ], [ 4.789488935917405, 52.173498234367592 ], [ 4.789353169128215, 52.173464913099629 ], [ 4.789217402542407, 52.173431591675559 ], [ 4.789081636159985, 52.17339827009539 ], [ 4.78894586998095, 52.173364948359115 ], [ 4.788810104005302, 52.173331626466783 ], [ 4.788674338233043, 52.173298304418331 ], [ 4.78853857266417, 52.173264982213801 ], [ 4.788402807298689, 52.173231659853101 ], [ 4.788267042136595, 52.173198337336366 ], [ 4.788131277177893, 52.173165014663546 ], [ 4.787995512422579, 52.173131691834612 ], [ 4.78785974787066, 52.173098368849608 ], [ 4.787723983522128, 52.173065045708476 ], [ 4.787588219376993, 52.173031722411267 ], [ 4.787452455435248, 52.172998398957986 ] ] ] } },
{ "type": "Feature", "properties": { "reference_id": 58 }, "geometry": { "type": "Polygon", "coordinates": [ [ [ 4.79339560310284, 52.172442182771377 ], [ 4.793302508553246, 52.172419378891135 ], [ 4.793253479524292, 52.172504050886623 ], [ 4.793204450308627, 52.172588722860198 ], [ 4.793155420906256, 52.172673394811888 ], [ 4.793106391317172, 52.1727580667417 ], [ 4.793098926656278, 52.172770957850403 ], [ 4.793193465278539, 52.172794047787143 ], [ 4.793242150656753, 52.172709300800058 ], [ 4.793290835849398, 52.172624553791358 ], [ 4.793339520856473, 52.172539806761073 ], [ 4.793388205677981, 52.172455059709172 ], [ 4.79339560310284, 52.172442182771377 ] ] ] } },
{ "type": "Feature", "properties": { "reference_id": 59 }, "geometry": { "type": "Polygon", "coordinates": [ [ [ 4.793098926656278, 52.172770957850403 ], [ 4.793093255016845, 52.172780753449423 ], [ 4.793044229442712, 52.172865426282073 ], [ 4.792995203681881, 52.17295009909288 ], [ 4.792946177734351, 52.173034771881767 ], [ 4.792897151600117, 52.173119444648776 ], [ 4.79289104202338, 52.173129995182144 ], [ 4.792842010487385, 52.173214666788056 ], [ 4.792792978764667, 52.173299338372132 ], [ 4.792889676047047, 52.173322870847834 ], [ 4.792901360285732, 52.173302531682246 ], [ 4.792950044915123, 52.173217784420423 ], [ 4.792998729358943, 52.173133037136971 ], [ 4.793047413617194, 52.173048289831925 ], [ 4.793096097689878, 52.172963542505279 ], [ 4.793144781576991, 52.172878795157011 ], [ 4.793193465278539, 52.172794047787143 ], [ 4.793098926656278, 52.172770957850403 ] ] ] } },
{ "type": "Feature", "properties": { "reference_id": 60 }, "geometry": { "type": "Polygon", "coordinates": [ [ [ 4.792792978764667, 52.173299338372132 ], [ 4.792791738282326, 52.173301480735581 ], [ 4.792742710670276, 52.17338615323888 ], [ 4.792693682871517, 52.173470825720301 ], [ 4.792687002889268, 52.173482361857054 ], [ 4.79263797349562, 52.173567034010929 ], [ 4.792588943915252, 52.173651706142905 ], [ 4.792539914148166, 52.173736378252961 ], [ 4.792490884194361, 52.173821050341154 ], [ 4.792589620948835, 52.173845195537176 ], [ 4.792597571573836, 52.173831355555436 ], [ 4.792646256116637, 52.173746608158204 ], [ 4.792694940473862, 52.173661860739344 ], [ 4.792743624645516, 52.17357711329889 ], [ 4.792792308631598, 52.173492365836807 ], [ 4.792840992432107, 52.17340761835311 ], [ 4.792889676047047, 52.173322870847834 ], [ 4.792792978764667, 52.173299338372132 ] ] ] } },
{ "type": "Feature", "properties": { "reference_id": 61 }, "geometry": { "type": "Polygon", "coordinates": [ [ [ 4.792589620948835, 52.173845195537176 ], [ 4.792490884194361, 52.173821050341154 ], [ 4.792477152352388, 52.173844764952769 ], [ 4.79242812311781, 52.173929437222675 ], [ 4.79237909369651, 52.174014109470662 ], [ 4.792330064088494, 52.174098781696763 ], [ 4.792281034293754, 52.174183453900973 ], [ 4.792381373503739, 52.174208074726323 ], [ 4.79238484125451, 52.174202024516283 ], [ 4.792433427417778, 52.174117255698604 ], [ 4.792482013395793, 52.174032486859396 ], [ 4.792492239833412, 52.174014687781344 ], [ 4.792540930483922, 52.173929941670053 ], [ 4.792589620948835, 52.173845195537176 ] ] ] } },
{ "type": "Feature", "properties": { "reference_id": 62 }, "geometry": { "type": "Polygon", "coordinates": [ [ [ 4.79223433552595, 52.174264095934255 ], [ 4.792185303060285, 52.174348767590892 ], [ 4.792136270407886, 52.174433439225645 ], [ 4.792087237568754, 52.174518110838434 ], [ 4.792189370917402, 52.174543082417955 ], [ 4.792235622424405, 52.174462382900458 ], [ 4.792284206302759, 52.174377613530616 ], [ 4.792332789995871, 52.174292844139217 ], [ 4.792381373503739, 52.174208074726323 ], [ 4.792281034293754, 52.174183453900973 ], [ 4.79223433552595, 52.174264095934255 ] ] ] } },
{ "type": "Feature", "properties": { "reference_id": 63 }, "geometry": { "type": "Polygon", "coordinates": [ [ [ 4.792540757064025, 52.174335068618419 ], [ 4.792401865999971, 52.174307029220202 ], [ 4.792377746902452, 52.174347174420419 ], [ 4.792327093462991, 52.174431484638212 ], [ 4.792276439831476, 52.174515794832722 ], [ 4.792225786007907, 52.174600105003975 ], [ 4.792175131992277, 52.174684415151958 ], [ 4.792124477784588, 52.174768725276692 ], [ 4.792262401481437, 52.174738933196871 ], [ 4.792400324994596, 52.174709140955358 ], [ 4.792478275911237, 52.174692303037283 ], [ 4.792506250120994, 52.174686260175385 ], [ 4.792554866828197, 52.174674730708034 ], [ 4.7926506921372, 52.174652015156326 ], [ 4.792782308064741, 52.174621734877974 ], [ 4.792919223792631, 52.174590235098883 ], [ 4.792962549591584, 52.17451479502482 ], [ 4.793011222062054, 52.174430044853295 ], [ 4.792957431307491, 52.174419185832896 ], [ 4.792818539717784, 52.174391146924755 ], [ 4.792679648303297, 52.174363107853246 ], [ 4.792540757064025, 52.174335068618419 ] ] ] } },
{ "type": "Feature", "properties": { "reference_id": 64 }, "geometry": { "type": "Polygon", "coordinates": [ [ [ 4.78917980584677, 52.175417613662404 ], [ 4.789124597245002, 52.175430081522727 ], [ 4.788987371424879, 52.175461071340258 ], [ 4.788850145414616, 52.175492060997762 ], [ 4.788712919214219, 52.175523050495215 ], [ 4.788615944897993, 52.175548300666861 ], [ 4.788531737103568, 52.175599420377004 ], [ 4.788471001737728, 52.175641221585877 ], [ 4.788470826969736, 52.175641341869252 ], [ 4.78837343536367, 52.175708371120905 ], [ 4.788292535808363, 52.175768935972194 ], [ 4.788402958120411, 52.17582544943896 ], [ 4.788515314204171, 52.175882952345056 ], [ 4.788627670577785, 52.175940455144051 ], [ 4.788740027241258, 52.175997957835932 ], [ 4.788828326041909, 52.175939434541689 ], [ 4.788907143465113, 52.175892376887035 ], [ 4.788927463583716, 52.175881725585263 ], [ 4.789038709930567, 52.175823412858797 ], [ 4.789087751961216, 52.17580677854928 ], [ 4.789215755266286, 52.175763361623787 ], [ 4.789245150026662, 52.175755052874479 ], [ 4.789377975590893, 52.175717508151159 ], [ 4.789439633455297, 52.175703802362136 ], [ 4.789577114514777, 52.175673241857837 ], [ 4.789714595386417, 52.175642681192919 ], [ 4.789852076070212, 52.175612120367347 ], [ 4.789989556566159, 52.175581559381136 ], [ 4.790127036874263, 52.175550998234314 ], [ 4.79026451699452, 52.175520436926895 ], [ 4.790316785162139, 52.17550959672986 ], [ 4.790455306584359, 52.175480867834864 ], [ 4.79059382782871, 52.175452138776862 ], [ 4.790732348895189, 52.175423409555826 ], [ 4.790870869783792, 52.175394680171728 ], [ 4.791009390494522, 52.175365950624609 ], [ 4.791147911027373, 52.17533722091445 ], [ 4.791286431382352, 52.175308491041292 ], [ 4.791424951559455, 52.175279761005086 ], [ 4.791563471558681, 52.175251030805896 ], [ 4.791701991380028, 52.1752223004436 ], [ 4.791565988277713, 52.175189337266467 ], [ 4.791429985376965, 52.175156373932744 ], [ 4.791293982677785, 52.175123410442346 ], [ 4.791157980180176, 52.175090446795316 ], [ 4.791021977884135, 52.175057482991669 ], [ 4.790902541333972, 52.175028534171275 ], [ 4.790847255108656, 52.175041021389518 ], [ 4.790710032722754, 52.175072014968784 ], [ 4.790572810146702, 52.175103008388007 ], [ 4.790435587380492, 52.175134001647166 ], [ 4.790298364424125, 52.175164994746339 ], [ 4.790161141277609, 52.175195987685441 ], [ 4.790023917940937, 52.175226980464494 ], [ 4.790003155434205, 52.175231669534661 ], [ 4.789865930978321, 52.175262660622721 ], [ 4.789728706332294, 52.175293651550746 ], [ 4.789591481496125, 52.175324642318749 ], [ 4.789454256469815, 52.175355632926674 ], [ 4.789317031253361, 52.175386623374564 ], [ 4.78917980584677, 52.175417613662404 ] ] ] } },
{ "type": "Feature", "properties": { "reference_id": 65 }, "geometry": { "type": "Polygon", "coordinates": [ [ [ 4.792087237568754, 52.174518110838434 ], [ 4.792079559571894, 52.174531368489895 ], [ 4.792030523400219, 52.174616039395161 ], [ 4.791981487041799, 52.174700710278529 ], [ 4.792027761973593, 52.174702543522891 ], [ 4.792096017967288, 52.174705952644622 ], [ 4.792140783805545, 52.174627851123603 ], [ 4.792189370917402, 52.174543082417955 ], [ 4.792087237568754, 52.174518110838434 ] ] ] } },
{ "type": "Feature", "properties": { "reference_id": 66 }, "geometry": { "type": "Polygon", "coordinates": [ [ [ 4.792478275911237, 52.174692303037283 ], [ 4.792400324994596, 52.174709140955358 ], [ 4.792262401481437, 52.174738933196871 ], [ 4.792124477784588, 52.174768725276692 ], [ 4.792121750737557, 52.174769313730373 ], [ 4.792110452134847, 52.174706681554895 ], [ 4.792108947404962, 52.174706602063146 ], [ 4.792108758055497, 52.174710933376538 ], [ 4.792110405505496, 52.174744152742313 ], [ 4.792121669849525, 52.174788529897356 ], [ 4.792133876894157, 52.174846627656471 ], [ 4.792132066880209, 52.174860666943239 ], [ 4.792152709336968, 52.17484532944804 ], [ 4.79217481469039, 52.174831014980597 ], [ 4.792212899232767, 52.174816682194432 ], [ 4.792219312874187, 52.174814417425814 ], [ 4.79234608002364, 52.174769653615982 ], [ 4.792347850453496, 52.174769047167985 ], [ 4.792475555386112, 52.174725302648781 ], [ 4.792477026907846, 52.174711423437131 ], [ 4.792478275911237, 52.174692303037283 ] ] ] } },
{ "type": "Feature", "properties": { "reference_id": 67 }, "geometry": { "type": "Polygon", "coordinates": [ [ [ 4.792046372672312, 52.174760601679282 ], [ 4.792044345157468, 52.174761059646308 ], [ 4.791907124349149, 52.174792054436352 ], [ 4.791769903350669, 52.174823049066397 ], [ 4.791632682162032, 52.174854043536378 ], [ 4.791495460783233, 52.174885037846316 ], [ 4.791358239214276, 52.17491603199624 ], [ 4.791221017455162, 52.174947025986114 ], [ 4.791083795505892, 52.17497801981596 ], [ 4.791219531118443, 52.175011396147504 ], [ 4.791355266934678, 52.175044772322991 ], [ 4.79149100295459, 52.175078148342514 ], [ 4.791626739178184, 52.175111524205967 ], [ 4.791762475605456, 52.175144899913377 ], [ 4.791867470661968, 52.175170716602182 ], [ 4.791885901153611, 52.175166684023736 ], [ 4.791938360301042, 52.175135669996422 ], [ 4.791943870800393, 52.17512433273491 ], [ 4.791985727234892, 52.175038217410979 ], [ 4.792027583507149, 52.174952102070669 ], [ 4.792069439617162, 52.174865986713989 ], [ 4.792069025781076, 52.174831254578379 ], [ 4.792046372672312, 52.174760601679282 ] ] ] } },
{ "type": "Feature", "properties": { "reference_id": 68 }, "geometry": { "type": "Polygon", "coordinates": [ [ [ 4.791626739178184, 52.175111524205967 ], [ 4.79149100295459, 52.175078148342514 ], [ 4.791355266934678, 52.175044772322991 ], [ 4.791219531118443, 52.175011396147504 ], [ 4.791083795505892, 52.17497801981596 ], [ 4.79101119194866, 52.174960167020778 ], [ 4.790875456712121, 52.174926790352345 ], [ 4.790739721679263, 52.17489341352784 ], [ 4.790603986850089, 52.174860036547372 ], [ 4.790468252224597, 52.174826659410812 ], [ 4.790468252179024, 52.174826659481923 ], [ 4.790414635565681, 52.174910274337776 ], [ 4.790474090973936, 52.174924685245401 ], [ 4.790610092624811, 52.174957649419852 ], [ 4.790746094477257, 52.174990613437672 ], [ 4.790882096531272, 52.175023577298852 ], [ 4.790902541333972, 52.175028534171275 ], [ 4.791021977884135, 52.175057482991669 ], [ 4.791157980180176, 52.175090446795316 ], [ 4.791293982677785, 52.175123410442346 ], [ 4.791429985376965, 52.175156373932744 ], [ 4.791565988277713, 52.175189337266467 ], [ 4.791701991380028, 52.1752223004436 ], [ 4.791834030434595, 52.175194132717394 ], [ 4.791867470661968, 52.175170716602182 ], [ 4.791762475605456, 52.175144899913377 ], [ 4.791626739178184, 52.175111524205967 ] ] ] } },
{ "type": "Feature", "properties": { "reference_id": 69 }, "geometry": { "type": "Polygon", "coordinates": [ [ [ 4.7924723641684, 52.175033776396155 ], [ 4.792434570888362, 52.17504234143896 ], [ 4.792297403740648, 52.175073427325032 ], [ 4.792160236402284, 52.175104513051167 ], [ 4.79202306887327, 52.175135598617395 ], [ 4.791885901153611, 52.175166684023736 ], [ 4.791867470661968, 52.175170716602182 ], [ 4.791834030434595, 52.175194132717394 ], [ 4.791856665133901, 52.175223431277225 ], [ 4.791886580774776, 52.175238457489897 ], [ 4.791890057757074, 52.175244119558783 ], [ 4.79199468917602, 52.175220037820161 ], [ 4.792082571881731, 52.175210899654886 ], [ 4.792221457892236, 52.175212720232601 ], [ 4.792367614653435, 52.175214635941771 ], [ 4.792513771427918, 52.175216551469887 ], [ 4.792521314879586, 52.175191341885252 ], [ 4.792540374260991, 52.175181802663815 ], [ 4.792569382700076, 52.175167289212297 ], [ 4.792509752047692, 52.175085228124743 ], [ 4.7924723641684, 52.175033776396155 ] ] ] } },
{ "type": "Feature", "properties": { "reference_id": 70 }, "geometry": { "type": "Polygon", "coordinates": [ [ [ 4.791525338508918, 52.175799933098567 ], [ 4.791387844266082, 52.175830471858518 ], [ 4.791250349835517, 52.175861010457751 ], [ 4.791112855217224, 52.175891548896367 ], [ 4.790975360411204, 52.175922087174307 ], [ 4.790837865417456, 52.175952625291593 ], [ 4.790973096834147, 52.175986770890049 ], [ 4.791108328458423, 52.176020916333677 ], [ 4.791243560290285, 52.176055061622399 ], [ 4.791378792329737, 52.176089206756252 ], [ 4.791514024576772, 52.176123351735257 ], [ 4.791649257031393, 52.17615749655937 ], [ 4.79174650423322, 52.176182050364027 ], [ 4.79175709554564, 52.176165204766953 ], [ 4.79180980377717, 52.17608137154923 ], [ 4.791862511810009, 52.175997538306369 ], [ 4.791915219644158, 52.175913705038511 ], [ 4.791967927279619, 52.175829871745563 ], [ 4.791832947318303, 52.175795790827188 ], [ 4.791697715830395, 52.175761646194111 ], [ 4.791662832564022, 52.175769394177991 ], [ 4.791525338508918, 52.175799933098567 ] ] ] } },
{ "type": "Feature", "properties": { "reference_id": 71 }, "geometry": { "type": "Polygon", "coordinates": [ [ [ 4.790707868657393, 52.175981497631078 ], [ 4.790570373184168, 52.176012035241371 ], [ 4.790432877523218, 52.176042572690953 ], [ 4.790295381674544, 52.176073109979882 ], [ 4.790247518413318, 52.176082674957243 ], [ 4.790108486131442, 52.176110458986187 ], [ 4.789969453676935, 52.176138242850904 ], [ 4.790104974400268, 52.1761719529758 ], [ 4.790240495328991, 52.176205662945129 ], [ 4.790376016463102, 52.176239372758936 ], [ 4.790511537802606, 52.176273082417218 ], [ 4.790647059347499, 52.176306791919949 ], [ 4.790782581097782, 52.17634050126717 ], [ 4.790918103053451, 52.176374210458846 ], [ 4.791053625214509, 52.17640791949502 ], [ 4.791189147580954, 52.176441628375642 ], [ 4.791324670152786, 52.176475337100733 ], [ 4.791460192930003, 52.176509045670279 ], [ 4.791529992077375, 52.176526406726047 ], [ 4.791535666205336, 52.17651738226202 ], [ 4.791588376010353, 52.176433549325104 ], [ 4.791641085616674, 52.176349716363163 ], [ 4.791693795024296, 52.176265883376104 ], [ 4.79174650423322, 52.176182050364027 ], [ 4.791649257031393, 52.17615749655937 ], [ 4.791514024576772, 52.176123351735257 ], [ 4.791378792329737, 52.176089206756252 ], [ 4.791243560290285, 52.176055061622399 ], [ 4.791108328458423, 52.176020916333677 ], [ 4.790973096834147, 52.175986770890049 ], [ 4.790837865417456, 52.175952625291593 ], [ 4.790707868657393, 52.175981497631078 ] ] ] } },
{ "type": "Feature", "properties": { "reference_id": 72 }, "geometry": { "type": "Polygon", "coordinates": [ [ [ 4.789963172240507, 52.176139498033969 ], [ 4.789824138787305, 52.176167280179357 ], [ 4.789685105161479, 52.17619506216051 ], [ 4.789546071363031, 52.17622284397747 ], [ 4.789526014273371, 52.176238428170421 ], [ 4.789435301378125, 52.176308911161016 ], [ 4.789344588195991, 52.176379394080612 ], [ 4.789479702393113, 52.176413716533389 ], [ 4.789614816798718, 52.176448038831559 ], [ 4.789749931412801, 52.176482360975136 ], [ 4.789885046235365, 52.176516682964113 ], [ 4.790020161266408, 52.176551004798469 ], [ 4.790155276505931, 52.176585326478282 ], [ 4.790262534674842, 52.176612571817664 ], [ 4.790362907585933, 52.176638067277786 ], [ 4.790498023966374, 52.176672387654641 ], [ 4.790633140555292, 52.176706707876889 ], [ 4.790768257352678, 52.176741027944502 ], [ 4.790903374358539, 52.176775347857564 ], [ 4.79103849157287, 52.176809667616006 ], [ 4.79117360899567, 52.176843987219804 ], [ 4.791308726626942, 52.176878306669046 ], [ 4.791319145336737, 52.176861736917445 ], [ 4.791371857319957, 52.176777904407203 ], [ 4.791424569104469, 52.176694071871893 ], [ 4.791477280690274, 52.176610239311493 ], [ 4.791529992077375, 52.176526406726047 ], [ 4.791460192930003, 52.176509045670279 ], [ 4.791324670152786, 52.176475337100733 ], [ 4.791189147580954, 52.176441628375642 ], [ 4.791053625214509, 52.17640791949502 ], [ 4.790918103053451, 52.176374210458846 ], [ 4.790782581097782, 52.17634050126717 ], [ 4.790647059347499, 52.176306791919949 ], [ 4.790511537802606, 52.176273082417218 ], [ 4.790376016463102, 52.176239372758936 ], [ 4.790240495328991, 52.176205662945129 ], [ 4.790104974400268, 52.1761719529758 ], [ 4.789969453676935, 52.176138242850904 ], [ 4.789963172240507, 52.176139498033969 ] ] ] } },
{ "type": "Feature", "properties": { "reference_id": 73 }, "geometry": { "type": "Polygon", "coordinates": [ [ [ 4.79196331752927, 52.175945366275648 ], [ 4.79201592746041, 52.175861509780624 ], [ 4.792026501196075, 52.175844655955487 ], [ 4.791967927279619, 52.175829871745563 ], [ 4.791915219644158, 52.175913705038511 ], [ 4.791862511810009, 52.175997538306369 ], [ 4.79180980377717, 52.17608137154923 ], [ 4.79175709554564, 52.176165204766953 ], [ 4.79174650423322, 52.176182050364027 ], [ 4.791693795024296, 52.176265883376104 ], [ 4.791641085616674, 52.176349716363163 ], [ 4.791588376010353, 52.176433549325104 ], [ 4.791535666205336, 52.17651738226202 ], [ 4.791529992077375, 52.176526406726047 ], [ 4.791477280690274, 52.176610239311493 ], [ 4.791424569104469, 52.176694071871893 ], [ 4.791371857319957, 52.176777904407203 ], [ 4.791319145336737, 52.176861736917445 ], [ 4.791308726626942, 52.176878306669046 ], [ 4.791304251783558, 52.176885423817971 ], [ 4.791251542333857, 52.176969256958706 ], [ 4.791198832685456, 52.177053090074381 ], [ 4.791146122838352, 52.177136923164973 ], [ 4.791093412792542, 52.177220756230554 ], [ 4.791040702548027, 52.177304589271039 ], [ 4.79102812907289, 52.177324586256894 ], [ 4.790975417539063, 52.177408419018448 ], [ 4.790922705806527, 52.177492251754906 ], [ 4.790869993875274, 52.177576084466281 ], [ 4.790883545350758, 52.17757947853049 ], [ 4.790862453223601, 52.177613014442066 ], [ 4.790848901739555, 52.177609620375478 ], [ 4.790801459027317, 52.177685069489677 ], [ 4.790755904805282, 52.177757516711694 ], [ 4.790703191449341, 52.177841349154619 ], [ 4.790650477894684, 52.177925181572469 ], [ 4.790597764141304, 52.178009013965259 ], [ 4.790591396465611, 52.178019140924334 ], [ 4.790538683670857, 52.178102973569779 ], [ 4.790600255157989, 52.178117917435593 ], [ 4.790652869014007, 52.178034061299577 ], [ 4.790705482671624, 52.177950205138615 ], [ 4.790758096130839, 52.177866348952612 ], [ 4.790810709391652, 52.177782492741649 ], [ 4.790862280596762, 52.177700297051658 ], [ 4.790909635747019, 52.17762482949491 ], [ 4.790896098875065, 52.177621435507618 ], [ 4.790917147243243, 52.177587890380948 ], [ 4.790930684106638, 52.177591284365867 ], [ 4.790983297323641, 52.177507428216913 ], [ 4.791035910342247, 52.17742357204299 ], [ 4.791088523162457, 52.177339715844056 ], [ 4.791101116625708, 52.177319643880246 ], [ 4.791153729548528, 52.177235787733025 ], [ 4.791206342272951, 52.1771519315608 ], [ 4.791258954798982, 52.177068075363593 ], [ 4.79131156712662, 52.176984219141417 ], [ 4.791364179255867, 52.176900362894266 ], [ 4.791368495299799, 52.176893483719248 ], [ 4.791421105578576, 52.176809627057196 ], [ 4.791473715658969, 52.176725770370105 ], [ 4.791526325540983, 52.176641913658088 ], [ 4.791578935224614, 52.176558056921067 ], [ 4.79158950213378, 52.176541213849106 ], [ 4.79164211052163, 52.176457356831321 ], [ 4.791694718711105, 52.176373499788596 ], [ 4.791747326702207, 52.176289642720853 ], [ 4.791799934494938, 52.176205785628191 ], [ 4.791805486545591, 52.176196935610903 ], [ 4.791858097071862, 52.176113079190799 ], [ 4.791910707399755, 52.176029222745726 ], [ 4.79196331752927, 52.175945366275648 ] ] ] } },
{ "type": "Feature", "properties": { "reference_id": 74 }, "geometry": { "type": "Polygon", "coordinates": [ [ [ 4.79201592746041, 52.175861509780624 ], [ 4.79196331752927, 52.175945366275648 ], [ 4.791910707399755, 52.176029222745726 ], [ 4.791858097071862, 52.176113079190799 ], [ 4.791805486545591, 52.176196935610903 ], [ 4.791940720073859, 52.176231079163706 ], [ 4.792075953809707, 52.176265222561675 ], [ 4.792211187753133, 52.176299365804724 ], [ 4.792346421904137, 52.176333508892903 ], [ 4.792481656262718, 52.176367651826226 ], [ 4.792616890828875, 52.176401794604701 ], [ 4.792752125602612, 52.17643593722827 ], [ 4.79288736058392, 52.176470079696962 ], [ 4.793022595772805, 52.176504222010763 ], [ 4.793157831169265, 52.17653836416973 ], [ 4.793293066773298, 52.176572506173777 ], [ 4.793428302584907, 52.176606648022997 ], [ 4.793563538604086, 52.17664078971729 ], [ 4.79369877483084, 52.176674931256734 ], [ 4.793834011265166, 52.17670907264128 ], [ 4.793969247907057, 52.176743213870971 ], [ 4.794104484756526, 52.176777354945777 ], [ 4.794239721813566, 52.176811495865664 ], [ 4.794374959078173, 52.17684563663073 ], [ 4.794510196550349, 52.176879777240856 ], [ 4.794645434230094, 52.176913917696119 ], [ 4.794780672117406, 52.176948057996526 ], [ 4.794915910212287, 52.176982198142063 ], [ 4.795051148514737, 52.177016338132702 ], [ 4.795186387024752, 52.177050477968415 ], [ 4.795321625742331, 52.177084617649321 ], [ 4.79545686466748, 52.177118757175265 ], [ 4.795592103800192, 52.177152896546382 ], [ 4.795727343140467, 52.177187035762593 ], [ 4.79586258268831, 52.177221174823906 ], [ 4.795997822443711, 52.177255313730335 ], [ 4.79613306240668, 52.177289452481887 ], [ 4.796268302577207, 52.177323591078533 ], [ 4.796403542955299, 52.177357729520331 ], [ 4.796538783540953, 52.177391867807231 ], [ 4.796674024334165, 52.177426005939211 ], [ 4.796809265334939, 52.177460143916342 ], [ 4.796944506543271, 52.177494281738568 ], [ 4.797079747959164, 52.177528419405903 ], [ 4.797214989582614, 52.177562556918353 ], [ 4.797350231413626, 52.177596694275877 ], [ 4.797485473452191, 52.177630831478567 ], [ 4.797620715698315, 52.177664968526344 ], [ 4.797755958151996, 52.177699105419201 ], [ 4.797891200813234, 52.177733242157231 ], [ 4.798026443682025, 52.177767378740306 ], [ 4.798094794829251, 52.177784631139424 ], [ 4.798105376245416, 52.177767788865062 ], [ 4.798158050907383, 52.177683947225837 ], [ 4.798210725370766, 52.177600105561595 ], [ 4.798263399635559, 52.177516263872278 ], [ 4.798316073701767, 52.177432422157949 ], [ 4.798247414132967, 52.177415091867282 ], [ 4.798112172225142, 52.177380955441059 ], [ 4.797976930524866, 52.177346818859945 ], [ 4.797841689032142, 52.177312682123954 ], [ 4.797706447746972, 52.177278545233051 ], [ 4.797571206669352, 52.177244408187271 ], [ 4.797435965799285, 52.177210270986606 ], [ 4.797300725136773, 52.177176133631036 ], [ 4.797165484681813, 52.177141996120582 ], [ 4.797030244434407, 52.177107858455251 ], [ 4.796895004394559, 52.17707372063505 ], [ 4.796759764562266, 52.177039582659923 ], [ 4.796624524937527, 52.17700544452989 ], [ 4.796489285520345, 52.176971306244994 ], [ 4.796354046310719, 52.176937167805228 ], [ 4.796218807308654, 52.1769030292106 ], [ 4.796083568514145, 52.176868890461023 ], [ 4.795948329927196, 52.176834751556619 ], [ 4.795813091547805, 52.17680061249731 ], [ 4.795677853375974, 52.176766473283088 ], [ 4.795542615411704, 52.176732333914025 ], [ 4.795407377654994, 52.176698194390049 ], [ 4.795272140105845, 52.176664054711232 ], [ 4.795136902764259, 52.176629914877466 ], [ 4.795001665630235, 52.176595774888895 ], [ 4.794866428703775, 52.176561634745418 ], [ 4.794731191984877, 52.176527494447015 ], [ 4.794595955473542, 52.176493353993799 ], [ 4.794460719169773, 52.176459213385648 ], [ 4.794325483073569, 52.176425072622642 ], [ 4.794190247184932, 52.176390931704773 ], [ 4.794055011503858, 52.176356790631978 ], [ 4.793919776030353, 52.176322649404376 ], [ 4.793784540764416, 52.176288508021834 ], [ 4.793649305706044, 52.176254366484436 ], [ 4.793514070855241, 52.176220224792146 ], [ 4.79337883621201, 52.176186082945009 ], [ 4.793243601776345, 52.176151940942979 ], [ 4.793108367548251, 52.176117798786109 ], [ 4.792973133527726, 52.176083656474333 ], [ 4.792837899714773, 52.176049514007673 ], [ 4.792702666109391, 52.17601537138615 ], [ 4.792567432711581, 52.175981228609771 ], [ 4.792432199521343, 52.175947085678494 ], [ 4.79229696653868, 52.175912942592383 ], [ 4.79216173376359, 52.175878799351366 ], [ 4.792026501196075, 52.175844655955487 ], [ 4.79201592746041, 52.175861509780624 ] ] ] } },
{ "type": "Feature", "properties": { "reference_id": 75 }, "geometry": { "type": "Polygon", "coordinates": [ [ [ 4.789344588195991, 52.176379394080612 ], [ 4.789308552891806, 52.176407394510754 ], [ 4.789217842429323, 52.176477878848992 ], [ 4.789127131679955, 52.176548363116218 ], [ 4.7890364206437, 52.17661884731239 ], [ 4.788945709320552, 52.176689331437551 ], [ 4.788854997710515, 52.176759815491657 ], [ 4.788895306003765, 52.176769862475645 ], [ 4.789030789459812, 52.176803632069948 ], [ 4.789166273121557, 52.176837401508834 ], [ 4.789301756989008, 52.176871170792246 ], [ 4.789437241062151, 52.176904939920213 ], [ 4.789572725340997, 52.176938708892777 ], [ 4.78970820982554, 52.176972477709882 ], [ 4.78984369451578, 52.177006246371512 ], [ 4.789979179411717, 52.17704001487774 ], [ 4.789986661069422, 52.177028728868486 ], [ 4.790041836203431, 52.176945497512939 ], [ 4.790097011130975, 52.176862266130087 ], [ 4.790152185852059, 52.176779034719935 ], [ 4.790207360366681, 52.176695803282456 ], [ 4.790262534674842, 52.176612571817664 ], [ 4.790155276505931, 52.176585326478282 ], [ 4.790020161266408, 52.176551004798469 ], [ 4.789885046235365, 52.176516682964113 ], [ 4.789749931412801, 52.176482360975136 ], [ 4.789614816798718, 52.176448038831559 ], [ 4.789479702393113, 52.176413716533389 ], [ 4.789344588195991, 52.176379394080612 ] ] ] } },
{ "type": "Feature", "properties": { "reference_id": 76 }, "geometry": { "type": "Polygon", "coordinates": [ [ [ 4.788292535808363, 52.175768935972194 ], [ 4.788243221778205, 52.175808680831508 ], [ 4.788154555964926, 52.1758801412022 ], [ 4.788065889867321, 52.175951601504963 ], [ 4.787987571732918, 52.176014725002609 ], [ 4.787898908089456, 52.176086186579418 ], [ 4.787987736302074, 52.176131945786317 ], [ 4.788099792112332, 52.176189670291478 ], [ 4.788211848212785, 52.17624739469013 ], [ 4.788323904603436, 52.176305118982221 ], [ 4.788342319554559, 52.176291437700165 ], [ 4.788435522030766, 52.176222193282754 ], [ 4.788528724217427, 52.176152948790431 ], [ 4.788621926114543, 52.176083704223252 ], [ 4.788715127722111, 52.176014459581197 ], [ 4.788740027241258, 52.175997957835932 ], [ 4.788627670577785, 52.175940455144051 ], [ 4.788515314204171, 52.175882952345056 ], [ 4.788402958120411, 52.17582544943896 ], [ 4.788292535808363, 52.175768935972194 ] ] ] } },
{ "type": "Feature", "properties": { "reference_id": 77 }, "geometry": { "type": "Polygon", "coordinates": [ [ [ 4.787898908089456, 52.176086186579418 ], [ 4.787895448460634, 52.176088975024989 ], [ 4.787806785371195, 52.176160436929557 ], [ 4.787891782059321, 52.176203568442673 ], [ 4.78800452946586, 52.176260781816069 ], [ 4.78811727716181, 52.176317995081668 ], [ 4.788230025147173, 52.176375208239378 ], [ 4.788258943939347, 52.176353379067777 ], [ 4.788323904603436, 52.176305118982221 ], [ 4.788211848212785, 52.17624739469013 ], [ 4.788099792112332, 52.176189670291478 ], [ 4.787987736302074, 52.176131945786317 ], [ 4.787898908089456, 52.176086186579418 ] ] ] } },
{ "type": "Feature", "properties": { "reference_id": 78 }, "geometry": { "type": "Polygon", "coordinates": [ [ [ 4.787806785371195, 52.176160436929557 ], [ 4.787792540146686, 52.176171917718655 ], [ 4.787703873082885, 52.176243377835334 ], [ 4.787788151282229, 52.176282147559391 ], [ 4.78790520400675, 52.176335994034652 ], [ 4.788022257014126, 52.176389840393732 ], [ 4.788139310304357, 52.176443686636667 ], [ 4.788230025147173, 52.176375208239378 ], [ 4.78811727716181, 52.176317995081668 ], [ 4.78800452946586, 52.176260781816069 ], [ 4.787891782059321, 52.176203568442673 ], [ 4.787806785371195, 52.176160436929557 ] ] ] } },
{ "type": "Feature", "properties": { "reference_id": 79 }, "geometry": { "type": "Polygon", "coordinates": [ [ [ 4.792346421904137, 52.176333508892903 ], [ 4.792211187753133, 52.176299365804724 ], [ 4.792075953809707, 52.176265222561675 ], [ 4.791940720073859, 52.176231079163706 ], [ 4.791805486545591, 52.176196935610903 ], [ 4.791799934494938, 52.176205785628191 ], [ 4.791747326702207, 52.176289642720853 ], [ 4.791694718711105, 52.176373499788596 ], [ 4.79164211052163, 52.176457356831321 ], [ 4.79158950213378, 52.176541213849106 ], [ 4.791657067703744, 52.176558019383322 ], [ 4.791792590836288, 52.176591727796968 ], [ 4.791928114174216, 52.176625436055083 ], [ 4.79206363771753, 52.176659144157675 ], [ 4.792199161466226, 52.176692852104686 ], [ 4.792334685420307, 52.176726559896217 ], [ 4.792470209579771, 52.176760267532181 ], [ 4.79260573394462, 52.176793975012636 ], [ 4.792741258514848, 52.176827682337539 ], [ 4.792876783290459, 52.176861389506897 ], [ 4.793012308271449, 52.176895096520688 ], [ 4.793147833457821, 52.176928803378978 ], [ 4.793283358849575, 52.176962510081736 ], [ 4.793418884446705, 52.176996216628957 ], [ 4.793554410249216, 52.177029923020626 ], [ 4.793689936257104, 52.177063629256743 ], [ 4.79382546247037, 52.177097335337322 ], [ 4.793960988889014, 52.177131041262378 ], [ 4.794096515513033, 52.177164747031874 ], [ 4.79423204234243, 52.177198452645833 ], [ 4.794367569377203, 52.177232158104275 ], [ 4.794503096617349, 52.177265863407158 ], [ 4.79463862406287, 52.177299568554481 ], [ 4.794774151713763, 52.177333273546267 ], [ 4.794909679570034, 52.17736697838253 ], [ 4.795045207631674, 52.177400683063198 ], [ 4.795180735898685, 52.177434387588349 ], [ 4.795316264371072, 52.177468091957977 ], [ 4.795451793048827, 52.177501796172024 ], [ 4.795587321931956, 52.177535500230562 ], [ 4.795722851020453, 52.177569204133533 ], [ 4.795858380314319, 52.177602907880946 ], [ 4.795993909813554, 52.177636611472813 ], [ 4.796129439518156, 52.177670314909129 ], [ 4.796264969428127, 52.177704018189907 ], [ 4.796400499543465, 52.177737721315147 ], [ 4.796536029864171, 52.177771424284813 ], [ 4.796671560390242, 52.177805127098921 ], [ 4.796807091121679, 52.177838829757533 ], [ 4.796942622058483, 52.177872532260544 ], [ 4.797078153200649, 52.177906234608045 ], [ 4.797213684548177, 52.17793993679993 ], [ 4.797349216101071, 52.177973638836313 ], [ 4.797484747859328, 52.178007340717123 ], [ 4.797620279822948, 52.178041042442381 ], [ 4.797755811991927, 52.178074744012086 ], [ 4.797891344366271, 52.17810844542624 ], [ 4.797936764456712, 52.178036154686687 ], [ 4.797989441446157, 52.177952313529275 ], [ 4.798042118237002, 52.17786847234688 ], [ 4.798094794829251, 52.177784631139424 ], [ 4.798026443682025, 52.177767378740306 ], [ 4.797891200813234, 52.177733242157231 ], [ 4.797755958151996, 52.177699105419201 ], [ 4.797620715698315, 52.177664968526344 ], [ 4.797485473452191, 52.177630831478567 ], [ 4.797350231413626, 52.177596694275877 ], [ 4.797214989582614, 52.177562556918353 ], [ 4.797079747959164, 52.177528419405903 ], [ 4.796944506543271, 52.177494281738568 ], [ 4.796809265334939, 52.177460143916342 ], [ 4.796674024334165, 52.177426005939211 ], [ 4.796538783540953, 52.177391867807231 ], [ 4.796403542955299, 52.177357729520331 ], [ 4.796268302577207, 52.177323591078533 ], [ 4.79613306240668, 52.177289452481887 ], [ 4.795997822443711, 52.177255313730335 ], [ 4.79586258268831, 52.177221174823906 ], [ 4.795727343140467, 52.177187035762593 ], [ 4.795592103800192, 52.177152896546382 ], [ 4.79545686466748, 52.177118757175265 ], [ 4.795321625742331, 52.177084617649321 ], [ 4.795186387024752, 52.177050477968415 ], [ 4.795051148514737, 52.177016338132702 ], [ 4.794915910212287, 52.176982198142063 ], [ 4.794780672117406, 52.176948057996526 ], [ 4.794645434230094, 52.176913917696119 ], [ 4.794510196550349, 52.176879777240856 ], [ 4.794374959078173, 52.17684563663073 ], [ 4.794239721813566, 52.176811495865664 ], [ 4.794104484756526, 52.176777354945777 ], [ 4.793969247907057, 52.176743213870971 ], [ 4.793834011265166, 52.17670907264128 ], [ 4.79369877483084, 52.176674931256734 ], [ 4.793563538604086, 52.17664078971729 ], [ 4.793428302584907, 52.176606648022997 ], [ 4.793293066773298, 52.176572506173777 ], [ 4.793157831169265, 52.17653836416973 ], [ 4.793022595772805, 52.176504222010763 ], [ 4.79288736058392, 52.176470079696962 ], [ 4.792752125602612, 52.17643593722827 ], [ 4.792616890828875, 52.176401794604701 ], [ 4.792481656262718, 52.176367651826226 ], [ 4.792346421904137, 52.176333508892903 ] ] ] } },
{ "type": "Feature", "properties": { "reference_id": 80 }, "geometry": { "type": "Polygon", "coordinates": [ [ [ 4.792334685420307, 52.176726559896217 ], [ 4.792199161466226, 52.176692852104686 ], [ 4.79206363771753, 52.176659144157675 ], [ 4.791928114174216, 52.176625436055083 ], [ 4.791792590836288, 52.176591727796968 ], [ 4.791657067703744, 52.176558019383322 ], [ 4.79158950213378, 52.176541213849106 ], [ 4.791578935224614, 52.176558056921067 ], [ 4.791526325540983, 52.176641913658088 ], [ 4.791473715658969, 52.176725770370105 ], [ 4.791421105578576, 52.176809627057196 ], [ 4.791368495299799, 52.176893483719248 ], [ 4.791395504885561, 52.176900343932473 ], [ 4.791530623124987, 52.176934662732236 ], [ 4.791665741572881, 52.176968981377428 ], [ 4.791800860229239, 52.177003299867984 ], [ 4.791935979094064, 52.17703761820394 ], [ 4.792071098167355, 52.17707193638531 ], [ 4.79220621744911, 52.177106254412081 ], [ 4.792341336939328, 52.177140572284181 ], [ 4.792476456638011, 52.177174890001737 ], [ 4.792611576545155, 52.177209207564673 ], [ 4.792746696660764, 52.177243524972944 ], [ 4.79288181698483, 52.177277842226594 ], [ 4.793016937517364, 52.177312159325737 ], [ 4.793152058258356, 52.177346476270174 ], [ 4.793287179207809, 52.177380793060067 ], [ 4.79342230036572, 52.177415109695282 ], [ 4.793557421732093, 52.177449426175926 ], [ 4.793692543259962, 52.17748374257183 ], [ 4.793827664996288, 52.177518058813135 ], [ 4.793962786941072, 52.177552374899804 ], [ 4.794097909094316, 52.177586690831859 ], [ 4.794233031456016, 52.177621006609279 ], [ 4.794368154026174, 52.177655322232113 ], [ 4.794503276804782, 52.177689637700311 ], [ 4.794638399791853, 52.177723953013917 ], [ 4.794773522987375, 52.17775826817288 ], [ 4.794908646391353, 52.177792583177272 ], [ 4.795043770003784, 52.177826898026993 ], [ 4.795178893824669, 52.177861212722142 ], [ 4.795314017854007, 52.177895527262621 ], [ 4.795449142091797, 52.177929841648478 ], [ 4.79558426653804, 52.177964155879764 ], [ 4.795719391192732, 52.177998469956364 ], [ 4.795854516055877, 52.178032783878393 ], [ 4.795989641127472, 52.178067097645773 ], [ 4.796124766407516, 52.178101411258559 ], [ 4.796259891896009, 52.178135724716704 ], [ 4.796395017592952, 52.178170038020248 ], [ 4.796530143498344, 52.178204351169164 ], [ 4.796665269612181, 52.178238664163416 ], [ 4.796800395934467, 52.178272977003083 ], [ 4.796935522465199, 52.178307289688107 ], [ 4.797070649204378, 52.178341602218488 ], [ 4.797205776152, 52.178375914594284 ], [ 4.797340903308069, 52.17841022681543 ], [ 4.797476030672582, 52.178444538881934 ], [ 4.797611158245541, 52.178478850793844 ], [ 4.797652092380852, 52.178489244845053 ], [ 4.797704769300695, 52.178405403551537 ], [ 4.797757446021939, 52.178321562233073 ], [ 4.797810122544583, 52.178237720889513 ], [ 4.797862798868629, 52.178153879520956 ], [ 4.797891344366271, 52.17810844542624 ], [ 4.797755811991927, 52.178074744012086 ], [ 4.797620279822948, 52.178041042442381 ], [ 4.797484747859328, 52.178007340717123 ], [ 4.797349216101071, 52.177973638836313 ], [ 4.797213684548177, 52.17793993679993 ], [ 4.797078153200649, 52.177906234608045 ], [ 4.796942622058483, 52.177872532260544 ], [ 4.796807091121679, 52.177838829757533 ], [ 4.796671560390242, 52.177805127098921 ], [ 4.796536029864171, 52.177771424284813 ], [ 4.796400499543465, 52.177737721315147 ], [ 4.796264969428127, 52.177704018189907 ], [ 4.796129439518156, 52.177670314909129 ], [ 4.795993909813554, 52.177636611472813 ], [ 4.795858380314319, 52.177602907880946 ], [ 4.795722851020453, 52.177569204133533 ], [ 4.795587321931956, 52.177535500230562 ], [ 4.795451793048827, 52.177501796172024 ], [ 4.795316264371072, 52.177468091957977 ], [ 4.795180735898685, 52.177434387588349 ], [ 4.795045207631674, 52.177400683063198 ], [ 4.794909679570034, 52.17736697838253 ], [ 4.794774151713763, 52.177333273546267 ], [ 4.79463862406287, 52.177299568554481 ], [ 4.794503096617349, 52.177265863407158 ], [ 4.794367569377203, 52.177232158104275 ], [ 4.79423204234243, 52.177198452645833 ], [ 4.794096515513033, 52.177164747031874 ], [ 4.793960988889014, 52.177131041262378 ], [ 4.79382546247037, 52.177097335337322 ], [ 4.793689936257104, 52.177063629256743 ], [ 4.793554410249216, 52.177029923020626 ], [ 4.793418884446705, 52.176996216628957 ], [ 4.793283358849575, 52.176962510081736 ], [ 4.793147833457821, 52.176928803378978 ], [ 4.793012308271449, 52.176895096520688 ], [ 4.792876783290459, 52.176861389506897 ], [ 4.792741258514848, 52.176827682337539 ], [ 4.79260573394462, 52.176793975012636 ], [ 4.792470209579771, 52.176760267532181 ], [ 4.792334685420307, 52.176726559896217 ] ] ] } },
{ "type": "Feature", "properties": { "reference_id": 81 }, "geometry": { "type": "Polygon", "coordinates": [ [ [ 4.792341336939328, 52.177140572284181 ], [ 4.79220621744911, 52.177106254412081 ], [ 4.792071098167355, 52.17707193638531 ], [ 4.791935979094064, 52.17703761820394 ], [ 4.791800860229239, 52.177003299867984 ], [ 4.791665741572881, 52.176968981377428 ], [ 4.791530623124987, 52.176934662732236 ], [ 4.791395504885561, 52.176900343932473 ], [ 4.791368495299799, 52.176893483719248 ], [ 4.791364179255867, 52.176900362894266 ], [ 4.79131156712662, 52.176984219141417 ], [ 4.791258954798982, 52.177068075363593 ], [ 4.791206342272951, 52.1771519315608 ], [ 4.791153729548528, 52.177235787733025 ], [ 4.791101116625708, 52.177319643880246 ], [ 4.791235431305886, 52.17735311881389 ], [ 4.791370918317522, 52.177386885719145 ], [ 4.791506405534847, 52.177420652468932 ], [ 4.791641892957858, 52.177454419063267 ], [ 4.791777380586565, 52.17748818550217 ], [ 4.79191286842096, 52.177521951785629 ], [ 4.792048356461039, 52.177555717913613 ], [ 4.792183844706809, 52.177589483886145 ], [ 4.792319333158267, 52.17762324970321 ], [ 4.792454821815412, 52.177657015364865 ], [ 4.792590310678243, 52.177690780871039 ], [ 4.792725799746758, 52.177724546221789 ], [ 4.792861289020959, 52.177758311417058 ], [ 4.792996778500846, 52.177792076456882 ], [ 4.793132268186414, 52.177825841341246 ], [ 4.793267758077667, 52.177859606070143 ], [ 4.793325979192604, 52.177777162390775 ], [ 4.793384200091785, 52.177694718681103 ], [ 4.79344242077521, 52.177612274941232 ], [ 4.793500641242886, 52.177529831171178 ], [ 4.793557421732093, 52.177449426175926 ], [ 4.79342230036572, 52.177415109695282 ], [ 4.793287179207809, 52.177380793060067 ], [ 4.793152058258356, 52.177346476270174 ], [ 4.793016937517364, 52.177312159325737 ], [ 4.79288181698483, 52.177277842226594 ], [ 4.792746696660764, 52.177243524972944 ], [ 4.792611576545155, 52.177209207564673 ], [ 4.792476456638011, 52.177174890001737 ], [ 4.792341336939328, 52.177140572284181 ] ] ] } },
{ "type": "Feature", "properties": { "reference_id": 82 }, "geometry": { "type": "Polygon", "coordinates": [ [ [ 4.788854997710515, 52.176759815491657 ], [ 4.788845143402462, 52.176767477331232 ], [ 4.788790030915656, 52.176809618839997 ], [ 4.7886984251209, 52.176879664554015 ], [ 4.788606819038235, 52.176949710195665 ], [ 4.788515212667662, 52.177019755764832 ], [ 4.78842360600918, 52.177089801261666 ], [ 4.788499631126881, 52.177108834265354 ], [ 4.788635031117301, 52.177142731697003 ], [ 4.788770431314069, 52.177176628973456 ], [ 4.788905831717186, 52.177210526094633 ], [ 4.789041232326655, 52.177244423060543 ], [ 4.789176633142472, 52.17727831987122 ], [ 4.789312034164638, 52.177312216526644 ], [ 4.789447435393151, 52.177346113026829 ], [ 4.789582836828012, 52.177380009371753 ], [ 4.789718238469223, 52.177413905561444 ], [ 4.789853640316776, 52.177447801595846 ], [ 4.789989042370678, 52.177481697475024 ], [ 4.790124444630925, 52.177515593198933 ], [ 4.790259847097516, 52.177549488767589 ], [ 4.790395249770452, 52.177583384180977 ], [ 4.79053065264973, 52.177617279439147 ], [ 4.790666055735353, 52.177651174542035 ], [ 4.790801459027317, 52.177685069489677 ], [ 4.790848901739555, 52.177609620375478 ], [ 4.790862453223601, 52.177613014442066 ], [ 4.790883545350758, 52.17757947853049 ], [ 4.790869993875274, 52.177576084466281 ], [ 4.790922705806527, 52.177492251754906 ], [ 4.790975417539063, 52.177408419018448 ], [ 4.79102812907289, 52.177324586256894 ], [ 4.791040702548027, 52.177304589271039 ], [ 4.79090521644214, 52.177270821373611 ], [ 4.790769730541949, 52.177237053320759 ], [ 4.790634244847451, 52.177203285112469 ], [ 4.790498759358651, 52.177169516748698 ], [ 4.79036327407555, 52.177135748229524 ], [ 4.790227788998145, 52.177101979554891 ], [ 4.79009230412644, 52.177068210724812 ], [ 4.789979179411717, 52.17704001487774 ], [ 4.78984369451578, 52.177006246371512 ], [ 4.78970820982554, 52.176972477709882 ], [ 4.789572725340997, 52.176938708892777 ], [ 4.789437241062151, 52.176904939920213 ], [ 4.789301756989008, 52.176871170792246 ], [ 4.789166273121557, 52.176837401508834 ], [ 4.789030789459812, 52.176803632069948 ], [ 4.788895306003765, 52.176769862475645 ], [ 4.788854997710515, 52.176759815491657 ] ] ] } },
{ "type": "Feature", "properties": { "reference_id": 83 }, "geometry": { "type": "Polygon", "coordinates": [ [ [ 4.788635031117301, 52.177142731697003 ], [ 4.788499631126881, 52.177108834265354 ], [ 4.78842360600918, 52.177089801261666 ], [ 4.788407003823978, 52.177102495746468 ], [ 4.788315396533289, 52.177172541013391 ], [ 4.788223788954683, 52.177242586207846 ], [ 4.788132181088168, 52.177312631329904 ], [ 4.788040572933734, 52.177382676379565 ], [ 4.788153079724963, 52.177410234412122 ], [ 4.788288893799126, 52.17744350127056 ], [ 4.788424708076437, 52.177476767972827 ], [ 4.788560522556899, 52.177510034518825 ], [ 4.788696337240509, 52.177543300908653 ], [ 4.788832152127267, 52.177576567142289 ], [ 4.78896796721717, 52.177609833219726 ], [ 4.789103782510221, 52.17764309914098 ], [ 4.78923959800642, 52.177676364906013 ], [ 4.789375413705761, 52.177709630514862 ], [ 4.789511229608251, 52.177742895967484 ], [ 4.789647045713882, 52.177776161263921 ], [ 4.789782862022658, 52.177809426404131 ], [ 4.789918678534579, 52.177842691388172 ], [ 4.79005449524964, 52.177875956215985 ], [ 4.790190312167844, 52.177909220887628 ], [ 4.79032612928919, 52.17794248540303 ], [ 4.790461946613675, 52.177975749762247 ], [ 4.790597764141304, 52.178009013965259 ], [ 4.790650477894684, 52.177925181572469 ], [ 4.790703191449341, 52.177841349154619 ], [ 4.790755904805282, 52.177757516711694 ], [ 4.790801459027317, 52.177685069489677 ], [ 4.790666055735353, 52.177651174542035 ], [ 4.79053065264973, 52.177617279439147 ], [ 4.790395249770452, 52.177583384180977 ], [ 4.790259847097516, 52.177549488767589 ], [ 4.790124444630925, 52.177515593198933 ], [ 4.789989042370678, 52.177481697475024 ], [ 4.789853640316776, 52.177447801595846 ], [ 4.789718238469223, 52.177413905561444 ], [ 4.789582836828012, 52.177380009371753 ], [ 4.789447435393151, 52.177346113026829 ], [ 4.789312034164638, 52.177312216526644 ], [ 4.789176633142472, 52.17727831987122 ], [ 4.789041232326655, 52.177244423060543 ], [ 4.788905831717186, 52.177210526094633 ], [ 4.788770431314069, 52.177176628973456 ], [ 4.788635031117301, 52.177142731697003 ] ] ] } },
{ "type": "Feature", "properties": { "reference_id": 84 }, "geometry": { "type": "Polygon", "coordinates": [ [ [ 4.788040572933734, 52.177382676379565 ], [ 4.78801909162404, 52.177399100092948 ], [ 4.787927479066813, 52.177469143052576 ], [ 4.787955017828985, 52.177475828067024 ], [ 4.788090998425277, 52.177508837134333 ], [ 4.788226979223402, 52.177541846045045 ], [ 4.788362960223354, 52.177574854799197 ], [ 4.788498941425134, 52.177607863396702 ], [ 4.788634922828745, 52.177640871837632 ], [ 4.78877090443418, 52.177673880122029 ], [ 4.788906886241441, 52.177706888249816 ], [ 4.789042868250529, 52.177739896221055 ], [ 4.789178850461442, 52.177772904035649 ], [ 4.789314832874181, 52.177805911693717 ], [ 4.789450815488745, 52.177838919195153 ], [ 4.789586798305132, 52.177871926540043 ], [ 4.789722781323344, 52.177904933728342 ], [ 4.789858764543376, 52.177937940760067 ], [ 4.789994747965231, 52.177970947635181 ], [ 4.790130731588907, 52.178003954353706 ], [ 4.790266715414406, 52.178036960915641 ], [ 4.790402699441723, 52.17806996732098 ], [ 4.790538683670857, 52.178102973569779 ], [ 4.790591396465611, 52.178019140924334 ], [ 4.790597764141304, 52.178009013965259 ], [ 4.790461946613675, 52.177975749762247 ], [ 4.79032612928919, 52.17794248540303 ], [ 4.790190312167844, 52.177909220887628 ], [ 4.79005449524964, 52.177875956215985 ], [ 4.789918678534579, 52.177842691388172 ], [ 4.789782862022658, 52.177809426404131 ], [ 4.789647045713882, 52.177776161263921 ], [ 4.789511229608251, 52.177742895967484 ], [ 4.789375413705761, 52.177709630514862 ], [ 4.78923959800642, 52.177676364906013 ], [ 4.789103782510221, 52.17764309914098 ], [ 4.78896796721717, 52.177609833219726 ], [ 4.788832152127267, 52.177576567142289 ], [ 4.788696337240509, 52.177543300908653 ], [ 4.788560522556899, 52.177510034518825 ], [ 4.788424708076437, 52.177476767972827 ], [ 4.788288893799126, 52.17744350127056 ], [ 4.788153079724963, 52.177410234412122 ], [ 4.788040572933734, 52.177382676379565 ] ] ] } },
{ "type": "Feature", "properties": { "reference_id": 85 }, "geometry": { "type": "Polygon", "coordinates": [ [ [ 4.787955017828985, 52.177475828067024 ], [ 4.787927479066813, 52.177469143052576 ], [ 4.787874876121259, 52.1775093583949 ], [ 4.787926141748314, 52.177521971608812 ], [ 4.788061873108334, 52.177555366331454 ], [ 4.78819760467216, 52.177588760898139 ], [ 4.788333336439787, 52.177622155308789 ], [ 4.788469068411216, 52.177655549563397 ], [ 4.788604800586447, 52.177688943662041 ], [ 4.788740532965482, 52.177722337604663 ], [ 4.788876265548316, 52.177755731391272 ], [ 4.789011998334951, 52.17778912502186 ], [ 4.789147731325386, 52.177822518496448 ], [ 4.78928346451962, 52.177855911815044 ], [ 4.789419197917653, 52.177889304977626 ], [ 4.789554931519484, 52.177922697984165 ], [ 4.78969066532511, 52.177956090834691 ], [ 4.789826399334538, 52.177989483529224 ], [ 4.789962133547758, 52.178022876067729 ], [ 4.790097867964777, 52.178056268450248 ], [ 4.790233602585589, 52.178089660676719 ], [ 4.790369337410196, 52.178123052747189 ], [ 4.790505072438599, 52.178156444661646 ], [ 4.790566582985898, 52.178171576986827 ], [ 4.790600255157989, 52.178117917435593 ], [ 4.790538683670857, 52.178102973569779 ], [ 4.790402699441723, 52.17806996732098 ], [ 4.790266715414406, 52.178036960915641 ], [ 4.790130731588907, 52.178003954353706 ], [ 4.789994747965231, 52.177970947635181 ], [ 4.789858764543376, 52.177937940760067 ], [ 4.789722781323344, 52.177904933728342 ], [ 4.789586798305132, 52.177871926540043 ], [ 4.789450815488745, 52.177838919195153 ], [ 4.789314832874181, 52.177805911693717 ], [ 4.789178850461442, 52.177772904035649 ], [ 4.789042868250529, 52.177739896221055 ], [ 4.788906886241441, 52.177706888249816 ], [ 4.78877090443418, 52.177673880122029 ], [ 4.788634922828745, 52.177640871837632 ], [ 4.788498941425134, 52.177607863396702 ], [ 4.788362960223354, 52.177574854799197 ], [ 4.788226979223402, 52.177541846045045 ], [ 4.788090998425277, 52.177508837134333 ], [ 4.787955017828985, 52.177475828067024 ] ] ] } },
{ "type": "Feature", "properties": { "reference_id": 86 }, "geometry": { "type": "Polygon", "coordinates": [ [ [ 4.787926141748314, 52.177521971608812 ], [ 4.787874876121259, 52.1775093583949 ], [ 4.787846958112742, 52.177530704742807 ], [ 4.787755349100135, 52.177600749585913 ], [ 4.787663739799607, 52.177670794356594 ], [ 4.787572130211159, 52.17774083905487 ], [ 4.787480520334787, 52.177810883680721 ], [ 4.78757335947579, 52.177833775180957 ], [ 4.787709050882532, 52.177867232661455 ], [ 4.7878447424934, 52.177900689986025 ], [ 4.787980434308396, 52.177934147154673 ], [ 4.788116126327516, 52.177967604167407 ], [ 4.788251818550763, 52.178001061024247 ], [ 4.788387510978136, 52.178034517725123 ], [ 4.788523203609631, 52.178067974270128 ], [ 4.78865889644525, 52.178101430659176 ], [ 4.788794589484993, 52.178134886892316 ], [ 4.788930282728858, 52.178168342969563 ], [ 4.789065976176848, 52.178201798890882 ], [ 4.789201669828956, 52.178235254656286 ], [ 4.789337363685187, 52.178268710265762 ], [ 4.789473057745536, 52.178302165719295 ], [ 4.789608752010009, 52.178335621016942 ], [ 4.789744446478599, 52.178369076158631 ], [ 4.789880141151309, 52.178402531144457 ], [ 4.790015836028136, 52.178435985974311 ], [ 4.790151531109081, 52.178469440648229 ], [ 4.790287226394143, 52.178502895166247 ], [ 4.790339940131283, 52.178419062639094 ], [ 4.790392653669697, 52.178335230086859 ], [ 4.790445367009388, 52.178251397509555 ], [ 4.790498080150356, 52.178167564907199 ], [ 4.790505072438599, 52.178156444661646 ], [ 4.790369337410196, 52.178123052747189 ], [ 4.790233602585589, 52.178089660676719 ], [ 4.790097867964777, 52.178056268450248 ], [ 4.789962133547758, 52.178022876067729 ], [ 4.789826399334538, 52.177989483529224 ], [ 4.78969066532511, 52.177956090834691 ], [ 4.789554931519484, 52.177922697984165 ], [ 4.789419197917653, 52.177889304977626 ], [ 4.78928346451962, 52.177855911815044 ], [ 4.789147731325386, 52.177822518496448 ], [ 4.789011998334951, 52.17778912502186 ], [ 4.788876265548316, 52.177755731391272 ], [ 4.788740532965482, 52.177722337604663 ], [ 4.788604800586447, 52.177688943662041 ], [ 4.788469068411216, 52.177655549563397 ], [ 4.788333336439787, 52.177622155308789 ], [ 4.78819760467216, 52.177588760898139 ], [ 4.788061873108334, 52.177555366331454 ], [ 4.787926141748314, 52.177521971608812 ] ] ] } },
{ "type": "Feature", "properties": { "reference_id": 87 }, "geometry": { "type": "Polygon", "coordinates": [ [ [ 4.790362907585933, 52.176638067277786 ], [ 4.790262534674842, 52.176612571817664 ], [ 4.790207360366681, 52.176695803282456 ], [ 4.790152185852059, 52.176779034719935 ], [ 4.790097011130975, 52.176862266130087 ], [ 4.790041836203431, 52.176945497512939 ], [ 4.789986661069422, 52.177028728868486 ], [ 4.789979179411717, 52.17704001487774 ], [ 4.79009230412644, 52.177068210724812 ], [ 4.790227788998145, 52.177101979554891 ], [ 4.79036327407555, 52.177135748229524 ], [ 4.790498759358651, 52.177169516748698 ], [ 4.790634244847451, 52.177203285112469 ], [ 4.790769730541949, 52.177237053320759 ], [ 4.79090521644214, 52.177270821373611 ], [ 4.791040702548027, 52.177304589271039 ], [ 4.791093412792542, 52.177220756230554 ], [ 4.791146122838352, 52.177136923164973 ], [ 4.791198832685456, 52.177053090074381 ], [ 4.791251542333857, 52.176969256958706 ], [ 4.791304251783558, 52.176885423817971 ], [ 4.791308726626942, 52.176878306669046 ], [ 4.79117360899567, 52.176843987219804 ], [ 4.79103849157287, 52.176809667616006 ], [ 4.790903374358539, 52.176775347857564 ], [ 4.790768257352678, 52.176741027944502 ], [ 4.790633140555292, 52.176706707876889 ], [ 4.790498023966374, 52.176672387654641 ], [ 4.790362907585933, 52.176638067277786 ] ] ] } },
{ "type": "Feature", "properties": { "reference_id": 88 }, "geometry": { "type": "Polygon", "coordinates": [ [ [ 4.791101116625708, 52.177319643880246 ], [ 4.791088523162457, 52.177339715844056 ], [ 4.791035910342247, 52.17742357204299 ], [ 4.790983297323641, 52.177507428216913 ], [ 4.790930684106638, 52.177591284365867 ], [ 4.790917147243243, 52.177587890380948 ], [ 4.790896098875065, 52.177621435507618 ], [ 4.790909635747019, 52.17762482949491 ], [ 4.790862280596762, 52.177700297051658 ], [ 4.790970939886885, 52.177727496765314 ], [ 4.791106343851665, 52.17776139104901 ], [ 4.791241748022786, 52.17779528517746 ], [ 4.791377152400243, 52.177829179150649 ], [ 4.791512556984042, 52.177863072968606 ], [ 4.791647961774177, 52.177896966631266 ], [ 4.791783366770649, 52.177930860138673 ], [ 4.791918771973458, 52.177964753490812 ], [ 4.792054177382602, 52.177998646687712 ], [ 4.792189582998082, 52.178032539729358 ], [ 4.792324988819898, 52.178066432615715 ], [ 4.792460394848046, 52.178100325346811 ], [ 4.792595801082531, 52.178134217922647 ], [ 4.792731207523348, 52.178168110343222 ], [ 4.792866614170497, 52.178202002608572 ], [ 4.79300202102398, 52.178235894718611 ], [ 4.793060243453692, 52.17815345126526 ], [ 4.793118465667644, 52.178071007781703 ], [ 4.793176687665833, 52.177988564267942 ], [ 4.793234909448266, 52.177906120723918 ], [ 4.793267758077667, 52.177859606070143 ], [ 4.793132268186414, 52.177825841341246 ], [ 4.792996778500846, 52.177792076456882 ], [ 4.792861289020959, 52.177758311417058 ], [ 4.792725799746758, 52.177724546221789 ], [ 4.792590310678243, 52.177690780871039 ], [ 4.792454821815412, 52.177657015364865 ], [ 4.792319333158267, 52.17762324970321 ], [ 4.792183844706809, 52.177589483886145 ], [ 4.792048356461039, 52.177555717913613 ], [ 4.79191286842096, 52.177521951785629 ], [ 4.791777380586565, 52.17748818550217 ], [ 4.791641892957858, 52.177454419063267 ], [ 4.791506405534847, 52.177420652468932 ], [ 4.791370918317522, 52.177386885719145 ], [ 4.791235431305886, 52.17735311881389 ], [ 4.791101116625708, 52.177319643880246 ] ] ] } },
{ "type": "Feature", "properties": { "reference_id": 89 }, "geometry": { "type": "Polygon", "coordinates": [ [ [ 4.793692543259962, 52.17748374257183 ], [ 4.793557421732093, 52.177449426175926 ], [ 4.793500641242886, 52.177529831171178 ], [ 4.79344242077521, 52.177612274941232 ], [ 4.793384200091785, 52.177694718681103 ], [ 4.793325979192604, 52.177777162390775 ], [ 4.793267758077667, 52.177859606070143 ], [ 4.793335858239763, 52.177876577011332 ], [ 4.793471348290063, 52.177910341734176 ], [ 4.79360683854605, 52.177944106301524 ], [ 4.793742329007718, 52.177977870713413 ], [ 4.793877819675068, 52.178011634969899 ], [ 4.7940133105481, 52.178045399070882 ], [ 4.794148801626816, 52.178079163016442 ], [ 4.794284292911208, 52.178112926806527 ], [ 4.794419784401284, 52.178146690441153 ], [ 4.794555276097038, 52.178180453920319 ], [ 4.79469076799847, 52.178214217244047 ], [ 4.794826260105579, 52.178247980412252 ], [ 4.794961752418371, 52.178281743425046 ], [ 4.795097244936835, 52.178315506282374 ], [ 4.79523273766098, 52.178349268984206 ], [ 4.7953682305908, 52.178383031530622 ], [ 4.795503723726295, 52.178416793921571 ], [ 4.795639217067465, 52.178450556157067 ], [ 4.795774710614308, 52.178484318237047 ], [ 4.795910204366826, 52.178518080161609 ], [ 4.796045698325019, 52.17855184193067 ], [ 4.796181192488884, 52.178585603544285 ], [ 4.796316686858421, 52.17861936500244 ], [ 4.79645218143363, 52.1786531263051 ], [ 4.796587676214511, 52.178686887452351 ], [ 4.796723171201062, 52.178720648444084 ], [ 4.796858666393284, 52.178754409280366 ], [ 4.796994161791175, 52.178788169961173 ], [ 4.797129657394735, 52.178821930486535 ], [ 4.797265153203965, 52.178855690856416 ], [ 4.797400649218859, 52.178889451070823 ], [ 4.797453325871353, 52.178805609608276 ], [ 4.797506002325247, 52.178721768120674 ], [ 4.797558678580538, 52.178637926608054 ], [ 4.797611354637227, 52.178554085070417 ], [ 4.797652092380852, 52.178489244845053 ], [ 4.797611158245541, 52.178478850793844 ], [ 4.797476030672582, 52.178444538881934 ], [ 4.797340903308069, 52.17841022681543 ], [ 4.797205776152, 52.178375914594284 ], [ 4.797070649204378, 52.178341602218488 ], [ 4.796935522465199, 52.178307289688107 ], [ 4.796800395934467, 52.178272977003083 ], [ 4.796665269612181, 52.178238664163416 ], [ 4.796530143498344, 52.178204351169164 ], [ 4.796395017592952, 52.178170038020248 ], [ 4.796259891896009, 52.178135724716704 ], [ 4.796124766407516, 52.178101411258559 ], [ 4.795989641127472, 52.178067097645773 ], [ 4.795854516055877, 52.178032783878393 ], [ 4.795719391192732, 52.177998469956364 ], [ 4.79558426653804, 52.177964155879764 ], [ 4.795449142091797, 52.177929841648478 ], [ 4.795314017854007, 52.177895527262621 ], [ 4.795178893824669, 52.177861212722142 ], [ 4.795043770003784, 52.177826898026993 ], [ 4.794908646391353, 52.177792583177272 ], [ 4.794773522987375, 52.17775826817288 ], [ 4.794638399791853, 52.177723953013917 ], [ 4.794503276804782, 52.177689637700311 ], [ 4.794368154026174, 52.177655322232113 ], [ 4.794233031456016, 52.177621006609279 ], [ 4.794097909094316, 52.177586690831859 ], [ 4.793962786941072, 52.177552374899804 ], [ 4.793827664996288, 52.177518058813135 ], [ 4.793692543259962, 52.17748374257183 ] ] ] } },
{ "type": "Feature", "properties": { "reference_id": 90 }, "geometry": { "type": "Polygon", "coordinates": [ [ [ 4.792324988819898, 52.178066432615715 ], [ 4.792189582998082, 52.178032539729358 ], [ 4.792054177382602, 52.177998646687712 ], [ 4.791918771973458, 52.177964753490812 ], [ 4.791783366770649, 52.177930860138673 ], [ 4.791647961774177, 52.177896966631266 ], [ 4.791512556984042, 52.177863072968606 ], [ 4.791377152400243, 52.177829179150649 ], [ 4.791241748022786, 52.17779528517746 ], [ 4.791106343851665, 52.17776139104901 ], [ 4.790970939886885, 52.177727496765314 ], [ 4.790862280596762, 52.177700297051658 ], [ 4.790810709391652, 52.177782492741649 ], [ 4.790758096130839, 52.177866348952612 ], [ 4.790705482671624, 52.177950205138615 ], [ 4.790652869014007, 52.178034061299577 ], [ 4.790600255157989, 52.178117917435593 ], [ 4.790681926851002, 52.1781377405431 ], [ 4.79081791166587, 52.178170746203577 ], [ 4.790953896682552, 52.17820375170745 ], [ 4.791089881901053, 52.178236757054762 ], [ 4.791225867321367, 52.178269762245435 ], [ 4.791361852943497, 52.178302767279561 ], [ 4.791497838767443, 52.178335772157091 ], [ 4.791633824793197, 52.178368776877988 ], [ 4.791769811020768, 52.178401781442346 ], [ 4.791905797450151, 52.178434785850058 ], [ 4.792041784081345, 52.178467790101209 ], [ 4.792177770914352, 52.178500794195749 ], [ 4.79231375794917, 52.178533798133714 ], [ 4.792449745185796, 52.178566801915139 ], [ 4.792585732624232, 52.178599805539832 ], [ 4.792721720264479, 52.178632809008029 ], [ 4.792779942407308, 52.17855036534646 ], [ 4.792838164334376, 52.178467921654629 ], [ 4.792896386045675, 52.178385477932586 ], [ 4.792954607541217, 52.178303034180296 ], [ 4.79300202102398, 52.178235894718611 ], [ 4.792866614170497, 52.178202002608572 ], [ 4.792731207523348, 52.178168110343222 ], [ 4.792595801082531, 52.178134217922647 ], [ 4.792460394848046, 52.178100325346811 ], [ 4.792324988819898, 52.178066432615715 ] ] ] } },
{ "type": "Feature", "properties": { "reference_id": 91 }, "geometry": { "type": "Polygon", "coordinates": [ [ [ 4.791633824793197, 52.178368776877988 ], [ 4.791497838767443, 52.178335772157091 ], [ 4.791361852943497, 52.178302767279561 ], [ 4.791225867321367, 52.178269762245435 ], [ 4.791089881901053, 52.178236757054762 ], [ 4.790953896682552, 52.17820375170745 ], [ 4.79081791166587, 52.178170746203577 ], [ 4.790681926851002, 52.1781377405431 ], [ 4.790600255157989, 52.178117917435593 ], [ 4.790566582985898, 52.178171576986827 ], [ 4.790644194647368, 52.178190669877161 ], [ 4.790779930147137, 52.178224061385542 ], [ 4.7909156658507, 52.178257452737867 ], [ 4.791051401758051, 52.178290843934199 ], [ 4.791187137869194, 52.178324234974504 ], [ 4.791322874184128, 52.17835762585878 ], [ 4.791458610702851, 52.178391016587071 ], [ 4.791594347425364, 52.178424407159326 ], [ 4.791730084351664, 52.178457797575568 ], [ 4.791865821481753, 52.178491187835775 ], [ 4.792001558815631, 52.17852457793996 ], [ 4.792137296353292, 52.178557967888139 ], [ 4.792273034094744, 52.17859135768029 ], [ 4.79240877203998, 52.178624747316398 ], [ 4.792544510189, 52.178658136796535 ], [ 4.792680248541804, 52.178691526120602 ], [ 4.792815987133356, 52.178724915234937 ], [ 4.792951725928689, 52.178758304193259 ], [ 4.793087464927807, 52.17879169299556 ], [ 4.793223204130705, 52.178825081641833 ], [ 4.793358943537388, 52.178858470132091 ], [ 4.793494683147848, 52.178891858466287 ], [ 4.793630422962093, 52.178925246644475 ], [ 4.793766162980112, 52.17895863466665 ], [ 4.793901903201912, 52.178992022532803 ], [ 4.794037643627493, 52.179025410242879 ], [ 4.794173384256852, 52.179058797796976 ], [ 4.794309125089985, 52.179092185195039 ], [ 4.794444866126899, 52.179125572437094 ], [ 4.794580607367588, 52.179158959523079 ], [ 4.794716348812052, 52.179192346453021 ], [ 4.794852090460295, 52.179225733226957 ], [ 4.794987832312308, 52.179259119844851 ], [ 4.795123574368099, 52.179292506306759 ], [ 4.795259316627661, 52.179325892612596 ], [ 4.795395059090998, 52.179359278762405 ], [ 4.795530801758105, 52.179392664756186 ], [ 4.795666544628985, 52.17942605059396 ], [ 4.795802287703639, 52.179459436275657 ], [ 4.79593803098206, 52.17949282180134 ], [ 4.796073774464253, 52.17952620717098 ], [ 4.796209518150214, 52.179559592384585 ], [ 4.796345262039947, 52.179592977442191 ], [ 4.796481006133448, 52.179626362343683 ], [ 4.796616750430715, 52.179659747089211 ], [ 4.796752494931751, 52.179693131678675 ], [ 4.796876511413557, 52.179723631734596 ], [ 4.796921526939762, 52.17965199702428 ], [ 4.796785533404679, 52.179618997866967 ], [ 4.796649540071387, 52.179585998553108 ], [ 4.796513546939893, 52.17955299908261 ], [ 4.796377554010191, 52.179519999455508 ], [ 4.796241561282286, 52.179486999671788 ], [ 4.796105568756177, 52.179453999731514 ], [ 4.795969576431864, 52.179420999634537 ], [ 4.795833584309348, 52.179387999381049 ], [ 4.795697592388629, 52.179354998970894 ], [ 4.795561600669709, 52.179321998404149 ], [ 4.795425609152589, 52.1792889976808 ], [ 4.795289617837268, 52.179255996800876 ], [ 4.795153626723748, 52.179222995764292 ], [ 4.795017635812026, 52.179189994571146 ], [ 4.794881645102108, 52.179156993221369 ], [ 4.794745654593991, 52.179123991715031 ], [ 4.794609664287676, 52.179090990052067 ], [ 4.794473674183163, 52.179057988232465 ], [ 4.794337684280455, 52.179024986256337 ], [ 4.794201694579551, 52.178991984123535 ], [ 4.794065705080451, 52.17895898183415 ], [ 4.793929715783158, 52.178925979388211 ], [ 4.793793726687672, 52.178892976785633 ], [ 4.793657737793989, 52.178859974026487 ], [ 4.793521749102116, 52.178826971110716 ], [ 4.793385760612049, 52.178793968038349 ], [ 4.793249772323791, 52.178760964809385 ], [ 4.793113784237342, 52.178727961423824 ], [ 4.792977796352701, 52.178694957881646 ], [ 4.792841808669872, 52.178661954182921 ], [ 4.792721720264479, 52.178632809008029 ], [ 4.792585732624232, 52.178599805539832 ], [ 4.792449745185796, 52.178566801915139 ], [ 4.79231375794917, 52.178533798133714 ], [ 4.792177770914352, 52.178500794195749 ], [ 4.792041784081345, 52.178467790101209 ], [ 4.791905797450151, 52.178434785850058 ], [ 4.791769811020768, 52.178401781442346 ], [ 4.791633824793197, 52.178368776877988 ] ] ] } },
{ "type": "Feature", "properties": { "reference_id": 92 }, "geometry": { "type": "Polygon", "coordinates": [ [ [ 4.793335858239763, 52.177876577011332 ], [ 4.793267758077667, 52.177859606070143 ], [ 4.793234909448266, 52.177906120723918 ], [ 4.793176687665833, 52.177988564267942 ], [ 4.793118465667644, 52.178071007781703 ], [ 4.793060243453692, 52.17815345126526 ], [ 4.79300202102398, 52.178235894718611 ], [ 4.793095487887307, 52.178259289374139 ], [ 4.793230894944744, 52.178293181440438 ], [ 4.793366302208511, 52.178327073351383 ], [ 4.793501709678611, 52.178360965107132 ], [ 4.793637117355042, 52.178394856707577 ], [ 4.793772525237803, 52.178428748152761 ], [ 4.793907933326893, 52.178462639442714 ], [ 4.794043341622314, 52.178496530577341 ], [ 4.794178750124062, 52.178530421556758 ], [ 4.794314158832141, 52.178564312380843 ], [ 4.794449567746543, 52.178598203049688 ], [ 4.794584976867275, 52.178632093563287 ], [ 4.794720386194334, 52.17866598392159 ], [ 4.794855795727718, 52.178699874124618 ], [ 4.794991205467425, 52.178733764172406 ], [ 4.795126615413461, 52.178767654064906 ], [ 4.795262025565819, 52.17880154380213 ], [ 4.795397435924503, 52.178835433384052 ], [ 4.795532846489508, 52.178869322810762 ], [ 4.795668257260835, 52.178903212082183 ], [ 4.795803668238485, 52.178937101198287 ], [ 4.795939079422459, 52.178970990159165 ], [ 4.796074490812751, 52.179004878964747 ], [ 4.796209902409365, 52.179038767615054 ], [ 4.7963453142123, 52.179072656110073 ], [ 4.796480726221552, 52.179106544449816 ], [ 4.796616138437125, 52.179140432634327 ], [ 4.796751550859017, 52.17917432066352 ], [ 4.796886963487224, 52.17920820853746 ], [ 4.797022376321749, 52.179242096256104 ], [ 4.797157789362593, 52.179275983819466 ], [ 4.797210467475223, 52.17919214260165 ], [ 4.797263145389241, 52.179108301358752 ], [ 4.797315823104653, 52.179024460090858 ], [ 4.797368500621459, 52.178940618797874 ], [ 4.797400649218859, 52.178889451070823 ], [ 4.797265153203965, 52.178855690856416 ], [ 4.797129657394735, 52.178821930486535 ], [ 4.796994161791175, 52.178788169961173 ], [ 4.796858666393284, 52.178754409280366 ], [ 4.796723171201062, 52.178720648444084 ], [ 4.796587676214511, 52.178686887452351 ], [ 4.79645218143363, 52.1786531263051 ], [ 4.796316686858421, 52.17861936500244 ], [ 4.796181192488884, 52.178585603544285 ], [ 4.796045698325019, 52.17855184193067 ], [ 4.795910204366826, 52.178518080161609 ], [ 4.795774710614308, 52.178484318237047 ], [ 4.795639217067465, 52.178450556157067 ], [ 4.795503723726295, 52.178416793921571 ], [ 4.7953682305908, 52.178383031530622 ], [ 4.79523273766098, 52.178349268984206 ], [ 4.795097244936835, 52.178315506282374 ], [ 4.794961752418371, 52.178281743425046 ], [ 4.794826260105579, 52.178247980412252 ], [ 4.79469076799847, 52.178214217244047 ], [ 4.794555276097038, 52.178180453920319 ], [ 4.794419784401284, 52.178146690441153 ], [ 4.794284292911208, 52.178112926806527 ], [ 4.794148801626816, 52.178079163016442 ], [ 4.7940133105481, 52.178045399070882 ], [ 4.793877819675068, 52.178011634969899 ], [ 4.793742329007718, 52.177977870713413 ], [ 4.79360683854605, 52.177944106301524 ], [ 4.793471348290063, 52.177910341734176 ], [ 4.793335858239763, 52.177876577011332 ] ] ] } },
{ "type": "Feature", "properties": { "reference_id": 93 }, "geometry": { "type": "Polygon", "coordinates": [ [ [ 4.793095487887307, 52.178259289374139 ], [ 4.79300202102398, 52.178235894718611 ], [ 4.792954607541217, 52.178303034180296 ], [ 4.792896386045675, 52.178385477932586 ], [ 4.792838164334376, 52.178467921654629 ], [ 4.792779942407308, 52.17855036534646 ], [ 4.792721720264479, 52.178632809008029 ], [ 4.792841808669872, 52.178661954182921 ], [ 4.792977796352701, 52.178694957881646 ], [ 4.793113784237342, 52.178727961423824 ], [ 4.793249772323791, 52.178760964809385 ], [ 4.793385760612049, 52.178793968038349 ], [ 4.793521749102116, 52.178826971110716 ], [ 4.793657737793989, 52.178859974026487 ], [ 4.793793726687672, 52.178892976785633 ], [ 4.793929715783158, 52.178925979388211 ], [ 4.794065705080451, 52.17895898183415 ], [ 4.794201694579551, 52.178991984123535 ], [ 4.794337684280455, 52.179024986256337 ], [ 4.794473674183163, 52.179057988232465 ], [ 4.794609664287676, 52.179090990052067 ], [ 4.794745654593991, 52.179123991715031 ], [ 4.794881645102108, 52.179156993221369 ], [ 4.795017635812026, 52.179189994571146 ], [ 4.795153626723748, 52.179222995764292 ], [ 4.795289617837268, 52.179255996800876 ], [ 4.795425609152589, 52.1792889976808 ], [ 4.795561600669709, 52.179321998404149 ], [ 4.795697592388629, 52.179354998970894 ], [ 4.795833584309348, 52.179387999381049 ], [ 4.795969576431864, 52.179420999634537 ], [ 4.796105568756177, 52.179453999731514 ], [ 4.796241561282286, 52.179486999671788 ], [ 4.796377554010191, 52.179519999455508 ], [ 4.796513546939893, 52.17955299908261 ], [ 4.796649540071387, 52.179585998553108 ], [ 4.796785533404679, 52.179618997866967 ], [ 4.796921526939762, 52.17965199702428 ], [ 4.796974207429517, 52.179568156271657 ], [ 4.79702688772065, 52.179484315494022 ], [ 4.797079567813165, 52.179400474691313 ], [ 4.797132247707061, 52.179316633863579 ], [ 4.797157789362593, 52.179275983819466 ], [ 4.797022376321749, 52.179242096256104 ], [ 4.796886963487224, 52.17920820853746 ], [ 4.796751550859017, 52.17917432066352 ], [ 4.796616138437125, 52.179140432634327 ], [ 4.796480726221552, 52.179106544449816 ], [ 4.7963453142123, 52.179072656110073 ], [ 4.796209902409365, 52.179038767615054 ], [ 4.796074490812751, 52.179004878964747 ], [ 4.795939079422459, 52.178970990159165 ], [ 4.795803668238485, 52.178937101198287 ], [ 4.795668257260835, 52.178903212082183 ], [ 4.795532846489508, 52.178869322810762 ], [ 4.795397435924503, 52.178835433384052 ], [ 4.795262025565819, 52.17880154380213 ], [ 4.795126615413461, 52.178767654064906 ], [ 4.794991205467425, 52.178733764172406 ], [ 4.794855795727718, 52.178699874124618 ], [ 4.794720386194334, 52.17866598392159 ], [ 4.794584976867275, 52.178632093563287 ], [ 4.794449567746543, 52.178598203049688 ], [ 4.794314158832141, 52.178564312380843 ], [ 4.794178750124062, 52.178530421556758 ], [ 4.794043341622314, 52.178496530577341 ], [ 4.793907933326893, 52.178462639442714 ], [ 4.793772525237803, 52.178428748152761 ], [ 4.793637117355042, 52.178394856707577 ], [ 4.793501709678611, 52.178360965107132 ], [ 4.793366302208511, 52.178327073351383 ], [ 4.793230894944744, 52.178293181440438 ], [ 4.793095487887307, 52.178259289374139 ] ] ] } },
{ "type": "Feature", "properties": { "reference_id": 94 }, "geometry": { "type": "Polygon", "coordinates": [ [ [ 4.792273034094744, 52.17859135768029 ], [ 4.792137296353292, 52.178557967888139 ], [ 4.792001558815631, 52.17852457793996 ], [ 4.791865821481753, 52.178491187835775 ], [ 4.791730084351664, 52.178457797575568 ], [ 4.791594347425364, 52.178424407159326 ], [ 4.791458610702851, 52.178391016587071 ], [ 4.791322874184128, 52.17835762585878 ], [ 4.791187137869194, 52.178324234974504 ], [ 4.791051401758051, 52.178290843934199 ], [ 4.7909156658507, 52.178257452737867 ], [ 4.790779930147137, 52.178224061385542 ], [ 4.790644194647368, 52.178190669877161 ], [ 4.790566582985898, 52.178171576986827 ], [ 4.790559585080784, 52.178182730418882 ], [ 4.790506971705619, 52.178266586708048 ], [ 4.79045435813205, 52.17835044297221 ], [ 4.790401744360075, 52.178434299211432 ], [ 4.790349130389695, 52.178518155425635 ], [ 4.790403395751742, 52.178531534018695 ], [ 4.790539091380355, 52.178564988301417 ], [ 4.790674787213089, 52.178598442428211 ], [ 4.790810483249936, 52.178631896399089 ], [ 4.790946179490897, 52.17866535021404 ], [ 4.791081875935973, 52.178698803873068 ], [ 4.791217572585163, 52.178732257376197 ], [ 4.791353269438465, 52.178765710723368 ], [ 4.791488966495877, 52.178799163914597 ], [ 4.791624663757407, 52.178832616949904 ], [ 4.791760361223045, 52.178866069829297 ], [ 4.791896058892791, 52.178899522552761 ], [ 4.792031756766651, 52.178932975120283 ], [ 4.79216745484462, 52.178966427531883 ], [ 4.792303153126695, 52.178999879787568 ], [ 4.792438851612883, 52.179033331887311 ], [ 4.792497076567187, 52.178950888843197 ], [ 4.792555301305716, 52.178868445768913 ], [ 4.792613525828469, 52.178786002664317 ], [ 4.792671750135449, 52.178703559529509 ], [ 4.792680248541804, 52.178691526120602 ], [ 4.792544510189, 52.178658136796535 ], [ 4.79240877203998, 52.178624747316398 ], [ 4.792273034094744, 52.17859135768029 ] ] ] } },
{ "type": "Feature", "properties": { "reference_id": 95 }, "geometry": { "type": "Polygon", "coordinates": [ [ [ 4.791624663757407, 52.178832616949904 ], [ 4.791488966495877, 52.178799163914597 ], [ 4.791353269438465, 52.178765710723368 ], [ 4.791217572585163, 52.178732257376197 ], [ 4.791081875935973, 52.178698803873068 ], [ 4.790946179490897, 52.17866535021404 ], [ 4.790810483249936, 52.178631896399089 ], [ 4.790674787213089, 52.178598442428211 ], [ 4.790539091380355, 52.178564988301417 ], [ 4.790403395751742, 52.178531534018695 ], [ 4.790349130389695, 52.178518155425635 ], [ 4.790348269402069, 52.178519527578466 ], [ 4.790295652310249, 52.178603383074922 ], [ 4.790243035020009, 52.178687238546402 ], [ 4.790190417531352, 52.178771093992871 ], [ 4.790137799844272, 52.178854949414365 ], [ 4.790178496898188, 52.178864982943296 ], [ 4.790314193263234, 52.17889843764867 ], [ 4.790449889832402, 52.178931892198079 ], [ 4.790585586605692, 52.178965346591553 ], [ 4.790721283583103, 52.178998800829149 ], [ 4.790856980764634, 52.179032254910794 ], [ 4.790992678150282, 52.17906570883649 ], [ 4.791128375740052, 52.179099162606313 ], [ 4.791264073533936, 52.179132616220159 ], [ 4.791399771531943, 52.179166069678104 ], [ 4.791535469734063, 52.179199522980113 ], [ 4.791671168140303, 52.179232976126201 ], [ 4.791806866750656, 52.179266429116375 ], [ 4.791942565565125, 52.179299881950556 ], [ 4.792078264583711, 52.179333334628872 ], [ 4.792213963806407, 52.179366787151217 ], [ 4.792349663233221, 52.179400239517641 ], [ 4.792485362864146, 52.179433691728136 ], [ 4.792621062699185, 52.179467143782709 ], [ 4.79268040116192, 52.179385001174865 ], [ 4.792739739405568, 52.179302858535692 ], [ 4.792799077430129, 52.179220715865199 ], [ 4.792858415235606, 52.179138573163343 ], [ 4.792859526801942, 52.179137034393065 ], [ 4.792723827659667, 52.179103582812473 ], [ 4.792588128721499, 52.179070131076003 ], [ 4.792452429987438, 52.179036679183575 ], [ 4.792438851612883, 52.179033331887311 ], [ 4.792303153126695, 52.178999879787568 ], [ 4.79216745484462, 52.178966427531883 ], [ 4.792031756766651, 52.178932975120283 ], [ 4.791896058892791, 52.178899522552761 ], [ 4.791760361223045, 52.178866069829297 ], [ 4.791624663757407, 52.178832616949904 ] ] ] } },
{ "type": "Feature", "properties": { "reference_id": 96 }, "geometry": { "type": "Polygon", "coordinates": [ [ [ 4.793087464927807, 52.17879169299556 ], [ 4.792951725928689, 52.178758304193259 ], [ 4.792815987133356, 52.178724915234937 ], [ 4.792680248541804, 52.178691526120602 ], [ 4.792671750135449, 52.178703559529509 ], [ 4.792613525828469, 52.178786002664317 ], [ 4.792555301305716, 52.178868445768913 ], [ 4.792497076567187, 52.178950888843197 ], [ 4.792438851612883, 52.179033331887311 ], [ 4.792452429987438, 52.179036679183575 ], [ 4.792588128721499, 52.179070131076003 ], [ 4.792723827659667, 52.179103582812473 ], [ 4.792859526801942, 52.179137034393065 ], [ 4.792995226083995, 52.179170485916259 ], [ 4.793130925570157, 52.179203937283582 ], [ 4.793266625260424, 52.179237388494968 ], [ 4.793402325154796, 52.179270839550384 ], [ 4.793538025253271, 52.17930429044992 ], [ 4.793673725555851, 52.179337741193471 ], [ 4.793809426062534, 52.179371191781101 ], [ 4.793945126773319, 52.179404642212816 ], [ 4.794080827688208, 52.179438092488596 ], [ 4.794216528807194, 52.179471542608425 ], [ 4.794352230130284, 52.179504992572298 ], [ 4.794487931657475, 52.179538442380242 ], [ 4.794623633388763, 52.179571892032286 ], [ 4.794759335324152, 52.179605341528337 ], [ 4.79489503746364, 52.179638790868509 ], [ 4.795030739807225, 52.179672240052689 ], [ 4.795166442354907, 52.179705689080969 ], [ 4.795302145106686, 52.179739137953284 ], [ 4.795437848062563, 52.17977258666965 ], [ 4.795573551222534, 52.179806035230094 ], [ 4.795709254586606, 52.179839483634616 ], [ 4.795844958154764, 52.179872931883139 ], [ 4.79598066192702, 52.179906379975769 ], [ 4.796116365903371, 52.179939827912428 ], [ 4.796252070083813, 52.179973275693158 ], [ 4.796387774468349, 52.180006723317959 ], [ 4.796523479056975, 52.180040170786796 ], [ 4.796656957060621, 52.180073069262143 ], [ 4.796709635570974, 52.179989227928395 ], [ 4.796762313882709, 52.179905386569644 ], [ 4.796814991995829, 52.179821545185831 ], [ 4.796867669910334, 52.179737703777 ], [ 4.796876511413557, 52.179723631734596 ], [ 4.796752494931751, 52.179693131678675 ], [ 4.796616750430715, 52.179659747089211 ], [ 4.796481006133448, 52.179626362343683 ], [ 4.796345262039947, 52.179592977442191 ], [ 4.796209518150214, 52.179559592384585 ], [ 4.796073774464253, 52.17952620717098 ], [ 4.79593803098206, 52.17949282180134 ], [ 4.795802287703639, 52.179459436275657 ], [ 4.795666544628985, 52.17942605059396 ], [ 4.795530801758105, 52.179392664756186 ], [ 4.795395059090998, 52.179359278762405 ], [ 4.795259316627661, 52.179325892612596 ], [ 4.795123574368099, 52.179292506306759 ], [ 4.794987832312308, 52.179259119844851 ], [ 4.794852090460295, 52.179225733226957 ], [ 4.794716348812052, 52.179192346453021 ], [ 4.794580607367588, 52.179158959523079 ], [ 4.794444866126899, 52.179125572437094 ], [ 4.794309125089985, 52.179092185195039 ], [ 4.794173384256852, 52.179058797796976 ], [ 4.794037643627493, 52.179025410242879 ], [ 4.793901903201912, 52.178992022532803 ], [ 4.793766162980112, 52.17895863466665 ], [ 4.793630422962093, 52.178925246644475 ], [ 4.793494683147848, 52.178891858466287 ], [ 4.793358943537388, 52.178858470132091 ], [ 4.793223204130705, 52.178825081641833 ], [ 4.793087464927807, 52.17879169299556 ] ] ] } },
{ "type": "Feature", "properties": { "reference_id": 97 }, "geometry": { "type": "Polygon", "coordinates": [ [ [ 4.790505072438599, 52.178156444661646 ], [ 4.790498080150356, 52.178167564907199 ], [ 4.790445367009388, 52.178251397509555 ], [ 4.790392653669697, 52.178335230086859 ], [ 4.790339940131283, 52.178419062639094 ], [ 4.790287226394143, 52.178502895166247 ], [ 4.790286367870506, 52.178504260438011 ], [ 4.790233651712539, 52.178588092412383 ], [ 4.790180935355833, 52.178671924361673 ], [ 4.790128218800392, 52.178755756285909 ], [ 4.790075502046218, 52.178839588185085 ], [ 4.790026658857866, 52.178917264021131 ], [ 4.789973944148628, 52.179001096448921 ], [ 4.789921229240658, 52.179084928851651 ], [ 4.789934781342199, 52.179088305049518 ], [ 4.789913194861446, 52.17912262025115 ], [ 4.789899642751132, 52.179119244050803 ], [ 4.789850568356205, 52.17919729106714 ], [ 4.789844618535545, 52.179206753085147 ], [ 4.789791903645556, 52.179290585546539 ], [ 4.789739188556831, 52.179374417982821 ], [ 4.789686473269369, 52.179458250393999 ], [ 4.789633757783172, 52.179542082780173 ], [ 4.789613563319281, 52.179574196275937 ], [ 4.789560845748873, 52.179658028197444 ], [ 4.789508127979718, 52.179741860093863 ], [ 4.789455410011819, 52.179825691965192 ], [ 4.789402691845167, 52.179909523811467 ], [ 4.789360880791478, 52.179976011884342 ], [ 4.789308162847711, 52.180059843823287 ], [ 4.789255444705189, 52.180143675737177 ], [ 4.789202726363917, 52.180227507625993 ], [ 4.789187854683917, 52.180251155366172 ], [ 4.789135134317029, 52.180334986802009 ], [ 4.789082413751385, 52.180418818212743 ], [ 4.789029692986977, 52.180502649598431 ], [ 4.788976972023806, 52.180586480959036 ], [ 4.789040947062865, 52.180602309649053 ], [ 4.789055799954793, 52.180578658870267 ], [ 4.789108456271341, 52.180494812158791 ], [ 4.789161112389333, 52.18041096542234 ], [ 4.789213768308772, 52.180327118660848 ], [ 4.789266424029656, 52.180243271874325 ], [ 4.789308190521273, 52.180176764417084 ], [ 4.789360845896274, 52.180092917588105 ], [ 4.789413501072723, 52.180009070734144 ], [ 4.789466156050628, 52.179925223855122 ], [ 4.789466174596246, 52.179925194322536 ], [ 4.789518828156781, 52.179841347129305 ], [ 4.789571481518774, 52.179757499911034 ], [ 4.789591622139564, 52.179725402315455 ], [ 4.789644239795925, 52.179641546657614 ], [ 4.789696857253861, 52.179557690974775 ], [ 4.789702878441178, 52.179548095209448 ], [ 4.789755496325669, 52.179464239652361 ], [ 4.789808114011734, 52.179380384070278 ], [ 4.789860731499373, 52.179296528463226 ], [ 4.789913348788591, 52.179212672831206 ], [ 4.789962201267005, 52.17913481341661 ], [ 4.789948649149258, 52.179131437221905 ], [ 4.789970177248287, 52.179097112730403 ], [ 4.789983729357255, 52.179100488922643 ], [ 4.790036346992048, 52.179016633424148 ], [ 4.790088964428421, 52.178932777900648 ], [ 4.790137799844272, 52.178854949414365 ], [ 4.790190417531352, 52.178771093992871 ], [ 4.790243035020009, 52.178687238546402 ], [ 4.790295652310249, 52.178603383074922 ], [ 4.790348269402069, 52.178519527578466 ], [ 4.790349130389695, 52.178518155425635 ], [ 4.790401744360075, 52.178434299211432 ], [ 4.79045435813205, 52.17835044297221 ], [ 4.790506971705619, 52.178266586708048 ], [ 4.790559585080784, 52.178182730418882 ], [ 4.790566582985898, 52.178171576986827 ], [ 4.790505072438599, 52.178156444661646 ] ] ] } },
{ "type": "Feature", "properties": { "reference_id": 98 }, "geometry": { "type": "Polygon", "coordinates": [ [ [ 4.790015836028136, 52.178435985974311 ], [ 4.789880141151309, 52.178402531144457 ], [ 4.789744446478599, 52.178369076158631 ], [ 4.789608752010009, 52.178335621016942 ], [ 4.789473057745536, 52.178302165719295 ], [ 4.789337363685187, 52.178268710265762 ], [ 4.789201669828956, 52.178235254656286 ], [ 4.789065976176848, 52.178201798890882 ], [ 4.788930282728858, 52.178168342969563 ], [ 4.788794589484993, 52.178134886892316 ], [ 4.78865889644525, 52.178101430659176 ], [ 4.788523203609631, 52.178067974270128 ], [ 4.788387510978136, 52.178034517725123 ], [ 4.788251818550763, 52.178001061024247 ], [ 4.788116126327516, 52.177967604167407 ], [ 4.787980434308396, 52.177934147154673 ], [ 4.7878447424934, 52.177900689986025 ], [ 4.787709050882532, 52.177867232661455 ], [ 4.78757335947579, 52.177833775180957 ], [ 4.787480520334787, 52.177810883680721 ], [ 4.787405249953403, 52.177868434751531 ], [ 4.787313639350306, 52.177938479145524 ], [ 4.787222028459282, 52.178008523467057 ], [ 4.787130417280332, 52.178078567716227 ], [ 4.787097351733999, 52.178105301009879 ], [ 4.787225926589439, 52.178137004237975 ], [ 4.787361618617514, 52.178170462175594 ], [ 4.787497310849721, 52.178203919957276 ], [ 4.787633003286063, 52.178237377583059 ], [ 4.787768695926535, 52.178270835052956 ], [ 4.787904388771142, 52.178304292366882 ], [ 4.788040081819877, 52.178337749524914 ], [ 4.788175775072743, 52.178371206527054 ], [ 4.788311468529738, 52.178404663373236 ], [ 4.788447162190861, 52.178438120063518 ], [ 4.788582856056115, 52.178471576597886 ], [ 4.788718550125495, 52.178505032976318 ], [ 4.788854244399005, 52.178538489198857 ], [ 4.788989938876638, 52.178571945265432 ], [ 4.789125633558401, 52.178605401176128 ], [ 4.789261328444287, 52.178638856930888 ], [ 4.789397023534301, 52.178672312529741 ], [ 4.789532718828437, 52.178705767972637 ], [ 4.789668414326695, 52.178739223259626 ], [ 4.789804110029081, 52.178772678390708 ], [ 4.789939805935589, 52.178806133365839 ], [ 4.790075502046218, 52.178839588185085 ], [ 4.790128218800392, 52.178755756285909 ], [ 4.790180935355833, 52.178671924361673 ], [ 4.790233651712539, 52.178588092412383 ], [ 4.790286367870506, 52.178504260438011 ], [ 4.790287226394143, 52.178502895166247 ], [ 4.790151531109081, 52.178469440648229 ], [ 4.790015836028136, 52.178435985974311 ] ] ] } },
{ "type": "Feature", "properties": { "reference_id": 99 }, "geometry": { "type": "Polygon", "coordinates": [ [ [ 4.790856980764634, 52.179032254910794 ], [ 4.790721283583103, 52.178998800829149 ], [ 4.790585586605692, 52.178965346591553 ], [ 4.790449889832402, 52.178931892198079 ], [ 4.790314193263234, 52.17889843764867 ], [ 4.790178496898188, 52.178864982943296 ], [ 4.790137799844272, 52.178854949414365 ], [ 4.790088964428421, 52.178932777900648 ], [ 4.790036346992048, 52.179016633424148 ], [ 4.789983729357255, 52.179100488922643 ], [ 4.789970177248287, 52.179097112730403 ], [ 4.789948649149258, 52.179131437221905 ], [ 4.789962201267005, 52.17913481341661 ], [ 4.789913348788591, 52.179212672831206 ], [ 4.789978235593428, 52.179228565713572 ], [ 4.79011405542259, 52.179261832241394 ], [ 4.790249875454919, 52.179295098612961 ], [ 4.79038569569041, 52.179328364828393 ], [ 4.790521516129066, 52.179361630887534 ], [ 4.790657336770886, 52.179394896790484 ], [ 4.790793157615869, 52.179428162537242 ], [ 4.790928978664013, 52.179461428127773 ], [ 4.791064799915321, 52.179494693562134 ], [ 4.791200621369789, 52.179527958840247 ], [ 4.791336443027421, 52.179561223962189 ], [ 4.791472264888209, 52.179594488927833 ], [ 4.791608086952158, 52.179627753737371 ], [ 4.791743909219267, 52.179661018390632 ], [ 4.791879731689532, 52.179694282887667 ], [ 4.792015554362957, 52.179727547228524 ], [ 4.79215137723954, 52.179760811413161 ], [ 4.792287200319277, 52.179794075441585 ], [ 4.792423023602172, 52.179827339313796 ], [ 4.792558847088221, 52.179860603029766 ], [ 4.792694670777427, 52.179893866589531 ], [ 4.792830494669788, 52.179927129993118 ], [ 4.7929663187653, 52.179960393240449 ], [ 4.793102143063966, 52.179993656331554 ], [ 4.793237967565785, 52.180026919266432 ], [ 4.793373792270759, 52.180060182045132 ], [ 4.793509617178882, 52.180093444667598 ], [ 4.793645442290155, 52.180126707133859 ], [ 4.793781267604581, 52.180159969443885 ], [ 4.793917093122155, 52.180193231597706 ], [ 4.794052918842879, 52.180226493595306 ], [ 4.794188744766752, 52.180259755436666 ], [ 4.794324570893774, 52.18029301712177 ], [ 4.794460397223943, 52.180326278650718 ], [ 4.794596223757257, 52.180359540023424 ], [ 4.79473205049372, 52.18039280123989 ], [ 4.794867877433329, 52.180426062300143 ], [ 4.79500370457608, 52.180459323204197 ], [ 4.79513953192198, 52.180492583951967 ], [ 4.795275359471021, 52.18052584454356 ], [ 4.795411187223209, 52.180559104978933 ], [ 4.795547015178538, 52.180592365258043 ], [ 4.795682843337007, 52.180625625380983 ], [ 4.795818671698623, 52.180658885347633 ], [ 4.795954500263377, 52.180692145158105 ], [ 4.796090329031272, 52.180725404812286 ], [ 4.796226158002308, 52.180758664310318 ], [ 4.796278841581457, 52.180674823999233 ], [ 4.796331524961968, 52.180590983663123 ], [ 4.796384208143843, 52.180507143301988 ], [ 4.796436891127084, 52.180423302915798 ], [ 4.796445375241772, 52.180409801153225 ], [ 4.796309669485287, 52.180376353753118 ], [ 4.796173963932898, 52.180342906197076 ], [ 4.796038258584604, 52.180309458485141 ], [ 4.795902553440409, 52.180276010617241 ], [ 4.795766848500309, 52.180242562593349 ], [ 4.795631143764306, 52.180209114413557 ], [ 4.795495439232403, 52.18017566607783 ], [ 4.795359734904599, 52.180142217586102 ], [ 4.795224030780895, 52.18010876893851 ], [ 4.795088326861292, 52.180075320134939 ], [ 4.794952623145786, 52.180041871175384 ], [ 4.794816919634381, 52.180008422059963 ], [ 4.794681216327081, 52.179974972788571 ], [ 4.794545513223882, 52.179941523361222 ], [ 4.794409810324785, 52.179908073777945 ], [ 4.794274107629793, 52.179874624038717 ], [ 4.794138405138904, 52.179841174143576 ], [ 4.794002702852118, 52.179807724092448 ], [ 4.793867000769438, 52.179774273885435 ], [ 4.793731298890864, 52.179740823522444 ], [ 4.793595597216397, 52.179707373003559 ], [ 4.793459895746037, 52.179673922328703 ], [ 4.793324194479783, 52.17964047149794 ], [ 4.793188493417636, 52.179607020511206 ], [ 4.793052792559599, 52.179573569368578 ], [ 4.792917091905669, 52.179540118069944 ], [ 4.792781391455851, 52.179506666615445 ], [ 4.792645691210141, 52.179473215004975 ], [ 4.792621062699185, 52.179467143782709 ], [ 4.792485362864146, 52.179433691728136 ], [ 4.792349663233221, 52.179400239517641 ], [ 4.792213963806407, 52.179366787151217 ], [ 4.792078264583711, 52.179333334628872 ], [ 4.791942565565125, 52.179299881950556 ], [ 4.791806866750656, 52.179266429116375 ], [ 4.791671168140303, 52.179232976126201 ], [ 4.791535469734063, 52.179199522980113 ], [ 4.791399771531943, 52.179166069678104 ], [ 4.791264073533936, 52.179132616220159 ], [ 4.791128375740052, 52.179099162606313 ], [ 4.790992678150282, 52.17906570883649 ], [ 4.790856980764634, 52.179032254910794 ] ] ] } },
{ "type": "Feature", "properties": { "reference_id": 100 }, "geometry": { "type": "Polygon", "coordinates": [ [ [ 4.78854369679989, 52.178877182751506 ], [ 4.788407879446141, 52.178843914222739 ], [ 4.788272062295569, 52.178810645537759 ], [ 4.788136245348168, 52.178777376696615 ], [ 4.788000428603944, 52.178744107699245 ], [ 4.787995582156167, 52.178750210844889 ], [ 4.787931445063717, 52.178830978692723 ], [ 4.787867307738498, 52.178911746504198 ], [ 4.787803170180506, 52.178992514279358 ], [ 4.78773903238974, 52.17907328201813 ], [ 4.787874661111503, 52.17910684117372 ], [ 4.788010290037926, 52.179140400173516 ], [ 4.788145919169004, 52.179173959017596 ], [ 4.788281548504739, 52.179207517705848 ], [ 4.78841717804513, 52.17924107623837 ], [ 4.788552807790174, 52.179274634615091 ], [ 4.788688437739877, 52.179308192836061 ], [ 4.788824067894232, 52.179341750901237 ], [ 4.788959698253241, 52.179375308810648 ], [ 4.789095328816903, 52.179408866564309 ], [ 4.789230959585221, 52.179442424162175 ], [ 4.789366590558186, 52.17947598160427 ], [ 4.789502221735806, 52.179509538890642 ], [ 4.789633757783172, 52.179542082780173 ], [ 4.789686473269369, 52.179458250393999 ], [ 4.789739188556831, 52.179374417982821 ], [ 4.789791903645556, 52.179290585546539 ], [ 4.789844618535545, 52.179206753085147 ], [ 4.789850568356205, 52.17919729106714 ], [ 4.789766062126323, 52.179176592481163 ], [ 4.789630242944041, 52.17914332535824 ], [ 4.789494423964928, 52.179110058079111 ], [ 4.789358605188982, 52.179076790643776 ], [ 4.789222786616208, 52.179043523052236 ], [ 4.789086968246601, 52.179010255304497 ], [ 4.788951150080167, 52.178976987400553 ], [ 4.788815332116901, 52.178943719340403 ], [ 4.788679514356809, 52.178910451124054 ], [ 4.78854369679989, 52.178877182751506 ] ] ] } },
{ "type": "Feature", "properties": { "reference_id": 101 }, "geometry": { "type": "Polygon", "coordinates": [ [ [ 4.787649695753603, 52.179185775833076 ], [ 4.787585554691548, 52.179266542670298 ], [ 4.787521413396705, 52.179347309471112 ], [ 4.78745727186908, 52.179428076235681 ], [ 4.787503914530216, 52.179439619739426 ], [ 4.787639540150784, 52.179473185328469 ], [ 4.787775165976049, 52.179506750761753 ], [ 4.787910792006004, 52.179540316039258 ], [ 4.788046418240656, 52.179573881160977 ], [ 4.788182044679998, 52.179607446126965 ], [ 4.788317671324033, 52.179641010937189 ], [ 4.788453298172759, 52.179674575591648 ], [ 4.788588925226178, 52.179708140090348 ], [ 4.788724552484286, 52.179741704433262 ], [ 4.788860179947085, 52.179775268620453 ], [ 4.788995807614573, 52.179808832651844 ], [ 4.789131435486749, 52.179842396527498 ], [ 4.789267063563614, 52.179875960247337 ], [ 4.789402691845167, 52.179909523811467 ], [ 4.789455410011819, 52.179825691965192 ], [ 4.789508127979718, 52.179741860093863 ], [ 4.789560845748873, 52.179658028197444 ], [ 4.789613563319281, 52.179574196275937 ], [ 4.789633757783172, 52.179542082780173 ], [ 4.789502221735806, 52.179509538890642 ], [ 4.789366590558186, 52.17947598160427 ], [ 4.789230959585221, 52.179442424162175 ], [ 4.789095328816903, 52.179408866564309 ], [ 4.788959698253241, 52.179375308810648 ], [ 4.788824067894232, 52.179341750901237 ], [ 4.788688437739877, 52.179308192836061 ], [ 4.788552807790174, 52.179274634615091 ], [ 4.78841717804513, 52.17924107623837 ], [ 4.788281548504739, 52.179207517705848 ], [ 4.788145919169004, 52.179173959017596 ], [ 4.788010290037926, 52.179140400173516 ], [ 4.787874661111503, 52.17910684117372 ], [ 4.78773903238974, 52.17907328201813 ], [ 4.787713836582872, 52.179105008959496 ], [ 4.787649695753603, 52.179185775833076 ] ] ] } },
{ "type": "Feature", "properties": { "reference_id": 102 }, "geometry": { "type": "Polygon", "coordinates": [ [ [ 4.798883863536554, 52.176773388304987 ], [ 4.79881609912833, 52.176756287346954 ], [ 4.798805551350549, 52.176773076664411 ], [ 4.798752878192483, 52.176856918420647 ], [ 4.798700204835832, 52.176940760151815 ], [ 4.798647531280606, 52.177024601858022 ], [ 4.798594857526798, 52.177108443539126 ], [ 4.798730102919635, 52.177142573514431 ], [ 4.798865348519985, 52.177176703334808 ], [ 4.799000594327848, 52.177210833000252 ], [ 4.799135840343227, 52.177244962510841 ], [ 4.799271086566119, 52.177279091866545 ], [ 4.799406332996521, 52.177313221067323 ], [ 4.799541579634433, 52.177347350113138 ], [ 4.799676826479859, 52.17738147900414 ], [ 4.799812073532797, 52.177415607740173 ], [ 4.799947320793243, 52.177449736321357 ], [ 4.800082568261199, 52.177483864747593 ], [ 4.800217815936666, 52.177517993018938 ], [ 4.80035306381964, 52.177552121135385 ], [ 4.80048831191012, 52.177586249096933 ], [ 4.800623560208111, 52.177620376903548 ], [ 4.800758808713607, 52.17765450455525 ], [ 4.800894057426611, 52.177688632052096 ], [ 4.801029306347119, 52.177722759394001 ], [ 4.801164555475134, 52.177756886580951 ], [ 4.801299804810653, 52.17779101361306 ], [ 4.801435054353677, 52.177825140490192 ], [ 4.801570304104202, 52.177859267212469 ], [ 4.801705554062234, 52.177893393779833 ], [ 4.801840804227767, 52.177927520192277 ], [ 4.801976054600802, 52.177961646449802 ], [ 4.802111305181339, 52.177995772552457 ], [ 4.802246555969377, 52.178029898500085 ], [ 4.802381806964917, 52.178064024292929 ], [ 4.802517058167957, 52.178098149930783 ], [ 4.802652309578495, 52.178132275413759 ], [ 4.802787561196532, 52.178166400741823 ], [ 4.802922813022067, 52.178200525914932 ], [ 4.803058065055102, 52.178234650933192 ], [ 4.803193317295633, 52.178268775796433 ], [ 4.803328569743662, 52.17830290050486 ], [ 4.803463822399186, 52.178337025058312 ], [ 4.803599075262206, 52.178371149456865 ], [ 4.803734328332722, 52.17840527370052 ], [ 4.803869581610734, 52.178439397789219 ], [ 4.804004835096237, 52.178473521723035 ], [ 4.804140088789235, 52.178507645501931 ], [ 4.804275342689728, 52.178541769125871 ], [ 4.804410596797712, 52.1785758925949 ], [ 4.8045443879302, 52.178609646763682 ], [ 4.804554829593865, 52.178592781376324 ], [ 4.804606835124134, 52.178508781778085 ], [ 4.804658840457959, 52.178424782155346 ], [ 4.804710845595343, 52.17834078250818 ], [ 4.804762850536283, 52.178256782836577 ], [ 4.80467251248033, 52.178233991761246 ], [ 4.804537258968623, 52.17819986894817 ], [ 4.804402005664403, 52.178165745980216 ], [ 4.804266752567666, 52.178131622857315 ], [ 4.804131499678419, 52.178097499579508 ], [ 4.803996246996658, 52.178063376146788 ], [ 4.803860994522384, 52.178029252559135 ], [ 4.803725742255597, 52.17799512881659 ], [ 4.803590490196299, 52.177961004919119 ], [ 4.80345523834449, 52.177926880866707 ], [ 4.803319986700171, 52.177892756659404 ], [ 4.803184735263344, 52.177858632297202 ], [ 4.803049484034006, 52.177824507780066 ], [ 4.802914233012162, 52.177790383107997 ], [ 4.802778982197806, 52.177756258281001 ], [ 4.802643731590946, 52.177722133299156 ], [ 4.802508481191574, 52.177688008162313 ], [ 4.802373230999699, 52.177653882870622 ], [ 4.802237980651168, 52.17761975796946 ], [ 4.802102730510129, 52.177585632913406 ], [ 4.801967480576581, 52.177551507702432 ], [ 4.801832230850525, 52.177517382336546 ], [ 4.801696981331966, 52.177483256815712 ], [ 4.801588790498259, 52.177455958465487 ], [ 4.801453542178885, 52.177421831429065 ], [ 4.801318294067011, 52.177387704237731 ], [ 4.801183046162637, 52.177353576891484 ], [ 4.801047798465768, 52.177319449390332 ], [ 4.800912550976401, 52.177285321734281 ], [ 4.800777303694534, 52.17725119392329 ], [ 4.800642056620172, 52.177217065957443 ], [ 4.800506809753315, 52.177182937836683 ], [ 4.800371563093965, 52.177148809561032 ], [ 4.800236316642117, 52.177114681130398 ], [ 4.800101070397774, 52.177080552544936 ], [ 4.79996582436094, 52.177046423804534 ], [ 4.799830578531612, 52.177012294909254 ], [ 4.799695332909791, 52.176978165859055 ], [ 4.799560087495478, 52.176944036653964 ], [ 4.799424842288675, 52.176909907293947 ], [ 4.799289597289381, 52.176875777779081 ], [ 4.799154352497596, 52.176841648109274 ], [ 4.79901910791332, 52.176807518284569 ], [ 4.798883863536554, 52.176773388304987 ] ] ] } },
{ "type": "Feature", "properties": { "reference_id": 103 }, "geometry": { "type": "Polygon", "coordinates": [ [ [ 4.799135840343227, 52.177244962510841 ], [ 4.799000594327848, 52.177210833000252 ], [ 4.798865348519985, 52.177176703334808 ], [ 4.798730102919635, 52.177142573514431 ], [ 4.798594857526798, 52.177108443539126 ], [ 4.798589635673806, 52.17711675546235 ], [ 4.798536962983416, 52.177200597420324 ], [ 4.798484290094447, 52.177284439353215 ], [ 4.798431617006898, 52.17736828126111 ], [ 4.798378943720764, 52.177452123144 ], [ 4.79838016068904, 52.17745243031262 ], [ 4.798515403256149, 52.17748656607791 ], [ 4.798650646030801, 52.177520701688302 ], [ 4.798785889013002, 52.17755483714383 ], [ 4.79892113220275, 52.177588972444461 ], [ 4.799056375600043, 52.177623107590179 ], [ 4.799191619204881, 52.177657242581013 ], [ 4.799326863017265, 52.177691377416963 ], [ 4.799462107037191, 52.177725512097986 ], [ 4.799597351264661, 52.177759646624153 ], [ 4.799732595699678, 52.177793780995387 ], [ 4.799867840342234, 52.177827915211729 ], [ 4.800003085192333, 52.177862049273195 ], [ 4.800138330249975, 52.177896183179755 ], [ 4.800273575515156, 52.177930316931395 ], [ 4.800408820987879, 52.177964450528151 ], [ 4.80054406666814, 52.177998583970009 ], [ 4.800679312555943, 52.178032717256968 ], [ 4.800814558651282, 52.178066850388987 ], [ 4.800949804954159, 52.17810098336615 ], [ 4.801085051464577, 52.178135116188379 ], [ 4.801220298182532, 52.17816924885576 ], [ 4.801355545108024, 52.178203381368178 ], [ 4.801490792241049, 52.178237513725755 ], [ 4.801626039581611, 52.178271645928383 ], [ 4.801761287129709, 52.178305777976092 ], [ 4.801896534885342, 52.178339909868924 ], [ 4.80203178284851, 52.178374041606851 ], [ 4.802167031019209, 52.178408173189901 ], [ 4.802302279397445, 52.178442304617974 ], [ 4.802437527983209, 52.178476435891191 ], [ 4.802572776776509, 52.178510567009475 ], [ 4.802708025777338, 52.17854469797286 ], [ 4.802843274985699, 52.178578828781355 ], [ 4.80297852440159, 52.178612959434929 ], [ 4.803113774025011, 52.178647089933563 ], [ 4.803249023855962, 52.178681220277319 ], [ 4.803384273894443, 52.178715350466163 ], [ 4.803519524140448, 52.178749480500109 ], [ 4.803654774593985, 52.178783610379149 ], [ 4.803790025255045, 52.178817740103248 ], [ 4.803925276123636, 52.178851869672464 ], [ 4.80406052719975, 52.178885999086702 ], [ 4.804195778483392, 52.178920128346114 ], [ 4.804331029974559, 52.178954257450535 ], [ 4.804336362466199, 52.17894564460719 ], [ 4.804388369126874, 52.178861645182948 ], [ 4.804440375591097, 52.178777645734293 ], [ 4.804492381858872, 52.178693646261209 ], [ 4.8045443879302, 52.178609646763682 ], [ 4.804410596797712, 52.1785758925949 ], [ 4.804275342689728, 52.178541769125871 ], [ 4.804140088789235, 52.178507645501931 ], [ 4.804004835096237, 52.178473521723035 ], [ 4.803869581610734, 52.178439397789219 ], [ 4.803734328332722, 52.17840527370052 ], [ 4.803599075262206, 52.178371149456865 ], [ 4.803463822399186, 52.178337025058312 ], [ 4.803328569743662, 52.17830290050486 ], [ 4.803193317295633, 52.178268775796433 ], [ 4.803058065055102, 52.178234650933192 ], [ 4.802922813022067, 52.178200525914932 ], [ 4.802787561196532, 52.178166400741823 ], [ 4.802652309578495, 52.178132275413759 ], [ 4.802517058167957, 52.178098149930783 ], [ 4.802381806964917, 52.178064024292929 ], [ 4.802246555969377, 52.178029898500085 ], [ 4.802111305181339, 52.177995772552457 ], [ 4.801976054600802, 52.177961646449802 ], [ 4.801840804227767, 52.177927520192277 ], [ 4.801705554062234, 52.177893393779833 ], [ 4.801570304104202, 52.177859267212469 ], [ 4.801435054353677, 52.177825140490192 ], [ 4.801299804810653, 52.17779101361306 ], [ 4.801164555475134, 52.177756886580951 ], [ 4.801029306347119, 52.177722759394001 ], [ 4.800894057426611, 52.177688632052096 ], [ 4.800758808713607, 52.17765450455525 ], [ 4.800623560208111, 52.177620376903548 ], [ 4.80048831191012, 52.177586249096933 ], [ 4.80035306381964, 52.177552121135385 ], [ 4.800217815936666, 52.177517993018938 ], [ 4.800082568261199, 52.177483864747593 ], [ 4.799947320793243, 52.177449736321357 ], [ 4.799812073532797, 52.177415607740173 ], [ 4.799676826479859, 52.17738147900414 ], [ 4.799541579634433, 52.177347350113138 ], [ 4.799406332996521, 52.177313221067323 ], [ 4.799271086566119, 52.177279091866545 ], [ 4.799135840343227, 52.177244962510841 ] ] ] } },
{ "type": "Feature", "properties": { "reference_id": 104 }, "geometry": { "type": "Polygon", "coordinates": [ [ [ 4.79838016068904, 52.17745243031262 ], [ 4.798378943720764, 52.177452123144 ], [ 4.79836717354772, 52.177470857312031 ], [ 4.798314498122605, 52.177554698714083 ], [ 4.798261822498898, 52.177638540091088 ], [ 4.798209146676601, 52.177722381443054 ], [ 4.79815647065571, 52.177806222769995 ], [ 4.798291739097233, 52.177840321370695 ], [ 4.798427007746124, 52.177874419816455 ], [ 4.798562276602376, 52.177908518107294 ], [ 4.798697545665993, 52.177942616243143 ], [ 4.798832814936971, 52.177976714224052 ], [ 4.798968084415313, 52.178010812049997 ], [ 4.799103354101016, 52.178044909720974 ], [ 4.79923862399408, 52.178079007237045 ], [ 4.799373894094505, 52.178113104598111 ], [ 4.799509164402291, 52.178147201804265 ], [ 4.799644434917434, 52.178181298855421 ], [ 4.799779705639939, 52.178215395751643 ], [ 4.799914976569801, 52.178249492492924 ], [ 4.800050247707023, 52.178283589079207 ], [ 4.800185519051601, 52.178317685510564 ], [ 4.800320790603534, 52.178351781786958 ], [ 4.800456062362825, 52.178385877908362 ], [ 4.800591334329473, 52.178419973874824 ], [ 4.800726606503475, 52.178454069686367 ], [ 4.800861878884833, 52.178488165342927 ], [ 4.800997151473545, 52.178522260844488 ], [ 4.801132424269609, 52.178556356191137 ], [ 4.801267697273027, 52.178590451382796 ], [ 4.801402970483798, 52.178624546419485 ], [ 4.801538243901921, 52.178658641301233 ], [ 4.801673517527396, 52.178692736028047 ], [ 4.801808791360222, 52.178726830599835 ], [ 4.801944065400399, 52.178760925016697 ], [ 4.802079339647925, 52.178795019278596 ], [ 4.802214614102801, 52.178829113385518 ], [ 4.802349888765026, 52.178863207337471 ], [ 4.802485163634599, 52.178897301134455 ], [ 4.802620438711521, 52.178931394776484 ], [ 4.802755713995788, 52.178965488263529 ], [ 4.802890989487405, 52.178999581595633 ], [ 4.803026265186365, 52.179033674772754 ], [ 4.803161541092673, 52.179067767794898 ], [ 4.803296817206326, 52.179101860662094 ], [ 4.803432093527321, 52.179135953374313 ], [ 4.803567370055664, 52.179170045931556 ], [ 4.803702646791347, 52.179204138333823 ], [ 4.803837923734377, 52.179238230581149 ], [ 4.803973200884748, 52.179272322673484 ], [ 4.804108478242459, 52.179306414610863 ], [ 4.804112381435869, 52.179307398271433 ], [ 4.804122996592933, 52.179290253794761 ], [ 4.804175005233028, 52.179206254745374 ], [ 4.804227013676663, 52.179122255671537 ], [ 4.804279021923838, 52.179038256573243 ], [ 4.804331029974559, 52.178954257450535 ], [ 4.804195778483392, 52.178920128346114 ], [ 4.80406052719975, 52.178885999086702 ], [ 4.803925276123636, 52.178851869672464 ], [ 4.803790025255045, 52.178817740103248 ], [ 4.803654774593985, 52.178783610379149 ], [ 4.803519524140448, 52.178749480500109 ], [ 4.803384273894443, 52.178715350466163 ], [ 4.803249023855962, 52.178681220277319 ], [ 4.803113774025011, 52.178647089933563 ], [ 4.80297852440159, 52.178612959434929 ], [ 4.802843274985699, 52.178578828781355 ], [ 4.802708025777338, 52.17854469797286 ], [ 4.802572776776509, 52.178510567009475 ], [ 4.802437527983209, 52.178476435891191 ], [ 4.802302279397445, 52.178442304617974 ], [ 4.802167031019209, 52.178408173189901 ], [ 4.80203178284851, 52.178374041606851 ], [ 4.801896534885342, 52.178339909868924 ], [ 4.801761287129709, 52.178305777976092 ], [ 4.801626039581611, 52.178271645928383 ], [ 4.801490792241049, 52.178237513725755 ], [ 4.801355545108024, 52.178203381368178 ], [ 4.801220298182532, 52.17816924885576 ], [ 4.801085051464577, 52.178135116188379 ], [ 4.800949804954159, 52.17810098336615 ], [ 4.800814558651282, 52.178066850388987 ], [ 4.800679312555943, 52.178032717256968 ], [ 4.80054406666814, 52.177998583970009 ], [ 4.800408820987879, 52.177964450528151 ], [ 4.800273575515156, 52.177930316931395 ], [ 4.800138330249975, 52.177896183179755 ], [ 4.800003085192333, 52.177862049273195 ], [ 4.799867840342234, 52.177827915211729 ], [ 4.799732595699678, 52.177793780995387 ], [ 4.799597351264661, 52.177759646624153 ], [ 4.799462107037191, 52.177725512097986 ], [ 4.799326863017265, 52.177691377416963 ], [ 4.799191619204881, 52.177657242581013 ], [ 4.799056375600043, 52.177623107590179 ], [ 4.79892113220275, 52.177588972444461 ], [ 4.798785889013002, 52.17755483714383 ], [ 4.798650646030801, 52.177520701688302 ], [ 4.798515403256149, 52.17748656607791 ], [ 4.79838016068904, 52.17745243031262 ] ] ] } },
{ "type": "Feature", "properties": { "reference_id": 105 }, "geometry": { "type": "Polygon", "coordinates": [ [ [ 4.79815647065571, 52.177806222769995 ], [ 4.798151568460791, 52.177814025353477 ], [ 4.798098892606237, 52.177897866744097 ], [ 4.798046216553093, 52.177981708109684 ], [ 4.797993540301351, 52.178065549450245 ], [ 4.797940863851014, 52.178149390765739 ], [ 4.79807611045343, 52.178183523645771 ], [ 4.798211357263386, 52.17821765637084 ], [ 4.79834660428088, 52.178251788940997 ], [ 4.798481851505918, 52.178285921356292 ], [ 4.798617098938493, 52.178320053616652 ], [ 4.798752346578608, 52.178354185722149 ], [ 4.79888759442626, 52.178388317672713 ], [ 4.799022842481449, 52.1784224494684 ], [ 4.799158090744178, 52.178456581109188 ], [ 4.799293339214439, 52.178490712595043 ], [ 4.799428587892238, 52.17852484392597 ], [ 4.799563836777571, 52.178558975102035 ], [ 4.799699085870443, 52.178593106123195 ], [ 4.799834335170845, 52.178627236989406 ], [ 4.799969584678784, 52.178661367700755 ], [ 4.800104834394253, 52.178695498257156 ], [ 4.800240084317259, 52.178729628658694 ], [ 4.800375334447793, 52.178763758905298 ], [ 4.80051058478586, 52.178797888996975 ], [ 4.800645835331462, 52.178832018933761 ], [ 4.800680315037401, 52.178840719717194 ], [ 4.80081556577562, 52.178874849561133 ], [ 4.800950816721369, 52.178908979250153 ], [ 4.801086067874645, 52.178943108784296 ], [ 4.801221319235452, 52.178977238163505 ], [ 4.80135657080379, 52.179011367387822 ], [ 4.801491822579655, 52.179045496457228 ], [ 4.801627074563047, 52.179079625371706 ], [ 4.801762326753967, 52.179113754131279 ], [ 4.801897579152414, 52.179147882735961 ], [ 4.802032831758387, 52.179182011185695 ], [ 4.802168084571886, 52.179216139480516 ], [ 4.802303337592911, 52.179250267620453 ], [ 4.802438590821458, 52.179284395605428 ], [ 4.802573844257531, 52.179318523435512 ], [ 4.802709097901128, 52.179352651110705 ], [ 4.802844351752248, 52.179386778630935 ], [ 4.80297960581089, 52.17942090599626 ], [ 4.803114860077053, 52.179455033206693 ], [ 4.803250114550739, 52.179489160262186 ], [ 4.803385369231946, 52.179523287162787 ], [ 4.803520624120673, 52.179557413908412 ], [ 4.80365587921692, 52.179591540499189 ], [ 4.803791134520687, 52.179625666934996 ], [ 4.803898553576116, 52.179652769824287 ], [ 4.803904356581708, 52.179643396972963 ], [ 4.803956363089928, 52.179559397334238 ], [ 4.804008369401695, 52.179475397671098 ], [ 4.804060375517007, 52.179391397983501 ], [ 4.804112381435869, 52.179307398271433 ], [ 4.804108478242459, 52.179306414610863 ], [ 4.803973200884748, 52.179272322673484 ], [ 4.803837923734377, 52.179238230581149 ], [ 4.803702646791347, 52.179204138333823 ], [ 4.803567370055664, 52.179170045931556 ], [ 4.803432093527321, 52.179135953374313 ], [ 4.803296817206326, 52.179101860662094 ], [ 4.803161541092673, 52.179067767794898 ], [ 4.803026265186365, 52.179033674772754 ], [ 4.802890989487405, 52.178999581595633 ], [ 4.802755713995788, 52.178965488263529 ], [ 4.802620438711521, 52.178931394776484 ], [ 4.802485163634599, 52.178897301134455 ], [ 4.802349888765026, 52.178863207337471 ], [ 4.802214614102801, 52.178829113385518 ], [ 4.802079339647925, 52.178795019278596 ], [ 4.801944065400399, 52.178760925016697 ], [ 4.801808791360222, 52.178726830599835 ], [ 4.801673517527396, 52.178692736028047 ], [ 4.801538243901921, 52.178658641301233 ], [ 4.801402970483798, 52.178624546419485 ], [ 4.801267697273027, 52.178590451382796 ], [ 4.801132424269609, 52.178556356191137 ], [ 4.800997151473545, 52.178522260844488 ], [ 4.800861878884833, 52.178488165342927 ], [ 4.800726606503475, 52.178454069686367 ], [ 4.800591334329473, 52.178419973874824 ], [ 4.800456062362825, 52.178385877908362 ], [ 4.800320790603534, 52.178351781786958 ], [ 4.800185519051601, 52.178317685510564 ], [ 4.800050247707023, 52.178283589079207 ], [ 4.799914976569801, 52.178249492492924 ], [ 4.799779705639939, 52.178215395751643 ], [ 4.799644434917434, 52.178181298855421 ], [ 4.799509164402291, 52.178147201804265 ], [ 4.799373894094505, 52.178113104598111 ], [ 4.79923862399408, 52.178079007237045 ], [ 4.799103354101016, 52.178044909720974 ], [ 4.798968084415313, 52.178010812049997 ], [ 4.798832814936971, 52.177976714224052 ], [ 4.798697545665993, 52.177942616243143 ], [ 4.798562276602376, 52.177908518107294 ], [ 4.798427007746124, 52.177874419816455 ], [ 4.798291739097233, 52.177840321370695 ], [ 4.79815647065571, 52.177806222769995 ] ] ] } },
{ "type": "Feature", "properties": { "reference_id": 106 }, "geometry": { "type": "Polygon", "coordinates": [ [ [ 4.798211357263386, 52.17821765637084 ], [ 4.79807611045343, 52.178183523645771 ], [ 4.797940863851014, 52.178149390765739 ], [ 4.797927714996328, 52.178170319106442 ], [ 4.797875038972509, 52.178254160550878 ], [ 4.797822362750096, 52.178338001970317 ], [ 4.797769686329082, 52.17842184336466 ], [ 4.797717009709467, 52.178505684734006 ], [ 4.797753262871558, 52.17851486832916 ], [ 4.797888437508774, 52.178549110428357 ], [ 4.798023612354083, 52.178583352372854 ], [ 4.798158787407485, 52.178617594162652 ], [ 4.798293962668979, 52.178651835797645 ], [ 4.798429138138567, 52.178686077277945 ], [ 4.798564313816245, 52.178720318603467 ], [ 4.798699489702014, 52.178754559774276 ], [ 4.798834665795875, 52.17878880079035 ], [ 4.798969842097826, 52.17882304165169 ], [ 4.799105018607866, 52.178857282358294 ], [ 4.799240195325996, 52.178891522910135 ], [ 4.799375372252213, 52.178925763307241 ], [ 4.799510549386519, 52.178960003549612 ], [ 4.799645726728913, 52.178994243637256 ], [ 4.799780904279394, 52.179028483570129 ], [ 4.799916082037957, 52.179062723348274 ], [ 4.800051260004611, 52.179096962971691 ], [ 4.800186438179348, 52.179131202440352 ], [ 4.800321616562169, 52.17916544175425 ], [ 4.800456795153076, 52.17919968091342 ], [ 4.800471246503944, 52.179176472991699 ], [ 4.800523513933245, 52.179092534710051 ], [ 4.800575781165257, 52.179008596403762 ], [ 4.800628048199974, 52.178924658072802 ], [ 4.800680315037401, 52.178840719717194 ], [ 4.800645835331462, 52.178832018933761 ], [ 4.80051058478586, 52.178797888996975 ], [ 4.800375334447793, 52.178763758905298 ], [ 4.800240084317259, 52.178729628658694 ], [ 4.800104834394253, 52.178695498257156 ], [ 4.799969584678784, 52.178661367700755 ], [ 4.799834335170845, 52.178627236989406 ], [ 4.799699085870443, 52.178593106123195 ], [ 4.799563836777571, 52.178558975102035 ], [ 4.799428587892238, 52.17852484392597 ], [ 4.799293339214439, 52.178490712595043 ], [ 4.799158090744178, 52.178456581109188 ], [ 4.799022842481449, 52.1784224494684 ], [ 4.79888759442626, 52.178388317672713 ], [ 4.798752346578608, 52.178354185722149 ], [ 4.798617098938493, 52.178320053616652 ], [ 4.798481851505918, 52.178285921356292 ], [ 4.79834660428088, 52.178251788940997 ], [ 4.798211357263386, 52.17821765637084 ] ] ] } },
{ "type": "Feature", "properties": { "reference_id": 107 }, "geometry": { "type": "Polygon", "coordinates": [ [ [ 4.797753262871558, 52.17851486832916 ], [ 4.797717009709467, 52.178505684734006 ], [ 4.797678017730528, 52.178567747011265 ], [ 4.797625342190382, 52.1786515886754 ], [ 4.797572666451637, 52.178735430314532 ], [ 4.797519990514292, 52.17881927192861 ], [ 4.797467314378348, 52.178903113517663 ], [ 4.797602732793729, 52.178936991414318 ], [ 4.797738151415375, 52.17897086915567 ], [ 4.797873570243284, 52.179004746741725 ], [ 4.798008989277454, 52.179038624172492 ], [ 4.798144408517886, 52.17907250144799 ], [ 4.798279827964579, 52.179106378568186 ], [ 4.798415247617532, 52.179140255533085 ], [ 4.798550667476747, 52.179174132342681 ], [ 4.79868608754222, 52.179208008996973 ], [ 4.798821507813952, 52.179241885495976 ], [ 4.798956928291942, 52.179275761839698 ], [ 4.799092348976191, 52.179309638028123 ], [ 4.799227769866696, 52.17934351406123 ], [ 4.799363190963459, 52.179377389939027 ], [ 4.799498612266478, 52.17941126566155 ], [ 4.799634033775752, 52.179445141228797 ], [ 4.799769455491282, 52.179479016640698 ], [ 4.799904877413067, 52.179512891897325 ], [ 4.800040299541105, 52.179546766998641 ], [ 4.800175721875399, 52.179580641944654 ], [ 4.800213645455246, 52.179590128224802 ], [ 4.800247708653778, 52.179535430332209 ], [ 4.800299980574565, 52.179451493014511 ], [ 4.800352252298042, 52.179367555672137 ], [ 4.800404523824215, 52.179283618305121 ], [ 4.800456795153076, 52.17919968091342 ], [ 4.800321616562169, 52.17916544175425 ], [ 4.800186438179348, 52.179131202440352 ], [ 4.800051260004611, 52.179096962971691 ], [ 4.799916082037957, 52.179062723348274 ], [ 4.799780904279394, 52.179028483570129 ], [ 4.799645726728913, 52.178994243637256 ], [ 4.799510549386519, 52.178960003549612 ], [ 4.799375372252213, 52.178925763307241 ], [ 4.799240195325996, 52.178891522910135 ], [ 4.799105018607866, 52.178857282358294 ], [ 4.798969842097826, 52.17882304165169 ], [ 4.798834665795875, 52.17878880079035 ], [ 4.798699489702014, 52.178754559774276 ], [ 4.798564313816245, 52.178720318603467 ], [ 4.798429138138567, 52.178686077277945 ], [ 4.798293962668979, 52.178651835797645 ], [ 4.798158787407485, 52.178617594162652 ], [ 4.798023612354083, 52.178583352372854 ], [ 4.797888437508774, 52.178549110428357 ], [ 4.797753262871558, 52.17851486832916 ] ] ] } },
{ "type": "Feature", "properties": { "reference_id": 108 }, "geometry": { "type": "Polygon", "coordinates": [ [ [ 4.80081556577562, 52.178874849561133 ], [ 4.800680315037401, 52.178840719717194 ], [ 4.800628048199974, 52.178924658072802 ], [ 4.800575781165257, 52.179008596403762 ], [ 4.800523513933245, 52.179092534710051 ], [ 4.800471246503944, 52.179176472991699 ], [ 4.800456795153076, 52.17919968091342 ], [ 4.800565337214581, 52.179227173210428 ], [ 4.800700516173542, 52.179261412101212 ], [ 4.80083569534059, 52.17929565083724 ], [ 4.800970874715719, 52.179329889418533 ], [ 4.801106054298929, 52.179364127845069 ], [ 4.80124123409022, 52.179398366116864 ], [ 4.801376414089593, 52.179432604233909 ], [ 4.801511594297045, 52.179466842196206 ], [ 4.801646774712578, 52.179501080003782 ], [ 4.801781955336189, 52.17953531765658 ], [ 4.80191713616788, 52.179569555154622 ], [ 4.802052317207649, 52.179603792497936 ], [ 4.802187498455495, 52.17963802968648 ], [ 4.802322679911418, 52.179672266720296 ], [ 4.802457861575418, 52.179706503599341 ], [ 4.802593043447493, 52.179740740323652 ], [ 4.802728225527645, 52.179774976893185 ], [ 4.80286340781587, 52.179809213307998 ], [ 4.802998590312171, 52.179843449568033 ], [ 4.803133773016547, 52.179877685673347 ], [ 4.803268955928993, 52.179911921623855 ], [ 4.803404139049515, 52.179946157419664 ], [ 4.803539322378107, 52.179980393060703 ], [ 4.803674505914774, 52.180014628546935 ], [ 4.803690518710765, 52.179988766537427 ], [ 4.803742527721798, 52.17990476739579 ], [ 4.803794536536367, 52.179820768229739 ], [ 4.803846545154474, 52.179736769039259 ], [ 4.803898553576116, 52.179652769824287 ], [ 4.803791134520687, 52.179625666934996 ], [ 4.80365587921692, 52.179591540499189 ], [ 4.803520624120673, 52.179557413908412 ], [ 4.803385369231946, 52.179523287162787 ], [ 4.803250114550739, 52.179489160262186 ], [ 4.803114860077053, 52.179455033206693 ], [ 4.80297960581089, 52.17942090599626 ], [ 4.802844351752248, 52.179386778630935 ], [ 4.802709097901128, 52.179352651110705 ], [ 4.802573844257531, 52.179318523435512 ], [ 4.802438590821458, 52.179284395605428 ], [ 4.802303337592911, 52.179250267620453 ], [ 4.802168084571886, 52.179216139480516 ], [ 4.802032831758387, 52.179182011185695 ], [ 4.801897579152414, 52.179147882735961 ], [ 4.801762326753967, 52.179113754131279 ], [ 4.801627074563047, 52.179079625371706 ], [ 4.801491822579655, 52.179045496457228 ], [ 4.80135657080379, 52.179011367387822 ], [ 4.801221319235452, 52.178977238163505 ], [ 4.801086067874645, 52.178943108784296 ], [ 4.800950816721369, 52.178908979250153 ], [ 4.80081556577562, 52.178874849561133 ] ] ] } },
{ "type": "Feature", "properties": { "reference_id": 109 }, "geometry": { "type": "Polygon", "coordinates": [ [ [ 4.799092348976191, 52.179309638028123 ], [ 4.798956928291942, 52.179275761839698 ], [ 4.798821507813952, 52.179241885495976 ], [ 4.79868608754222, 52.179208008996973 ], [ 4.798550667476747, 52.179174132342681 ], [ 4.798415247617532, 52.179140255533085 ], [ 4.798279827964579, 52.179106378568186 ], [ 4.798144408517886, 52.17907250144799 ], [ 4.798008989277454, 52.179038624172492 ], [ 4.797873570243284, 52.179004746741725 ], [ 4.797738151415375, 52.17897086915567 ], [ 4.797602732793729, 52.178936991414318 ], [ 4.797467314378348, 52.178903113517663 ], [ 4.797436417544377, 52.178952285904977 ], [ 4.797383737201247, 52.17903612653015 ], [ 4.797331056659498, 52.179119967130234 ], [ 4.79727837591913, 52.179203807705285 ], [ 4.797225694980144, 52.179287648255332 ], [ 4.797361269041032, 52.179321291845717 ], [ 4.797496843306999, 52.179354935280422 ], [ 4.79763241777805, 52.17938857855949 ], [ 4.797767992454177, 52.179422221682955 ], [ 4.797903567335384, 52.179455864650706 ], [ 4.798039142421669, 52.179489507462854 ], [ 4.798174717713033, 52.179523150119316 ], [ 4.798310293209473, 52.179556792620147 ], [ 4.798445868910991, 52.17959043496532 ], [ 4.798581444817583, 52.179624077154863 ], [ 4.798717020929253, 52.179657719188739 ], [ 4.798852597245999, 52.179691361066944 ], [ 4.798988173767815, 52.179725002789496 ], [ 4.799123750494706, 52.179758644356433 ], [ 4.799259327426673, 52.179792285767689 ], [ 4.799394904563711, 52.179825927023302 ], [ 4.799530481905824, 52.179859568123256 ], [ 4.799666059453005, 52.179893209067544 ], [ 4.799801637205258, 52.179926849856216 ], [ 4.799937215162582, 52.179960490489186 ], [ 4.799976884121226, 52.179970333413586 ], [ 4.800004566483498, 52.179925879819962 ], [ 4.800056836522393, 52.179841941958173 ], [ 4.800109106363982, 52.179758004071694 ], [ 4.800161376008266, 52.179674066160594 ], [ 4.800213645455246, 52.179590128224802 ], [ 4.800175721875399, 52.179580641944654 ], [ 4.800040299541105, 52.179546766998641 ], [ 4.799904877413067, 52.179512891897325 ], [ 4.799769455491282, 52.179479016640698 ], [ 4.799634033775752, 52.179445141228797 ], [ 4.799498612266478, 52.17941126566155 ], [ 4.799363190963459, 52.179377389939027 ], [ 4.799227769866696, 52.17934351406123 ], [ 4.799092348976191, 52.179309638028123 ] ] ] } },
{ "type": "Feature", "properties": { "reference_id": 110 }, "geometry": { "type": "Polygon", "coordinates": [ [ [ 4.800565337214581, 52.179227173210428 ], [ 4.800456795153076, 52.17919968091342 ], [ 4.800404523824215, 52.179283618305121 ], [ 4.800352252298042, 52.179367555672137 ], [ 4.800299980574565, 52.179451493014511 ], [ 4.800247708653778, 52.179535430332209 ], [ 4.800213645455246, 52.179590128224802 ], [ 4.800349068020991, 52.179624003021189 ], [ 4.800484490792989, 52.179657877662322 ], [ 4.800619913771239, 52.179691752148152 ], [ 4.80075533695574, 52.179725626478671 ], [ 4.800890760346492, 52.179759500653901 ], [ 4.801026183943495, 52.179793374673814 ], [ 4.801161607746748, 52.179827248538395 ], [ 4.80129703175625, 52.179861122247708 ], [ 4.801432455972001, 52.179894995801696 ], [ 4.801567880393998, 52.179928869200396 ], [ 4.801703305022245, 52.179962742443792 ], [ 4.801838729856739, 52.179996615531856 ], [ 4.801974154897478, 52.180030488464645 ], [ 4.802109580144465, 52.180064361242088 ], [ 4.802245005597695, 52.180098233864278 ], [ 4.802380431257172, 52.180132106331115 ], [ 4.802515857122893, 52.180165978642677 ], [ 4.80265128319486, 52.180199850798886 ], [ 4.802786709473067, 52.180233722799805 ], [ 4.80292213595752, 52.180267594645422 ], [ 4.803057562648211, 52.18030146633572 ], [ 4.803192989545146, 52.180335337870744 ], [ 4.803328416648321, 52.180369209250394 ], [ 4.803437982544568, 52.180396612388208 ], [ 4.803466459348292, 52.180350622893158 ], [ 4.803518471284627, 52.180266624343268 ], [ 4.803570483024484, 52.18018262576895 ], [ 4.803622494567866, 52.180098627170175 ], [ 4.803674505914774, 52.180014628546935 ], [ 4.803539322378107, 52.179980393060703 ], [ 4.803404139049515, 52.179946157419664 ], [ 4.803268955928993, 52.179911921623855 ], [ 4.803133773016547, 52.179877685673347 ], [ 4.802998590312171, 52.179843449568033 ], [ 4.80286340781587, 52.179809213307998 ], [ 4.802728225527645, 52.179774976893185 ], [ 4.802593043447493, 52.179740740323652 ], [ 4.802457861575418, 52.179706503599341 ], [ 4.802322679911418, 52.179672266720296 ], [ 4.802187498455495, 52.17963802968648 ], [ 4.802052317207649, 52.179603792497936 ], [ 4.80191713616788, 52.179569555154622 ], [ 4.801781955336189, 52.17953531765658 ], [ 4.801646774712578, 52.179501080003782 ], [ 4.801511594297045, 52.179466842196206 ], [ 4.801376414089593, 52.179432604233909 ], [ 4.80124123409022, 52.179398366116864 ], [ 4.801106054298929, 52.179364127845069 ], [ 4.800970874715719, 52.179329889418533 ], [ 4.80083569534059, 52.17929565083724 ], [ 4.800700516173542, 52.179261412101212 ], [ 4.800565337214581, 52.179227173210428 ] ] ] } },
{ "type": "Feature", "properties": { "reference_id": 111 }, "geometry": { "type": "Polygon", "coordinates": [ [ [ 4.800349068020991, 52.179624003021189 ], [ 4.800213645455246, 52.179590128224802 ], [ 4.800161376008266, 52.179674066160594 ], [ 4.800109106363982, 52.179758004071694 ], [ 4.800056836522393, 52.179841941958173 ], [ 4.800004566483498, 52.179925879819962 ], [ 4.799976884121226, 52.179970333413586 ], [ 4.800112462366019, 52.180003973811274 ], [ 4.80024804081588, 52.180037614053276 ], [ 4.800383619470812, 52.180071254139627 ], [ 4.800519198330812, 52.180104894070318 ], [ 4.800654777395877, 52.180138533845401 ], [ 4.800790356666012, 52.180172173464783 ], [ 4.800925936141211, 52.180205812928513 ], [ 4.801061515821475, 52.180239452236563 ], [ 4.801197095706806, 52.180273091388969 ], [ 4.801332675797202, 52.18030673038573 ], [ 4.801468256092663, 52.180340369226812 ], [ 4.801603836593184, 52.180374007912228 ], [ 4.801739417298772, 52.180407646442006 ], [ 4.801874998209419, 52.180441284816098 ], [ 4.802010579325133, 52.180474923034531 ], [ 4.802146160645904, 52.180508561097291 ], [ 4.802281742171737, 52.180542199004428 ], [ 4.80241732390263, 52.180575836755857 ], [ 4.802552905838584, 52.180609474351655 ], [ 4.802688487979596, 52.180643111791738 ], [ 4.802824070325666, 52.180676749076198 ], [ 4.802959652876796, 52.180710386204957 ], [ 4.803095235632983, 52.180744023178093 ], [ 4.803205876283038, 52.18077147206558 ], [ 4.803229940311355, 52.180732608139927 ], [ 4.803281951164371, 52.180648609238673 ], [ 4.803333961820911, 52.180564610312977 ], [ 4.80338597228098, 52.180480611362825 ], [ 4.803437982544568, 52.180396612388208 ], [ 4.803328416648321, 52.180369209250394 ], [ 4.803192989545146, 52.180335337870744 ], [ 4.803057562648211, 52.18030146633572 ], [ 4.80292213595752, 52.180267594645422 ], [ 4.802786709473067, 52.180233722799805 ], [ 4.80265128319486, 52.180199850798886 ], [ 4.802515857122893, 52.180165978642677 ], [ 4.802380431257172, 52.180132106331115 ], [ 4.802245005597695, 52.180098233864278 ], [ 4.802109580144465, 52.180064361242088 ], [ 4.801974154897478, 52.180030488464645 ], [ 4.801838729856739, 52.179996615531856 ], [ 4.801703305022245, 52.179962742443792 ], [ 4.801567880393998, 52.179928869200396 ], [ 4.801432455972001, 52.179894995801696 ], [ 4.80129703175625, 52.179861122247708 ], [ 4.801161607746748, 52.179827248538395 ], [ 4.801026183943495, 52.179793374673814 ], [ 4.800890760346492, 52.179759500653901 ], [ 4.80075533695574, 52.179725626478671 ], [ 4.800619913771239, 52.179691752148152 ], [ 4.800484490792989, 52.179657877662322 ], [ 4.800349068020991, 52.179624003021189 ] ] ] } },
{ "type": "Feature", "properties": { "reference_id": 112 }, "geometry": { "type": "Polygon", "coordinates": [ [ [ 4.793809426062534, 52.179371191781101 ], [ 4.793673725555851, 52.179337741193471 ], [ 4.793538025253271, 52.17930429044992 ], [ 4.793402325154796, 52.179270839550384 ], [ 4.793266625260424, 52.179237388494968 ], [ 4.793130925570157, 52.179203937283582 ], [ 4.792995226083995, 52.179170485916259 ], [ 4.792859526801942, 52.179137034393065 ], [ 4.792858415235606, 52.179138573163343 ], [ 4.792799077430129, 52.179220715865199 ], [ 4.792739739405568, 52.179302858535692 ], [ 4.79268040116192, 52.179385001174865 ], [ 4.792621062699185, 52.179467143782709 ], [ 4.792645691210141, 52.179473215004975 ], [ 4.792781391455851, 52.179506666615445 ], [ 4.792917091905669, 52.179540118069944 ], [ 4.793052792559599, 52.179573569368578 ], [ 4.793188493417636, 52.179607020511206 ], [ 4.793324194479783, 52.17964047149794 ], [ 4.793459895746037, 52.179673922328703 ], [ 4.793595597216397, 52.179707373003559 ], [ 4.793731298890864, 52.179740823522444 ], [ 4.793867000769438, 52.179774273885435 ], [ 4.794002702852118, 52.179807724092448 ], [ 4.794138405138904, 52.179841174143576 ], [ 4.794274107629793, 52.179874624038717 ], [ 4.794409810324785, 52.179908073777945 ], [ 4.794545513223882, 52.179941523361222 ], [ 4.794681216327081, 52.179974972788571 ], [ 4.794816919634381, 52.180008422059963 ], [ 4.794952623145786, 52.180041871175384 ], [ 4.795088326861292, 52.180075320134939 ], [ 4.795224030780895, 52.18010876893851 ], [ 4.795359734904599, 52.180142217586102 ], [ 4.795495439232403, 52.18017566607783 ], [ 4.795631143764306, 52.180209114413557 ], [ 4.795766848500309, 52.180242562593349 ], [ 4.795902553440409, 52.180276010617241 ], [ 4.796038258584604, 52.180309458485141 ], [ 4.796173963932898, 52.180342906197076 ], [ 4.796309669485287, 52.180376353753118 ], [ 4.796445375241772, 52.180409801153225 ], [ 4.796498056065313, 52.180325960279873 ], [ 4.796550736690228, 52.180242119381504 ], [ 4.796603417116519, 52.180158278458102 ], [ 4.796656097344185, 52.180074437509639 ], [ 4.796656957060621, 52.180073069262143 ], [ 4.796523479056975, 52.180040170786796 ], [ 4.796387774468349, 52.180006723317959 ], [ 4.796252070083813, 52.179973275693158 ], [ 4.796116365903371, 52.179939827912428 ], [ 4.79598066192702, 52.179906379975769 ], [ 4.795844958154764, 52.179872931883139 ], [ 4.795709254586606, 52.179839483634616 ], [ 4.795573551222534, 52.179806035230094 ], [ 4.795437848062563, 52.17977258666965 ], [ 4.795302145106686, 52.179739137953284 ], [ 4.795166442354907, 52.179705689080969 ], [ 4.795030739807225, 52.179672240052689 ], [ 4.79489503746364, 52.179638790868509 ], [ 4.794759335324152, 52.179605341528337 ], [ 4.794623633388763, 52.179571892032286 ], [ 4.794487931657475, 52.179538442380242 ], [ 4.794352230130284, 52.179504992572298 ], [ 4.794216528807194, 52.179471542608425 ], [ 4.794080827688208, 52.179438092488596 ], [ 4.793945126773319, 52.179404642212816 ], [ 4.793809426062534, 52.179371191781101 ] ] ] } },
{ "type": "Feature", "properties": { "reference_id": 113 }, "geometry": { "type": "Polygon", "coordinates": [ [ [ 4.798174717713033, 52.179523150119316 ], [ 4.798039142421669, 52.179489507462854 ], [ 4.797903567335384, 52.179455864650706 ], [ 4.797767992454177, 52.179422221682955 ], [ 4.79763241777805, 52.17938857855949 ], [ 4.797496843306999, 52.179354935280422 ], [ 4.797361269041032, 52.179321291845717 ], [ 4.797225694980144, 52.179287648255332 ], [ 4.797190201525138, 52.179344138397738 ], [ 4.797137522919943, 52.17942797953895 ], [ 4.797084844116133, 52.179511820655165 ], [ 4.797032165113711, 52.179595661746326 ], [ 4.79697948591267, 52.179679502812441 ], [ 4.797006666318675, 52.179686128127322 ], [ 4.797001394159526, 52.179694514624394 ], [ 4.797055653021252, 52.179707737763678 ], [ 4.797061041774959, 52.179699378811456 ], [ 4.797156791006537, 52.179722707702673 ], [ 4.797292709776922, 52.179755823555098 ], [ 4.797428628749699, 52.179788939251061 ], [ 4.79756454792487, 52.179822054790606 ], [ 4.797700467302436, 52.179855170173681 ], [ 4.797836386882387, 52.179888285400338 ], [ 4.797972306664732, 52.179921400470548 ], [ 4.798108226649465, 52.179954515384281 ], [ 4.798244146836588, 52.179987630141653 ], [ 4.7983800672261, 52.180020744742535 ], [ 4.798515987817999, 52.180053859186984 ], [ 4.798651908612288, 52.180086973474978 ], [ 4.798787829608962, 52.180120087606539 ], [ 4.798923750808023, 52.18015320158166 ], [ 4.799059672209468, 52.18018631540037 ], [ 4.7991955938133, 52.180219429062596 ], [ 4.799331515619516, 52.180252542568361 ], [ 4.799467437628119, 52.180285655917721 ], [ 4.799603359839102, 52.180318769110656 ], [ 4.799739282252469, 52.180351882147065 ], [ 4.799767801961335, 52.180306084652706 ], [ 4.799820072797272, 52.180222146879927 ], [ 4.799872343435901, 52.180138209082479 ], [ 4.799924613877218, 52.180054271260367 ], [ 4.799976884121226, 52.179970333413586 ], [ 4.799937215162582, 52.179960490489186 ], [ 4.799801637205258, 52.179926849856216 ], [ 4.799666059453005, 52.179893209067544 ], [ 4.799530481905824, 52.179859568123256 ], [ 4.799394904563711, 52.179825927023302 ], [ 4.799259327426673, 52.179792285767689 ], [ 4.799123750494706, 52.179758644356433 ], [ 4.798988173767815, 52.179725002789496 ], [ 4.798852597245999, 52.179691361066944 ], [ 4.798717020929253, 52.179657719188739 ], [ 4.798581444817583, 52.179624077154863 ], [ 4.798445868910991, 52.17959043496532 ], [ 4.798310293209473, 52.179556792620147 ], [ 4.798174717713033, 52.179523150119316 ] ] ] } },
{ "type": "Feature", "properties": { "reference_id": 114 }, "geometry": { "type": "Polygon", "coordinates": [ [ [ 4.800112462366019, 52.180003973811274 ], [ 4.799976884121226, 52.179970333413586 ], [ 4.799924613877218, 52.180054271260367 ], [ 4.799872343435901, 52.180138209082479 ], [ 4.799820072797272, 52.180222146879927 ], [ 4.799767801961335, 52.180306084652706 ], [ 4.799739282252469, 52.180351882147065 ], [ 4.799851009638799, 52.180379101250999 ], [ 4.799986932050794, 52.180412214576513 ], [ 4.800122854665171, 52.180445327745595 ], [ 4.800258777481931, 52.180478440758236 ], [ 4.800394700501077, 52.180511553614458 ], [ 4.800530623722604, 52.180544666314184 ], [ 4.800666547146512, 52.180577778857462 ], [ 4.800802470772802, 52.180610891244328 ], [ 4.800938394601473, 52.180644003474718 ], [ 4.801074318632526, 52.180677115548683 ], [ 4.801210242865957, 52.180710227466164 ], [ 4.801346167301765, 52.180743339227206 ], [ 4.801482091939955, 52.180776450831829 ], [ 4.80161801678052, 52.180809562279961 ], [ 4.801753941823463, 52.180842673571675 ], [ 4.801889867068784, 52.18087578470692 ], [ 4.80202579251648, 52.180908895685697 ], [ 4.802161718166554, 52.180942006508054 ], [ 4.802297644019, 52.180975117173944 ], [ 4.802433570073822, 52.181008227683371 ], [ 4.802569496331016, 52.181041338036373 ], [ 4.802705422790584, 52.181074448232884 ], [ 4.802841349452526, 52.18110755827297 ], [ 4.80297727631684, 52.18114066815658 ], [ 4.802997833424481, 52.181107468055323 ], [ 4.80304984443384, 52.181023469094534 ], [ 4.803101855246718, 52.180939470109344 ], [ 4.803153865863117, 52.180855471099676 ], [ 4.803205876283038, 52.18077147206558 ], [ 4.803095235632983, 52.180744023178093 ], [ 4.802959652876796, 52.180710386204957 ], [ 4.802824070325666, 52.180676749076198 ], [ 4.802688487979596, 52.180643111791738 ], [ 4.802552905838584, 52.180609474351655 ], [ 4.80241732390263, 52.180575836755857 ], [ 4.802281742171737, 52.180542199004428 ], [ 4.802146160645904, 52.180508561097291 ], [ 4.802010579325133, 52.180474923034531 ], [ 4.801874998209419, 52.180441284816098 ], [ 4.801739417298772, 52.180407646442006 ], [ 4.801603836593184, 52.180374007912228 ], [ 4.801468256092663, 52.180340369226812 ], [ 4.801332675797202, 52.18030673038573 ], [ 4.801197095706806, 52.180273091388969 ], [ 4.801061515821475, 52.180239452236563 ], [ 4.800925936141211, 52.180205812928513 ], [ 4.800790356666012, 52.180172173464783 ], [ 4.800654777395877, 52.180138533845401 ], [ 4.800519198330812, 52.180104894070318 ], [ 4.800383619470812, 52.180071254139627 ], [ 4.80024804081588, 52.180037614053276 ], [ 4.800112462366019, 52.180003973811274 ] ] ] } },
{ "type": "Feature", "properties": { "reference_id": 115 }, "geometry": { "type": "Polygon", "coordinates": [ [ [ 4.814163001627376, 52.162596575391142 ], [ 4.81404802587987, 52.162574715182302 ], [ 4.814027851800536, 52.162609239400084 ], [ 4.814027537972043, 52.162609777162437 ], [ 4.814168549112201, 52.162633398529564 ], [ 4.814176513186927, 52.16263473261931 ], [ 4.814178414685991, 52.162631200536993 ], [ 4.814196652632119, 52.162597206179242 ], [ 4.814163001627376, 52.162596575391142 ] ] ] } },
{ "type": "Feature", "properties": { "reference_id": 116 }, "geometry": { "type": "Polygon", "coordinates": [ [ [ 4.815424919728556, 52.162623845608309 ], [ 4.815293558904771, 52.162591768634321 ], [ 4.815243565070129, 52.162672171786348 ], [ 4.815191365614183, 52.162756121819712 ], [ 4.815139165961281, 52.162840071828519 ], [ 4.815263558223034, 52.162883368310659 ], [ 4.81531575573892, 52.162799417787632 ], [ 4.815367953057856, 52.162715467240041 ], [ 4.815420150179841, 52.162631516667908 ], [ 4.815424919728556, 52.162623845608309 ] ] ] } },
{ "type": "Feature", "properties": { "reference_id": 117 }, "geometry": { "type": "Polygon", "coordinates": [ [ [ 4.815424919728556, 52.162623845608309 ], [ 4.815420150179841, 52.162631516667908 ], [ 4.815367953057856, 52.162715467240041 ], [ 4.81531575573892, 52.162799417787632 ], [ 4.815263558223034, 52.162883368310659 ], [ 4.815386581567026, 52.162926298502761 ], [ 4.815439217017953, 52.162842451443304 ], [ 4.81545073723001, 52.162824099965654 ], [ 4.815503378504093, 52.16274025431575 ], [ 4.815529573474929, 52.162698531521578 ], [ 4.815556309740337, 52.162655940552817 ], [ 4.815424919728556, 52.162623845608309 ] ] ] } },
{ "type": "Feature", "properties": { "reference_id": 118 }, "geometry": { "type": "Polygon", "coordinates": [ [ [ 4.813617059466241, 52.162654346941899 ], [ 4.813521564871892, 52.16263857911683 ], [ 4.813472415540105, 52.162723222583168 ], [ 4.81342326602129, 52.162807866027485 ], [ 4.813374116315444, 52.162892509449819 ], [ 4.813324966422569, 52.16297715285021 ], [ 4.813275816342661, 52.163061796228646 ], [ 4.813226666075719, 52.163146439585049 ], [ 4.813177515621743, 52.16323108291953 ], [ 4.813128364980732, 52.163315726231971 ], [ 4.813079214152684, 52.163400369522492 ], [ 4.813030063137596, 52.163485012790971 ], [ 4.812980911935472, 52.163569656037531 ], [ 4.812931760546305, 52.163654299262085 ], [ 4.812882608970098, 52.163738942464654 ], [ 4.812855753636008, 52.163785189493026 ], [ 4.812914436752869, 52.163797990094622 ], [ 4.813052180934784, 52.163828036214639 ], [ 4.813189925302773, 52.163858082173967 ], [ 4.813206957807653, 52.163828751248936 ], [ 4.813256110018323, 52.163744108164238 ], [ 4.81330526204195, 52.163659465057556 ], [ 4.813354413878533, 52.163574821928897 ], [ 4.813445308311815, 52.163594790112398 ], [ 4.813582941989706, 52.16362502606011 ], [ 4.813645152937789, 52.163638649085208 ], [ 4.813782836608557, 52.163668799067921 ], [ 4.813920520465954, 52.163698948890065 ], [ 4.813921210966756, 52.163697747994853 ], [ 4.813969933617232, 52.163613011066644 ], [ 4.814018656082086, 52.163528274116757 ], [ 4.814067378361317, 52.163443537145227 ], [ 4.814116100454933, 52.163358800152139 ], [ 4.814164822362934, 52.163274063137386 ], [ 4.814213544085316, 52.163189326100998 ], [ 4.814262265622087, 52.163104589043009 ], [ 4.814297774728815, 52.163042826458856 ], [ 4.814346492775524, 52.162958088674394 ], [ 4.814395210636632, 52.162873350868267 ], [ 4.814443928312141, 52.16278861304054 ], [ 4.814422388285356, 52.16278495818684 ], [ 4.814280981286267, 52.162762248300311 ], [ 4.814139574431739, 52.162739538244438 ], [ 4.813998167721779, 52.162716828019214 ], [ 4.813899359407787, 52.162700959074748 ], [ 4.813758209362979, 52.162677653092693 ], [ 4.813617059466241, 52.162654346941899 ] ] ] } },
{ "type": "Feature", "properties": { "reference_id": 119 }, "geometry": { "type": "Polygon", "coordinates": [ [ [ 4.814206739876274, 52.162604966959712 ], [ 4.814196652632119, 52.162597206179242 ], [ 4.814178414685991, 52.162631200536993 ], [ 4.814319832147791, 52.162653884790487 ], [ 4.814329226783764, 52.162655391742575 ], [ 4.8143448276937, 52.162628709871186 ], [ 4.814206739876274, 52.162604966959712 ] ] ] } },
{ "type": "Feature", "properties": { "reference_id": 120 }, "geometry": { "type": "Polygon", "coordinates": [ [ [ 4.814485578336971, 52.162652911825781 ], [ 4.8143448276937, 52.162628709871186 ], [ 4.814329226783764, 52.162655391742575 ], [ 4.814470641216259, 52.162678083319619 ], [ 4.814489052665913, 52.162681037634933 ], [ 4.814502325839806, 52.162655791531861 ], [ 4.814485578336971, 52.162652911825781 ] ] ] } },
{ "type": "Feature", "properties": { "reference_id": 121 }, "geometry": { "type": "Polygon", "coordinates": [ [ [ 4.815536495194154, 52.162700137972706 ], [ 4.815484281528891, 52.162784084672325 ], [ 4.81545828520151, 52.162825880229647 ], [ 4.81545073723001, 52.162824099965654 ], [ 4.815439217017953, 52.162842451443304 ], [ 4.815386581567026, 52.162926298502761 ], [ 4.815513698768953, 52.16297064917454 ], [ 4.815580189369556, 52.162993847383383 ], [ 4.815602985107433, 52.16295767280441 ], [ 4.815656315962586, 52.162873992089324 ], [ 4.815709646617173, 52.162790311348587 ], [ 4.815762977071198, 52.16270663058225 ], [ 4.815763098766471, 52.162706439629929 ], [ 4.815627267221249, 52.162673268834112 ], [ 4.815556309740337, 52.162655940552817 ], [ 4.815529573474929, 52.162698531521578 ], [ 4.815536495194154, 52.162700137972706 ] ] ] } },
{ "type": "Feature", "properties": { "reference_id": 122 }, "geometry": { "type": "Polygon", "coordinates": [ [ [ 4.816455061761309, 52.162688261895909 ], [ 4.816432848729147, 52.162689224042964 ], [ 4.816427439658291, 52.162697332119514 ], [ 4.816410899437942, 52.162722131203459 ], [ 4.81643948715484, 52.162728983596445 ], [ 4.816437818380724, 52.162731474219463 ], [ 4.816561393069793, 52.162761058509254 ], [ 4.816606744510445, 52.162771353477744 ], [ 4.816662234347394, 52.162744288935208 ], [ 4.81661204696375, 52.162733841684371 ], [ 4.816473613515006, 52.162705024565703 ], [ 4.816455061761309, 52.162688261895909 ] ] ] } },
{ "type": "Feature", "properties": { "reference_id": 123 }, "geometry": { "type": "Polygon", "coordinates": [ [ [ 4.815763098766471, 52.162706439629929 ], [ 4.815762977071198, 52.16270663058225 ], [ 4.815709646617173, 52.162790311348587 ], [ 4.815656315962586, 52.162873992089324 ], [ 4.815602985107433, 52.16295767280441 ], [ 4.815625497237606, 52.162961898401306 ], [ 4.815678798540663, 52.162878210564365 ], [ 4.815732099643249, 52.162794522701866 ], [ 4.815784926782645, 52.162711578671363 ], [ 4.815763098766471, 52.162706439629929 ] ] ] } },
{ "type": "Feature", "properties": { "reference_id": 124 }, "geometry": { "type": "Polygon", "coordinates": [ [ [ 4.815876802459921, 52.162733068594449 ], [ 4.815784926782645, 52.162711578671363 ], [ 4.815732099643249, 52.162794522701866 ], [ 4.815678798540663, 52.162878210564365 ], [ 4.815625497237606, 52.162961898401306 ], [ 4.815603362743656, 52.162996656066106 ], [ 4.815731039957605, 52.163040394356251 ], [ 4.815858717422247, 52.163084132508253 ], [ 4.815986395137587, 52.163127870522089 ], [ 4.81610875676101, 52.163169787214649 ], [ 4.816161332334871, 52.163085925882037 ], [ 4.816185609739645, 52.163047201786057 ], [ 4.816186875342554, 52.163047666303747 ], [ 4.816239457084603, 52.162963806465847 ], [ 4.816248748138062, 52.162948988620876 ], [ 4.81624737839584, 52.162948667409751 ], [ 4.816299951317396, 52.162864805506466 ], [ 4.816318188150134, 52.162835714871093 ], [ 4.816181326051963, 52.162804186147561 ], [ 4.81615000749979, 52.162796971309383 ], [ 4.816013404881769, 52.162765020030939 ], [ 4.815876802459921, 52.162733068594449 ] ] ] } },
{ "type": "Feature", "properties": { "reference_id": 125 }, "geometry": { "type": "Polygon", "coordinates": [ [ [ 4.816442197794896, 52.162864404163074 ], [ 4.81641247200654, 52.162857436823813 ], [ 4.816318188150134, 52.162835714871093 ], [ 4.816299951317396, 52.162864805506466 ], [ 4.81624737839584, 52.162948667409751 ], [ 4.816248748138062, 52.162948988620876 ], [ 4.816239457084603, 52.162963806465847 ], [ 4.816186875342554, 52.163047666303747 ], [ 4.816185609739645, 52.163047201786057 ], [ 4.816161332334871, 52.163085925882037 ], [ 4.81610875676101, 52.163169787214649 ], [ 4.816238661259143, 52.163210971145624 ], [ 4.816352869025624, 52.163247178523577 ], [ 4.816406684866629, 52.163163615234069 ], [ 4.816460500505538, 52.163080051918534 ], [ 4.816514315942352, 52.162996488576979 ], [ 4.816568131177074, 52.162912925209383 ], [ 4.81657876473803, 52.162896413559253 ], [ 4.816442197794896, 52.162864404163074 ] ] ] } },
{ "type": "Feature", "properties": { "reference_id": 126 }, "geometry": { "type": "Polygon", "coordinates": [ [ [ 4.816586066072709, 52.162898120597688 ], [ 4.81657876473803, 52.162896413559253 ], [ 4.816568131177074, 52.162912925209383 ], [ 4.816514315942352, 52.162996488576979 ], [ 4.816460500505538, 52.163080051918534 ], [ 4.816406684866629, 52.163163615234069 ], [ 4.816352869025624, 52.163247178523577 ], [ 4.8164805247867, 52.163290941282362 ], [ 4.816488389429327, 52.163293637420189 ], [ 4.816543796937451, 52.163210468442706 ], [ 4.816552421457235, 52.163197522648893 ], [ 4.816559983337267, 52.163185649971759 ], [ 4.816613254723992, 52.163101954867038 ], [ 4.816617421456467, 52.16309540846575 ], [ 4.816670698085839, 52.163011714647546 ], [ 4.816722676584337, 52.162930059773153 ], [ 4.816586066072709, 52.162898120597688 ] ] ] } },
{ "type": "Feature", "properties": { "reference_id": 127 }, "geometry": { "type": "Polygon", "coordinates": [ [ [ 4.816733695445086, 52.162932520558691 ], [ 4.816731770663488, 52.162932090108704 ], [ 4.816681114278589, 52.163014168571621 ], [ 4.816629253569792, 52.163098198061036 ], [ 4.816617421456467, 52.16309540846575 ], [ 4.816613254723992, 52.163101954867038 ], [ 4.816559983337267, 52.163185649971759 ], [ 4.816631456720193, 52.163202524705376 ], [ 4.816579092991597, 52.163286436182446 ], [ 4.816561819198231, 52.163314116900288 ], [ 4.816694925120957, 52.16335123457187 ], [ 4.816783288678608, 52.163375875353118 ], [ 4.816834533078477, 52.16329170291808 ], [ 4.816885777284464, 52.163207530459268 ], [ 4.816937021296572, 52.16312335797673 ], [ 4.8169882651148, 52.163039185470389 ], [ 4.817014880410606, 52.162995467356666 ], [ 4.817008395880386, 52.162993952986234 ], [ 4.816871045567909, 52.162963236852363 ], [ 4.816733695445086, 52.162932520558691 ] ] ] } },
{ "type": "Feature", "properties": { "reference_id": 128 }, "geometry": { "type": "Polygon", "coordinates": [ [ [ 4.81498100968427, 52.162924113077146 ], [ 4.814974263544669, 52.162921891016957 ], [ 4.814843268194429, 52.162882036303451 ], [ 4.814827221409099, 52.1628771541303 ], [ 4.814692168424811, 52.162842801321389 ], [ 4.814557115648986, 52.162808448357964 ], [ 4.814549849106692, 52.162806599983846 ], [ 4.814443928312141, 52.16278861304054 ], [ 4.814395210636632, 52.162873350868267 ], [ 4.814346492775524, 52.162958088674394 ], [ 4.814297774728815, 52.163042826458856 ], [ 4.814262265622087, 52.163104589043009 ], [ 4.814402322393518, 52.163130271383807 ], [ 4.814542379326775, 52.163155953558423 ], [ 4.814682436421862, 52.163181635566886 ], [ 4.814691390214488, 52.163183277400528 ], [ 4.814819038471898, 52.163227048224904 ], [ 4.814830764733922, 52.163231069170685 ], [ 4.814958412988558, 52.163274840149398 ], [ 4.815086061494022, 52.163318610990125 ], [ 4.815213710250317, 52.1633623816927 ], [ 4.815341359257439, 52.163406152257231 ], [ 4.815370978402426, 52.163416308565047 ], [ 4.815389167997497, 52.163422544572654 ], [ 4.815516620149367, 52.163466531737392 ], [ 4.815644072552917, 52.16351051876449 ], [ 4.815771525208143, 52.163554505653899 ], [ 4.815896339335749, 52.163597581708203 ], [ 4.815945085646008, 52.163512849942293 ], [ 4.815993831770571, 52.163428118154762 ], [ 4.81604257770944, 52.163343386345581 ], [ 4.816070231504708, 52.163295317447506 ], [ 4.815941399275971, 52.163252878521675 ], [ 4.815849386419972, 52.163222568215964 ], [ 4.815720032270701, 52.163180734257544 ], [ 4.815602820614115, 52.163142827068597 ], [ 4.815527241568843, 52.163109915008839 ], [ 4.815401670292187, 52.16306392854203 ], [ 4.815367512933938, 52.163051419461702 ], [ 4.815238678271922, 52.163008984140824 ], [ 4.815109843855367, 52.162966548679286 ], [ 4.81498100968427, 52.162924113077146 ] ] ] } },
{ "type": "Feature", "properties": { "reference_id": 129 }, "geometry": { "type": "Polygon", "coordinates": [ [ [ 4.817109036706293, 52.163017411101698 ], [ 4.817014880410606, 52.162995467356666 ], [ 4.8169882651148, 52.163039185470389 ], [ 4.816937021296572, 52.16312335797673 ], [ 4.816885777284464, 52.163207530459268 ], [ 4.816834533078477, 52.16329170291808 ], [ 4.816783288678608, 52.163375875353118 ], [ 4.816803210543156, 52.16338038481063 ], [ 4.816839307803415, 52.16331888288515 ], [ 4.816916721635882, 52.163337986932724 ], [ 4.817052359492266, 52.163371459239208 ], [ 4.817102958152607, 52.163287139195184 ], [ 4.817153556621163, 52.163202819127946 ], [ 4.817204154897937, 52.163118499037537 ], [ 4.817245702236982, 52.163049261731906 ], [ 4.817109036706293, 52.163017411101698 ] ] ] } },
{ "type": "Feature", "properties": { "reference_id": 130 }, "geometry": { "type": "Polygon", "coordinates": [ [ [ 4.817246212254886, 52.163049381040651 ], [ 4.817245702236982, 52.163049261731906 ], [ 4.817204154897937, 52.163118499037537 ], [ 4.817153556621163, 52.163202819127946 ], [ 4.817102958152607, 52.163287139195184 ], [ 4.817052359492266, 52.163371459239208 ], [ 4.817095738315339, 52.163369188098258 ], [ 4.817114098028935, 52.163388439441768 ], [ 4.817215549686688, 52.163413233353168 ], [ 4.817252451211763, 52.163326267111323 ], [ 4.817289352592369, 52.163239300856439 ], [ 4.817289554080486, 52.163238826004182 ], [ 4.817344507128288, 52.16315554308671 ], [ 4.817390870985764, 52.163085277069683 ], [ 4.817255338157965, 52.163051645575116 ], [ 4.817246212254886, 52.163049381040651 ] ] ] } },
{ "type": "Feature", "properties": { "reference_id": 131 }, "geometry": { "type": "Polygon", "coordinates": [ [ [ 4.817515089228904, 52.163116094831565 ], [ 4.817390870985764, 52.163085277069683 ], [ 4.817344507128288, 52.16315554308671 ], [ 4.817289554080486, 52.163238826004182 ], [ 4.817289352592369, 52.163239300856439 ], [ 4.817252451211763, 52.163326267111323 ], [ 4.817215549686688, 52.163413233353168 ], [ 4.817240661106528, 52.16341936671315 ], [ 4.817376491621514, 52.163452542630324 ], [ 4.817412382853303, 52.163365416626355 ], [ 4.817448273944302, 52.163278290609988 ], [ 4.817484164894513, 52.163191164581185 ], [ 4.817515089228904, 52.163116094831565 ] ] ] } },
{ "type": "Feature", "properties": { "reference_id": 132 }, "geometry": { "type": "Polygon", "coordinates": [ [ [ 4.816559983337267, 52.163185649971759 ], [ 4.816552421457235, 52.163197522648893 ], [ 4.816543796937451, 52.163210468442706 ], [ 4.816488389429327, 52.163293637420189 ], [ 4.816561819198231, 52.163314116900288 ], [ 4.816579092991597, 52.163286436182446 ], [ 4.816631456720193, 52.163202524705376 ], [ 4.816559983337267, 52.163185649971759 ] ] ] } },
{ "type": "Feature", "properties": { "reference_id": 133 }, "geometry": { "type": "Polygon", "coordinates": [ [ [ 4.816916721635882, 52.163337986932724 ], [ 4.816839307803415, 52.16331888288515 ], [ 4.816803210543156, 52.16338038481063 ], [ 4.816783288678608, 52.163375875353118 ], [ 4.816780153772516, 52.16338101038577 ], [ 4.816909384735838, 52.163409605985883 ], [ 4.817015548773808, 52.163432769030983 ], [ 4.817017251249761, 52.163429928026687 ], [ 4.817052359492266, 52.163371459239208 ], [ 4.816916721635882, 52.163337986932724 ] ] ] } },
{ "type": "Feature", "properties": { "reference_id": 134 }, "geometry": { "type": "Polygon", "coordinates": [ [ [ 4.812015206262884, 52.162691744474863 ], [ 4.811952969707946, 52.162668315553205 ], [ 4.811932808608838, 52.162703128319677 ], [ 4.811883774324214, 52.162787797027214 ], [ 4.811834739852941, 52.162872465712823 ], [ 4.811785705195017, 52.162957134376612 ], [ 4.811736670350437, 52.163041803018459 ], [ 4.811687635319208, 52.163126471638478 ], [ 4.81163860010132, 52.163211140236541 ], [ 4.811589564696781, 52.163295808812791 ], [ 4.81154052910558, 52.163380477367134 ], [ 4.811491493327722, 52.163465145899565 ], [ 4.811442457363205, 52.163549814410125 ], [ 4.811393421212026, 52.163634482898807 ], [ 4.811344384874189, 52.163719151365626 ], [ 4.811295348349684, 52.163803819810539 ], [ 4.811246311638516, 52.163888488233546 ], [ 4.811197274740686, 52.163973156634697 ], [ 4.811148237656185, 52.164057825013963 ], [ 4.811099200385017, 52.16414249337133 ], [ 4.811050162927183, 52.164227161706798 ], [ 4.811001125282677, 52.164311830020402 ], [ 4.810952087451499, 52.164396498312115 ], [ 4.810903049433649, 52.164481166581943 ], [ 4.810854011229124, 52.164565834829894 ], [ 4.810804972837929, 52.16465050305596 ], [ 4.810755934260054, 52.16473517126007 ], [ 4.810706895495502, 52.164819839442366 ], [ 4.810657856544273, 52.164904507602749 ], [ 4.810608817406366, 52.164989175741269 ], [ 4.810559778081776, 52.165073843857847 ], [ 4.810510738570504, 52.165158511952583 ], [ 4.81046169887255, 52.165243180025413 ], [ 4.810412658987913, 52.165327848076352 ], [ 4.810363618916589, 52.165412516105377 ], [ 4.810314578658577, 52.165497184112574 ], [ 4.81026553821388, 52.165581852097816 ], [ 4.810294913627037, 52.165588300298182 ], [ 4.810432565145101, 52.16561851607667 ], [ 4.810570216850169, 52.165648731694631 ], [ 4.810707868742242, 52.165678947152124 ], [ 4.810845520821319, 52.165709162449147 ], [ 4.810893785027529, 52.16562432593053 ], [ 4.810942049049628, 52.16553948939066 ], [ 4.810990312887617, 52.165454652829595 ], [ 4.811038576541498, 52.165369816247228 ], [ 4.811086840011272, 52.165284979643623 ], [ 4.811135103296938, 52.165200143018772 ], [ 4.811183366398501, 52.16511530637267 ], [ 4.811231629315956, 52.165030469705322 ], [ 4.81127989204931, 52.164945633016714 ], [ 4.811328154598562, 52.16486079630684 ], [ 4.811376416963715, 52.164775959575756 ], [ 4.811424679144767, 52.164691122823406 ], [ 4.811472941141719, 52.164606286049832 ], [ 4.811521202954577, 52.164521449254963 ], [ 4.811569464583337, 52.164436612438877 ], [ 4.811617726028, 52.164351775601546 ], [ 4.811665987288573, 52.164266938742955 ], [ 4.811714248365052, 52.164182101863148 ], [ 4.811762509257441, 52.164097264962066 ], [ 4.811810769965737, 52.164012428039747 ], [ 4.811859030489947, 52.163927591096169 ], [ 4.811907290830066, 52.163842754131338 ], [ 4.811955550986099, 52.163757917145276 ], [ 4.812003810958049, 52.163673080137961 ], [ 4.812052070745911, 52.163588243109423 ], [ 4.812100330349693, 52.16350340605959 ], [ 4.812148589769389, 52.163418568988561 ], [ 4.812196849005007, 52.16333373189628 ], [ 4.812245108056544, 52.163248894782711 ], [ 4.812265322912461, 52.163213357926608 ], [ 4.812313582627429, 52.16312852098185 ], [ 4.812361842158314, 52.163043684015811 ], [ 4.812410101505123, 52.162958847028563 ], [ 4.812458360667851, 52.162874010020047 ], [ 4.812500191378126, 52.162800473605742 ], [ 4.812359414845902, 52.162776327661291 ], [ 4.812218638466658, 52.162752181548981 ], [ 4.812139855884514, 52.162738668593136 ], [ 4.812015206262884, 52.162691744474863 ] ] ] } },
{ "type": "Feature", "properties": { "reference_id": 135 }, "geometry": { "type": "Polygon", "coordinates": [ [ [ 4.812245108056544, 52.163248894782711 ], [ 4.812196849005007, 52.16333373189628 ], [ 4.812148589769389, 52.163418568988561 ], [ 4.812100330349693, 52.16350340605959 ], [ 4.812052070745911, 52.163588243109423 ], [ 4.812003810958049, 52.163673080137961 ], [ 4.811955550986099, 52.163757917145276 ], [ 4.811907290830066, 52.163842754131338 ], [ 4.811859030489947, 52.163927591096169 ], [ 4.811810769965737, 52.164012428039747 ], [ 4.811762509257441, 52.164097264962066 ], [ 4.811714248365052, 52.164182101863148 ], [ 4.811665987288573, 52.164266938742955 ], [ 4.811617726028, 52.164351775601546 ], [ 4.811569464583337, 52.164436612438877 ], [ 4.811521202954577, 52.164521449254963 ], [ 4.811472941141719, 52.164606286049832 ], [ 4.811424679144767, 52.164691122823406 ], [ 4.811376416963715, 52.164775959575756 ], [ 4.811328154598562, 52.16486079630684 ], [ 4.81127989204931, 52.164945633016714 ], [ 4.811231629315956, 52.165030469705322 ], [ 4.811183366398501, 52.16511530637267 ], [ 4.811135103296938, 52.165200143018772 ], [ 4.811086840011272, 52.165284979643623 ], [ 4.811038576541498, 52.165369816247228 ], [ 4.810990312887617, 52.165454652829595 ], [ 4.810942049049628, 52.16553948939066 ], [ 4.810893785027529, 52.16562432593053 ], [ 4.810845520821319, 52.165709162449147 ], [ 4.810868915340531, 52.165714297324676 ], [ 4.811006568591205, 52.16574451079245 ], [ 4.811144222028872, 52.165774724099698 ], [ 4.81126194529006, 52.165800877947298 ], [ 4.811399408600789, 52.16583141713194 ], [ 4.811448445863414, 52.165746748389736 ], [ 4.811497482939363, 52.165662079625577 ], [ 4.811546519828635, 52.165577410839582 ], [ 4.811595556531233, 52.165492742031702 ], [ 4.811644593047157, 52.165408073201903 ], [ 4.811693629376406, 52.165323404350218 ], [ 4.811742665518984, 52.16523873547667 ], [ 4.811791701474894, 52.165154066581223 ], [ 4.811840737244131, 52.165069397663885 ], [ 4.811889772826703, 52.16498472872469 ], [ 4.811938808222606, 52.164900059763568 ], [ 4.811987843431844, 52.164815390780596 ], [ 4.812036878454416, 52.164730721775726 ], [ 4.812085913290325, 52.164646052748992 ], [ 4.812134947939573, 52.164561383700359 ], [ 4.81218398240216, 52.164476714629835 ], [ 4.812233016678086, 52.164392045537433 ], [ 4.812282050767354, 52.164307376423139 ], [ 4.812331084669962, 52.164222707286982 ], [ 4.812380118385915, 52.164138038128911 ], [ 4.812429151915215, 52.164053368949013 ], [ 4.812478185257858, 52.163968699747137 ], [ 4.812527218413849, 52.163884030523434 ], [ 4.812576251383187, 52.163799361277881 ], [ 4.812614666612575, 52.163733026313352 ], [ 4.812523950922589, 52.163713421923127 ], [ 4.812386405454279, 52.163683034096273 ], [ 4.812360836222453, 52.163677385081016 ], [ 4.812409386769325, 52.163592610812799 ], [ 4.812457937131142, 52.163507836523081 ], [ 4.812506487307917, 52.163423062211869 ], [ 4.812555037299637, 52.163338287879164 ], [ 4.812582856117586, 52.163289712602747 ], [ 4.812446740662359, 52.16325698214203 ], [ 4.812310625407357, 52.163224251524319 ], [ 4.812265322912461, 52.163213357926608 ], [ 4.812245108056544, 52.163248894782711 ] ] ] } },
{ "type": "Feature", "properties": { "reference_id": 136 }, "geometry": { "type": "Polygon", "coordinates": [ [ [ 4.812689462652234, 52.163749192123234 ], [ 4.812614666612575, 52.163733026313352 ], [ 4.812576251383187, 52.163799361277881 ], [ 4.812527218413849, 52.163884030523434 ], [ 4.812478185257858, 52.163968699747137 ], [ 4.812429151915215, 52.164053368949013 ], [ 4.812380118385915, 52.164138038128911 ], [ 4.812331084669962, 52.164222707286982 ], [ 4.812282050767354, 52.164307376423139 ], [ 4.812233016678086, 52.164392045537433 ], [ 4.81218398240216, 52.164476714629835 ], [ 4.812134947939573, 52.164561383700359 ], [ 4.812085913290325, 52.164646052748992 ], [ 4.812036878454416, 52.164730721775726 ], [ 4.811987843431844, 52.164815390780596 ], [ 4.811938808222606, 52.164900059763568 ], [ 4.811889772826703, 52.16498472872469 ], [ 4.811840737244131, 52.165069397663885 ], [ 4.811791701474894, 52.165154066581223 ], [ 4.811742665518984, 52.16523873547667 ], [ 4.811693629376406, 52.165323404350218 ], [ 4.811644593047157, 52.165408073201903 ], [ 4.811595556531233, 52.165492742031702 ], [ 4.811546519828635, 52.165577410839582 ], [ 4.811497482939363, 52.165662079625577 ], [ 4.811448445863414, 52.165746748389736 ], [ 4.811399408600789, 52.16583141713194 ], [ 4.811534666575268, 52.16586146301912 ], [ 4.811672131927987, 52.165891999047695 ], [ 4.811809597469431, 52.165922534916255 ], [ 4.811813194863848, 52.165932601160854 ], [ 4.811859157608719, 52.165940995443258 ], [ 4.81186740147424, 52.165934177708223 ], [ 4.811971045955994, 52.165956901558651 ], [ 4.812020203943455, 52.165872259262422 ], [ 4.812069361743839, 52.165787616944279 ], [ 4.812118519357149, 52.165702974604123 ], [ 4.812167676783381, 52.165618332241948 ], [ 4.812216834022542, 52.165533689857824 ], [ 4.812265991074631, 52.165449047451716 ], [ 4.812315147939648, 52.165364405023588 ], [ 4.812364304617596, 52.165279762573512 ], [ 4.812413461108476, 52.16519512010143 ], [ 4.812462617412288, 52.16511047760735 ], [ 4.812511773529033, 52.165025835091299 ], [ 4.812560929458711, 52.164941192553258 ], [ 4.812610085201327, 52.164856549993267 ], [ 4.812659240756882, 52.16477190741125 ], [ 4.812708396125373, 52.164687264807263 ], [ 4.812757551306805, 52.164602622181292 ], [ 4.812806706301177, 52.16451797953335 ], [ 4.812855861108491, 52.164433336863425 ], [ 4.812905015728747, 52.16434869417148 ], [ 4.81295417016195, 52.1642640514576 ], [ 4.813003324408095, 52.164179408721694 ], [ 4.813052478467189, 52.16409476596381 ], [ 4.813101632339232, 52.164010123183971 ], [ 4.813150786024221, 52.16392548038214 ], [ 4.813189925302773, 52.163858082173967 ], [ 4.813052180934784, 52.163828036214639 ], [ 4.812914436752869, 52.163797990094622 ], [ 4.812855753636008, 52.163785189493026 ], [ 4.812827347345105, 52.163778993248457 ], [ 4.812689462652234, 52.163749192123234 ] ] ] } },
{ "type": "Feature", "properties": { "reference_id": 137 }, "geometry": { "type": "Polygon", "coordinates": [ [ [ 4.814402322393518, 52.163130271383807 ], [ 4.814262265622087, 52.163104589043009 ], [ 4.814213544085316, 52.163189326100998 ], [ 4.814164822362934, 52.163274063137386 ], [ 4.814116100454933, 52.163358800152139 ], [ 4.814067378361317, 52.163443537145227 ], [ 4.814018656082086, 52.163528274116757 ], [ 4.813969933617232, 52.163613011066644 ], [ 4.813921210966756, 52.163697747994853 ], [ 4.813920520465954, 52.163698948890065 ], [ 4.813913547335016, 52.163711076269415 ], [ 4.813864824306635, 52.163795813137178 ], [ 4.813816101092633, 52.163880549983311 ], [ 4.813767377693004, 52.163965286807787 ], [ 4.813718654107751, 52.164050023610699 ], [ 4.81366993033687, 52.16413476039201 ], [ 4.813621206380362, 52.16421949715162 ], [ 4.813572482238226, 52.164304233889631 ], [ 4.813523757910459, 52.164388970605998 ], [ 4.813475033397057, 52.164473707300729 ], [ 4.813426308698028, 52.164558443973888 ], [ 4.81337758381336, 52.164643180625397 ], [ 4.813328858743059, 52.16472791725527 ], [ 4.813280133487122, 52.164812653863549 ], [ 4.813231408045548, 52.164897390450143 ], [ 4.813182682418336, 52.164982127015172 ], [ 4.813133956605484, 52.165066863558522 ], [ 4.81308523060699, 52.165151600080257 ], [ 4.813036504422856, 52.165236336580342 ], [ 4.812987778053079, 52.16532107305887 ], [ 4.812939051497654, 52.165405809515718 ], [ 4.812890324756586, 52.165490545950924 ], [ 4.812841597829872, 52.165575282364507 ], [ 4.812792870717509, 52.165660018756476 ], [ 4.812744143419497, 52.165744755126809 ], [ 4.812695415935837, 52.165829491475506 ], [ 4.812646688266526, 52.165914227802602 ], [ 4.812597960411557, 52.165998964108006 ], [ 4.812549232370937, 52.166083700391809 ], [ 4.812575957821715, 52.166089560805155 ], [ 4.812713626874041, 52.166119749045485 ], [ 4.812851296113227, 52.166149937125311 ], [ 4.812988965539273, 52.166180125044626 ], [ 4.813126635152177, 52.166210312803393 ], [ 4.813175135971358, 52.1661255272098 ], [ 4.813223636605639, 52.166040741594763 ], [ 4.813272137055025, 52.165955955958317 ], [ 4.813320637319512, 52.165871170300385 ], [ 4.813369137399101, 52.165786384621057 ], [ 4.813417637293798, 52.165701598920265 ], [ 4.8134661370036, 52.165616813198007 ], [ 4.813514636528513, 52.165532027454347 ], [ 4.813563135868534, 52.165447241689215 ], [ 4.813611635023665, 52.16536245590266 ], [ 4.813660133993904, 52.165277670094639 ], [ 4.813708632779258, 52.165192884265188 ], [ 4.813757131379726, 52.165108098414301 ], [ 4.813805629795307, 52.165023312542019 ], [ 4.813854128026005, 52.164938526648207 ], [ 4.81390262607182, 52.164853740733001 ], [ 4.813951123932753, 52.164768954796337 ], [ 4.813999621608804, 52.164684168838264 ], [ 4.814048119099978, 52.164599382858732 ], [ 4.814096616406271, 52.164514596857771 ], [ 4.814145113527688, 52.164429810835344 ], [ 4.81419361046423, 52.164345024791494 ], [ 4.814242107215894, 52.164260238726193 ], [ 4.814290603782688, 52.164175452639462 ], [ 4.814339100164606, 52.164090666531308 ], [ 4.814378241329471, 52.164022235875336 ], [ 4.814407630628716, 52.163970855360539 ], [ 4.814456127457236, 52.16388606939374 ], [ 4.814504624100885, 52.163801283405483 ], [ 4.814539797859725, 52.163739787439127 ], [ 4.814588292800913, 52.163655001114641 ], [ 4.814636787557237, 52.163570214768718 ], [ 4.814685282128701, 52.163485428401387 ], [ 4.8147337765153, 52.163400642012569 ], [ 4.814782270717041, 52.163315855602328 ], [ 4.814830764733922, 52.163231069170685 ], [ 4.814819038471898, 52.163227048224904 ], [ 4.814691390214488, 52.163183277400528 ], [ 4.814682436421862, 52.163181635566886 ], [ 4.814542379326775, 52.163155953558423 ], [ 4.814402322393518, 52.163130271383807 ] ] ] } },
{ "type": "Feature", "properties": { "reference_id": 138 }, "geometry": { "type": "Polygon", "coordinates": [ [ [ 4.814830764733922, 52.163231069170685 ], [ 4.814782270717041, 52.163315855602328 ], [ 4.8147337765153, 52.163400642012569 ], [ 4.814685282128701, 52.163485428401387 ], [ 4.814636787557237, 52.163570214768718 ], [ 4.814588292800913, 52.163655001114641 ], [ 4.814539797859725, 52.163739787439127 ], [ 4.814504624100885, 52.163801283405483 ], [ 4.814456127457236, 52.16388606939374 ], [ 4.814407630628716, 52.163970855360539 ], [ 4.814378241329471, 52.164022235875336 ], [ 4.81443824977448, 52.164031659067099 ], [ 4.814575061570074, 52.164063276388099 ], [ 4.814692104390642, 52.164090324920856 ], [ 4.814831777805026, 52.164116791210574 ], [ 4.814866135876799, 52.164123301586713 ], [ 4.814862969960793, 52.164145648646233 ], [ 4.814945172149713, 52.164163672979157 ], [ 4.814993500180296, 52.164078850526664 ], [ 4.815041828026567, 52.163994028052848 ], [ 4.815082179902737, 52.163923204314806 ], [ 4.81513050715386, 52.163838381746523 ], [ 4.815178834220678, 52.163753559156959 ], [ 4.815227161103189, 52.163668736546107 ], [ 4.815275487801396, 52.163583913913939 ], [ 4.815323814315301, 52.163499091260498 ], [ 4.815370978402426, 52.163416308565047 ], [ 4.815341359257439, 52.163406152257231 ], [ 4.815213710250317, 52.1633623816927 ], [ 4.815086061494022, 52.163318610990125 ], [ 4.814958412988558, 52.163274840149398 ], [ 4.814830764733922, 52.163231069170685 ] ], [ [ 4.815179088594747, 52.1634563463615 ], [ 4.815286107081583, 52.163480063381876 ], [ 4.815236567450436, 52.163564620952783 ], [ 4.815232852025806, 52.163570962675294 ], [ 4.815189741430618, 52.163561406080618 ], [ 4.815207388251364, 52.163531309547388 ], [ 4.815143451093565, 52.163517139953797 ], [ 4.815179088594747, 52.1634563463615 ] ] ] } },
{ "type": "Feature", "properties": { "reference_id": 139 }, "geometry": { "type": "Polygon", "coordinates": [ [ [ 4.815389167997497, 52.163422544572654 ], [ 4.815370978402426, 52.163416308565047 ], [ 4.815323814315301, 52.163499091260498 ], [ 4.815275487801396, 52.163583913913939 ], [ 4.815227161103189, 52.163668736546107 ], [ 4.815178834220678, 52.163753559156959 ], [ 4.81513050715386, 52.163838381746523 ], [ 4.815082179902737, 52.163923204314806 ], [ 4.815041828026567, 52.163994028052848 ], [ 4.814993500180296, 52.164078850526664 ], [ 4.814945172149713, 52.164163672979157 ], [ 4.81491482932213, 52.164216932161743 ], [ 4.814866503782123, 52.164301755180858 ], [ 4.814818178057812, 52.16438657817865 ], [ 4.814769852149196, 52.16447140115519 ], [ 4.81472152605627, 52.164556224110328 ], [ 4.814673199779039, 52.164641047044277 ], [ 4.814624873317497, 52.164725869956847 ], [ 4.814576546671647, 52.164810692848178 ], [ 4.814528219841486, 52.164895515718186 ], [ 4.814479892827011, 52.164980338566878 ], [ 4.814431565628221, 52.16506516139431 ], [ 4.814383238245119, 52.16514998420039 ], [ 4.814334910677698, 52.16523480698519 ], [ 4.814286582925961, 52.165319629748701 ], [ 4.814238254989906, 52.165404452490911 ], [ 4.814189926869532, 52.165489275211833 ], [ 4.814141598564838, 52.165574097911424 ], [ 4.814093270075822, 52.165658920589721 ], [ 4.814044941402481, 52.165743743246701 ], [ 4.813996612544816, 52.165828565882421 ], [ 4.813948283502829, 52.16591338849679 ], [ 4.813899954276512, 52.165998211089921 ], [ 4.81385162486587, 52.166083033661657 ], [ 4.813803295270898, 52.166167856212155 ], [ 4.813754965491595, 52.166252678741323 ], [ 4.813706635527963, 52.166337501249217 ], [ 4.813805233230615, 52.166359120103188 ], [ 4.813942904387928, 52.166389306157434 ], [ 4.813947934447206, 52.166403945251417 ], [ 4.813975350662066, 52.166409983610272 ], [ 4.813992545173993, 52.166400458843832 ], [ 4.814113335795759, 52.166427089023998 ], [ 4.81425092183792, 52.166457421827651 ], [ 4.814299675233584, 52.166372690970199 ], [ 4.814348428443513, 52.166287960091047 ], [ 4.814397181467703, 52.166203229190259 ], [ 4.814445934306157, 52.166118498267821 ], [ 4.814494686958875, 52.166033767323718 ], [ 4.814543439425859, 52.165949036358001 ], [ 4.814592191707113, 52.165864305370619 ], [ 4.814640943802632, 52.165779574361565 ], [ 4.814689695712422, 52.165694843330883 ], [ 4.814738447436485, 52.1656101122785 ], [ 4.814787198974819, 52.165525381204546 ], [ 4.814835950327427, 52.165440650108899 ], [ 4.814884701494308, 52.165355918991601 ], [ 4.814933452475466, 52.165271187852667 ], [ 4.8149822032709, 52.165186456692105 ], [ 4.815030953880612, 52.165101725509857 ], [ 4.815079704304603, 52.165016994305972 ], [ 4.815128454542873, 52.164932263080431 ], [ 4.815177204595429, 52.164847531833246 ], [ 4.815225954462263, 52.164762800564439 ], [ 4.815274704143384, 52.164678069273954 ], [ 4.815323453638788, 52.164593337961854 ], [ 4.815372202948479, 52.164508606628097 ], [ 4.815420952072456, 52.164423875272696 ], [ 4.815469701010723, 52.164339143895639 ], [ 4.815518449763278, 52.164254412496916 ], [ 4.815567198330125, 52.164169681076586 ], [ 4.815615946711266, 52.164084949634585 ], [ 4.815664694906698, 52.164000218170948 ], [ 4.815713442916425, 52.163915486685667 ], [ 4.815762190740445, 52.163830755178743 ], [ 4.815810938378763, 52.163746023650184 ], [ 4.81585968583138, 52.163661292099967 ], [ 4.815896339335749, 52.163597581708203 ], [ 4.815771525208143, 52.163554505653899 ], [ 4.815644072552917, 52.16351051876449 ], [ 4.815516620149367, 52.163466531737392 ], [ 4.815389167997497, 52.163422544572654 ] ] ] } },
{ "type": "Feature", "properties": { "reference_id": 140 }, "geometry": { "type": "Polygon", "coordinates": [ [ [ 4.813445308311815, 52.163594790112398 ], [ 4.813354413878533, 52.163574821928897 ], [ 4.81330526204195, 52.163659465057556 ], [ 4.813256110018323, 52.163744108164238 ], [ 4.813206957807653, 52.163828751248936 ], [ 4.813189925302773, 52.163858082173967 ], [ 4.813150786024221, 52.16392548038214 ], [ 4.813101632339232, 52.164010123183971 ], [ 4.813052478467189, 52.16409476596381 ], [ 4.813003324408095, 52.164179408721694 ], [ 4.81295417016195, 52.1642640514576 ], [ 4.812905015728747, 52.16434869417148 ], [ 4.812855861108491, 52.164433336863425 ], [ 4.812806706301177, 52.16451797953335 ], [ 4.812757551306805, 52.164602622181292 ], [ 4.812708396125373, 52.164687264807263 ], [ 4.812659240756882, 52.16477190741125 ], [ 4.812610085201327, 52.164856549993267 ], [ 4.812560929458711, 52.164941192553258 ], [ 4.812511773529033, 52.165025835091299 ], [ 4.812462617412288, 52.16511047760735 ], [ 4.812413461108476, 52.16519512010143 ], [ 4.812364304617596, 52.165279762573512 ], [ 4.812315147939648, 52.165364405023588 ], [ 4.812265991074631, 52.165449047451716 ], [ 4.812216834022542, 52.165533689857824 ], [ 4.812167676783381, 52.165618332241948 ], [ 4.812118519357149, 52.165702974604123 ], [ 4.812069361743839, 52.165787616944279 ], [ 4.812020203943455, 52.165872259262422 ], [ 4.811971045955994, 52.165956901558651 ], [ 4.811998563582858, 52.165962936376239 ], [ 4.812136230499565, 52.165993127620901 ], [ 4.812273897603149, 52.166023318705093 ], [ 4.812411564893607, 52.166053509628725 ], [ 4.812549232370937, 52.166083700391809 ], [ 4.812597960411557, 52.165998964108006 ], [ 4.812646688266526, 52.165914227802602 ], [ 4.812695415935837, 52.165829491475506 ], [ 4.812744143419497, 52.165744755126809 ], [ 4.812792870717509, 52.165660018756476 ], [ 4.812841597829872, 52.165575282364507 ], [ 4.812890324756586, 52.165490545950924 ], [ 4.812939051497654, 52.165405809515718 ], [ 4.812987778053079, 52.16532107305887 ], [ 4.813036504422856, 52.165236336580342 ], [ 4.81308523060699, 52.165151600080257 ], [ 4.813133956605484, 52.165066863558522 ], [ 4.813182682418336, 52.164982127015172 ], [ 4.813231408045548, 52.164897390450143 ], [ 4.813280133487122, 52.164812653863549 ], [ 4.813328858743059, 52.16472791725527 ], [ 4.81337758381336, 52.164643180625397 ], [ 4.813426308698028, 52.164558443973888 ], [ 4.813475033397057, 52.164473707300729 ], [ 4.813523757910459, 52.164388970605998 ], [ 4.813572482238226, 52.164304233889631 ], [ 4.813621206380362, 52.16421949715162 ], [ 4.81366993033687, 52.16413476039201 ], [ 4.813718654107751, 52.164050023610699 ], [ 4.813767377693004, 52.163965286807787 ], [ 4.813816101092633, 52.163880549983311 ], [ 4.813864824306635, 52.163795813137178 ], [ 4.813913547335016, 52.163711076269415 ], [ 4.813920520465954, 52.163698948890065 ], [ 4.813782836608557, 52.163668799067921 ], [ 4.813645152937789, 52.163638649085208 ], [ 4.813582941989706, 52.16362502606011 ], [ 4.813445308311815, 52.163594790112398 ] ] ] } },
{ "type": "Feature", "properties": { "reference_id": 141 }, "geometry": { "type": "Polygon", "coordinates": [ [ [ 4.814866135876799, 52.164123301586713 ], [ 4.814831777805026, 52.164116791210574 ], [ 4.814692104390642, 52.164090324920856 ], [ 4.814575061570074, 52.164063276388099 ], [ 4.81443824977448, 52.164031659067099 ], [ 4.814378241329471, 52.164022235875336 ], [ 4.814339100164606, 52.164090666531308 ], [ 4.814290603782688, 52.164175452639462 ], [ 4.814242107215894, 52.164260238726193 ], [ 4.81419361046423, 52.164345024791494 ], [ 4.814145113527688, 52.164429810835344 ], [ 4.814096616406271, 52.164514596857771 ], [ 4.814048119099978, 52.164599382858732 ], [ 4.813999621608804, 52.164684168838264 ], [ 4.813951123932753, 52.164768954796337 ], [ 4.81390262607182, 52.164853740733001 ], [ 4.813854128026005, 52.164938526648207 ], [ 4.813805629795307, 52.165023312542019 ], [ 4.813757131379726, 52.165108098414301 ], [ 4.813708632779258, 52.165192884265188 ], [ 4.813660133993904, 52.165277670094639 ], [ 4.813611635023665, 52.16536245590266 ], [ 4.813563135868534, 52.165447241689215 ], [ 4.813514636528513, 52.165532027454347 ], [ 4.8134661370036, 52.165616813198007 ], [ 4.813417637293798, 52.165701598920265 ], [ 4.813369137399101, 52.165786384621057 ], [ 4.813320637319512, 52.165871170300385 ], [ 4.813272137055025, 52.165955955958317 ], [ 4.813223636605639, 52.166040741594763 ], [ 4.813175135971358, 52.1661255272098 ], [ 4.813126635152177, 52.166210312803393 ], [ 4.813155959935353, 52.166216743529198 ], [ 4.813293628553202, 52.166246933199972 ], [ 4.813431297357923, 52.166277122710262 ], [ 4.813568966349508, 52.166307312059978 ], [ 4.813706635527963, 52.166337501249217 ], [ 4.813754965491595, 52.166252678741323 ], [ 4.813803295270898, 52.166167856212155 ], [ 4.81385162486587, 52.166083033661657 ], [ 4.813899954276512, 52.165998211089921 ], [ 4.813948283502829, 52.16591338849679 ], [ 4.813996612544816, 52.165828565882421 ], [ 4.814044941402481, 52.165743743246701 ], [ 4.814093270075822, 52.165658920589721 ], [ 4.814141598564838, 52.165574097911424 ], [ 4.814189926869532, 52.165489275211833 ], [ 4.814238254989906, 52.165404452490911 ], [ 4.814286582925961, 52.165319629748701 ], [ 4.814334910677698, 52.16523480698519 ], [ 4.814383238245119, 52.16514998420039 ], [ 4.814431565628221, 52.16506516139431 ], [ 4.814479892827011, 52.164980338566878 ], [ 4.814528219841486, 52.164895515718186 ], [ 4.814576546671647, 52.164810692848178 ], [ 4.814624873317497, 52.164725869956847 ], [ 4.814673199779039, 52.164641047044277 ], [ 4.81472152605627, 52.164556224110328 ], [ 4.814769852149196, 52.16447140115519 ], [ 4.814818178057812, 52.16438657817865 ], [ 4.814866503782123, 52.164301755180858 ], [ 4.81491482932213, 52.164216932161743 ], [ 4.814945172149713, 52.164163672979157 ], [ 4.814862969960793, 52.164145648646233 ], [ 4.814866135876799, 52.164123301586713 ] ] ] } },
{ "type": "Feature", "properties": { "reference_id": 142 }, "geometry": { "type": "Polygon", "coordinates": [ [ [ 4.817095738315339, 52.163369188098258 ], [ 4.817052359492266, 52.163371459239208 ], [ 4.817017251249761, 52.163429928026687 ], [ 4.817155305276175, 52.163459429477641 ], [ 4.817192569165282, 52.16346739254891 ], [ 4.817215549686688, 52.163413233353168 ], [ 4.817114098028935, 52.163388439441768 ], [ 4.817095738315339, 52.163369188098258 ] ] ] } },
{ "type": "Feature", "properties": { "reference_id": 143 }, "geometry": { "type": "Polygon", "coordinates": [ [ [ 4.817240661106528, 52.16341936671315 ], [ 4.817215549686688, 52.163413233353168 ], [ 4.817192569165282, 52.16346739254891 ], [ 4.81733064755064, 52.163496851062384 ], [ 4.817356023354426, 52.163502264874587 ], [ 4.817376491621514, 52.163452542630324 ], [ 4.817240661106528, 52.16341936671315 ] ] ] } },
{ "type": "Feature", "properties": { "reference_id": 144 }, "geometry": { "type": "Polygon", "coordinates": [ [ [ 4.815286107081583, 52.163480063381876 ], [ 4.815179088594747, 52.1634563463615 ], [ 4.815143451093565, 52.163517139953797 ], [ 4.815207388251364, 52.163531309547388 ], [ 4.815189741430618, 52.163561406080618 ], [ 4.815232852025806, 52.163570962675294 ], [ 4.815236567450436, 52.163564620952783 ], [ 4.815286107081583, 52.163480063381876 ] ] ] } },
{ "type": "Feature", "properties": { "reference_id": 145 }, "geometry": { "type": "Polygon", "coordinates": [ [ [ 4.816023790706433, 52.16364157027855 ], [ 4.815896339335749, 52.163597581708203 ], [ 4.81585968583138, 52.163661292099967 ], [ 4.815810938378763, 52.163746023650184 ], [ 4.815762190740445, 52.163830755178743 ], [ 4.815713442916425, 52.163915486685667 ], [ 4.815664694906698, 52.164000218170948 ], [ 4.815615946711266, 52.164084949634585 ], [ 4.815567198330125, 52.164169681076586 ], [ 4.815518449763278, 52.164254412496916 ], [ 4.815469701010723, 52.164339143895639 ], [ 4.815420952072456, 52.164423875272696 ], [ 4.815372202948479, 52.164508606628097 ], [ 4.815323453638788, 52.164593337961854 ], [ 4.815274704143384, 52.164678069273954 ], [ 4.815225954462263, 52.164762800564439 ], [ 4.815177204595429, 52.164847531833246 ], [ 4.815128454542873, 52.164932263080431 ], [ 4.815079704304603, 52.165016994305972 ], [ 4.815030953880612, 52.165101725509857 ], [ 4.8149822032709, 52.165186456692105 ], [ 4.814933452475466, 52.165271187852667 ], [ 4.814884701494308, 52.165355918991601 ], [ 4.814835950327427, 52.165440650108899 ], [ 4.814787198974819, 52.165525381204546 ], [ 4.814738447436485, 52.1656101122785 ], [ 4.814689695712422, 52.165694843330883 ], [ 4.814640943802632, 52.165779574361565 ], [ 4.814592191707113, 52.165864305370619 ], [ 4.814543439425859, 52.165949036358001 ], [ 4.814494686958875, 52.166033767323718 ], [ 4.814445934306157, 52.166118498267821 ], [ 4.814397181467703, 52.166203229190259 ], [ 4.814348428443513, 52.166287960091047 ], [ 4.814299675233584, 52.166372690970199 ], [ 4.81425092183792, 52.166457421827651 ], [ 4.81427756230273, 52.166463294222986 ], [ 4.814415150840679, 52.16649362293839 ], [ 4.814552739566247, 52.166523951493481 ], [ 4.814690328479426, 52.16655427988821 ], [ 4.814827917580227, 52.166584608122619 ], [ 4.814841109620603, 52.166561784531915 ], [ 4.814890059231365, 52.166477096437163 ], [ 4.814939008655738, 52.166392408320633 ], [ 4.814987957893725, 52.166307720182267 ], [ 4.815036906945325, 52.166223032022089 ], [ 4.81508585581054, 52.166138343840075 ], [ 4.815134804489372, 52.166053655636304 ], [ 4.815183752981819, 52.16596896741067 ], [ 4.815232701287886, 52.165884279163251 ], [ 4.815281649407571, 52.165799590894011 ], [ 4.81533059734088, 52.165714902602978 ], [ 4.81537954508781, 52.165630214290132 ], [ 4.815428492648361, 52.165545525955423 ], [ 4.815477440022537, 52.165460837598964 ], [ 4.815526387210339, 52.165376149220684 ], [ 4.815575334211768, 52.165291460820583 ], [ 4.815624281026825, 52.165206772398676 ], [ 4.815673227655509, 52.165122083954934 ], [ 4.815722174097823, 52.165037395489421 ], [ 4.815771120353772, 52.164952707002072 ], [ 4.815820066423351, 52.164868018492925 ], [ 4.815869012306563, 52.164783329961978 ], [ 4.815917958003412, 52.164698641409217 ], [ 4.815966903513895, 52.164613952834628 ], [ 4.816015848838017, 52.164529264238247 ], [ 4.816064793975777, 52.164444575620074 ], [ 4.816113738927173, 52.164359886980066 ], [ 4.816162683692213, 52.164275198318244 ], [ 4.816211628270896, 52.164190509634643 ], [ 4.816260572663219, 52.164105820929201 ], [ 4.816309516869188, 52.164021132201974 ], [ 4.816358460888802, 52.16393644345294 ], [ 4.816407404722061, 52.163851754682135 ], [ 4.81645634836897, 52.163767065889466 ], [ 4.816400516274316, 52.163754669441175 ], [ 4.816263049272597, 52.163724147381771 ], [ 4.816151242328803, 52.163685558711258 ], [ 4.816023790706433, 52.16364157027855 ] ] ] } },
{ "type": "Feature", "properties": { "reference_id": 146 }, "geometry": { "type": "Polygon", "coordinates": [ [ [ 4.817148834829819, 52.163920840586378 ], [ 4.817011369130924, 52.163890315430429 ], [ 4.816998680923613, 52.163912367360702 ], [ 4.816949928652551, 52.163997097922099 ], [ 4.816901176195772, 52.164081828461846 ], [ 4.81685242355327, 52.164166558979971 ], [ 4.816803670725048, 52.164251289476432 ], [ 4.816754917711103, 52.164336019951264 ], [ 4.816706164511437, 52.164420750404425 ], [ 4.816657411126046, 52.164505480835928 ], [ 4.81660865755493, 52.164590211245823 ], [ 4.816559903798087, 52.164674941634026 ], [ 4.816511149855514, 52.164759672000585 ], [ 4.816462395727215, 52.164844402345508 ], [ 4.816413641413185, 52.164929132668831 ], [ 4.816364886913422, 52.165013862970397 ], [ 4.816316132227926, 52.165098593250391 ], [ 4.816267377356697, 52.165183323508728 ], [ 4.816218622299734, 52.165268053745365 ], [ 4.816169867057035, 52.16535278396038 ], [ 4.816121111628599, 52.165437514153759 ], [ 4.816072356014423, 52.165522244325473 ], [ 4.81602360021451, 52.165606974475544 ], [ 4.815974844228853, 52.165691704603923 ], [ 4.815926088057457, 52.165776434710686 ], [ 4.815877331700316, 52.1658611647958 ], [ 4.815828575157432, 52.165945894859249 ], [ 4.815779818428801, 52.166030624901055 ], [ 4.815731061514423, 52.166115354921189 ], [ 4.815682304414301, 52.166200084919673 ], [ 4.815633547128426, 52.166284814896521 ], [ 4.815584789656805, 52.16636954485174 ], [ 4.81553603199943, 52.166454274785231 ], [ 4.815487274156303, 52.166539004697114 ], [ 4.815438516127424, 52.166623734587347 ], [ 4.815389757912788, 52.166708464455894 ], [ 4.815419736234563, 52.166715072229906 ], [ 4.815557326390533, 52.166745399510454 ], [ 4.815694916734119, 52.166775726630647 ], [ 4.81583250726531, 52.166806053590484 ], [ 4.815970097984112, 52.166836380390002 ], [ 4.816018937183674, 52.166751668129429 ], [ 4.816067776197212, 52.166666955847141 ], [ 4.816116615024729, 52.166582243543132 ], [ 4.816165453666222, 52.166497531217374 ], [ 4.816214292121697, 52.166412818869915 ], [ 4.816263130391153, 52.166328106500721 ], [ 4.816311968474592, 52.166243394109827 ], [ 4.816360806372015, 52.166158681697198 ], [ 4.816409644083421, 52.166073969262847 ], [ 4.816458481608815, 52.165989256806796 ], [ 4.816507318948195, 52.165904544329003 ], [ 4.816556156101561, 52.165819831829531 ], [ 4.816604993068919, 52.165735119308295 ], [ 4.816653829850269, 52.165650406765366 ], [ 4.816702666445607, 52.165565694200652 ], [ 4.81675150285494, 52.165480981614316 ], [ 4.816800339078269, 52.165396269006216 ], [ 4.816849175115591, 52.165311556376395 ], [ 4.816898010966911, 52.165226843724867 ], [ 4.816946846632228, 52.165142131051603 ], [ 4.816995682111541, 52.165057418356682 ], [ 4.817044517404856, 52.16497270563999 ], [ 4.817093352512173, 52.164887992901591 ], [ 4.817142187433491, 52.164803280141456 ], [ 4.817191022168813, 52.164718567359614 ], [ 4.817239856718138, 52.164633854556072 ], [ 4.817288691081471, 52.164549141730809 ], [ 4.81733752525881, 52.164464428883839 ], [ 4.817386359250158, 52.164379716015127 ], [ 4.817435193055513, 52.164295003124728 ], [ 4.817484026674881, 52.164210290212608 ], [ 4.817532860108259, 52.164125577278774 ], [ 4.817569367030437, 52.16406224731702 ], [ 4.817594536314428, 52.16401981012207 ], [ 4.81756123305834, 52.164012415093843 ], [ 4.817423766793526, 52.163981890418022 ], [ 4.817286300717352, 52.163951365582264 ], [ 4.817148834829819, 52.163920840586378 ] ] ] } },
{ "type": "Feature", "properties": { "reference_id": 147 }, "geometry": { "type": "Polygon", "coordinates": [ [ [ 4.816593813112791, 52.163797592021076 ], [ 4.81645634836897, 52.163767065889466 ], [ 4.816407404722061, 52.163851754682135 ], [ 4.816358460888802, 52.16393644345294 ], [ 4.816309516869188, 52.164021132201974 ], [ 4.816260572663219, 52.164105820929201 ], [ 4.816211628270896, 52.164190509634643 ], [ 4.816162683692213, 52.164275198318244 ], [ 4.816113738927173, 52.164359886980066 ], [ 4.816064793975777, 52.164444575620074 ], [ 4.816015848838017, 52.164529264238247 ], [ 4.815966903513895, 52.164613952834628 ], [ 4.815917958003412, 52.164698641409217 ], [ 4.815869012306563, 52.164783329961978 ], [ 4.815820066423351, 52.164868018492925 ], [ 4.815771120353772, 52.164952707002072 ], [ 4.815722174097823, 52.165037395489421 ], [ 4.815673227655509, 52.165122083954934 ], [ 4.815624281026825, 52.165206772398676 ], [ 4.815575334211768, 52.165291460820583 ], [ 4.815526387210339, 52.165376149220684 ], [ 4.815477440022537, 52.165460837598964 ], [ 4.815428492648361, 52.165545525955423 ], [ 4.81537954508781, 52.165630214290132 ], [ 4.81533059734088, 52.165714902602978 ], [ 4.815281649407571, 52.165799590894011 ], [ 4.815232701287886, 52.165884279163251 ], [ 4.815183752981819, 52.16596896741067 ], [ 4.815134804489372, 52.166053655636304 ], [ 4.81508585581054, 52.166138343840075 ], [ 4.815036906945325, 52.166223032022089 ], [ 4.814987957893725, 52.166307720182267 ], [ 4.814939008655738, 52.166392408320633 ], [ 4.814890059231365, 52.166477096437163 ], [ 4.814841109620603, 52.166561784531915 ], [ 4.814827917580227, 52.166584608122619 ], [ 4.814839406721188, 52.166587140909463 ], [ 4.814976994237644, 52.16661747203657 ], [ 4.81511458194173, 52.166647803003364 ], [ 4.815252169833444, 52.166678133809796 ], [ 4.815389757912788, 52.166708464455894 ], [ 4.815438516127424, 52.166623734587347 ], [ 4.815487274156303, 52.166539004697114 ], [ 4.81553603199943, 52.166454274785231 ], [ 4.815584789656805, 52.16636954485174 ], [ 4.815633547128426, 52.166284814896521 ], [ 4.815682304414301, 52.166200084919673 ], [ 4.815731061514423, 52.166115354921189 ], [ 4.815779818428801, 52.166030624901055 ], [ 4.815828575157432, 52.165945894859249 ], [ 4.815877331700316, 52.1658611647958 ], [ 4.815926088057457, 52.165776434710686 ], [ 4.815974844228853, 52.165691704603923 ], [ 4.81602360021451, 52.165606974475544 ], [ 4.816072356014423, 52.165522244325473 ], [ 4.816121111628599, 52.165437514153759 ], [ 4.816169867057035, 52.16535278396038 ], [ 4.816218622299734, 52.165268053745365 ], [ 4.816267377356697, 52.165183323508728 ], [ 4.816316132227926, 52.165098593250391 ], [ 4.816364886913422, 52.165013862970397 ], [ 4.816413641413185, 52.164929132668831 ], [ 4.816462395727215, 52.164844402345508 ], [ 4.816511149855514, 52.164759672000585 ], [ 4.816559903798087, 52.164674941634026 ], [ 4.81660865755493, 52.164590211245823 ], [ 4.816657411126046, 52.164505480835928 ], [ 4.816706164511437, 52.164420750404425 ], [ 4.816754917711103, 52.164336019951264 ], [ 4.816803670725048, 52.164251289476432 ], [ 4.81685242355327, 52.164166558979971 ], [ 4.816901176195772, 52.164081828461846 ], [ 4.816949928652551, 52.163997097922099 ], [ 4.816998680923613, 52.163912367360702 ], [ 4.817011369130924, 52.163890315430429 ], [ 4.817006208476119, 52.163889169455437 ], [ 4.816868743166365, 52.163858643804041 ], [ 4.816731278045253, 52.163828117992573 ], [ 4.816593813112791, 52.163797592021076 ] ] ] } },
{ "type": "Feature", "properties": { "reference_id": 148 }, "geometry": { "type": "Polygon", "coordinates": [ [ [ 4.80946457828098, 52.164666680581078 ], [ 4.809513376739126, 52.164581959948826 ], [ 4.809562175011389, 52.164497239294882 ], [ 4.809610973097772, 52.164412518619244 ], [ 4.809659770998275, 52.164327797921885 ], [ 4.809539223401567, 52.164301162132467 ], [ 4.809401678384517, 52.164270770461165 ], [ 4.809264133555403, 52.164240378629664 ], [ 4.80912658891423, 52.164209986637864 ], [ 4.809112570572541, 52.164206889016128 ], [ 4.808975026669588, 52.16417649593879 ], [ 4.808837482954582, 52.164146102701231 ], [ 4.80869993942752, 52.164115709303438 ], [ 4.808562396088405, 52.164085315745382 ], [ 4.808540756623647, 52.164080534039726 ], [ 4.808403213236772, 52.164050140750206 ], [ 4.808265670037843, 52.164019747300479 ], [ 4.80812812702686, 52.163989353690503 ], [ 4.807990584203824, 52.163958959920286 ], [ 4.807974047420099, 52.16395530576073 ], [ 4.807836504380431, 52.163924912542072 ], [ 4.807698961528704, 52.163894519163215 ], [ 4.807561418864926, 52.163864125624094 ], [ 4.807423876389093, 52.163833731924747 ], [ 4.807401579416968, 52.163828804590956 ], [ 4.807264037800363, 52.163798409608766 ], [ 4.807126496371708, 52.163768014466292 ], [ 4.806998026841663, 52.163740501198056 ], [ 4.806860004703191, 52.163710941932045 ], [ 4.80682562074854, 52.163703578269711 ], [ 4.806687598540413, 52.163674019329839 ], [ 4.806549576515729, 52.163644460228568 ], [ 4.806411554674489, 52.163614900966003 ], [ 4.806273533016691, 52.163585341542053 ], [ 4.80623039375997, 52.163660734859072 ], [ 4.806181881852375, 52.16374551748779 ], [ 4.806133369759849, 52.163830300095015 ], [ 4.806084857482393, 52.163915082680788 ], [ 4.806036345020004, 52.163999865245096 ], [ 4.805987832372688, 52.164084647788009 ], [ 4.805939319540431, 52.164169430309435 ], [ 4.805890806523242, 52.164254212809368 ], [ 4.805842293321118, 52.164338995287878 ], [ 4.805793779934055, 52.164423777744965 ], [ 4.805745266362051, 52.164508560180536 ], [ 4.805696752605109, 52.164593342594678 ], [ 4.805648238663228, 52.16467812498734 ], [ 4.805599724536402, 52.164762907358543 ], [ 4.805551210224634, 52.164847689708317 ], [ 4.80550269572792, 52.164932472036618 ], [ 4.805454181046263, 52.165017254343475 ], [ 4.805405666179659, 52.165102036628895 ], [ 4.805357151128105, 52.165186818892806 ], [ 4.805308635891603, 52.16527160113526 ], [ 4.80526012047015, 52.165356383356261 ], [ 4.805211604863745, 52.165441165555848 ], [ 4.80516308907239, 52.165525947733947 ], [ 4.805114573096078, 52.16561072989056 ], [ 4.805066056934814, 52.165695512025742 ], [ 4.80501754058859, 52.165780294139466 ], [ 4.804969024057413, 52.16586507623169 ], [ 4.804920507341277, 52.165949858302497 ], [ 4.804871990440179, 52.16603464035186 ], [ 4.80482347335412, 52.166119422379715 ], [ 4.804774956083103, 52.166204204386112 ], [ 4.80472643862712, 52.16628898637105 ], [ 4.804677920986173, 52.166373768334566 ], [ 4.80462940316026, 52.166458550276566 ], [ 4.804580885149383, 52.166543332197158 ], [ 4.804532366953534, 52.166628114096255 ], [ 4.804517823398734, 52.166624954512642 ], [ 4.804380009611736, 52.16659501439095 ], [ 4.804242196010278, 52.166565074108384 ], [ 4.804104382594354, 52.166535133664922 ], [ 4.803966569363969, 52.166505193060665 ], [ 4.803946037643771, 52.166500732588794 ], [ 4.803808224068148, 52.166470792771612 ], [ 4.803670410678058, 52.166440852793599 ], [ 4.803532597473507, 52.166410912654719 ], [ 4.803394784454491, 52.166380972354979 ], [ 4.803378687356793, 52.166408939746219 ], [ 4.803329920651378, 52.166493667680903 ], [ 4.803281153760169, 52.166578395593895 ], [ 4.803232386683164, 52.166663123485243 ], [ 4.803183619420362, 52.166747851354891 ], [ 4.803134851971765, 52.166832579202875 ], [ 4.803171647441348, 52.166841600172781 ], [ 4.803307417132177, 52.166874886049918 ], [ 4.803443187026133, 52.166908171770956 ], [ 4.803578957123205, 52.166941457335859 ], [ 4.803714727423402, 52.166974742744635 ], [ 4.803850497926719, 52.167008027997262 ], [ 4.803986268633155, 52.167041313093733 ], [ 4.804122039542711, 52.167074598034141 ], [ 4.804257810655385, 52.167107882818371 ], [ 4.804286514674716, 52.167114919461618 ], [ 4.804422286630396, 52.167148203135987 ], [ 4.804558058789193, 52.167181486654229 ], [ 4.804693831151099, 52.167214770016294 ], [ 4.804829603716115, 52.167248053222274 ], [ 4.80483872710798, 52.167250289767303 ], [ 4.804974499477312, 52.167283573442809 ], [ 4.805110272049758, 52.167316856962181 ], [ 4.805246044825319, 52.167350140325439 ], [ 4.805381817803992, 52.167383423532563 ], [ 4.805399453163511, 52.167387746794553 ], [ 4.805535225645731, 52.167421030944979 ], [ 4.805670998331067, 52.16745431493927 ], [ 4.805806771219521, 52.167487598777434 ], [ 4.805942544311088, 52.167520882459485 ], [ 4.80596781444853, 52.167527077187721 ], [ 4.806103587841381, 52.167560360591466 ], [ 4.806239361437348, 52.167593643839055 ], [ 4.806375135236427, 52.167626926930502 ], [ 4.806510909238622, 52.167660209865808 ], [ 4.806515897640249, 52.167661432697365 ], [ 4.806651671784344, 52.167694715576729 ], [ 4.806787446131552, 52.167727998299924 ], [ 4.806923220681872, 52.16776128086704 ], [ 4.807058995435303, 52.167794563278008 ], [ 4.807092132714526, 52.167802685999611 ], [ 4.807227908121993, 52.167835967597256 ], [ 4.807363683732565, 52.167869249038709 ], [ 4.807499459546245, 52.167902530324049 ], [ 4.807635235563031, 52.167935811453248 ], [ 4.807683914751062, 52.167851064155926 ], [ 4.807732593753584, 52.167766316836996 ], [ 4.807781272570602, 52.167681569496509 ], [ 4.807829951202114, 52.167596822134414 ], [ 4.807878629648122, 52.167512074750704 ], [ 4.807927307908629, 52.167427327345436 ], [ 4.807975985983633, 52.167342579918568 ], [ 4.808024663873139, 52.167257832470064 ], [ 4.808073341577142, 52.167173085000016 ], [ 4.808122019095651, 52.167088337508353 ], [ 4.808170696428662, 52.16700358999509 ], [ 4.808219373576177, 52.166918842460262 ], [ 4.808268050538198, 52.166834094903813 ], [ 4.808316727314724, 52.166749347325805 ], [ 4.80836540390576, 52.166664599726175 ], [ 4.808414080311304, 52.166579852104938 ], [ 4.808462756531358, 52.166495104462165 ], [ 4.808511432565925, 52.166410356797776 ], [ 4.808560108415004, 52.166325609111823 ], [ 4.808608784078597, 52.166240861404233 ], [ 4.808657459556705, 52.166156113675086 ], [ 4.808706134849329, 52.166071365924303 ], [ 4.808754809956469, 52.16598661815199 ], [ 4.808803484878126, 52.165901870358049 ], [ 4.808852159614307, 52.165817122542542 ], [ 4.808900834165006, 52.165732374705435 ], [ 4.808949508530228, 52.165647626846742 ], [ 4.808998182709972, 52.165562878966419 ], [ 4.809046856704239, 52.165478131064575 ], [ 4.809095530513034, 52.165393383141108 ], [ 4.80910591006455, 52.165375310842521 ], [ 4.809062176528376, 52.165365290567806 ], [ 4.809074183923943, 52.16534444485832 ], [ 4.809122983869182, 52.165259724399561 ], [ 4.809171783628531, 52.165175003919131 ], [ 4.809220583201991, 52.165090283417015 ], [ 4.809269382589561, 52.165005562893214 ], [ 4.809318181791246, 52.164920842347719 ], [ 4.809366980807043, 52.164836121780525 ], [ 4.809415779636955, 52.164751401191644 ], [ 4.80946457828098, 52.164666680581078 ] ] ] } },
{ "type": "Feature", "properties": { "reference_id": 149 }, "geometry": { "type": "Polygon", "coordinates": [ [ [ 4.815647309607334, 52.166802216866486 ], [ 4.815509555282272, 52.16677217240327 ], [ 4.815371801143305, 52.166742127779358 ], [ 4.81532857796962, 52.166817689766397 ], [ 4.815280078267538, 52.166902475761056 ], [ 4.81523157838056, 52.166987261734278 ], [ 4.815183078308682, 52.167072047686034 ], [ 4.815134578051901, 52.167156833616339 ], [ 4.81508607761022, 52.16724161952525 ], [ 4.815037576983634, 52.167326405412695 ], [ 4.814989076172145, 52.167411191278696 ], [ 4.81494057517575, 52.167495977123224 ], [ 4.814892073994447, 52.167580762946315 ], [ 4.814843572628236, 52.167665548747976 ], [ 4.814795071077117, 52.167750334528222 ], [ 4.814746569341086, 52.167835120286966 ], [ 4.814698067420143, 52.167919906024309 ], [ 4.814649565314292, 52.168004691740173 ], [ 4.814601063023523, 52.168089477434606 ], [ 4.81455256054784, 52.168174263107581 ], [ 4.814504057887238, 52.168259048759126 ], [ 4.814455555041722, 52.168343834389205 ], [ 4.814407052011287, 52.168428619997869 ], [ 4.814358548795933, 52.168513405585081 ], [ 4.814310045395657, 52.168598191150835 ], [ 4.81426154181046, 52.168682976695145 ], [ 4.814213038040339, 52.168767762217989 ], [ 4.814164534085291, 52.168852547719403 ], [ 4.814190349229606, 52.168858296504737 ], [ 4.814327783188058, 52.168888901610799 ], [ 4.814465217335632, 52.16891950655689 ], [ 4.814602651672323, 52.168950111343001 ], [ 4.814740086198131, 52.168980715969141 ], [ 4.814784712177474, 52.168902822915932 ], [ 4.814833278960009, 52.168818051000841 ], [ 4.814881845557414, 52.168733279064234 ], [ 4.814930411969685, 52.168648507106127 ], [ 4.814978978196827, 52.168563735126526 ], [ 4.815027544238838, 52.168478963125452 ], [ 4.81507611009572, 52.168394191102855 ], [ 4.815124675767478, 52.168309419058765 ], [ 4.815173241254108, 52.168224646993181 ], [ 4.815221806555614, 52.168139874906075 ], [ 4.815270371671994, 52.16805510279751 ], [ 4.815318936603256, 52.167970330667416 ], [ 4.815367501349394, 52.167885558515842 ], [ 4.815416065910412, 52.167800786342752 ], [ 4.815464630286313, 52.167716014148183 ], [ 4.815513194477092, 52.167631241932106 ], [ 4.815561758482759, 52.167546469694535 ], [ 4.815610322303309, 52.167461697435492 ], [ 4.815658885938744, 52.16737692515494 ], [ 4.815707449389066, 52.167292152852887 ], [ 4.815756012654278, 52.167207380529362 ], [ 4.815804575734378, 52.167122608184279 ], [ 4.815853138629367, 52.167037835817752 ], [ 4.815901701339249, 52.166953063429752 ], [ 4.815950263864023, 52.166868291020187 ], [ 4.81592281881572, 52.166862305310637 ], [ 4.81578506411848, 52.166832261168921 ], [ 4.815647309607334, 52.166802216866486 ] ] ] } },
{ "type": "Feature", "properties": { "reference_id": 150 }, "geometry": { "type": "Polygon", "coordinates": [ [ [ 4.8150936852711, 52.166681467784819 ], [ 4.814955932051378, 52.16665142205602 ], [ 4.814818179017752, 52.166621376166475 ], [ 4.81477604774516, 52.166694616411327 ], [ 4.814727304969685, 52.166779349652529 ], [ 4.814678562008501, 52.166864082872102 ], [ 4.814629818861612, 52.166948816070025 ], [ 4.814581075529011, 52.167033549246277 ], [ 4.814532332010706, 52.167118282400928 ], [ 4.814483588306686, 52.167203015533907 ], [ 4.814434844416958, 52.167287748645265 ], [ 4.814386100341514, 52.167372481734951 ], [ 4.814337356080359, 52.167457214803001 ], [ 4.814288611633488, 52.167541947849415 ], [ 4.8142398670009, 52.167626680874157 ], [ 4.814191122182594, 52.167711413877292 ], [ 4.814142377178571, 52.167796146858763 ], [ 4.814093631988827, 52.167880879818583 ], [ 4.814044886613363, 52.167965612756767 ], [ 4.813996141052177, 52.168050345673315 ], [ 4.813947395305267, 52.168135078568213 ], [ 4.813898649372634, 52.168219811441467 ], [ 4.813849903254274, 52.168304544293036 ], [ 4.813801156950189, 52.168389277123005 ], [ 4.813752410460372, 52.16847400993128 ], [ 4.813703663784831, 52.168558742717948 ], [ 4.813654916923556, 52.168643475482959 ], [ 4.813606169876554, 52.168728208226298 ], [ 4.813614797920134, 52.168730129590024 ], [ 4.81375223167775, 52.168760734362337 ], [ 4.813889665624481, 52.168791338974657 ], [ 4.814027099760328, 52.168821943426998 ], [ 4.814164534085291, 52.168852547719403 ], [ 4.814213038040339, 52.168767762217989 ], [ 4.81426154181046, 52.168682976695145 ], [ 4.814310045395657, 52.168598191150835 ], [ 4.814358548795933, 52.168513405585081 ], [ 4.814407052011287, 52.168428619997869 ], [ 4.814455555041722, 52.168343834389205 ], [ 4.814504057887238, 52.168259048759126 ], [ 4.81455256054784, 52.168174263107581 ], [ 4.814601063023523, 52.168089477434606 ], [ 4.814649565314292, 52.168004691740173 ], [ 4.814698067420143, 52.167919906024309 ], [ 4.814746569341086, 52.167835120286966 ], [ 4.814795071077117, 52.167750334528222 ], [ 4.814843572628236, 52.167665548747976 ], [ 4.814892073994447, 52.167580762946315 ], [ 4.81494057517575, 52.167495977123224 ], [ 4.814989076172145, 52.167411191278696 ], [ 4.815037576983634, 52.167326405412695 ], [ 4.81508607761022, 52.16724161952525 ], [ 4.815134578051901, 52.167156833616339 ], [ 4.815183078308682, 52.167072047686034 ], [ 4.81523157838056, 52.166987261734278 ], [ 4.815280078267538, 52.166902475761056 ], [ 4.81532857796962, 52.166817689766397 ], [ 4.815371801143305, 52.166742127779358 ], [ 4.815369192268833, 52.166741558760258 ], [ 4.815231438676919, 52.16671151335288 ], [ 4.8150936852711, 52.166681467784819 ] ] ] } },
{ "type": "Feature", "properties": { "reference_id": 151 }, "geometry": { "type": "Polygon", "coordinates": [ [ [ 4.816501285540886, 52.16698846432827 ], [ 4.81636352984254, 52.166958421242342 ], [ 4.816225774330284, 52.166928377995681 ], [ 4.81608801900411, 52.166898334588311 ], [ 4.815950263864023, 52.166868291020187 ], [ 4.815901701339249, 52.166953063429752 ], [ 4.815853138629367, 52.167037835817752 ], [ 4.815804575734378, 52.167122608184279 ], [ 4.815756012654278, 52.167207380529362 ], [ 4.815707449389066, 52.167292152852887 ], [ 4.815658885938744, 52.16737692515494 ], [ 4.815610322303309, 52.167461697435492 ], [ 4.815561758482759, 52.167546469694535 ], [ 4.815513194477092, 52.167631241932106 ], [ 4.815464630286313, 52.167716014148183 ], [ 4.815416065910412, 52.167800786342752 ], [ 4.815367501349394, 52.167885558515842 ], [ 4.815318936603256, 52.167970330667416 ], [ 4.815270371671994, 52.16805510279751 ], [ 4.815221806555614, 52.168139874906075 ], [ 4.815173241254108, 52.168224646993181 ], [ 4.815124675767478, 52.168309419058765 ], [ 4.81507611009572, 52.168394191102855 ], [ 4.815027544238838, 52.168478963125452 ], [ 4.814978978196827, 52.168563735126526 ], [ 4.814930411969685, 52.168648507106127 ], [ 4.814881845557414, 52.168733279064234 ], [ 4.814833278960009, 52.168818051000841 ], [ 4.814784712177474, 52.168902822915932 ], [ 4.814740086198131, 52.168980715969141 ], [ 4.814716150872891, 52.169022495045191 ], [ 4.814667584616517, 52.169107267119124 ], [ 4.814619018175008, 52.169192039171541 ], [ 4.814570451548362, 52.169276811202479 ], [ 4.814521884736583, 52.169361583211916 ], [ 4.814473317739666, 52.169446355199845 ], [ 4.814424750557611, 52.169531127166287 ], [ 4.814376183190416, 52.169615899111236 ], [ 4.814327615638081, 52.169700671034654 ], [ 4.814279047900604, 52.169785442936593 ], [ 4.814230479977985, 52.169870214817038 ], [ 4.81418191187022, 52.169954986675954 ], [ 4.81413334357731, 52.170039758513354 ], [ 4.814084775099255, 52.170124530329304 ], [ 4.814036206436052, 52.170209302123716 ], [ 4.813987637587701, 52.170294073896642 ], [ 4.813939068554198, 52.170378845648038 ], [ 4.814024340853354, 52.170371917397809 ], [ 4.814169255328682, 52.170360143161119 ], [ 4.814314169728187, 52.170348368746346 ], [ 4.814459084051871, 52.170336594153433 ], [ 4.814603998299729, 52.17032481938238 ], [ 4.814619860779973, 52.170297340915518 ], [ 4.814668755860351, 52.170212640071597 ], [ 4.8147176507545, 52.170127939205919 ], [ 4.814766545462423, 52.170043238318414 ], [ 4.814815439984115, 52.169958537409173 ], [ 4.814864334319579, 52.169873836478168 ], [ 4.814913228468819, 52.169789135525349 ], [ 4.814962122431835, 52.169704434550823 ], [ 4.815011016208627, 52.169619733554484 ], [ 4.815059909799193, 52.169535032536395 ], [ 4.815108803203543, 52.169450331496527 ], [ 4.815157696421672, 52.169365630434903 ], [ 4.815206589453581, 52.169280929351501 ], [ 4.815255482299271, 52.169196228246335 ], [ 4.815304374958747, 52.169111527119412 ], [ 4.815353267432007, 52.169026825970718 ], [ 4.815402159719051, 52.168942124800203 ], [ 4.815451051819887, 52.168857423607967 ], [ 4.815499943734506, 52.168772722393946 ], [ 4.815548835462915, 52.168688021158218 ], [ 4.815597727005118, 52.168603319900633 ], [ 4.81564661836111, 52.168518618621341 ], [ 4.815695509530895, 52.168433917320257 ], [ 4.815744400514474, 52.168349215997416 ], [ 4.815793291311849, 52.168264514652833 ], [ 4.81584218192302, 52.168179813286429 ], [ 4.81589107234799, 52.168095111898332 ], [ 4.815939962586755, 52.168010410488414 ], [ 4.815988852639324, 52.167925709056732 ], [ 4.81603774250569, 52.167841007603293 ], [ 4.81608663218586, 52.167756306128098 ], [ 4.816135521679834, 52.167671604631153 ], [ 4.816184410987615, 52.167586903112415 ], [ 4.816233300109197, 52.167502201571935 ], [ 4.81628218904459, 52.16741750000967 ], [ 4.816331077793789, 52.167332798425669 ], [ 4.816379966356796, 52.167248096819861 ], [ 4.816428854733616, 52.167163395192311 ], [ 4.816477742924246, 52.16707869354304 ], [ 4.81652663092869, 52.166993991871998 ], [ 4.816501285540886, 52.16698846432827 ] ] ] } },
{ "type": "Feature", "properties": { "reference_id": 152 }, "geometry": { "type": "Polygon", "coordinates": [ [ [ 4.816664386716458, 52.167024034994526 ], [ 4.81652663092869, 52.166993991871998 ], [ 4.816477742924246, 52.16707869354304 ], [ 4.816428854733616, 52.167163395192311 ], [ 4.816379966356796, 52.167248096819861 ], [ 4.816331077793789, 52.167332798425669 ], [ 4.81628218904459, 52.16741750000967 ], [ 4.816233300109197, 52.167502201571935 ], [ 4.816184410987615, 52.167586903112415 ], [ 4.816135521679834, 52.167671604631153 ], [ 4.81608663218586, 52.167756306128098 ], [ 4.81603774250569, 52.167841007603293 ], [ 4.815988852639324, 52.167925709056732 ], [ 4.815939962586755, 52.168010410488414 ], [ 4.81589107234799, 52.168095111898332 ], [ 4.81584218192302, 52.168179813286429 ], [ 4.815793291311849, 52.168264514652833 ], [ 4.815744400514474, 52.168349215997416 ], [ 4.815695509530895, 52.168433917320257 ], [ 4.81564661836111, 52.168518618621341 ], [ 4.815597727005118, 52.168603319900633 ], [ 4.815548835462915, 52.168688021158218 ], [ 4.815499943734506, 52.168772722393946 ], [ 4.815451051819887, 52.168857423607967 ], [ 4.815402159719051, 52.168942124800203 ], [ 4.815353267432007, 52.169026825970718 ], [ 4.815304374958747, 52.169111527119412 ], [ 4.815255482299271, 52.169196228246335 ], [ 4.815206589453581, 52.169280929351501 ], [ 4.815157696421672, 52.169365630434903 ], [ 4.815108803203543, 52.169450331496527 ], [ 4.815059909799193, 52.169535032536395 ], [ 4.815011016208627, 52.169619733554484 ], [ 4.814962122431835, 52.169704434550823 ], [ 4.814913228468819, 52.169789135525349 ], [ 4.814864334319579, 52.169873836478168 ], [ 4.814815439984115, 52.169958537409173 ], [ 4.814766545462423, 52.170043238318414 ], [ 4.8147176507545, 52.170127939205919 ], [ 4.814668755860351, 52.170212640071597 ], [ 4.814619860779973, 52.170297340915518 ], [ 4.814603998299729, 52.17032481938238 ], [ 4.814748912364553, 52.170313043934428 ], [ 4.814893826353544, 52.170301268308336 ], [ 4.815038740266706, 52.170289492504139 ], [ 4.815183654104034, 52.170277716521795 ], [ 4.815278189221333, 52.170270034313639 ], [ 4.815327430503317, 52.170185409332539 ], [ 4.815376671597929, 52.170100784329399 ], [ 4.815425912505167, 52.170016159304197 ], [ 4.815475153225031, 52.169931534256904 ], [ 4.815524393757524, 52.169846909187569 ], [ 4.815573634102647, 52.169762284096173 ], [ 4.815622874260401, 52.169677658982735 ], [ 4.815672114230789, 52.169593033847242 ], [ 4.815721354013808, 52.169508408689694 ], [ 4.815770593609463, 52.169423783510076 ], [ 4.815819833017756, 52.169339158308418 ], [ 4.815869072238685, 52.16925453308469 ], [ 4.81591831127225, 52.169169907838914 ], [ 4.815967550118456, 52.169085282571054 ], [ 4.816016788777301, 52.169000657281181 ], [ 4.816066027248789, 52.168916031969232 ], [ 4.81611526553292, 52.168831406635249 ], [ 4.816164503629693, 52.168746781279154 ], [ 4.816213741539116, 52.168662155901082 ], [ 4.81626297926118, 52.168577530500876 ], [ 4.816312216795894, 52.168492905078665 ], [ 4.816361454143257, 52.168408279634434 ], [ 4.816410691303269, 52.168323654168077 ], [ 4.816459928275933, 52.168239028679672 ], [ 4.816509165061249, 52.168154403169275 ], [ 4.816558401659218, 52.168069777636752 ], [ 4.816607638069842, 52.167985152082238 ], [ 4.816656874293122, 52.167900526505655 ], [ 4.81670611032906, 52.167815900907016 ], [ 4.816755346177652, 52.167731275286343 ], [ 4.816804581838907, 52.167646649643586 ], [ 4.816853817312821, 52.167562023978775 ], [ 4.816903052599399, 52.167477398291958 ], [ 4.816952287698636, 52.167392772583042 ], [ 4.817001522610541, 52.1673081468521 ], [ 4.817050757335109, 52.167223521099103 ], [ 4.817099991872345, 52.167138895324058 ], [ 4.817110245606876, 52.167121270859383 ], [ 4.817077655196262, 52.167114163397848 ], [ 4.816939898850245, 52.167084120757465 ], [ 4.816802142690308, 52.167054077956365 ], [ 4.816664386716458, 52.167024034994526 ] ] ] } },
{ "type": "Feature", "properties": { "reference_id": 153 }, "geometry": { "type": "Polygon", "coordinates": [ [ [ 4.802717869583294, 52.16280978515087 ], [ 4.802580229543836, 52.162779564580745 ], [ 4.802442589691394, 52.162749343850173 ], [ 4.802304950025963, 52.162719122959139 ], [ 4.802288980157639, 52.162715616517559 ], [ 4.802247582303088, 52.162787780161253 ], [ 4.802198959127093, 52.162872538474943 ], [ 4.802150335765802, 52.162957296767125 ], [ 4.802101712219211, 52.163042055037721 ], [ 4.802053088487324, 52.163126813286773 ], [ 4.802004464570134, 52.16321157151431 ], [ 4.801955840467637, 52.163296329720282 ], [ 4.801907216179843, 52.163381087904696 ], [ 4.801858591706742, 52.163465846067567 ], [ 4.801809967048334, 52.163550604208886 ], [ 4.801761342204622, 52.163635362328669 ], [ 4.801712717175599, 52.163720120426902 ], [ 4.801664091961269, 52.163804878503583 ], [ 4.801615466561626, 52.1638896365587 ], [ 4.801566840976675, 52.163974394592294 ], [ 4.80151821520641, 52.164059152604295 ], [ 4.801469589250828, 52.164143910594753 ], [ 4.801420963109932, 52.164228668563702 ], [ 4.801372336783721, 52.164313426511072 ], [ 4.801323710272193, 52.164398184436884 ], [ 4.801275083575346, 52.164482942341174 ], [ 4.801226456693179, 52.164567700223891 ], [ 4.801177829625691, 52.16465245808503 ], [ 4.801129202372882, 52.164737215924653 ], [ 4.801080574934749, 52.164821973742733 ], [ 4.801031947311291, 52.164906731539254 ], [ 4.800983319502509, 52.16499148931419 ], [ 4.8009346915084, 52.165076247067589 ], [ 4.80088606332896, 52.165161004799451 ], [ 4.800837434964196, 52.165245762509727 ], [ 4.800788806414098, 52.165330520198474 ], [ 4.800740177678671, 52.165415277865684 ], [ 4.80069154875791, 52.165500035511293 ], [ 4.800642919651815, 52.16558479313538 ], [ 4.800594290360386, 52.16566955073791 ], [ 4.800545660883619, 52.165754308318874 ], [ 4.800497031221518, 52.165839065878259 ], [ 4.800448401374079, 52.165923823416144 ], [ 4.800399771341296, 52.166008580932434 ], [ 4.800351141123175, 52.166093338427167 ], [ 4.80036475994528, 52.166096277796782 ], [ 4.800502672077718, 52.166126043456735 ], [ 4.80064058439475, 52.166155808955594 ], [ 4.800778496896371, 52.166185574293372 ], [ 4.800916409582584, 52.166215339470071 ], [ 4.800956783055636, 52.166145068141098 ], [ 4.801005471881914, 52.166060323357136 ], [ 4.801054160522658, 52.16597557855161 ], [ 4.80110284897787, 52.165890833724433 ], [ 4.801151537247546, 52.165806088875648 ], [ 4.801200225331692, 52.165721344005306 ], [ 4.801248913230308, 52.165636599113334 ], [ 4.801297600943395, 52.165551854199755 ], [ 4.801346288470953, 52.165467109264583 ], [ 4.801394975812983, 52.165382364307789 ], [ 4.801443662969491, 52.165297619329415 ], [ 4.801492349940474, 52.165212874329455 ], [ 4.801541036725931, 52.165128129307874 ], [ 4.801589723325869, 52.165043384264685 ], [ 4.801638409740282, 52.164958639199895 ], [ 4.80168709596918, 52.164873894113526 ], [ 4.801735782012557, 52.164789149005529 ], [ 4.801784467870415, 52.164704403875909 ], [ 4.801833153542757, 52.164619658724725 ], [ 4.801881839029586, 52.164534913551954 ], [ 4.801930524330901, 52.164450168357554 ], [ 4.801979209446703, 52.164365423141582 ], [ 4.80202789437699, 52.16428067790396 ], [ 4.802076579121771, 52.164195932644809 ], [ 4.802125263681041, 52.164111187363993 ], [ 4.802173948054801, 52.16402644206164 ], [ 4.802222632243056, 52.163941696737631 ], [ 4.802271316245805, 52.163856951392077 ], [ 4.802320000063049, 52.163772206024895 ], [ 4.802368683694788, 52.163687460636105 ], [ 4.802417367141027, 52.163602715225736 ], [ 4.802466050401764, 52.163517969793752 ], [ 4.802514733477001, 52.163433224340174 ], [ 4.802563416366739, 52.163348478865053 ], [ 4.802612099070981, 52.163263733368268 ], [ 4.802660781589724, 52.163178987849896 ], [ 4.802709463922971, 52.163094242309967 ], [ 4.802758146070727, 52.163009496748408 ], [ 4.802806828032989, 52.162924751165249 ], [ 4.802855509809757, 52.162840005560511 ], [ 4.802717869583294, 52.16280978515087 ] ] ] } },
{ "type": "Feature", "properties": { "reference_id": 154 }, "geometry": { "type": "Polygon", "coordinates": [ [ [ 4.804126112273499, 52.163119779973968 ], [ 4.803988286495686, 52.163089879585648 ], [ 4.803945460295824, 52.163164303216561 ], [ 4.803896703584242, 52.163249032603396 ], [ 4.803847946686918, 52.163333761968552 ], [ 4.803799189603851, 52.163418491312079 ], [ 4.803750432335041, 52.163503220633942 ], [ 4.803701674880487, 52.163587949934104 ], [ 4.803652917240186, 52.163672679212688 ], [ 4.803604159414138, 52.16375740846955 ], [ 4.803555401402343, 52.163842137704798 ], [ 4.803506643204797, 52.163926866918352 ], [ 4.8034578848215, 52.164011596110271 ], [ 4.803409126252453, 52.164096325280511 ], [ 4.803360367497652, 52.164181054429136 ], [ 4.803311608557096, 52.164265783556019 ], [ 4.803262849430785, 52.164350512661294 ], [ 4.803214090118719, 52.16443524174494 ], [ 4.803165330620895, 52.164519970806857 ], [ 4.803116570937311, 52.164604699847175 ], [ 4.803067811067968, 52.164689428865806 ], [ 4.803019051012863, 52.16477415786278 ], [ 4.802970290771997, 52.164858886838076 ], [ 4.802921530345367, 52.164943615791714 ], [ 4.802872769732971, 52.165028344723709 ], [ 4.802824008934813, 52.165113073634032 ], [ 4.802775247950884, 52.165197802522677 ], [ 4.802726486781189, 52.165282531389678 ], [ 4.802677725425724, 52.165367260235016 ], [ 4.802628963884489, 52.165451989058703 ], [ 4.802580202157482, 52.165536717860704 ], [ 4.802531440244702, 52.165621446641033 ], [ 4.802482678146148, 52.165706175399706 ], [ 4.80243391586182, 52.165790904136749 ], [ 4.802385153391715, 52.165875632852121 ], [ 4.802336390735833, 52.165960361545793 ], [ 4.802287627894172, 52.166045090217828 ], [ 4.80223886486673, 52.1661298188682 ], [ 4.802277473824333, 52.166138207921939 ], [ 4.802415284159991, 52.166168151577807 ], [ 4.8025530946812, 52.166198095072787 ], [ 4.802690905387963, 52.16622803840697 ], [ 4.802828716280276, 52.166257981580287 ], [ 4.802843538523163, 52.166261202082175 ], [ 4.802981349727672, 52.166291144891652 ], [ 4.803119161117729, 52.166321087540275 ], [ 4.803256972693335, 52.166351030028054 ], [ 4.803394784454491, 52.166380972354979 ], [ 4.803532597473507, 52.166410912654719 ], [ 4.803670410678058, 52.166440852793599 ], [ 4.803808224068148, 52.166470792771612 ], [ 4.803946037643771, 52.166500732588794 ], [ 4.803966569363969, 52.166505193060665 ], [ 4.804104382594354, 52.166535133664922 ], [ 4.804242196010278, 52.166565074108384 ], [ 4.804380009611736, 52.16659501439095 ], [ 4.804517823398734, 52.166624954512642 ], [ 4.804532366953534, 52.166628114096255 ], [ 4.804580885149383, 52.166543332197158 ], [ 4.80462940316026, 52.166458550276566 ], [ 4.804677920986173, 52.166373768334566 ], [ 4.80472643862712, 52.16628898637105 ], [ 4.804774956083103, 52.166204204386112 ], [ 4.80482347335412, 52.166119422379715 ], [ 4.804871990440179, 52.16603464035186 ], [ 4.804920507341277, 52.165949858302497 ], [ 4.804969024057413, 52.16586507623169 ], [ 4.80501754058859, 52.165780294139466 ], [ 4.805066056934814, 52.165695512025742 ], [ 4.805114573096078, 52.16561072989056 ], [ 4.80516308907239, 52.165525947733947 ], [ 4.805211604863745, 52.165441165555848 ], [ 4.80526012047015, 52.165356383356261 ], [ 4.805308635891603, 52.16527160113526 ], [ 4.805357151128105, 52.165186818892806 ], [ 4.805405666179659, 52.165102036628895 ], [ 4.805454181046263, 52.165017254343475 ], [ 4.80550269572792, 52.164932472036618 ], [ 4.805551210224634, 52.164847689708317 ], [ 4.805599724536402, 52.164762907358543 ], [ 4.805648238663228, 52.16467812498734 ], [ 4.805696752605109, 52.164593342594678 ], [ 4.805745266362051, 52.164508560180536 ], [ 4.805793779934055, 52.164423777744965 ], [ 4.805842293321118, 52.164338995287878 ], [ 4.805890806523242, 52.164254212809368 ], [ 4.805939319540431, 52.164169430309435 ], [ 4.805987832372688, 52.164084647788009 ], [ 4.806036345020004, 52.163999865245096 ], [ 4.806084857482393, 52.163915082680788 ], [ 4.806133369759849, 52.163830300095015 ], [ 4.806181881852375, 52.16374551748779 ], [ 4.80623039375997, 52.163660734859072 ], [ 4.806273533016691, 52.163585341542053 ], [ 4.806171682753304, 52.163563529282143 ], [ 4.80605569261787, 52.163538368516662 ], [ 4.805917864246082, 52.163508470380904 ], [ 4.805780036059571, 52.163478572084202 ], [ 4.805642208058341, 52.163448673626633 ], [ 4.805504380242391, 52.163418775008168 ], [ 4.805366552611726, 52.163388876228765 ], [ 4.805228725166339, 52.163358977288496 ], [ 4.805090897906237, 52.163329078187317 ], [ 4.804953070831417, 52.163299178925278 ], [ 4.804815243941881, 52.163269279502273 ], [ 4.804677417237634, 52.163239379918423 ], [ 4.80453959071867, 52.16320948017367 ], [ 4.804401764384992, 52.163179580267986 ], [ 4.8042639382366, 52.163149680201435 ], [ 4.804126112273499, 52.163119779973968 ] ] ] } },
{ "type": "Feature", "properties": { "reference_id": 155 }, "geometry": { "type": "Polygon", "coordinates": [ [ [ 4.805942072714626, 52.163277232572256 ], [ 4.805825714108741, 52.163251744310415 ], [ 4.805777258178895, 52.163336538953018 ], [ 4.805745173043374, 52.163392685608656 ], [ 4.805828002569229, 52.163410311992656 ], [ 4.805966118556796, 52.163439703349539 ], [ 4.80602726470558, 52.163453065958322 ], [ 4.806164979337398, 52.163483161359203 ], [ 4.80630269415556, 52.163513256599479 ], [ 4.80633633597048, 52.163455687354116 ], [ 4.806385763309019, 52.163371104988158 ], [ 4.806247562183445, 52.163341865749103 ], [ 4.806109361239575, 52.163312626348286 ], [ 4.805971160477406, 52.163283386785643 ], [ 4.805942072714626, 52.163277232572256 ] ] ] } },
{ "type": "Feature", "properties": { "reference_id": 156 }, "geometry": { "type": "Polygon", "coordinates": [ [ [ 4.808184214011819, 52.162579933758082 ], [ 4.808147604612686, 52.162572082477055 ], [ 4.808143050637347, 52.162580082195667 ], [ 4.808094759577779, 52.162664912261704 ], [ 4.808046468334022, 52.16274974230646 ], [ 4.807998176906079, 52.162834572329928 ], [ 4.807949885293949, 52.162919402332129 ], [ 4.807901593497625, 52.163004232313099 ], [ 4.807853301517113, 52.163089062272732 ], [ 4.807805009352409, 52.163173892211113 ], [ 4.80775671700351, 52.163258722128248 ], [ 4.807708424470416, 52.163343552024081 ], [ 4.807660131753128, 52.163428381898655 ], [ 4.807611838851642, 52.163513211751969 ], [ 4.807563545765959, 52.163598041583981 ], [ 4.807515252496075, 52.163682871394712 ], [ 4.807466959041992, 52.163767701184199 ], [ 4.807604674402688, 52.16379779701564 ], [ 4.80774238994973, 52.163827892686477 ], [ 4.807880105683117, 52.163857988196675 ], [ 4.808017821602848, 52.163888083546233 ], [ 4.808155537708922, 52.163918178735138 ], [ 4.808293254001339, 52.163948273763417 ], [ 4.808430970480099, 52.163978368631035 ], [ 4.808568687145199, 52.164008463338014 ], [ 4.80860398294164, 52.164016176363781 ], [ 4.808610934659221, 52.164004058655188 ], [ 4.808659558928698, 52.163919300307185 ], [ 4.808708183012874, 52.163834541937597 ], [ 4.808756806911753, 52.163749783546493 ], [ 4.808805430625335, 52.163665025133817 ], [ 4.808854054153617, 52.163580266699626 ], [ 4.808902677496603, 52.163495508243898 ], [ 4.808951300654293, 52.163410749766591 ], [ 4.808999923626692, 52.163325991267769 ], [ 4.809048546413798, 52.163241232747389 ], [ 4.809097169015611, 52.163156474205451 ], [ 4.809145791432134, 52.163071715642012 ], [ 4.80919441366337, 52.162986957057008 ], [ 4.809243035709316, 52.16290219845046 ], [ 4.809291657569976, 52.162817439822369 ], [ 4.809288201092507, 52.162816698525191 ], [ 4.809150202661852, 52.162787102440831 ], [ 4.809012204414828, 52.162757506195149 ], [ 4.808874206351441, 52.162727909788195 ], [ 4.808736208471691, 52.162698313219899 ], [ 4.808598209581282, 52.1626687185964 ], [ 4.8084602108745, 52.162639123811616 ], [ 4.808322212351347, 52.162609528865516 ], [ 4.808184214011819, 52.162579933758082 ] ] ] } },
{ "type": "Feature", "properties": { "reference_id": 157 }, "geometry": { "type": "Polygon", "coordinates": [ [ [ 4.809381401437102, 52.165435414828757 ], [ 4.809243655657763, 52.165405362915983 ], [ 4.80910591006455, 52.165375310842521 ], [ 4.809095530513034, 52.165393383141108 ], [ 4.809046856704239, 52.165478131064575 ], [ 4.808998182709972, 52.165562878966419 ], [ 4.808949508530228, 52.165647626846742 ], [ 4.808900834165006, 52.165732374705435 ], [ 4.808852159614307, 52.165817122542542 ], [ 4.808803484878126, 52.165901870358049 ], [ 4.808754809956469, 52.16598661815199 ], [ 4.808706134849329, 52.166071365924303 ], [ 4.808657459556705, 52.166156113675086 ], [ 4.808608784078597, 52.166240861404233 ], [ 4.808560108415004, 52.166325609111823 ], [ 4.808511432565925, 52.166410356797776 ], [ 4.808462756531358, 52.166495104462165 ], [ 4.808414080311304, 52.166579852104938 ], [ 4.80836540390576, 52.166664599726175 ], [ 4.808316727314724, 52.166749347325805 ], [ 4.808268050538198, 52.166834094903813 ], [ 4.808219373576177, 52.166918842460262 ], [ 4.808170696428662, 52.16700358999509 ], [ 4.808122019095651, 52.167088337508353 ], [ 4.808073341577142, 52.167173085000016 ], [ 4.808024663873139, 52.167257832470064 ], [ 4.807975985983633, 52.167342579918568 ], [ 4.807927307908629, 52.167427327345436 ], [ 4.807878629648122, 52.167512074750704 ], [ 4.807829951202114, 52.167596822134414 ], [ 4.807781272570602, 52.167681569496509 ], [ 4.807732593753584, 52.167766316836996 ], [ 4.807683914751062, 52.167851064155926 ], [ 4.807635235563031, 52.167935811453248 ], [ 4.807622732307903, 52.167957578761829 ], [ 4.807574052908618, 52.168042326036783 ], [ 4.807525373323821, 52.168127073290108 ], [ 4.807476693553513, 52.168211820521847 ], [ 4.807428013597693, 52.168296567731993 ], [ 4.80737933345636, 52.168381314920545 ], [ 4.807330653129513, 52.168466062087518 ], [ 4.80728197261715, 52.168550809232869 ], [ 4.807233291919271, 52.168635556356605 ], [ 4.807184610650464, 52.168720303375096 ], [ 4.807135929196136, 52.16880505037193 ], [ 4.807087247556288, 52.168889797347177 ], [ 4.807038565730915, 52.168974544300866 ], [ 4.80698988372002, 52.169059291232948 ], [ 4.806941201523599, 52.169144038143408 ], [ 4.806892519141653, 52.169228785032267 ], [ 4.806858331603069, 52.169288298913706 ], [ 4.806996091385991, 52.169318347294862 ], [ 4.807133851355058, 52.169348395515257 ], [ 4.807271611510268, 52.169378443574956 ], [ 4.80740937185162, 52.169408491473916 ], [ 4.807412446517764, 52.169409162109169 ], [ 4.807461256433281, 52.169324442918047 ], [ 4.807510066162847, 52.169239723705218 ], [ 4.807558875706465, 52.169155004470667 ], [ 4.807607685064134, 52.169070285214381 ], [ 4.807656494235858, 52.168985565936431 ], [ 4.807705303221638, 52.168900846636788 ], [ 4.807754112021474, 52.168816127315459 ], [ 4.807802920635363, 52.168731407972373 ], [ 4.807851729063314, 52.168646688607637 ], [ 4.807900537305324, 52.168561969221159 ], [ 4.807949345361396, 52.168477249812987 ], [ 4.807956103648114, 52.168465518975466 ], [ 4.808005124768908, 52.168380846114282 ], [ 4.80805414570306, 52.168296173231241 ], [ 4.80810316645057, 52.168211500326258 ], [ 4.808152187011438, 52.168126827399441 ], [ 4.808201207385666, 52.168042154450767 ], [ 4.808250227573258, 52.167957481480208 ], [ 4.80829924757421, 52.167872808487779 ], [ 4.808348267388528, 52.167788135473423 ], [ 4.808397287016209, 52.167703462437252 ], [ 4.808446306457258, 52.167618789379176 ], [ 4.808495325711673, 52.167534116299208 ], [ 4.808544344779458, 52.167449443197398 ], [ 4.808593363660613, 52.167364770073732 ], [ 4.808642382355136, 52.16728009692811 ], [ 4.808691400863034, 52.167195423760667 ], [ 4.808740419184303, 52.167110750571389 ], [ 4.808789437318948, 52.167026077360191 ], [ 4.80883845526697, 52.16694140412713 ], [ 4.808887473028364, 52.166856730872169 ], [ 4.808936490603139, 52.166772057595352 ], [ 4.808985507991294, 52.166687384296658 ], [ 4.809034525192827, 52.166602710976107 ], [ 4.809083542207742, 52.166518037633672 ], [ 4.809132559036042, 52.166433364269388 ], [ 4.809181575677721, 52.166348690883197 ], [ 4.809230592132789, 52.166264017475136 ], [ 4.809279608401242, 52.16617934404524 ], [ 4.809328624483082, 52.166094670593452 ], [ 4.809377640378311, 52.166009997119787 ], [ 4.809426656086929, 52.165925323624258 ], [ 4.809475671608937, 52.165840650106858 ], [ 4.809524686944338, 52.165755976567603 ], [ 4.809573702093131, 52.165671303006448 ], [ 4.809622717055321, 52.165586629423473 ], [ 4.809671731830902, 52.165501955818549 ], [ 4.809673376727424, 52.165499114234358 ], [ 4.809656893554147, 52.165495518172165 ], [ 4.809519147402563, 52.165465466580827 ], [ 4.809381401437102, 52.165435414828757 ] ] ] } },
{ "type": "Feature", "properties": { "reference_id": 158 }, "geometry": { "type": "Polygon", "coordinates": [ [ [ 4.809673376727424, 52.165499114234358 ], [ 4.809671731830902, 52.165501955818549 ], [ 4.809622717055321, 52.165586629423473 ], [ 4.809573702093131, 52.165671303006448 ], [ 4.809524686944338, 52.165755976567603 ], [ 4.809475671608937, 52.165840650106858 ], [ 4.809426656086929, 52.165925323624258 ], [ 4.809377640378311, 52.166009997119787 ], [ 4.809328624483082, 52.166094670593452 ], [ 4.809279608401242, 52.16617934404524 ], [ 4.809230592132789, 52.166264017475136 ], [ 4.809181575677721, 52.166348690883197 ], [ 4.809132559036042, 52.166433364269388 ], [ 4.809083542207742, 52.166518037633672 ], [ 4.809034525192827, 52.166602710976107 ], [ 4.808985507991294, 52.166687384296658 ], [ 4.808936490603139, 52.166772057595352 ], [ 4.808887473028364, 52.166856730872169 ], [ 4.80883845526697, 52.16694140412713 ], [ 4.808789437318948, 52.167026077360191 ], [ 4.808740419184303, 52.167110750571389 ], [ 4.808691400863034, 52.167195423760667 ], [ 4.808642382355136, 52.16728009692811 ], [ 4.808593363660613, 52.167364770073732 ], [ 4.808544344779458, 52.167449443197398 ], [ 4.808495325711673, 52.167534116299208 ], [ 4.808446306457258, 52.167618789379176 ], [ 4.808397287016209, 52.167703462437252 ], [ 4.808348267388528, 52.167788135473423 ], [ 4.80829924757421, 52.167872808487779 ], [ 4.808250227573258, 52.167957481480208 ], [ 4.808201207385666, 52.168042154450767 ], [ 4.808152187011438, 52.168126827399441 ], [ 4.80810316645057, 52.168211500326258 ], [ 4.80805414570306, 52.168296173231241 ], [ 4.808005124768908, 52.168380846114282 ], [ 4.807956103648114, 52.168465518975466 ], [ 4.807949345361396, 52.168477249812987 ], [ 4.807900537305324, 52.168561969221159 ], [ 4.807851729063314, 52.168646688607637 ], [ 4.807802920635363, 52.168731407972373 ], [ 4.807754112021474, 52.168816127315459 ], [ 4.807705303221638, 52.168900846636788 ], [ 4.807656494235858, 52.168985565936431 ], [ 4.807607685064134, 52.169070285214381 ], [ 4.807558875706465, 52.169155004470667 ], [ 4.807510066162847, 52.169239723705218 ], [ 4.807461256433281, 52.169324442918047 ], [ 4.807412446517764, 52.169409162109169 ], [ 4.807550207688776, 52.169439208735518 ], [ 4.807687969045922, 52.169469255201122 ], [ 4.807825730589202, 52.169499301505986 ], [ 4.807963492318615, 52.169529347650162 ], [ 4.807989143259404, 52.169534942156012 ], [ 4.807998506889682, 52.169518650188081 ], [ 4.808047211395365, 52.169433908037448 ], [ 4.808095915715448, 52.169349165865142 ], [ 4.808144619849933, 52.169264423671258 ], [ 4.808193323798815, 52.169179681455752 ], [ 4.808242027562104, 52.169094939218638 ], [ 4.808290731139795, 52.169010196959903 ], [ 4.808339434531895, 52.168925454679552 ], [ 4.808388137738397, 52.168840712377559 ], [ 4.808436840759311, 52.168755970054001 ], [ 4.808485543594631, 52.168671227708799 ], [ 4.808534246244363, 52.16858648534199 ], [ 4.808582948708508, 52.168501742953545 ], [ 4.808631650987064, 52.168417000543513 ], [ 4.808680353080031, 52.168332258111846 ], [ 4.808729054987417, 52.168247515658585 ], [ 4.808777756709217, 52.168162773183695 ], [ 4.808826458245433, 52.168078030687248 ], [ 4.808875159596069, 52.167993288169114 ], [ 4.808923861030559, 52.167908545687929 ], [ 4.808972562279468, 52.167823803185179 ], [ 4.809021263342799, 52.167739060660764 ], [ 4.80906996422055, 52.167654318114757 ], [ 4.809118664912726, 52.167569575547162 ], [ 4.809167365419325, 52.167484832957896 ], [ 4.809216065740349, 52.167400090347066 ], [ 4.809264765875801, 52.167315347714641 ], [ 4.809313465825684, 52.167230605060553 ], [ 4.809362165589993, 52.167145862384899 ], [ 4.809410865168733, 52.16706111968761 ], [ 4.809459564561903, 52.166976376968705 ], [ 4.809508263769508, 52.166891634228236 ], [ 4.809556962791545, 52.166806891466116 ], [ 4.809605661628018, 52.166722148682396 ], [ 4.809654360278927, 52.16663740587704 ], [ 4.809703058744272, 52.166552663050112 ], [ 4.809751757024055, 52.166467920201555 ], [ 4.809800455118278, 52.166383177331426 ], [ 4.809849153026944, 52.166298434439646 ], [ 4.80989785075005, 52.166213691526295 ], [ 4.8099465482876, 52.1661289485913 ], [ 4.809995245639593, 52.166044205634719 ], [ 4.810043942806031, 52.165959462656552 ], [ 4.810092639786919, 52.165874719656735 ], [ 4.810141336582252, 52.165789976635331 ], [ 4.810190033192034, 52.165705233592362 ], [ 4.810237727452056, 52.165622234529195 ], [ 4.810224363238424, 52.165619318994928 ], [ 4.810086616331495, 52.165589268045835 ], [ 4.809948869610684, 52.165559216936032 ], [ 4.809811123075995, 52.165529165665568 ], [ 4.809673376727424, 52.165499114234358 ] ] ] } },
{ "type": "Feature", "properties": { "reference_id": 159 }, "geometry": { "type": "Polygon", "coordinates": [ [ [ 4.810375474684863, 52.165652285091014 ], [ 4.810237727452056, 52.165622234529195 ], [ 4.810190033192034, 52.165705233592362 ], [ 4.810141336582252, 52.165789976635331 ], [ 4.810092639786919, 52.165874719656735 ], [ 4.810043942806031, 52.165959462656552 ], [ 4.809995245639593, 52.166044205634719 ], [ 4.8099465482876, 52.1661289485913 ], [ 4.80989785075005, 52.166213691526295 ], [ 4.809849153026944, 52.166298434439646 ], [ 4.809800455118278, 52.166383177331426 ], [ 4.809751757024055, 52.166467920201555 ], [ 4.809703058744272, 52.166552663050112 ], [ 4.809654360278927, 52.16663740587704 ], [ 4.809605661628018, 52.166722148682396 ], [ 4.809556962791545, 52.166806891466116 ], [ 4.809508263769508, 52.166891634228236 ], [ 4.809459564561903, 52.166976376968705 ], [ 4.809410865168733, 52.16706111968761 ], [ 4.809362165589993, 52.167145862384899 ], [ 4.809313465825684, 52.167230605060553 ], [ 4.809264765875801, 52.167315347714641 ], [ 4.809216065740349, 52.167400090347066 ], [ 4.809167365419325, 52.167484832957896 ], [ 4.809118664912726, 52.167569575547162 ], [ 4.80906996422055, 52.167654318114757 ], [ 4.809021263342799, 52.167739060660764 ], [ 4.808972562279468, 52.167823803185179 ], [ 4.808923861030559, 52.167908545687929 ], [ 4.808875159596069, 52.167993288169114 ], [ 4.808906480992706, 52.168000701112582 ], [ 4.809042892084396, 52.168032985872699 ], [ 4.809179303374055, 52.168065270475211 ], [ 4.809315714861685, 52.168097554920131 ], [ 4.809452126547283, 52.168129839207396 ], [ 4.809500894628616, 52.16804511118724 ], [ 4.809549662524147, 52.167960383145456 ], [ 4.809598430233876, 52.167875655081964 ], [ 4.80964719775781, 52.167790926996851 ], [ 4.809695965095941, 52.167706198890038 ], [ 4.809744732248279, 52.16762147076156 ], [ 4.80979349921482, 52.167536742611418 ], [ 4.809842265995568, 52.167452014439611 ], [ 4.809891032590521, 52.167367286246161 ], [ 4.80993979899968, 52.167282558031026 ], [ 4.80998856522305, 52.167197829794226 ], [ 4.810037331260629, 52.167113101535776 ], [ 4.810086097112422, 52.167028373255626 ], [ 4.810134862778424, 52.166943644953832 ], [ 4.81018362825864, 52.16685891663036 ], [ 4.810232393553073, 52.166774188285231 ], [ 4.810281158661722, 52.166689459918487 ], [ 4.810329923584586, 52.166604731530036 ], [ 4.81037868832167, 52.166520003119913 ], [ 4.810427452872971, 52.166435274688155 ], [ 4.810476217238494, 52.166350546234703 ], [ 4.81052498141824, 52.16626581775963 ], [ 4.810573745412208, 52.166181089262849 ], [ 4.8106225092204, 52.166096360744447 ], [ 4.810671272842817, 52.166011632204352 ], [ 4.81072003627946, 52.1659269036426 ], [ 4.810768799530333, 52.165842175059197 ], [ 4.810817562595432, 52.165757446454158 ], [ 4.81082202031887, 52.165749700888412 ], [ 4.810788717499983, 52.16574243581222 ], [ 4.810650969708825, 52.165712385732512 ], [ 4.810513222103785, 52.165682335492086 ], [ 4.810375474684863, 52.165652285091014 ] ] ] } },
{ "type": "Feature", "properties": { "reference_id": 160 }, "geometry": { "type": "Polygon", "coordinates": [ [ [ 4.81082202031887, 52.165749700888412 ], [ 4.810817562595432, 52.165757446454158 ], [ 4.810768799530333, 52.165842175059197 ], [ 4.81072003627946, 52.1659269036426 ], [ 4.810671272842817, 52.166011632204352 ], [ 4.8106225092204, 52.166096360744447 ], [ 4.810573745412208, 52.166181089262849 ], [ 4.81052498141824, 52.16626581775963 ], [ 4.810476217238494, 52.166350546234703 ], [ 4.810427452872971, 52.166435274688155 ], [ 4.81037868832167, 52.166520003119913 ], [ 4.810329923584586, 52.166604731530036 ], [ 4.810281158661722, 52.166689459918487 ], [ 4.810232393553073, 52.166774188285231 ], [ 4.81018362825864, 52.16685891663036 ], [ 4.810134862778424, 52.166943644953832 ], [ 4.810086097112422, 52.167028373255626 ], [ 4.810037331260629, 52.167113101535776 ], [ 4.80998856522305, 52.167197829794226 ], [ 4.80993979899968, 52.167282558031026 ], [ 4.809891032590521, 52.167367286246161 ], [ 4.809842265995568, 52.167452014439611 ], [ 4.80979349921482, 52.167536742611418 ], [ 4.809744732248279, 52.16762147076156 ], [ 4.809695965095941, 52.167706198890038 ], [ 4.80964719775781, 52.167790926996851 ], [ 4.809598430233876, 52.167875655081964 ], [ 4.809549662524147, 52.167960383145456 ], [ 4.809500894628616, 52.16804511118724 ], [ 4.809452126547283, 52.168129839207396 ], [ 4.809463059836592, 52.168132426706904 ], [ 4.80959947208881, 52.168164710260378 ], [ 4.809735884538994, 52.168196993656174 ], [ 4.809872297187141, 52.168229276894394 ], [ 4.810008710033252, 52.168261559975015 ], [ 4.810057711591658, 52.168176882872132 ], [ 4.810106712963488, 52.168092205747406 ], [ 4.810155714148744, 52.168007528600818 ], [ 4.810204715147426, 52.167922851432344 ], [ 4.810253715959536, 52.16783817424205 ], [ 4.810302716585078, 52.167753497029878 ], [ 4.810351717024047, 52.167668819795836 ], [ 4.810400717276452, 52.167584142539965 ], [ 4.810449717342288, 52.167499465262239 ], [ 4.810498717221557, 52.16741478796262 ], [ 4.810547716914261, 52.167330110641167 ], [ 4.810596716420403, 52.167245433297829 ], [ 4.810645715739985, 52.167160755932663 ], [ 4.810694714873001, 52.167076078545641 ], [ 4.810743713819459, 52.166991401136741 ], [ 4.810792712579357, 52.166906723705985 ], [ 4.810841711152699, 52.166822046253401 ], [ 4.810890709539484, 52.166737368778918 ], [ 4.810939707739713, 52.1666526912826 ], [ 4.810988705753389, 52.16656801376444 ], [ 4.811037703580512, 52.16648333622441 ], [ 4.811086701221082, 52.166398658662565 ], [ 4.811135698675101, 52.16631398107878 ], [ 4.811184695942572, 52.166229303473216 ], [ 4.811233693023492, 52.166144625845753 ], [ 4.811282689917867, 52.16605994819647 ], [ 4.811331686625697, 52.165975270525315 ], [ 4.811380683146981, 52.165890592832319 ], [ 4.811390458604939, 52.165873698464601 ], [ 4.81137301677897, 52.165869893803276 ], [ 4.811235267384784, 52.165839845815604 ], [ 4.811097518176708, 52.165809797667258 ], [ 4.810959769154738, 52.165779749358187 ], [ 4.81082202031887, 52.165749700888412 ] ] ] } },
{ "type": "Feature", "properties": { "reference_id": 161 }, "geometry": { "type": "Polygon", "coordinates": [ [ [ 4.811390458604939, 52.165873698464601 ], [ 4.811380683146981, 52.165890592832319 ], [ 4.811331686625697, 52.165975270525315 ], [ 4.811282689917867, 52.16605994819647 ], [ 4.811233693023492, 52.166144625845753 ], [ 4.811184695942572, 52.166229303473216 ], [ 4.811135698675101, 52.16631398107878 ], [ 4.811086701221082, 52.166398658662565 ], [ 4.811037703580512, 52.16648333622441 ], [ 4.810988705753389, 52.16656801376444 ], [ 4.810939707739713, 52.1666526912826 ], [ 4.810890709539484, 52.166737368778918 ], [ 4.810841711152699, 52.166822046253401 ], [ 4.810792712579357, 52.166906723705985 ], [ 4.810743713819459, 52.166991401136741 ], [ 4.810694714873001, 52.167076078545641 ], [ 4.810645715739985, 52.167160755932663 ], [ 4.810596716420403, 52.167245433297829 ], [ 4.810547716914261, 52.167330110641167 ], [ 4.810498717221557, 52.16741478796262 ], [ 4.810449717342288, 52.167499465262239 ], [ 4.810400717276452, 52.167584142539965 ], [ 4.810351717024047, 52.167668819795836 ], [ 4.810302716585078, 52.167753497029878 ], [ 4.810253715959536, 52.16783817424205 ], [ 4.810204715147426, 52.167922851432344 ], [ 4.810155714148744, 52.168007528600818 ], [ 4.810106712963488, 52.168092205747406 ], [ 4.810057711591658, 52.168176882872132 ], [ 4.810008710033252, 52.168261559975015 ], [ 4.810022721537648, 52.168264876047658 ], [ 4.810159133747454, 52.168297160319845 ], [ 4.810295546155229, 52.168329444434413 ], [ 4.810431958760972, 52.168361728391368 ], [ 4.810568371564686, 52.168394012190717 ], [ 4.81059893960076, 52.168340972024247 ], [ 4.810647762877855, 52.168256255973162 ], [ 4.810696585968964, 52.168171539900335 ], [ 4.810745408874094, 52.168086823805815 ], [ 4.810794231593237, 52.16800210768961 ], [ 4.810843054126402, 52.167917391551683 ], [ 4.810891876473587, 52.167832675392006 ], [ 4.810940698634792, 52.167747959210651 ], [ 4.810989519998799, 52.167663242874404 ], [ 4.811038341176833, 52.167578526516408 ], [ 4.811087162168892, 52.167493810136747 ], [ 4.81113598297498, 52.167409093735365 ], [ 4.811184803595098, 52.167324377312262 ], [ 4.811233624029242, 52.16723966086748 ], [ 4.81128244427742, 52.167154944400949 ], [ 4.811331264339634, 52.167070227912724 ], [ 4.811380084215878, 52.166985511402785 ], [ 4.811428903906156, 52.166900794871161 ], [ 4.811477723410472, 52.166816078317808 ], [ 4.811526542728823, 52.166731361742755 ], [ 4.811575361861215, 52.166646645145967 ], [ 4.811624180807645, 52.166561928527521 ], [ 4.811672999568115, 52.166477211887347 ], [ 4.811721818142629, 52.166392495225466 ], [ 4.811770636531183, 52.166307778541885 ], [ 4.811819454733783, 52.166223061836583 ], [ 4.811868272750428, 52.166138345109559 ], [ 4.811917090581119, 52.166053628360864 ], [ 4.811950387879265, 52.165995845201643 ], [ 4.811846596119613, 52.165973201508422 ], [ 4.811845008168173, 52.165967126793674 ], [ 4.811800681061961, 52.165958839350161 ], [ 4.811795829794953, 52.165962132307953 ], [ 4.811665954734925, 52.165933799574745 ], [ 4.811528206576872, 52.165903749100032 ], [ 4.811390458604939, 52.165873698464601 ] ] ] } },
{ "type": "Feature", "properties": { "reference_id": 162 }, "geometry": { "type": "Polygon", "coordinates": [ [ [ 4.812088137895974, 52.166025892950671 ], [ 4.811950387879265, 52.165995845201643 ], [ 4.811917090581119, 52.166053628360864 ], [ 4.811868272750428, 52.166138345109559 ], [ 4.811819454733783, 52.166223061836583 ], [ 4.811770636531183, 52.166307778541885 ], [ 4.811721818142629, 52.166392495225466 ], [ 4.811672999568115, 52.166477211887347 ], [ 4.811624180807645, 52.166561928527521 ], [ 4.811575361861215, 52.166646645145967 ], [ 4.811526542728823, 52.166731361742755 ], [ 4.811477723410472, 52.166816078317808 ], [ 4.811428903906156, 52.166900794871161 ], [ 4.811380084215878, 52.166985511402785 ], [ 4.811331264339634, 52.167070227912724 ], [ 4.81128244427742, 52.167154944400949 ], [ 4.811233624029242, 52.16723966086748 ], [ 4.811184803595098, 52.167324377312262 ], [ 4.81113598297498, 52.167409093735365 ], [ 4.811087162168892, 52.167493810136747 ], [ 4.811038341176833, 52.167578526516408 ], [ 4.810989519998799, 52.167663242874404 ], [ 4.810940698634792, 52.167747959210651 ], [ 4.810967782778475, 52.167754059472962 ], [ 4.81110503105745, 52.167784972291251 ], [ 4.81124227952718, 52.167815884950031 ], [ 4.811379528187662, 52.167846797449258 ], [ 4.811516777038892, 52.167877709789011 ], [ 4.811552130891381, 52.167816284638384 ], [ 4.811600896982518, 52.167731556248498 ], [ 4.811649662887864, 52.167646827836968 ], [ 4.811698428607422, 52.167562099403781 ], [ 4.811747194141188, 52.167477370948895 ], [ 4.811795959489166, 52.167392642472386 ], [ 4.811844724651362, 52.167307913974199 ], [ 4.81189348962777, 52.167223185454361 ], [ 4.811942254418392, 52.167138456912816 ], [ 4.811991019023234, 52.167053728349678 ], [ 4.812039783442295, 52.166968999764848 ], [ 4.812088547675571, 52.166884271158345 ], [ 4.81213731172307, 52.166799542530178 ], [ 4.812186075584792, 52.166714813880326 ], [ 4.812234839260735, 52.166630085208851 ], [ 4.812283602750903, 52.166545356515719 ], [ 4.812332366055297, 52.166460627800916 ], [ 4.812381129173917, 52.166375899064448 ], [ 4.812429892106763, 52.16629117030633 ], [ 4.81247865485384, 52.166206441526555 ], [ 4.812527417415145, 52.166121712725086 ], [ 4.81250138906272, 52.166116035233451 ], [ 4.812363638487702, 52.166085987966596 ], [ 4.812225888098789, 52.166055940538989 ], [ 4.812088137895974, 52.166025892950671 ] ] ] } },
{ "type": "Feature", "properties": { "reference_id": 163 }, "geometry": { "type": "Polygon", "coordinates": [ [ [ 4.812665167029333, 52.166151761850074 ], [ 4.812527417415145, 52.166121712725086 ], [ 4.81247865485384, 52.166206441526555 ], [ 4.812429892106763, 52.16629117030633 ], [ 4.812381129173917, 52.166375899064448 ], [ 4.812332366055297, 52.166460627800916 ], [ 4.812283602750903, 52.166545356515719 ], [ 4.812234839260735, 52.166630085208851 ], [ 4.812186075584792, 52.166714813880326 ], [ 4.81213731172307, 52.166799542530178 ], [ 4.812088547675571, 52.166884271158345 ], [ 4.812039783442295, 52.166968999764848 ], [ 4.811991019023234, 52.167053728349678 ], [ 4.811942254418392, 52.167138456912816 ], [ 4.81189348962777, 52.167223185454361 ], [ 4.811844724651362, 52.167307913974199 ], [ 4.811795959489166, 52.167392642472386 ], [ 4.811747194141188, 52.167477370948895 ], [ 4.811698428607422, 52.167562099403781 ], [ 4.811649662887864, 52.167646827836968 ], [ 4.811600896982518, 52.167731556248498 ], [ 4.811552130891381, 52.167816284638384 ], [ 4.811516777038892, 52.167877709789011 ], [ 4.811480052419209, 52.167941513240464 ], [ 4.811431283740708, 52.168026241113765 ], [ 4.811382514876406, 52.168110968965394 ], [ 4.811333745826299, 52.168195696795337 ], [ 4.811288470916773, 52.168274357917646 ], [ 4.811239703750016, 52.168359086193682 ], [ 4.811190936397461, 52.168443814448032 ], [ 4.811142168859103, 52.168528542680733 ], [ 4.811093401134947, 52.168613270891754 ], [ 4.811044633224984, 52.168697999081083 ], [ 4.810995865129221, 52.168782727248818 ], [ 4.81094709684765, 52.168867455394832 ], [ 4.810898328380271, 52.168952183519202 ], [ 4.810849559727089, 52.169036911621866 ], [ 4.810800790888095, 52.169121639702887 ], [ 4.810752021863292, 52.169206367762257 ], [ 4.810703252652679, 52.169291095799927 ], [ 4.810654483256252, 52.16937582381594 ], [ 4.810605713674012, 52.169460551810275 ], [ 4.810556943905959, 52.169545279782966 ], [ 4.81050817395209, 52.169630007734014 ], [ 4.810459403812403, 52.169714735663334 ], [ 4.810410633486897, 52.16979946357101 ], [ 4.810361862975574, 52.169884191457015 ], [ 4.810313092278431, 52.169968919321327 ], [ 4.810264321395464, 52.170053647164004 ], [ 4.810215550326674, 52.170138374985001 ], [ 4.810166779072063, 52.170223102784313 ], [ 4.810118007631626, 52.170307830561946 ], [ 4.810069236005364, 52.170392558317928 ], [ 4.810020464193273, 52.170477286052268 ], [ 4.809971692195352, 52.170562013764872 ], [ 4.809922920011604, 52.170646741455833 ], [ 4.809874147642024, 52.170731469125123 ], [ 4.809825375086612, 52.170816196772734 ], [ 4.809963355613701, 52.17078652563238 ], [ 4.810101335957782, 52.1707568543302 ], [ 4.810239316118854, 52.170727182866273 ], [ 4.810377296096916, 52.17069751124054 ], [ 4.810515275891966, 52.170667839453024 ], [ 4.810576035781048, 52.170654773313025 ], [ 4.810711980534169, 52.1706255430136 ], [ 4.810854083451136, 52.170604476398523 ], [ 4.810996186234509, 52.170583409612043 ], [ 4.811115917148968, 52.170565659314406 ], [ 4.811260194437876, 52.170551224468184 ], [ 4.811270101685291, 52.170550233247859 ], [ 4.811271945865735, 52.170550053497287 ], [ 4.811417918225088, 52.170554781965954 ], [ 4.811546356068595, 52.170558942290604 ], [ 4.811692464930736, 52.17055624282375 ], [ 4.81181539028352, 52.170553971548586 ], [ 4.811913678955579, 52.170546217598279 ], [ 4.811962257518347, 52.170461447880527 ], [ 4.812010835895932, 52.170376678141281 ], [ 4.812059414088331, 52.170291908380506 ], [ 4.812107992095549, 52.170207138598229 ], [ 4.812156569917585, 52.170122368794431 ], [ 4.812205147554443, 52.170037598969145 ], [ 4.812253725006122, 52.16995282912233 ], [ 4.812302302272622, 52.169868059254028 ], [ 4.812350879353946, 52.169783289364176 ], [ 4.812399456250097, 52.16969851945283 ], [ 4.812448032961074, 52.169613749519989 ], [ 4.812496609486874, 52.169528979565627 ], [ 4.812545185827506, 52.169444209589763 ], [ 4.812593761982968, 52.169359439592405 ], [ 4.812642337953258, 52.169274669573504 ], [ 4.81269091373838, 52.169189899533102 ], [ 4.812739489338337, 52.169105129471205 ], [ 4.812788064753127, 52.16902035938778 ], [ 4.812836639982752, 52.168935589282874 ], [ 4.812885215027213, 52.16885081915644 ], [ 4.812933789886513, 52.168766049008532 ], [ 4.812982364560651, 52.168681278839045 ], [ 4.813029108357821, 52.168599703502068 ], [ 4.813048726929428, 52.168565455407311 ], [ 4.813097300804153, 52.168480685108726 ], [ 4.813145874493722, 52.16839591478864 ], [ 4.813194447998137, 52.168311144447031 ], [ 4.813243021317397, 52.168226374083908 ], [ 4.813291594451505, 52.168141603699276 ], [ 4.813340167400461, 52.168056833293164 ], [ 4.813388740164267, 52.167972062865545 ], [ 4.813437312742924, 52.167887292416374 ], [ 4.813485885136433, 52.167802521945767 ], [ 4.813534457344794, 52.167717751453594 ], [ 4.813583029368011, 52.167632980939942 ], [ 4.813631601206082, 52.167548210404803 ], [ 4.81368017285901, 52.167463439848163 ], [ 4.813728744326798, 52.167378669269979 ], [ 4.813777315609442, 52.16729389867033 ], [ 4.813825886706949, 52.167209128049194 ], [ 4.813874457619316, 52.167124357406529 ], [ 4.813923028346546, 52.167039586742384 ], [ 4.813971598888639, 52.166954816056702 ], [ 4.814020169245596, 52.166870045349505 ], [ 4.814068739417423, 52.16678527462085 ], [ 4.814117309404113, 52.166700503870679 ], [ 4.814165879205672, 52.166615733099007 ], [ 4.814214448822102, 52.166530962305835 ], [ 4.8142354665913, 52.166494278916431 ], [ 4.814109805619829, 52.166466870236889 ], [ 4.813972053329234, 52.166436824053697 ], [ 4.813972205589432, 52.166417006020282 ], [ 4.813945423386293, 52.166410539311372 ], [ 4.813921592067421, 52.166425820170922 ], [ 4.813799050665371, 52.166399091473323 ], [ 4.813661298817848, 52.166369044887183 ], [ 4.81352499361357, 52.166339314828271 ], [ 4.813387241524294, 52.166309268983404 ], [ 4.813249489621111, 52.16627922297782 ], [ 4.813111737904024, 52.166249176811483 ], [ 4.813078416988562, 52.166241908260687 ], [ 4.812940666816043, 52.166211859617889 ], [ 4.812802916829631, 52.166181810814322 ], [ 4.812665167029333, 52.166151761850074 ] ] ] } },
{ "type": "Feature", "properties": { "reference_id": 164 }, "geometry": { "type": "Polygon", "coordinates": [ [ [ 4.808906480992706, 52.168000701112582 ], [ 4.808875159596069, 52.167993288169114 ], [ 4.808826458245433, 52.168078030687248 ], [ 4.808777756709217, 52.168162773183695 ], [ 4.808729054987417, 52.168247515658585 ], [ 4.808680353080031, 52.168332258111846 ], [ 4.808631650987064, 52.168417000543513 ], [ 4.808582948708508, 52.168501742953545 ], [ 4.808534246244363, 52.16858648534199 ], [ 4.808485543594631, 52.168671227708799 ], [ 4.808436840759311, 52.168755970054001 ], [ 4.808388137738397, 52.168840712377559 ], [ 4.808339434531895, 52.168925454679552 ], [ 4.808290731139795, 52.169010196959903 ], [ 4.808242027562104, 52.169094939218638 ], [ 4.808193323798815, 52.169179681455752 ], [ 4.808144619849933, 52.169264423671258 ], [ 4.808095915715448, 52.169349165865142 ], [ 4.808047211395365, 52.169433908037448 ], [ 4.807998506889682, 52.169518650188081 ], [ 4.807989143259404, 52.169534942156012 ], [ 4.807940438450959, 52.169619684263168 ], [ 4.807891733456908, 52.169704426348787 ], [ 4.807843028277254, 52.169789168412713 ], [ 4.807794322911994, 52.169873910455024 ], [ 4.807745617361128, 52.169958652475735 ], [ 4.807696911624655, 52.170043394474817 ], [ 4.807648205702572, 52.170128136452327 ], [ 4.807599499594877, 52.170212878408158 ], [ 4.807550793301573, 52.170297620342403 ], [ 4.807502086822657, 52.170382362255047 ], [ 4.807453380158127, 52.170467104146056 ], [ 4.807404673307981, 52.170551846015414 ], [ 4.807355966272219, 52.170636587863164 ], [ 4.807307259050843, 52.170721329689307 ], [ 4.807258551643844, 52.170806071493836 ], [ 4.80720984405123, 52.170890813276742 ], [ 4.807161136272994, 52.170975555038012 ], [ 4.807112428309134, 52.171060296777682 ], [ 4.807063720159653, 52.171145038495716 ], [ 4.807015011824547, 52.171229780192121 ], [ 4.806966303303817, 52.17131452186694 ], [ 4.80691759459746, 52.171399263520108 ], [ 4.806872674665835, 52.171477413294014 ], [ 4.807010091272549, 52.171446765300921 ], [ 4.807147507690972, 52.171416117147302 ], [ 4.807284923921107, 52.171385468833201 ], [ 4.807422339962952, 52.171354820358637 ], [ 4.807559755816507, 52.171324171723583 ], [ 4.807621265786842, 52.171310452741388 ], [ 4.80767004102124, 52.171225725573414 ], [ 4.807718816069794, 52.17114099838372 ], [ 4.807767590932501, 52.171056271172347 ], [ 4.807816365609366, 52.170971543939359 ], [ 4.807865140100388, 52.170886816684636 ], [ 4.807913914405569, 52.170802089408241 ], [ 4.807962688524908, 52.170717362110175 ], [ 4.808011462458412, 52.170632634790486 ], [ 4.808060236206074, 52.170547907449063 ], [ 4.808109009767902, 52.17046318008601 ], [ 4.808157783143894, 52.17037845270125 ], [ 4.80820655633405, 52.170293725294833 ], [ 4.808255329338376, 52.170208997866723 ], [ 4.808304102156868, 52.17012427041697 ], [ 4.808352874789531, 52.170039542945503 ], [ 4.808401647236362, 52.1699548154524 ], [ 4.808450419497368, 52.169870087937589 ], [ 4.808499191572542, 52.169785360401136 ], [ 4.808547963461894, 52.169700632843025 ], [ 4.808596735165417, 52.169615905263221 ], [ 4.808645506683119, 52.169531177661703 ], [ 4.808694278014999, 52.169446450038578 ], [ 4.808743049161055, 52.169361722393752 ], [ 4.808791820121294, 52.169276994727248 ], [ 4.808840590895712, 52.169192267039101 ], [ 4.808889361484312, 52.169107539329261 ], [ 4.808938131887096, 52.169022811597792 ], [ 4.808986902104063, 52.168938083844616 ], [ 4.809035672135217, 52.168853356069739 ], [ 4.809084441980557, 52.168768628273241 ], [ 4.809133211640084, 52.168683900455065 ], [ 4.809181981113802, 52.168599172615188 ], [ 4.809230750401711, 52.168514444753697 ], [ 4.809279519503807, 52.168429716870499 ], [ 4.8093282884201, 52.168344988965636 ], [ 4.809377057150584, 52.168260261039116 ], [ 4.809425825695264, 52.168175533090924 ], [ 4.809452126547283, 52.168129839207396 ], [ 4.809315714861685, 52.168097554920131 ], [ 4.809179303374055, 52.168065270475211 ], [ 4.809042892084396, 52.168032985872699 ], [ 4.808906480992706, 52.168000701112582 ] ] ] } },
{ "type": "Feature", "properties": { "reference_id": 165 }, "geometry": { "type": "Polygon", "coordinates": [ [ [ 4.809463059836592, 52.168132426706904 ], [ 4.809452126547283, 52.168129839207396 ], [ 4.809425825695264, 52.168175533090924 ], [ 4.809377057150584, 52.168260261039116 ], [ 4.8093282884201, 52.168344988965636 ], [ 4.809279519503807, 52.168429716870499 ], [ 4.809230750401711, 52.168514444753697 ], [ 4.809181981113802, 52.168599172615188 ], [ 4.809133211640084, 52.168683900455065 ], [ 4.809084441980557, 52.168768628273241 ], [ 4.809035672135217, 52.168853356069739 ], [ 4.808986902104063, 52.168938083844616 ], [ 4.808938131887096, 52.169022811597792 ], [ 4.808889361484312, 52.169107539329261 ], [ 4.808840590895712, 52.169192267039101 ], [ 4.808791820121294, 52.169276994727248 ], [ 4.808743049161055, 52.169361722393752 ], [ 4.808694278014999, 52.169446450038578 ], [ 4.808645506683119, 52.169531177661703 ], [ 4.808596735165417, 52.169615905263221 ], [ 4.808547963461894, 52.169700632843025 ], [ 4.808499191572542, 52.169785360401136 ], [ 4.808450419497368, 52.169870087937589 ], [ 4.808401647236362, 52.1699548154524 ], [ 4.808352874789531, 52.170039542945503 ], [ 4.808304102156868, 52.17012427041697 ], [ 4.808255329338376, 52.170208997866723 ], [ 4.80820655633405, 52.170293725294833 ], [ 4.808157783143894, 52.17037845270125 ], [ 4.808109009767902, 52.17046318008601 ], [ 4.808060236206074, 52.170547907449063 ], [ 4.808011462458412, 52.170632634790486 ], [ 4.807962688524908, 52.170717362110175 ], [ 4.807913914405569, 52.170802089408241 ], [ 4.807865140100388, 52.170886816684636 ], [ 4.807816365609366, 52.170971543939359 ], [ 4.807767590932501, 52.171056271172347 ], [ 4.807718816069794, 52.17114099838372 ], [ 4.80767004102124, 52.171225725573414 ], [ 4.807621265786842, 52.171310452741388 ], [ 4.807758680920127, 52.171279803115162 ], [ 4.807896095865118, 52.171249153328503 ], [ 4.808003967143943, 52.171225092982077 ], [ 4.80814124744569, 52.171194216217707 ], [ 4.808278527557927, 52.171163339293223 ], [ 4.808336975842294, 52.171150193093887 ], [ 4.808385983759701, 52.171065516735482 ], [ 4.808434991490494, 52.17098084035522 ], [ 4.808483999034673, 52.170896163953046 ], [ 4.808533006392239, 52.170811487529029 ], [ 4.808582013563191, 52.170726811083171 ], [ 4.808631020547534, 52.170642134615413 ], [ 4.80868002734527, 52.170557458125785 ], [ 4.808729033956396, 52.170472781614293 ], [ 4.808778040380916, 52.170388105080917 ], [ 4.808827046618827, 52.170303428525706 ], [ 4.808876052670136, 52.170218751948639 ], [ 4.808925058534843, 52.170134075349658 ], [ 4.808974064212943, 52.170049398728864 ], [ 4.809023069704447, 52.169964722086178 ], [ 4.809072075009347, 52.169880045421642 ], [ 4.809121080127652, 52.169795368735201 ], [ 4.809170085059357, 52.169710692026939 ], [ 4.809219089804465, 52.169626015296821 ], [ 4.809268094362979, 52.169541338544768 ], [ 4.809317098734899, 52.169456661770937 ], [ 4.809366102920225, 52.169371984975172 ], [ 4.809415106918959, 52.169287308157571 ], [ 4.809464110731105, 52.169202631318115 ], [ 4.809513114356659, 52.169117954456787 ], [ 4.809562117795624, 52.169033277573568 ], [ 4.809611121048006, 52.168948600668571 ], [ 4.809660124113799, 52.168863923741675 ], [ 4.809709126993008, 52.168779246792866 ], [ 4.809758129685632, 52.168694569822215 ], [ 4.809807132191676, 52.168609892829743 ], [ 4.809856134511137, 52.168525215815386 ], [ 4.809905136644019, 52.168440538779159 ], [ 4.809954138590323, 52.168355861721096 ], [ 4.810003140350046, 52.168271184641164 ], [ 4.810008710033252, 52.168261559975015 ], [ 4.809872297187141, 52.168229276894394 ], [ 4.809735884538994, 52.168196993656174 ], [ 4.80959947208881, 52.168164710260378 ], [ 4.809463059836592, 52.168132426706904 ] ] ] } },
{ "type": "Feature", "properties": { "reference_id": 166 }, "geometry": { "type": "Polygon", "coordinates": [ [ [ 4.806996091385991, 52.169318347294862 ], [ 4.806858331603069, 52.169288298913706 ], [ 4.806824804156566, 52.169346663753963 ], [ 4.806776121491434, 52.169431410626039 ], [ 4.806727438640774, 52.169516157476515 ], [ 4.806678755604582, 52.169600904305348 ], [ 4.806630072382859, 52.169685651112644 ], [ 4.806581388975602, 52.169770397898318 ], [ 4.806532705382812, 52.169855144662364 ], [ 4.806484021604486, 52.169939891404852 ], [ 4.806435337640623, 52.170024638125724 ], [ 4.806386653491223, 52.170109384824983 ], [ 4.806337969156282, 52.170194131502662 ], [ 4.806289284635803, 52.170278878158747 ], [ 4.806240599929781, 52.170363624793175 ], [ 4.806191915038219, 52.170448371406046 ], [ 4.806143229961112, 52.17053311799733 ], [ 4.806094544698458, 52.170617864566964 ], [ 4.80604585925026, 52.170702611115011 ], [ 4.805997173616515, 52.170787357641451 ], [ 4.805948487797222, 52.170872104146319 ], [ 4.805899801792379, 52.17095685062958 ], [ 4.805851115601985, 52.171041597091204 ], [ 4.80580242922604, 52.171126343531235 ], [ 4.805753742664542, 52.171211089949701 ], [ 4.805705055917492, 52.171295836346523 ], [ 4.805656368984882, 52.171380582721746 ], [ 4.805607681866719, 52.17146532907536 ], [ 4.805558994562997, 52.171550075407389 ], [ 4.805510307073716, 52.171634821717809 ], [ 4.805461619398876, 52.171719568006608 ], [ 4.805412931538474, 52.1718043142738 ], [ 4.80543797130569, 52.171798691850817 ], [ 4.805575280297333, 52.171767860404834 ], [ 4.805712589099703, 52.17173702879861 ], [ 4.805849897712802, 52.171706197032194 ], [ 4.805987206136627, 52.171675365105486 ], [ 4.806124514371177, 52.171644533018551 ], [ 4.806173328489851, 52.171559814246855 ], [ 4.806222142422545, 52.171475095453516 ], [ 4.806270956169262, 52.171390376638399 ], [ 4.806319769730004, 52.171305657801625 ], [ 4.806368583104771, 52.171220938943115 ], [ 4.806417396293566, 52.171136220062913 ], [ 4.806466209296384, 52.171051501160967 ], [ 4.806515022113232, 52.170966782237336 ], [ 4.806563834744112, 52.170882063292019 ], [ 4.806612647189024, 52.17079734432496 ], [ 4.806661459447966, 52.170712625336193 ], [ 4.806710271520941, 52.170627906325748 ], [ 4.806759083407951, 52.17054318729361 ], [ 4.806807895108998, 52.170458468239708 ], [ 4.806856706624081, 52.170373749164114 ], [ 4.806905517953201, 52.170289030066854 ], [ 4.806954329096362, 52.170204310947888 ], [ 4.807003140053562, 52.170119591807179 ], [ 4.807051950824805, 52.170034872644777 ], [ 4.807100761410089, 52.169950153460668 ], [ 4.807149571809418, 52.169865434254874 ], [ 4.807198382022792, 52.169780715027336 ], [ 4.807247192050212, 52.169695995778113 ], [ 4.80729600189168, 52.169611276507204 ], [ 4.807344811547195, 52.169526557214581 ], [ 4.80739362101676, 52.16944183790023 ], [ 4.807412446517764, 52.169409162109169 ], [ 4.80740937185162, 52.169408491473916 ], [ 4.807271611510268, 52.169378443574956 ], [ 4.807133851355058, 52.169348395515257 ], [ 4.806996091385991, 52.169318347294862 ] ] ] } },
{ "type": "Feature", "properties": { "reference_id": 167 }, "geometry": { "type": "Polygon", "coordinates": [ [ [ 4.809219089804465, 52.169626015296821 ], [ 4.809170085059357, 52.169710692026939 ], [ 4.809121080127652, 52.169795368735201 ], [ 4.809072075009347, 52.169880045421642 ], [ 4.809023069704447, 52.169964722086178 ], [ 4.808974064212943, 52.170049398728864 ], [ 4.808925058534843, 52.170134075349658 ], [ 4.808876052670136, 52.170218751948639 ], [ 4.808827046618827, 52.170303428525706 ], [ 4.808778040380916, 52.170388105080917 ], [ 4.808729033956396, 52.170472781614293 ], [ 4.80868002734527, 52.170557458125785 ], [ 4.808631020547534, 52.170642134615413 ], [ 4.808582013563191, 52.170726811083171 ], [ 4.808533006392239, 52.170811487529029 ], [ 4.808483999034673, 52.170896163953046 ], [ 4.808434991490494, 52.17098084035522 ], [ 4.808385983759701, 52.171065516735482 ], [ 4.808336975842294, 52.171150193093887 ], [ 4.808474254941666, 52.171119314692753 ], [ 4.808611533851517, 52.17108843613142 ], [ 4.808748812571849, 52.171057557409966 ], [ 4.80888609110266, 52.1710266785283 ], [ 4.809023369443951, 52.170995799486498 ], [ 4.809075619678069, 52.170984046398139 ], [ 4.80912444795174, 52.170899330848769 ], [ 4.809173276039394, 52.17081461527772 ], [ 4.809222103941032, 52.170729899684979 ], [ 4.809270931656653, 52.17064518407048 ], [ 4.809319759186258, 52.170560468434296 ], [ 4.809368586529851, 52.170475752776383 ], [ 4.809417413687429, 52.170391037096707 ], [ 4.809466240658998, 52.170306321395387 ], [ 4.809515067444554, 52.170221605672303 ], [ 4.809563894044103, 52.17013688992752 ], [ 4.809612720457642, 52.170052174161015 ], [ 4.809661546685176, 52.169967458372774 ], [ 4.809710372726705, 52.169882742562862 ], [ 4.809759198582227, 52.1697980267312 ], [ 4.809808024251748, 52.169713310877789 ], [ 4.809856849735266, 52.169628595002749 ], [ 4.809905675032783, 52.169543879105959 ], [ 4.809954500144299, 52.169459163187419 ], [ 4.810003325069818, 52.169374447247193 ], [ 4.81005214980934, 52.169289731285282 ], [ 4.810100974362864, 52.169205015301586 ], [ 4.810149798730393, 52.16912029929621 ], [ 4.81019862291193, 52.169035583269128 ], [ 4.810247446907471, 52.168950867220325 ], [ 4.810296270717024, 52.168866151149821 ], [ 4.810345094340583, 52.168781435057561 ], [ 4.810393917778155, 52.168696718943643 ], [ 4.81044274102974, 52.168612002807983 ], [ 4.810491564095336, 52.168527286650615 ], [ 4.810540386974946, 52.16844257047152 ], [ 4.810568371564686, 52.168394012190717 ], [ 4.810431958760972, 52.168361728391368 ], [ 4.810295546155229, 52.168329444434413 ], [ 4.810159133747454, 52.168297160319845 ], [ 4.810022721537648, 52.168264876047658 ], [ 4.810008710033252, 52.168261559975015 ], [ 4.810003140350046, 52.168271184641164 ], [ 4.809954138590323, 52.168355861721096 ], [ 4.809905136644019, 52.168440538779159 ], [ 4.809856134511137, 52.168525215815386 ], [ 4.809807132191676, 52.168609892829743 ], [ 4.809758129685632, 52.168694569822215 ], [ 4.809709126993008, 52.168779246792866 ], [ 4.809660124113799, 52.168863923741675 ], [ 4.809611121048006, 52.168948600668571 ], [ 4.809562117795624, 52.169033277573568 ], [ 4.809513114356659, 52.169117954456787 ], [ 4.809464110731105, 52.169202631318115 ], [ 4.809415106918959, 52.169287308157571 ], [ 4.809366102920225, 52.169371984975172 ], [ 4.809317098734899, 52.169456661770937 ], [ 4.809268094362979, 52.169541338544768 ], [ 4.809219089804465, 52.169626015296821 ] ] ] } },
{ "type": "Feature", "properties": { "reference_id": 168 }, "geometry": { "type": "Polygon", "coordinates": [ [ [ 4.807550207688776, 52.169439208735518 ], [ 4.807412446517764, 52.169409162109169 ], [ 4.80739362101676, 52.16944183790023 ], [ 4.807344811547195, 52.169526557214581 ], [ 4.80729600189168, 52.169611276507204 ], [ 4.807247192050212, 52.169695995778113 ], [ 4.807198382022792, 52.169780715027336 ], [ 4.807149571809418, 52.169865434254874 ], [ 4.807100761410089, 52.169950153460668 ], [ 4.807051950824805, 52.170034872644777 ], [ 4.807003140053562, 52.170119591807179 ], [ 4.806954329096362, 52.170204310947888 ], [ 4.806905517953201, 52.170289030066854 ], [ 4.806856706624081, 52.170373749164114 ], [ 4.806807895108998, 52.170458468239708 ], [ 4.806759083407951, 52.17054318729361 ], [ 4.806710271520941, 52.170627906325748 ], [ 4.806661459447966, 52.170712625336193 ], [ 4.806612647189024, 52.17079734432496 ], [ 4.806563834744112, 52.170882063292019 ], [ 4.806515022113232, 52.170966782237336 ], [ 4.806466209296384, 52.171051501160967 ], [ 4.806417396293566, 52.171136220062913 ], [ 4.806368583104771, 52.171220938943115 ], [ 4.806319769730004, 52.171305657801625 ], [ 4.806270956169262, 52.171390376638399 ], [ 4.806222142422545, 52.171475095453516 ], [ 4.806173328489851, 52.171559814246855 ], [ 4.806124514371177, 52.171644533018551 ], [ 4.806153891162212, 52.171637935743931 ], [ 4.806291197227014, 52.171607100196603 ], [ 4.806323007523528, 52.171600005640492 ], [ 4.806460424591538, 52.171569357794603 ], [ 4.806597841471262, 52.17153870978823 ], [ 4.806735258162694, 52.171508061621367 ], [ 4.806872674665835, 52.171477413294014 ], [ 4.80691759459746, 52.171399263520108 ], [ 4.806966303303817, 52.17131452186694 ], [ 4.807015011824547, 52.171229780192121 ], [ 4.807063720159653, 52.171145038495716 ], [ 4.807112428309134, 52.171060296777682 ], [ 4.807161136272994, 52.170975555038012 ], [ 4.80720984405123, 52.170890813276742 ], [ 4.807258551643844, 52.170806071493836 ], [ 4.807307259050843, 52.170721329689307 ], [ 4.807355966272219, 52.170636587863164 ], [ 4.807404673307981, 52.170551846015414 ], [ 4.807453380158127, 52.170467104146056 ], [ 4.807502086822657, 52.170382362255047 ], [ 4.807550793301573, 52.170297620342403 ], [ 4.807599499594877, 52.170212878408158 ], [ 4.807648205702572, 52.170128136452327 ], [ 4.807696911624655, 52.170043394474817 ], [ 4.807745617361128, 52.169958652475735 ], [ 4.807794322911994, 52.169873910455024 ], [ 4.807843028277254, 52.169789168412713 ], [ 4.807891733456908, 52.169704426348787 ], [ 4.807940438450959, 52.169619684263168 ], [ 4.807989143259404, 52.169534942156012 ], [ 4.807963492318615, 52.169529347650162 ], [ 4.807825730589202, 52.169499301505986 ], [ 4.807687969045922, 52.169469255201122 ], [ 4.807550207688776, 52.169439208735518 ] ] ] } },
{ "type": "Feature", "properties": { "reference_id": 169 }, "geometry": { "type": "Polygon", "coordinates": [ [ [ 4.810540386974946, 52.16844257047152 ], [ 4.810491564095336, 52.168527286650615 ], [ 4.81044274102974, 52.168612002807983 ], [ 4.810393917778155, 52.168696718943643 ], [ 4.810345094340583, 52.168781435057561 ], [ 4.810296270717024, 52.168866151149821 ], [ 4.810247446907471, 52.168950867220325 ], [ 4.81019862291193, 52.169035583269128 ], [ 4.810149798730393, 52.16912029929621 ], [ 4.810100974362864, 52.169205015301586 ], [ 4.81005214980934, 52.169289731285282 ], [ 4.810003325069818, 52.169374447247193 ], [ 4.809954500144299, 52.169459163187419 ], [ 4.809905675032783, 52.169543879105959 ], [ 4.809856849735266, 52.169628595002749 ], [ 4.809808024251748, 52.169713310877789 ], [ 4.809759198582227, 52.1697980267312 ], [ 4.809710372726705, 52.169882742562862 ], [ 4.809661546685176, 52.169967458372774 ], [ 4.809612720457642, 52.170052174161015 ], [ 4.809563894044103, 52.17013688992752 ], [ 4.809515067444554, 52.170221605672303 ], [ 4.809466240658998, 52.170306321395387 ], [ 4.809417413687429, 52.170391037096707 ], [ 4.809368586529851, 52.170475752776383 ], [ 4.809319759186258, 52.170560468434296 ], [ 4.809270931656653, 52.17064518407048 ], [ 4.809222103941032, 52.170729899684979 ], [ 4.809173276039394, 52.17081461527772 ], [ 4.80912444795174, 52.170899330848769 ], [ 4.809075619678069, 52.170984046398139 ], [ 4.80921289751427, 52.170953166726022 ], [ 4.809350175160948, 52.17092228689377 ], [ 4.809487452618098, 52.170891406901383 ], [ 4.809624729885724, 52.170860526748804 ], [ 4.809744209186346, 52.170833650036023 ], [ 4.809825375086612, 52.170816196772734 ], [ 4.809874147642024, 52.170731469125123 ], [ 4.809922920011604, 52.170646741455833 ], [ 4.809971692195352, 52.170562013764872 ], [ 4.810020464193273, 52.170477286052268 ], [ 4.810069236005364, 52.170392558317928 ], [ 4.810118007631626, 52.170307830561946 ], [ 4.810166779072063, 52.170223102784313 ], [ 4.810215550326674, 52.170138374985001 ], [ 4.810264321395464, 52.170053647164004 ], [ 4.810313092278431, 52.169968919321327 ], [ 4.810361862975574, 52.169884191457015 ], [ 4.810410633486897, 52.16979946357101 ], [ 4.810459403812403, 52.169714735663334 ], [ 4.81050817395209, 52.169630007734014 ], [ 4.810556943905959, 52.169545279782966 ], [ 4.810605713674012, 52.169460551810275 ], [ 4.810654483256252, 52.16937582381594 ], [ 4.810703252652679, 52.169291095799927 ], [ 4.810752021863292, 52.169206367762257 ], [ 4.810800790888095, 52.169121639702887 ], [ 4.810849559727089, 52.169036911621866 ], [ 4.810898328380271, 52.168952183519202 ], [ 4.81094709684765, 52.168867455394832 ], [ 4.810995865129221, 52.168782727248818 ], [ 4.811044633224984, 52.168697999081083 ], [ 4.811093401134947, 52.168613270891754 ], [ 4.811142168859103, 52.168528542680733 ], [ 4.811190936397461, 52.168443814448032 ], [ 4.811239703750016, 52.168359086193682 ], [ 4.811288470916773, 52.168274357917646 ], [ 4.811333745826299, 52.168195696795337 ], [ 4.811382514876406, 52.168110968965394 ], [ 4.811431283740708, 52.168026241113765 ], [ 4.811480052419209, 52.167941513240464 ], [ 4.811516777038892, 52.167877709789011 ], [ 4.811379528187662, 52.167846797449258 ], [ 4.81124227952718, 52.167815884950031 ], [ 4.81110503105745, 52.167784972291251 ], [ 4.810967782778475, 52.167754059472962 ], [ 4.810940698634792, 52.167747959210651 ], [ 4.810891876473587, 52.167832675392006 ], [ 4.810843054126402, 52.167917391551683 ], [ 4.810794231593237, 52.16800210768961 ], [ 4.810745408874094, 52.168086823805815 ], [ 4.810696585968964, 52.168171539900335 ], [ 4.810647762877855, 52.168256255973162 ], [ 4.81059893960076, 52.168340972024247 ], [ 4.810568371564686, 52.168394012190717 ], [ 4.810540386974946, 52.16844257047152 ] ] ] } },
{ "type": "Feature", "properties": { "reference_id": 170 }, "geometry": { "type": "Polygon", "coordinates": [ [ [ 4.812982364560651, 52.168681278839045 ], [ 4.812933789886513, 52.168766049008532 ], [ 4.812885215027213, 52.16885081915644 ], [ 4.812836639982752, 52.168935589282874 ], [ 4.812788064753127, 52.16902035938778 ], [ 4.812739489338337, 52.169105129471205 ], [ 4.81269091373838, 52.169189899533102 ], [ 4.812642337953258, 52.169274669573504 ], [ 4.812593761982968, 52.169359439592405 ], [ 4.812545185827506, 52.169444209589763 ], [ 4.812496609486874, 52.169528979565627 ], [ 4.812448032961074, 52.169613749519989 ], [ 4.812399456250097, 52.16969851945283 ], [ 4.812350879353946, 52.169783289364176 ], [ 4.812302302272622, 52.169868059254028 ], [ 4.812253725006122, 52.16995282912233 ], [ 4.812205147554443, 52.170037598969145 ], [ 4.812156569917585, 52.170122368794431 ], [ 4.812107992095549, 52.170207138598229 ], [ 4.812059414088331, 52.170291908380506 ], [ 4.812010835895932, 52.170376678141281 ], [ 4.811962257518347, 52.170461447880527 ], [ 4.811913678955579, 52.170546217598279 ], [ 4.812000811529572, 52.170539347868569 ], [ 4.8121457991483, 52.17052791656856 ], [ 4.812156622087394, 52.170527043728775 ], [ 4.812301555401032, 52.170515355163133 ], [ 4.812446488639396, 52.170503666419336 ], [ 4.812591421802485, 52.170491977497335 ], [ 4.812640172731753, 52.170407245208146 ], [ 4.812688923475267, 52.170322512897251 ], [ 4.812737674033026, 52.170237780564705 ], [ 4.812786424405029, 52.170153048210537 ], [ 4.812835174591285, 52.170068315834698 ], [ 4.812883924591787, 52.169983583437215 ], [ 4.812932674406538, 52.169898851018033 ], [ 4.812981424035542, 52.169814118577257 ], [ 4.813030173478797, 52.169729386114817 ], [ 4.813078922736306, 52.169644653630705 ], [ 4.813127671808071, 52.169559921124971 ], [ 4.813176420694091, 52.169475188597566 ], [ 4.813225169394368, 52.169390456048518 ], [ 4.813273917908903, 52.169305723477805 ], [ 4.813322666237697, 52.169220990885442 ], [ 4.813371414380753, 52.169136258271472 ], [ 4.81342016233807, 52.169051525635815 ], [ 4.81346891010965, 52.168966792978516 ], [ 4.813517657695495, 52.168882060299566 ], [ 4.813566405095605, 52.168797327599002 ], [ 4.813606169876554, 52.168728208226298 ], [ 4.813468736085581, 52.168697603681863 ], [ 4.813331302483729, 52.1686669989775 ], [ 4.813193869070991, 52.168636394113101 ], [ 4.81305643584737, 52.168605789088772 ], [ 4.813029108357821, 52.168599703502068 ], [ 4.812982364560651, 52.168681278839045 ] ] ] } },
{ "type": "Feature", "properties": { "reference_id": 171 }, "geometry": { "type": "Polygon", "coordinates": [ [ [ 4.813127671808071, 52.169559921124971 ], [ 4.813078922736306, 52.169644653630705 ], [ 4.813030173478797, 52.169729386114817 ], [ 4.812981424035542, 52.169814118577257 ], [ 4.812932674406538, 52.169898851018033 ], [ 4.812883924591787, 52.169983583437215 ], [ 4.812835174591285, 52.170068315834698 ], [ 4.812786424405029, 52.170153048210537 ], [ 4.812737674033026, 52.170237780564705 ], [ 4.812688923475267, 52.170322512897251 ], [ 4.812640172731753, 52.170407245208146 ], [ 4.812591421802485, 52.170491977497335 ], [ 4.812698865639142, 52.170483313195099 ], [ 4.812843799012963, 52.170471625565241 ], [ 4.812968810157267, 52.170461003393463 ], [ 4.81311360853323, 52.170448699732653 ], [ 4.813258406829998, 52.170436395894022 ], [ 4.813306914509173, 52.170351610851547 ], [ 4.813355422003403, 52.170266825787699 ], [ 4.813403929312685, 52.170182040702372 ], [ 4.813452436437026, 52.170097255595579 ], [ 4.813500943376421, 52.17001247046732 ], [ 4.813549450130874, 52.169927685317646 ], [ 4.813597956700386, 52.169842900146513 ], [ 4.813646463084958, 52.169758114953893 ], [ 4.813694969284591, 52.169673329739844 ], [ 4.813743475299287, 52.16958854450435 ], [ 4.813791981129046, 52.169503759247412 ], [ 4.813840486773869, 52.16941897396903 ], [ 4.813888992233758, 52.16933418866919 ], [ 4.813937497508716, 52.169249403347891 ], [ 4.813986002598739, 52.169164618005148 ], [ 4.814034507503833, 52.169079832640946 ], [ 4.814083012223998, 52.168995047255329 ], [ 4.814131516759235, 52.168910261848232 ], [ 4.814164534085291, 52.168852547719403 ], [ 4.814027099760328, 52.168821943426998 ], [ 4.813889665624481, 52.168791338974657 ], [ 4.81375223167775, 52.168760734362337 ], [ 4.813614797920134, 52.168730129590024 ], [ 4.813606169876554, 52.168728208226298 ], [ 4.813566405095605, 52.168797327599002 ], [ 4.813517657695495, 52.168882060299566 ], [ 4.81346891010965, 52.168966792978516 ], [ 4.81342016233807, 52.169051525635815 ], [ 4.813371414380753, 52.169136258271472 ], [ 4.813322666237697, 52.169220990885442 ], [ 4.813273917908903, 52.169305723477805 ], [ 4.813225169394368, 52.169390456048518 ], [ 4.813176420694091, 52.169475188597566 ], [ 4.813127671808071, 52.169559921124971 ] ] ] } },
{ "type": "Feature", "properties": { "reference_id": 172 }, "geometry": { "type": "Polygon", "coordinates": [ [ [ 4.81437321917904, 52.166524324894084 ], [ 4.8142354665913, 52.166494278916431 ], [ 4.814214448822102, 52.166530962305835 ], [ 4.814165879205672, 52.166615733099007 ], [ 4.814117309404113, 52.166700503870679 ], [ 4.814068739417423, 52.16678527462085 ], [ 4.814020169245596, 52.166870045349505 ], [ 4.813971598888639, 52.166954816056702 ], [ 4.813923028346546, 52.167039586742384 ], [ 4.813874457619316, 52.167124357406529 ], [ 4.813825886706949, 52.167209128049194 ], [ 4.813777315609442, 52.16729389867033 ], [ 4.813728744326798, 52.167378669269979 ], [ 4.81368017285901, 52.167463439848163 ], [ 4.813631601206082, 52.167548210404803 ], [ 4.813583029368011, 52.167632980939942 ], [ 4.813534457344794, 52.167717751453594 ], [ 4.813485885136433, 52.167802521945767 ], [ 4.813437312742924, 52.167887292416374 ], [ 4.813388740164267, 52.167972062865545 ], [ 4.813340167400461, 52.168056833293164 ], [ 4.813291594451505, 52.168141603699276 ], [ 4.813243021317397, 52.168226374083908 ], [ 4.813194447998137, 52.168311144447031 ], [ 4.813145874493722, 52.16839591478864 ], [ 4.813097300804153, 52.168480685108726 ], [ 4.813048726929428, 52.168565455407311 ], [ 4.813029108357821, 52.168599703502068 ], [ 4.81305643584737, 52.168605789088772 ], [ 4.813193869070991, 52.168636394113101 ], [ 4.813331302483729, 52.1686669989775 ], [ 4.813468736085581, 52.168697603681863 ], [ 4.813606169876554, 52.168728208226298 ], [ 4.813654916923556, 52.168643475482959 ], [ 4.813703663784831, 52.168558742717948 ], [ 4.813752410460372, 52.16847400993128 ], [ 4.813801156950189, 52.168389277123005 ], [ 4.813849903254274, 52.168304544293036 ], [ 4.813898649372634, 52.168219811441467 ], [ 4.813947395305267, 52.168135078568213 ], [ 4.813996141052177, 52.168050345673315 ], [ 4.814044886613363, 52.167965612756767 ], [ 4.814093631988827, 52.167880879818583 ], [ 4.814142377178571, 52.167796146858763 ], [ 4.814191122182594, 52.167711413877292 ], [ 4.8142398670009, 52.167626680874157 ], [ 4.814288611633488, 52.167541947849415 ], [ 4.814337356080359, 52.167457214803001 ], [ 4.814386100341514, 52.167372481734951 ], [ 4.814434844416958, 52.167287748645265 ], [ 4.814483588306686, 52.167203015533907 ], [ 4.814532332010706, 52.167118282400928 ], [ 4.814581075529011, 52.167033549246277 ], [ 4.814629818861612, 52.166948816070025 ], [ 4.814678562008501, 52.166864082872102 ], [ 4.814727304969685, 52.166779349652529 ], [ 4.81477604774516, 52.166694616411327 ], [ 4.814818179017752, 52.166621376166475 ], [ 4.814786478058836, 52.166614461862736 ], [ 4.814648724912807, 52.166584416367229 ], [ 4.814510971952877, 52.166554370711019 ], [ 4.81437321917904, 52.166524324894084 ] ] ] } },
{ "type": "Feature", "properties": { "reference_id": 173 }, "geometry": { "type": "Polygon", "coordinates": [ [ [ 4.814190349229606, 52.168858296504737 ], [ 4.814164534085291, 52.168852547719403 ], [ 4.814131516759235, 52.168910261848232 ], [ 4.814083012223998, 52.168995047255329 ], [ 4.814034507503833, 52.169079832640946 ], [ 4.813986002598739, 52.169164618005148 ], [ 4.813937497508716, 52.169249403347891 ], [ 4.813888992233758, 52.16933418866919 ], [ 4.813840486773869, 52.16941897396903 ], [ 4.813791981129046, 52.169503759247412 ], [ 4.813743475299287, 52.16958854450435 ], [ 4.813694969284591, 52.169673329739844 ], [ 4.813646463084958, 52.169758114953893 ], [ 4.813597956700386, 52.169842900146513 ], [ 4.813549450130874, 52.169927685317646 ], [ 4.813500943376421, 52.17001247046732 ], [ 4.813452436437026, 52.170097255595579 ], [ 4.813403929312685, 52.170182040702372 ], [ 4.813355422003403, 52.170266825787699 ], [ 4.813306914509173, 52.170351610851547 ], [ 4.813258406829998, 52.170436395894022 ], [ 4.813283125161063, 52.170434295537341 ], [ 4.813427923409344, 52.17042199168727 ], [ 4.813572721578423, 52.170409687659379 ], [ 4.8137175196683, 52.17039738345364 ], [ 4.813862317678974, 52.170385079070087 ], [ 4.813939068554198, 52.170378845648038 ], [ 4.813987637587701, 52.170294073896642 ], [ 4.814036206436052, 52.170209302123716 ], [ 4.814084775099255, 52.170124530329304 ], [ 4.81413334357731, 52.170039758513354 ], [ 4.81418191187022, 52.169954986675954 ], [ 4.814230479977985, 52.169870214817038 ], [ 4.814279047900604, 52.169785442936593 ], [ 4.814327615638081, 52.169700671034654 ], [ 4.814376183190416, 52.169615899111236 ], [ 4.814424750557611, 52.169531127166287 ], [ 4.814473317739666, 52.169446355199845 ], [ 4.814521884736583, 52.169361583211916 ], [ 4.814570451548362, 52.169276811202479 ], [ 4.814619018175008, 52.169192039171541 ], [ 4.814667584616517, 52.169107267119124 ], [ 4.814716150872891, 52.169022495045191 ], [ 4.814740086198131, 52.168980715969141 ], [ 4.814602651672323, 52.168950111343001 ], [ 4.814465217335632, 52.16891950655689 ], [ 4.814327783188058, 52.168888901610799 ], [ 4.814190349229606, 52.168858296504737 ] ] ] } },
{ "type": "Feature", "properties": { "reference_id": 174 }, "geometry": { "type": "Polygon", "coordinates": [ [ [ 4.814912770574185, 52.17248653818767 ], [ 4.814777699466525, 52.172452169131212 ], [ 4.814642628567518, 52.172417799920176 ], [ 4.81450755787716, 52.172383430554675 ], [ 4.814372487395454, 52.172349061034637 ], [ 4.814237417122401, 52.17231469136005 ], [ 4.814102347058001, 52.172280321530991 ], [ 4.813967277202254, 52.172245951547403 ], [ 4.813832207555161, 52.172211581409279 ], [ 4.813704817174485, 52.172179165165026 ], [ 4.813569748045322, 52.172144794559536 ], [ 4.813434679124813, 52.172110423799566 ], [ 4.813299610412961, 52.172076052885053 ], [ 4.813164541909769, 52.172041681816069 ], [ 4.813029473615231, 52.172007310592541 ], [ 4.812894405529352, 52.171972939214477 ], [ 4.812759337652134, 52.171938567681927 ], [ 4.812624269983574, 52.171904195994841 ], [ 4.812489202523673, 52.171869824153255 ], [ 4.812354135272435, 52.171835452157147 ], [ 4.812219068229854, 52.17180108000651 ], [ 4.812084001395938, 52.171766707701401 ], [ 4.811948934770682, 52.171732335241771 ], [ 4.81181386835409, 52.17169796262764 ], [ 4.811678802146161, 52.171663589858966 ], [ 4.811543736146895, 52.171629216935798 ], [ 4.811408670356292, 52.171594843858131 ], [ 4.811273604774352, 52.17156047062592 ], [ 4.811138539401083, 52.171526097239216 ], [ 4.811003474236474, 52.171491723697997 ], [ 4.810868409280534, 52.171457350002328 ], [ 4.810733344533259, 52.171422976152066 ], [ 4.810598279994651, 52.17138860214731 ], [ 4.810463215664712, 52.171354227988125 ], [ 4.81032815154344, 52.171319853674362 ], [ 4.81019308763084, 52.171285479206134 ], [ 4.810091782515104, 52.171259696391004 ], [ 4.809992959208602, 52.17128140839425 ], [ 4.809855305940522, 52.171311651372015 ], [ 4.809717652486334, 52.171341894188757 ], [ 4.809579998846035, 52.171372136844489 ], [ 4.809442345019626, 52.17140237933917 ], [ 4.809304691007111, 52.171432621672835 ], [ 4.809167036808485, 52.17146286384547 ], [ 4.809029382423754, 52.17149310585706 ], [ 4.808891727852918, 52.171523347707641 ], [ 4.808754073095972, 52.17155358939717 ], [ 4.808616418152925, 52.171583830925677 ], [ 4.808478763023775, 52.171614072293139 ], [ 4.808348972145691, 52.17164298866463 ], [ 4.808430488908097, 52.171663514442209 ], [ 4.808565763386329, 52.171697576152276 ], [ 4.808701038071663, 52.171731637707346 ], [ 4.808836312964102, 52.171765699107453 ], [ 4.808971588063645, 52.171799760352535 ], [ 4.809106863370287, 52.171833821442675 ], [ 4.809242138884033, 52.171867882377796 ], [ 4.809377414604882, 52.171901943157955 ], [ 4.809512690532828, 52.171936003783109 ], [ 4.809647966667876, 52.171970064253273 ], [ 4.809783243010021, 52.17200412456846 ], [ 4.809918519559269, 52.172038184728656 ], [ 4.810053796315612, 52.172072244733862 ], [ 4.810189073279056, 52.172106304584034 ], [ 4.810324350449595, 52.172140364279294 ], [ 4.810459627827234, 52.172174423819527 ], [ 4.810594905411969, 52.172208483204763 ], [ 4.810730183203797, 52.172242542435015 ], [ 4.810865461202721, 52.172276601510255 ], [ 4.811000739408741, 52.17231066043054 ], [ 4.811136017821854, 52.172344719195785 ], [ 4.811271296442062, 52.172378777806067 ], [ 4.811406575269361, 52.172412836261365 ], [ 4.811541854303756, 52.172446894561624 ], [ 4.811677133545241, 52.17248095270692 ], [ 4.811812412993818, 52.172515010697211 ], [ 4.811947692649485, 52.172549068532504 ], [ 4.812082972512245, 52.172583126212835 ], [ 4.812218252582094, 52.172617183738126 ], [ 4.812353532859031, 52.17265124110844 ], [ 4.812488813343058, 52.172685298323756 ], [ 4.812624094034174, 52.172719355384082 ], [ 4.812759374932376, 52.172753412289381 ], [ 4.812894656037665, 52.172787469039676 ], [ 4.813029937350042, 52.172821525634973 ], [ 4.813165218869505, 52.172855582075307 ], [ 4.813300500596055, 52.172889638360651 ], [ 4.81343578252969, 52.172923694490933 ], [ 4.813571064670408, 52.172957750466253 ], [ 4.813706347018212, 52.172991806286518 ], [ 4.813841629573098, 52.173025861951864 ], [ 4.813976912335067, 52.173059917462155 ], [ 4.814112195304119, 52.173093972817476 ], [ 4.814247478480254, 52.173128028017771 ], [ 4.81438276186347, 52.173162083063048 ], [ 4.814518045453765, 52.173196137953319 ], [ 4.814653329251142, 52.173230192688607 ], [ 4.814788613255599, 52.173264247268882 ], [ 4.814923897467136, 52.173298301694139 ], [ 4.81505918188575, 52.173332355964412 ], [ 4.815194466511443, 52.173366410079673 ], [ 4.815329751344211, 52.173400464039908 ], [ 4.81546503638406, 52.173434517845152 ], [ 4.815600321630983, 52.173468571495391 ], [ 4.815735607084984, 52.173502624990618 ], [ 4.815870892746061, 52.173536678330819 ], [ 4.816006178614211, 52.173570731515994 ], [ 4.816141464689435, 52.173604784546228 ], [ 4.816276750971735, 52.173638837421358 ], [ 4.816412037461108, 52.173672890141503 ], [ 4.816547324157553, 52.173706942706687 ], [ 4.816661375128458, 52.173650719211494 ], [ 4.816775425811982, 52.173594495605101 ], [ 4.81688947620813, 52.17353827188748 ], [ 4.817003526316899, 52.173482048058673 ], [ 4.817117576138291, 52.173425824118652 ], [ 4.817231625672307, 52.173369600067431 ], [ 4.817345674918948, 52.173313375905003 ], [ 4.817459723878214, 52.17325715163139 ], [ 4.817461413592251, 52.173256318628056 ], [ 4.81739842826676, 52.173208827076081 ], [ 4.817404079541053, 52.17320599900448 ], [ 4.817517454951062, 52.173149262326028 ], [ 4.817382379716774, 52.173114896402744 ], [ 4.817247304691124, 52.173080530324889 ], [ 4.817112229874114, 52.173046164092504 ], [ 4.816977155265746, 52.17301179770562 ], [ 4.816842080866018, 52.172977431164213 ], [ 4.816707006674933, 52.172943064468271 ], [ 4.816571932692493, 52.172908697617778 ], [ 4.816533640140665, 52.17289895481251 ], [ 4.816398566529237, 52.172864587610341 ], [ 4.816263493126454, 52.172830220253658 ], [ 4.816128419932314, 52.172795852742397 ], [ 4.815993346946821, 52.172761485076649 ], [ 4.815858274169976, 52.172727117256329 ], [ 4.815723201601776, 52.172692749281552 ], [ 4.815588129242225, 52.172658381152182 ], [ 4.815453057091317, 52.172624012868333 ], [ 4.815317985149061, 52.172589644429934 ], [ 4.815182913415454, 52.172555275837055 ], [ 4.815047841890495, 52.172520907089613 ], [ 4.814912770574185, 52.17248653818767 ] ] ] } },
{ "type": "Feature", "properties": { "reference_id": 175 }, "geometry": { "type": "Polygon", "coordinates": [ [ [ 4.813165218869505, 52.172855582075307 ], [ 4.813029937350042, 52.172821525634973 ], [ 4.812894656037665, 52.172787469039676 ], [ 4.812759374932376, 52.172753412289381 ], [ 4.812624094034174, 52.172719355384082 ], [ 4.812488813343058, 52.172685298323756 ], [ 4.812353532859031, 52.17265124110844 ], [ 4.812218252582094, 52.172617183738126 ], [ 4.812082972512245, 52.172583126212835 ], [ 4.811947692649485, 52.172549068532504 ], [ 4.811812412993818, 52.172515010697211 ], [ 4.811677133545241, 52.17248095270692 ], [ 4.811541854303756, 52.172446894561624 ], [ 4.811406575269361, 52.172412836261365 ], [ 4.811271296442062, 52.172378777806067 ], [ 4.811136017821854, 52.172344719195785 ], [ 4.811000739408741, 52.17231066043054 ], [ 4.810865461202721, 52.172276601510255 ], [ 4.810730183203797, 52.172242542435015 ], [ 4.810594905411969, 52.172208483204763 ], [ 4.810459627827234, 52.172174423819527 ], [ 4.810324350449595, 52.172140364279294 ], [ 4.810189073279056, 52.172106304584034 ], [ 4.810053796315612, 52.172072244733862 ], [ 4.809918519559269, 52.172038184728656 ], [ 4.809783243010021, 52.17200412456846 ], [ 4.809647966667876, 52.171970064253273 ], [ 4.809512690532828, 52.171936003783109 ], [ 4.809377414604882, 52.171901943157955 ], [ 4.809242138884033, 52.171867882377796 ], [ 4.809106863370287, 52.171833821442675 ], [ 4.808971588063645, 52.171799760352535 ], [ 4.808836312964102, 52.171765699107453 ], [ 4.808701038071663, 52.171731637707346 ], [ 4.808565763386329, 52.171697576152276 ], [ 4.808430488908097, 52.171663514442209 ], [ 4.808348972145691, 52.17164298866463 ], [ 4.808297154742121, 52.171654532251694 ], [ 4.808159719198258, 52.171685149222824 ], [ 4.808022283466269, 52.171715766033429 ], [ 4.807884847546159, 52.171746382683509 ], [ 4.807747411437923, 52.171776999173034 ], [ 4.807609975141567, 52.171807615502054 ], [ 4.807472538657088, 52.171838231670527 ], [ 4.807603686747408, 52.171871089713633 ], [ 4.807739058612101, 52.171905005783998 ], [ 4.807874430683166, 52.171938921699137 ], [ 4.8080098029606, 52.17197283745903 ], [ 4.808145175444411, 52.172006753063727 ], [ 4.80828054813459, 52.172040668513247 ], [ 4.808415921031139, 52.172074583807557 ], [ 4.808551294134057, 52.172108498946649 ], [ 4.808686667443343, 52.172142413930501 ], [ 4.808822040959, 52.172176328759193 ], [ 4.808957414681024, 52.172210243432609 ], [ 4.809092788609416, 52.172244157950885 ], [ 4.809228162744175, 52.172278072313944 ], [ 4.8093635370853, 52.17231198652172 ], [ 4.809498911632791, 52.172345900574363 ], [ 4.809634286386647, 52.172379814471746 ], [ 4.809769661346868, 52.172413728213947 ], [ 4.809905036513453, 52.172447641800879 ], [ 4.810040411886403, 52.172481555232629 ], [ 4.810175787465714, 52.172515468509189 ], [ 4.810311163251389, 52.172549381630489 ], [ 4.810446539243426, 52.172583294596606 ], [ 4.810581915441823, 52.172617207407519 ], [ 4.810717291846583, 52.172651120063186 ], [ 4.810852668457702, 52.172685032563635 ], [ 4.810988045275182, 52.17271894490888 ], [ 4.811123422299023, 52.172752857098921 ], [ 4.811258799529218, 52.172786769133722 ], [ 4.811394176965775, 52.172820681013334 ], [ 4.811529554608688, 52.172854592737707 ], [ 4.81166493245796, 52.172888504306833 ], [ 4.811800310513587, 52.172922415720763 ], [ 4.81193568877557, 52.17295632697946 ], [ 4.81207106724391, 52.172990238082946 ], [ 4.812206445918604, 52.1730241490312 ], [ 4.812341824799652, 52.173058059824257 ], [ 4.812477203887056, 52.173091970462082 ], [ 4.812612583180811, 52.173125880944674 ], [ 4.812747962533829, 52.173159791494058 ], [ 4.812883342093195, 52.173193701888174 ], [ 4.813018721858917, 52.173227612127086 ], [ 4.813154101830991, 52.173261522210765 ], [ 4.813289482009417, 52.173295432139227 ], [ 4.813424862394195, 52.173329341912456 ], [ 4.813560242985323, 52.173363251530468 ], [ 4.813695623782801, 52.173397160993275 ], [ 4.813831004786628, 52.173431070300822 ], [ 4.813966385996806, 52.173464979453179 ], [ 4.814101767413332, 52.173498888450254 ], [ 4.814237149036204, 52.173532797292133 ], [ 4.814372530865427, 52.1735667059788 ], [ 4.814507912900993, 52.173600614510207 ], [ 4.814643295142909, 52.17363452288636 ], [ 4.814778677591169, 52.173668431107338 ], [ 4.814845750133933, 52.173685230184681 ], [ 4.814857597254447, 52.173688199778148 ], [ 4.814992980462729, 52.17372210709928 ], [ 4.815128363877356, 52.17375601426518 ], [ 4.81526374749832, 52.173789921275848 ], [ 4.815399131325625, 52.173823828131283 ], [ 4.815534515359271, 52.1738577348315 ], [ 4.815669899599254, 52.173891641376478 ], [ 4.815805284045575, 52.173925547766224 ], [ 4.815940668698235, 52.173959454000702 ], [ 4.816003266524594, 52.17397513116255 ], [ 4.816117320720812, 52.173918909619907 ], [ 4.816231374629648, 52.173862687966036 ], [ 4.816345428251109, 52.173806466200922 ], [ 4.81645948158519, 52.173750244324665 ], [ 4.816547324157553, 52.173706942706687 ], [ 4.816412037461108, 52.173672890141503 ], [ 4.816276750971735, 52.173638837421358 ], [ 4.816141464689435, 52.173604784546228 ], [ 4.816006178614211, 52.173570731515994 ], [ 4.815870892746061, 52.173536678330819 ], [ 4.815735607084984, 52.173502624990618 ], [ 4.815600321630983, 52.173468571495391 ], [ 4.81546503638406, 52.173434517845152 ], [ 4.815329751344211, 52.173400464039908 ], [ 4.815194466511443, 52.173366410079673 ], [ 4.81505918188575, 52.173332355964412 ], [ 4.814923897467136, 52.173298301694139 ], [ 4.814788613255599, 52.173264247268882 ], [ 4.814653329251142, 52.173230192688607 ], [ 4.814518045453765, 52.173196137953319 ], [ 4.81438276186347, 52.173162083063048 ], [ 4.814247478480254, 52.173128028017771 ], [ 4.814112195304119, 52.173093972817476 ], [ 4.813976912335067, 52.173059917462155 ], [ 4.813841629573098, 52.173025861951864 ], [ 4.813706347018212, 52.172991806286518 ], [ 4.813571064670408, 52.172957750466253 ], [ 4.81343578252969, 52.172923694490933 ], [ 4.813300500596055, 52.172889638360651 ], [ 4.813165218869505, 52.172855582075307 ] ] ] } },
{ "type": "Feature", "properties": { "reference_id": 176 }, "geometry": { "type": "Polygon", "coordinates": [ [ [ 4.814101767413332, 52.173498888450254 ], [ 4.813966385996806, 52.173464979453179 ], [ 4.813831004786628, 52.173431070300822 ], [ 4.813695623782801, 52.173397160993275 ], [ 4.813560242985323, 52.173363251530468 ], [ 4.813424862394195, 52.173329341912456 ], [ 4.813289482009417, 52.173295432139227 ], [ 4.813154101830991, 52.173261522210765 ], [ 4.813018721858917, 52.173227612127086 ], [ 4.812883342093195, 52.173193701888174 ], [ 4.812747962533829, 52.173159791494058 ], [ 4.812612583180811, 52.173125880944674 ], [ 4.812606121421773, 52.173135195603997 ], [ 4.812548769928503, 52.173217867893314 ], [ 4.812491418222141, 52.173300540153186 ], [ 4.812434066302686, 52.173383212383733 ], [ 4.812376714170138, 52.173465884584907 ], [ 4.812440496332991, 52.173481806415211 ], [ 4.812575942577355, 52.173515617473356 ], [ 4.812711389027574, 52.173549428376127 ], [ 4.812846835683647, 52.173583239123488 ], [ 4.812982282545575, 52.173617049715503 ], [ 4.813117729613353, 52.173650860152122 ], [ 4.813253176886984, 52.173684670433417 ], [ 4.813388624366467, 52.173718480559259 ], [ 4.813524072051798, 52.173752290529769 ], [ 4.813659519942985, 52.173786100344891 ], [ 4.813794968040016, 52.173819910004617 ], [ 4.813930416342901, 52.173853719508998 ], [ 4.814065864851635, 52.173887528857968 ], [ 4.814201313566215, 52.173921338051585 ], [ 4.814336762486645, 52.173955147089785 ], [ 4.814472211612919, 52.173988955972625 ], [ 4.814607660945043, 52.174022764700069 ], [ 4.814630102440465, 52.174028365295918 ], [ 4.8146856951614, 52.173945239850639 ], [ 4.814741287674616, 52.173862114377592 ], [ 4.814796879980121, 52.173778988876926 ], [ 4.81485247207791, 52.173695863348534 ], [ 4.814857597254447, 52.173688199778148 ], [ 4.814845750133933, 52.173685230184681 ], [ 4.814778677591169, 52.173668431107338 ], [ 4.814643295142909, 52.17363452288636 ], [ 4.814507912900993, 52.173600614510207 ], [ 4.814372530865427, 52.1735667059788 ], [ 4.814237149036204, 52.173532797292133 ], [ 4.814101767413332, 52.173498888450254 ] ] ] } },
{ "type": "Feature", "properties": { "reference_id": 177 }, "geometry": { "type": "Polygon", "coordinates": [ [ [ 4.810175787465714, 52.172515468509189 ], [ 4.810040411886403, 52.172481555232629 ], [ 4.809905036513453, 52.172447641800879 ], [ 4.809769661346868, 52.172413728213947 ], [ 4.809634286386647, 52.172379814471746 ], [ 4.809498911632791, 52.172345900574363 ], [ 4.8093635370853, 52.17231198652172 ], [ 4.809228162744175, 52.172278072313944 ], [ 4.809092788609416, 52.172244157950885 ], [ 4.808957414681024, 52.172210243432609 ], [ 4.808822040959, 52.172176328759193 ], [ 4.808686667443343, 52.172142413930501 ], [ 4.808551294134057, 52.172108498946649 ], [ 4.808415921031139, 52.172074583807557 ], [ 4.80828054813459, 52.172040668513247 ], [ 4.808145175444411, 52.172006753063727 ], [ 4.8080098029606, 52.17197283745903 ], [ 4.807874430683166, 52.171938921699137 ], [ 4.807739058612101, 52.171905005783998 ], [ 4.807603686747408, 52.171871089713633 ], [ 4.807472538657088, 52.171838231670527 ], [ 4.807443559571724, 52.171844687379952 ], [ 4.807306123308791, 52.171875304116604 ], [ 4.807168686857733, 52.17190592069268 ], [ 4.807031250218554, 52.171936537108273 ], [ 4.806893813391247, 52.171967153363312 ], [ 4.806756376375823, 52.171997769457839 ], [ 4.806618939172276, 52.172028385391783 ], [ 4.806688165764236, 52.17204567087942 ], [ 4.806823603172592, 52.172079488676381 ], [ 4.80695904078683, 52.172113306317989 ], [ 4.807094478606941, 52.17214712380423 ], [ 4.807229916632929, 52.17218094113511 ], [ 4.807365354864798, 52.172214758310659 ], [ 4.807500793302539, 52.172248575330784 ], [ 4.807636231946157, 52.172282392195648 ], [ 4.807771670795651, 52.172316208905087 ], [ 4.807907109851019, 52.172350025459195 ], [ 4.80804254911226, 52.172383841857943 ], [ 4.808177988579375, 52.172417658101317 ], [ 4.808313428252363, 52.172451474189351 ], [ 4.808448868131223, 52.172485290122019 ], [ 4.808584308215954, 52.172519105899298 ], [ 4.808719748506555, 52.172552921521216 ], [ 4.808855189003029, 52.172586736987775 ], [ 4.808990629705374, 52.172620552299009 ], [ 4.809126070613587, 52.172654367454847 ], [ 4.809261511727668, 52.172688182455317 ], [ 4.809396953047619, 52.172721997300414 ], [ 4.809532394573439, 52.172755811990186 ], [ 4.809667836305124, 52.172789626524562 ], [ 4.809803278242676, 52.172823440903606 ], [ 4.809938720386093, 52.172857255127241 ], [ 4.810074162735379, 52.172891069195551 ], [ 4.810209605290529, 52.172924883108458 ], [ 4.810345048051542, 52.172958696866047 ], [ 4.810480491018422, 52.172992510468205 ], [ 4.810615934191161, 52.173026323915032 ], [ 4.810751377569769, 52.17306013720647 ], [ 4.810886821154234, 52.173093950342555 ], [ 4.811022264944564, 52.173127763323265 ], [ 4.811157708940754, 52.173161576148615 ], [ 4.811293153142805, 52.173195388818563 ], [ 4.811428597550718, 52.173229201333186 ], [ 4.811564042164488, 52.173263013692377 ], [ 4.811699486984118, 52.173296825896252 ], [ 4.811834932009608, 52.173330637944744 ], [ 4.811970377240955, 52.173364449837848 ], [ 4.81210582267816, 52.173398261575564 ], [ 4.812241268321221, 52.17343207315794 ], [ 4.812376714170138, 52.173465884584907 ], [ 4.812434066302686, 52.173383212383733 ], [ 4.812491418222141, 52.173300540153186 ], [ 4.812548769928503, 52.173217867893314 ], [ 4.812606121421773, 52.173135195603997 ], [ 4.812612583180811, 52.173125880944674 ], [ 4.812477203887056, 52.173091970462082 ], [ 4.812341824799652, 52.173058059824257 ], [ 4.812206445918604, 52.1730241490312 ], [ 4.81207106724391, 52.172990238082946 ], [ 4.81193568877557, 52.17295632697946 ], [ 4.811800310513587, 52.172922415720763 ], [ 4.81166493245796, 52.172888504306833 ], [ 4.811529554608688, 52.172854592737707 ], [ 4.811394176965775, 52.172820681013334 ], [ 4.811258799529218, 52.172786769133722 ], [ 4.811123422299023, 52.172752857098921 ], [ 4.810988045275182, 52.17271894490888 ], [ 4.810852668457702, 52.172685032563635 ], [ 4.810717291846583, 52.172651120063186 ], [ 4.810581915441823, 52.172617207407519 ], [ 4.810446539243426, 52.172583294596606 ], [ 4.810311163251389, 52.172549381630489 ], [ 4.810175787465714, 52.172515468509189 ] ] ] } },
{ "type": "Feature", "properties": { "reference_id": 178 }, "geometry": { "type": "Polygon", "coordinates": [ [ [ 4.810209605290529, 52.172924883108458 ], [ 4.810074162735379, 52.172891069195551 ], [ 4.809938720386093, 52.172857255127241 ], [ 4.809803278242676, 52.172823440903606 ], [ 4.809667836305124, 52.172789626524562 ], [ 4.809532394573439, 52.172755811990186 ], [ 4.809396953047619, 52.172721997300414 ], [ 4.809261511727668, 52.172688182455317 ], [ 4.809126070613587, 52.172654367454847 ], [ 4.808990629705374, 52.172620552299009 ], [ 4.808855189003029, 52.172586736987775 ], [ 4.808719748506555, 52.172552921521216 ], [ 4.808584308215954, 52.172519105899298 ], [ 4.808448868131223, 52.172485290122019 ], [ 4.808313428252363, 52.172451474189351 ], [ 4.808177988579375, 52.172417658101317 ], [ 4.80804254911226, 52.172383841857943 ], [ 4.807907109851019, 52.172350025459195 ], [ 4.807771670795651, 52.172316208905087 ], [ 4.807636231946157, 52.172282392195648 ], [ 4.807500793302539, 52.172248575330784 ], [ 4.807365354864798, 52.172214758310659 ], [ 4.807229916632929, 52.17218094113511 ], [ 4.807094478606941, 52.17214712380423 ], [ 4.80695904078683, 52.172113306317989 ], [ 4.806823603172592, 52.172079488676381 ], [ 4.806688165764236, 52.17204567087942 ], [ 4.806618939172276, 52.172028385391783 ], [ 4.806506623774841, 52.172053404210892 ], [ 4.806369185748971, 52.172084019037726 ], [ 4.806231747534983, 52.172114633704069 ], [ 4.806094309132882, 52.172145248209851 ], [ 4.805956870542667, 52.172175862555136 ], [ 4.80581943176434, 52.172206476739845 ], [ 4.805839303761801, 52.172211465239336 ], [ 4.805974638726376, 52.172245438474391 ], [ 4.806109973897613, 52.172279411554399 ], [ 4.80624530927552, 52.172313384479281 ], [ 4.806380644860091, 52.172347357248974 ], [ 4.806515980651325, 52.172381329863597 ], [ 4.806651316649224, 52.172415302323067 ], [ 4.806786652853785, 52.172449274627454 ], [ 4.80692198926501, 52.172483246776693 ], [ 4.807057325882899, 52.172517218770842 ], [ 4.807192662707446, 52.172551190609816 ], [ 4.807327999738657, 52.172585162293693 ], [ 4.807463336976527, 52.172619133822408 ], [ 4.80759867442106, 52.172653105196034 ], [ 4.807734012072249, 52.172687076414533 ], [ 4.807869349930099, 52.172721047477921 ], [ 4.808004687994607, 52.172755018386141 ], [ 4.808140026265773, 52.172788989139278 ], [ 4.808207651214299, 52.172805966870392 ], [ 4.808342989942296, 52.172839937169627 ], [ 4.808478328876948, 52.172873907313729 ], [ 4.808613668018256, 52.17290787730272 ], [ 4.808749007366218, 52.172941847136549 ], [ 4.808884346920832, 52.172975816815253 ], [ 4.809019686682102, 52.173009786338831 ], [ 4.809155026650021, 52.173043755707276 ], [ 4.809290366824595, 52.173077724920603 ], [ 4.809425707205821, 52.173111693978768 ], [ 4.809561047793698, 52.173145662881822 ], [ 4.809696388588228, 52.173179631629758 ], [ 4.809831729589404, 52.173213600222518 ], [ 4.809967070797232, 52.173247568660173 ], [ 4.810102412211708, 52.173281536942696 ], [ 4.810237753832833, 52.173315505070072 ], [ 4.810373095660604, 52.173349473042315 ], [ 4.810508437695025, 52.173383440859425 ], [ 4.810643779936092, 52.173417408521395 ], [ 4.810779122383805, 52.173451376028233 ], [ 4.810914465038165, 52.173485343379916 ], [ 4.811049807899169, 52.173519310576467 ], [ 4.811185150966817, 52.173553277617877 ], [ 4.811320494241112, 52.173587244504205 ], [ 4.811455837722049, 52.173621211235293 ], [ 4.811591181409628, 52.173655177811312 ], [ 4.811726525303849, 52.173689144232178 ], [ 4.811861869404717, 52.173723110497896 ], [ 4.811997213712221, 52.173757076608489 ], [ 4.812132558226368, 52.173791042563899 ], [ 4.812148378941078, 52.173795012904826 ], [ 4.812205733396473, 52.173712341207256 ], [ 4.812263087638766, 52.173629669480327 ], [ 4.812320441667959, 52.173546997723996 ], [ 4.812376714170138, 52.173465884584907 ], [ 4.812241268321221, 52.17343207315794 ], [ 4.81210582267816, 52.173398261575564 ], [ 4.811970377240955, 52.173364449837848 ], [ 4.811834932009608, 52.173330637944744 ], [ 4.811699486984118, 52.173296825896252 ], [ 4.811564042164488, 52.173263013692377 ], [ 4.811428597550718, 52.173229201333186 ], [ 4.811293153142805, 52.173195388818563 ], [ 4.811157708940754, 52.173161576148615 ], [ 4.811022264944564, 52.173127763323265 ], [ 4.810886821154234, 52.173093950342555 ], [ 4.810751377569769, 52.17306013720647 ], [ 4.810615934191161, 52.173026323915032 ], [ 4.810480491018422, 52.172992510468205 ], [ 4.810345048051542, 52.172958696866047 ], [ 4.810209605290529, 52.172924883108458 ] ] ] } },
{ "type": "Feature", "properties": { "reference_id": 179 }, "geometry": { "type": "Polygon", "coordinates": [ [ [ 4.815534515359271, 52.1738577348315 ], [ 4.815399131325625, 52.173823828131283 ], [ 4.81526374749832, 52.173789921275848 ], [ 4.815128363877356, 52.17375601426518 ], [ 4.814992980462729, 52.17372210709928 ], [ 4.814857597254447, 52.173688199778148 ], [ 4.81485247207791, 52.173695863348534 ], [ 4.814796879980121, 52.173778988876926 ], [ 4.814741287674616, 52.173862114377592 ], [ 4.8146856951614, 52.173945239850639 ], [ 4.814630102440465, 52.174028365295918 ], [ 4.8146632465917, 52.174036638243898 ], [ 4.814798696058435, 52.174070446988004 ], [ 4.81493414573102, 52.174104255576736 ], [ 4.81506959560945, 52.174138064010108 ], [ 4.815205045693724, 52.174171872288042 ], [ 4.815340495983844, 52.174205680410623 ], [ 4.815475946479808, 52.174239488377786 ], [ 4.815588075276692, 52.174183120357327 ], [ 4.815701246584686, 52.17412622800498 ], [ 4.815814417604106, 52.174069335543123 ], [ 4.815927588334956, 52.174012442971737 ], [ 4.816003266524594, 52.17397513116255 ], [ 4.815940668698235, 52.173959454000702 ], [ 4.815805284045575, 52.173925547766224 ], [ 4.815669899599254, 52.173891641376478 ], [ 4.815534515359271, 52.1738577348315 ] ] ] } },
{ "type": "Feature", "properties": { "reference_id": 180 }, "geometry": { "type": "Polygon", "coordinates": [ [ [ 4.810237753832833, 52.173315505070072 ], [ 4.810102412211708, 52.173281536942696 ], [ 4.809967070797232, 52.173247568660173 ], [ 4.809831729589404, 52.173213600222518 ], [ 4.809696388588228, 52.173179631629758 ], [ 4.809561047793698, 52.173145662881822 ], [ 4.809425707205821, 52.173111693978768 ], [ 4.809290366824595, 52.173077724920603 ], [ 4.809155026650021, 52.173043755707276 ], [ 4.809019686682102, 52.173009786338831 ], [ 4.808884346920832, 52.172975816815253 ], [ 4.808749007366218, 52.172941847136549 ], [ 4.808613668018256, 52.17290787730272 ], [ 4.808478328876948, 52.172873907313729 ], [ 4.808342989942296, 52.172839937169627 ], [ 4.808207651214299, 52.172805966870392 ], [ 4.808203454566375, 52.172812762990901 ], [ 4.808151567906989, 52.172896788914024 ], [ 4.808099681051579, 52.172980814812753 ], [ 4.808047794000141, 52.173064840687196 ], [ 4.807995906752681, 52.173148866537311 ], [ 4.807983929923313, 52.173168261700184 ], [ 4.807932042473678, 52.173252287529465 ], [ 4.807880154828016, 52.173336313334431 ], [ 4.807828266986325, 52.173420339115069 ], [ 4.807776378948601, 52.173504364871363 ], [ 4.807865348416271, 52.173526757672988 ], [ 4.808000636013938, 52.173560808152857 ], [ 4.808135923818675, 52.173594858477692 ], [ 4.80827121183048, 52.173628908647537 ], [ 4.808406500049348, 52.173662958662341 ], [ 4.808541788475284, 52.173697008522154 ], [ 4.808677077108288, 52.173731058226956 ], [ 4.808812365948355, 52.173765107776738 ], [ 4.808947654995486, 52.173799157171501 ], [ 4.809082944249681, 52.173833206411281 ], [ 4.80921823371094, 52.173867255495999 ], [ 4.809353523379262, 52.17390130442574 ], [ 4.809488813254646, 52.173935353200427 ], [ 4.809624103337092, 52.173969401820138 ], [ 4.809759393626602, 52.174003450284815 ], [ 4.80989468412317, 52.174037498594515 ], [ 4.810029974826799, 52.174071546749133 ], [ 4.810165265737486, 52.174105594748767 ], [ 4.810300556855233, 52.174139642593367 ], [ 4.810435848180041, 52.174173690282935 ], [ 4.810571139711904, 52.17420773781754 ], [ 4.810706431450827, 52.174241785197097 ], [ 4.810841723396805, 52.174275832421642 ], [ 4.810977015549839, 52.174309879491155 ], [ 4.811112307909934, 52.174343926405641 ], [ 4.81124760047708, 52.174377973165129 ], [ 4.811382893251281, 52.174412019769591 ], [ 4.811518186232537, 52.174446066219019 ], [ 4.811653479420847, 52.1744801125134 ], [ 4.81178877281621, 52.174514158652791 ], [ 4.811924066418625, 52.174548204637183 ], [ 4.812059360228095, 52.174582250466521 ], [ 4.812194654244614, 52.174616296140833 ], [ 4.812329948468184, 52.174650341660083 ], [ 4.812465244383699, 52.174684384793785 ], [ 4.812600540506252, 52.174718427772419 ], [ 4.812735836835843, 52.174752470596061 ], [ 4.812776422161022, 52.174762682503555 ], [ 4.812834487475534, 52.17468019827195 ], [ 4.812840411630611, 52.17467178274061 ], [ 4.812869450144021, 52.17463054286474 ], [ 4.813003614281904, 52.1746662388773 ], [ 4.813137778635021, 52.174701934737399 ], [ 4.813271943203372, 52.174737630444994 ], [ 4.813406107986957, 52.174773326000192 ], [ 4.813540272985775, 52.174809021402908 ], [ 4.813674438199825, 52.174844716653176 ], [ 4.813808603629107, 52.174880411750998 ], [ 4.813942769273622, 52.174916106696386 ], [ 4.814028495396346, 52.174938914133726 ], [ 4.814053937581417, 52.174954497203544 ], [ 4.814167095501785, 52.174897593329852 ], [ 4.814280253133551, 52.174840689346681 ], [ 4.814393410476715, 52.174783785254 ], [ 4.814506567531275, 52.174726881051811 ], [ 4.814619724297235, 52.174669976740127 ], [ 4.814732880774595, 52.174613072318934 ], [ 4.814846036963356, 52.174556167788261 ], [ 4.814957718728895, 52.174500004472947 ], [ 4.814822370149716, 52.174466041382097 ], [ 4.814687021777169, 52.174432078136093 ], [ 4.814551673611254, 52.174398114734963 ], [ 4.814416325651968, 52.174364151178644 ], [ 4.81428097789932, 52.174330187467213 ], [ 4.814145630353304, 52.174296223600592 ], [ 4.814010283013923, 52.174262259578846 ], [ 4.813874935881176, 52.17422829540196 ], [ 4.813739588955064, 52.174194331069891 ], [ 4.813604242235589, 52.174160366582718 ], [ 4.81346889572275, 52.174126401940356 ], [ 4.813333549416547, 52.174092437142896 ], [ 4.813198203316983, 52.174058472190268 ], [ 4.813062857424057, 52.174024507082471 ], [ 4.812927511737768, 52.173990541819549 ], [ 4.81279216625812, 52.173956576401487 ], [ 4.812656820985111, 52.173922610828257 ], [ 4.812521475918741, 52.173888645099893 ], [ 4.812386131059014, 52.173854679216419 ], [ 4.812250786405929, 52.173820713177804 ], [ 4.812148378941078, 52.173795012904826 ], [ 4.812132558226368, 52.173791042563899 ], [ 4.811997213712221, 52.173757076608489 ], [ 4.811861869404717, 52.173723110497896 ], [ 4.811726525303849, 52.173689144232178 ], [ 4.811591181409628, 52.173655177811312 ], [ 4.811455837722049, 52.173621211235293 ], [ 4.811320494241112, 52.173587244504205 ], [ 4.811185150966817, 52.173553277617877 ], [ 4.811049807899169, 52.173519310576467 ], [ 4.810914465038165, 52.173485343379916 ], [ 4.810779122383805, 52.173451376028233 ], [ 4.810643779936092, 52.173417408521395 ], [ 4.810508437695025, 52.173383440859425 ], [ 4.810373095660604, 52.173349473042315 ], [ 4.810237753832833, 52.173315505070072 ] ] ] } },
{ "type": "Feature", "properties": { "reference_id": 181 }, "geometry": { "type": "Polygon", "coordinates": [ [ [ 4.812440496332991, 52.173481806415211 ], [ 4.812376714170138, 52.173465884584907 ], [ 4.812320441667959, 52.173546997723996 ], [ 4.812263087638766, 52.173629669480327 ], [ 4.812205733396473, 52.173712341207256 ], [ 4.812148378941078, 52.173795012904826 ], [ 4.812250786405929, 52.173820713177804 ], [ 4.812386131059014, 52.173854679216419 ], [ 4.812521475918741, 52.173888645099893 ], [ 4.812656820985111, 52.173922610828257 ], [ 4.81279216625812, 52.173956576401487 ], [ 4.812927511737768, 52.173990541819549 ], [ 4.813062857424057, 52.174024507082471 ], [ 4.813198203316983, 52.174058472190268 ], [ 4.813333549416547, 52.174092437142896 ], [ 4.81346889572275, 52.174126401940356 ], [ 4.813604242235589, 52.174160366582718 ], [ 4.813739588955064, 52.174194331069891 ], [ 4.813874935881176, 52.17422829540196 ], [ 4.814010283013923, 52.174262259578846 ], [ 4.814145630353304, 52.174296223600592 ], [ 4.81428097789932, 52.174330187467213 ], [ 4.814416325651968, 52.174364151178644 ], [ 4.814551673611254, 52.174398114734963 ], [ 4.814687021777169, 52.174432078136093 ], [ 4.814822370149716, 52.174466041382097 ], [ 4.814957718728895, 52.174500004472947 ], [ 4.815023258757799, 52.174467057415313 ], [ 4.815136431121165, 52.174410165320211 ], [ 4.815249603195953, 52.174353273115607 ], [ 4.815362774982169, 52.174296380801458 ], [ 4.815475946479808, 52.174239488377786 ], [ 4.815340495983844, 52.174205680410623 ], [ 4.815205045693724, 52.174171872288042 ], [ 4.81506959560945, 52.174138064010108 ], [ 4.81493414573102, 52.174104255576736 ], [ 4.814798696058435, 52.174070446988004 ], [ 4.8146632465917, 52.174036638243898 ], [ 4.814630102440465, 52.174028365295918 ], [ 4.814607660945043, 52.174022764700069 ], [ 4.814472211612919, 52.173988955972625 ], [ 4.814336762486645, 52.173955147089785 ], [ 4.814201313566215, 52.173921338051585 ], [ 4.814065864851635, 52.173887528857968 ], [ 4.813930416342901, 52.173853719508998 ], [ 4.813794968040016, 52.173819910004617 ], [ 4.813659519942985, 52.173786100344891 ], [ 4.813524072051798, 52.173752290529769 ], [ 4.813388624366467, 52.173718480559259 ], [ 4.813253176886984, 52.173684670433417 ], [ 4.813117729613353, 52.173650860152122 ], [ 4.812982282545575, 52.173617049715503 ], [ 4.812846835683647, 52.173583239123488 ], [ 4.812711389027574, 52.173549428376127 ], [ 4.812575942577355, 52.173515617473356 ], [ 4.812440496332991, 52.173481806415211 ] ] ] } },
{ "type": "Feature", "properties": { "reference_id": 182 }, "geometry": { "type": "Polygon", "coordinates": [ [ [ 4.810165265737486, 52.174105594748767 ], [ 4.810029974826799, 52.174071546749133 ], [ 4.80989468412317, 52.174037498594515 ], [ 4.809759393626602, 52.174003450284815 ], [ 4.809624103337092, 52.173969401820138 ], [ 4.809488813254646, 52.173935353200427 ], [ 4.809353523379262, 52.17390130442574 ], [ 4.80921823371094, 52.173867255495999 ], [ 4.809082944249681, 52.173833206411281 ], [ 4.808947654995486, 52.173799157171501 ], [ 4.808812365948355, 52.173765107776738 ], [ 4.808677077108288, 52.173731058226956 ], [ 4.808541788475284, 52.173697008522154 ], [ 4.808406500049348, 52.173662958662341 ], [ 4.80827121183048, 52.173628908647537 ], [ 4.808135923818675, 52.173594858477692 ], [ 4.808000636013938, 52.173560808152857 ], [ 4.807865348416271, 52.173526757672988 ], [ 4.807776378948601, 52.173504364871363 ], [ 4.807737936462719, 52.173566613549845 ], [ 4.807686045475876, 52.173650638654998 ], [ 4.807634154292995, 52.173734663735836 ], [ 4.807582262914066, 52.173818688792387 ], [ 4.807530371339092, 52.173902713824525 ], [ 4.807634397213344, 52.173928175974559 ], [ 4.807770215752185, 52.173961419752793 ], [ 4.807906034494006, 52.173994663374842 ], [ 4.808041853438803, 52.174027906840664 ], [ 4.808177672586576, 52.174061150150251 ], [ 4.808313491937326, 52.174094393303577 ], [ 4.808449311491049, 52.174127636300724 ], [ 4.808585131247749, 52.174160879141603 ], [ 4.808720951207423, 52.174194121826311 ], [ 4.808856771370068, 52.174227364354721 ], [ 4.808992591735689, 52.174260606726953 ], [ 4.80912841230428, 52.174293848942916 ], [ 4.809264233075843, 52.174327091002695 ], [ 4.80940005405038, 52.174360332906197 ], [ 4.809535875227887, 52.1743935746535 ], [ 4.809671696608365, 52.174426816244555 ], [ 4.809807518191811, 52.174460057679376 ], [ 4.809943339978226, 52.174493298957962 ], [ 4.810079161967611, 52.174526540080358 ], [ 4.810214984159963, 52.174559781046433 ], [ 4.81035080655528, 52.174593021856367 ], [ 4.810486629153568, 52.174626262510003 ], [ 4.810622451954819, 52.174659503007447 ], [ 4.810758274959039, 52.174692743348636 ], [ 4.81089409816622, 52.174725983533584 ], [ 4.811029921576367, 52.174759223562283 ], [ 4.811165745189478, 52.17479246343477 ], [ 4.811301569005553, 52.174825703150987 ], [ 4.811437393024591, 52.174858942711005 ], [ 4.811573217246589, 52.174892182114746 ], [ 4.811709041671551, 52.174925421362268 ], [ 4.811844866299473, 52.174958660453562 ], [ 4.811971352411488, 52.174989136449163 ], [ 4.812107462731642, 52.175021931136328 ], [ 4.812157963839947, 52.174937586176881 ], [ 4.81220846475671, 52.174853241194292 ], [ 4.812258965481933, 52.174768896188588 ], [ 4.812309466015614, 52.174684551159771 ], [ 4.812329948468184, 52.174650341660083 ], [ 4.812194654244614, 52.174616296140833 ], [ 4.812059360228095, 52.174582250466521 ], [ 4.811924066418625, 52.174548204637183 ], [ 4.81178877281621, 52.174514158652791 ], [ 4.811653479420847, 52.1744801125134 ], [ 4.811518186232537, 52.174446066219019 ], [ 4.811382893251281, 52.174412019769591 ], [ 4.81124760047708, 52.174377973165129 ], [ 4.811112307909934, 52.174343926405641 ], [ 4.810977015549839, 52.174309879491155 ], [ 4.810841723396805, 52.174275832421642 ], [ 4.810706431450827, 52.174241785197097 ], [ 4.810571139711904, 52.17420773781754 ], [ 4.810435848180041, 52.174173690282935 ], [ 4.810300556855233, 52.174139642593367 ], [ 4.810165265737486, 52.174105594748767 ] ] ] } },
{ "type": "Feature", "properties": { "reference_id": 183 }, "geometry": { "type": "Polygon", "coordinates": [ [ [ 4.810214984159963, 52.174559781046433 ], [ 4.810079161967611, 52.174526540080358 ], [ 4.809943339978226, 52.174493298957962 ], [ 4.809807518191811, 52.174460057679376 ], [ 4.809671696608365, 52.174426816244555 ], [ 4.809535875227887, 52.1743935746535 ], [ 4.80940005405038, 52.174360332906197 ], [ 4.809264233075843, 52.174327091002695 ], [ 4.80912841230428, 52.174293848942916 ], [ 4.808992591735689, 52.174260606726953 ], [ 4.808856771370068, 52.174227364354721 ], [ 4.808720951207423, 52.174194121826311 ], [ 4.808585131247749, 52.174160879141603 ], [ 4.808449311491049, 52.174127636300724 ], [ 4.808313491937326, 52.174094393303577 ], [ 4.808177672586576, 52.174061150150251 ], [ 4.808041853438803, 52.174027906840664 ], [ 4.807906034494006, 52.173994663374842 ], [ 4.807770215752185, 52.173961419752793 ], [ 4.807634397213344, 52.173928175974559 ], [ 4.807530371339092, 52.173902713824525 ], [ 4.807504432221322, 52.173944722630168 ], [ 4.80749085052332, 52.173941393241499 ], [ 4.807480471841107, 52.173958203936522 ], [ 4.807494053543444, 52.17396153332642 ], [ 4.807459970236039, 52.174016722653924 ], [ 4.807408078641342, 52.174100747732027 ], [ 4.807356186850599, 52.17418477278575 ], [ 4.807304294863805, 52.174268797815181 ], [ 4.807252402680961, 52.174352822820296 ], [ 4.807200510302067, 52.174436847801076 ], [ 4.807148617727119, 52.174520872757483 ], [ 4.807096724956118, 52.174604897689591 ], [ 4.807044831989061, 52.17468892259734 ], [ 4.806992938825948, 52.174772947480761 ], [ 4.806941045466778, 52.174856972339846 ], [ 4.806889151911551, 52.174940997174623 ], [ 4.806837258160263, 52.175025021985036 ], [ 4.806823661331401, 52.175021710422982 ], [ 4.806808085356478, 52.175046917347814 ], [ 4.80682168219185, 52.175050228911672 ], [ 4.806815813407727, 52.175059731639038 ], [ 4.806763920337326, 52.175143756638704 ], [ 4.806712027070865, 52.175227781614026 ], [ 4.806660133608343, 52.175311806565048 ], [ 4.806608239949756, 52.175395831491677 ], [ 4.80655634609511, 52.175479856394006 ], [ 4.806504452044395, 52.175563881271962 ], [ 4.806452557797615, 52.175647906125612 ], [ 4.806400663354771, 52.175731930954932 ], [ 4.806348768715853, 52.175815955759901 ], [ 4.80629687388087, 52.175899980540564 ], [ 4.806244978849818, 52.175984005296854 ], [ 4.806380690301784, 52.176017423561348 ], [ 4.806516401957647, 52.176050841669905 ], [ 4.806652113817398, 52.176084259622428 ], [ 4.806787825881038, 52.176117677419022 ], [ 4.806923538148568, 52.176151095059609 ], [ 4.807059250619989, 52.176184512544232 ], [ 4.807194963295298, 52.176217929872898 ], [ 4.807330676174494, 52.176251347045557 ], [ 4.807466389257578, 52.176284764062281 ], [ 4.807602102544547, 52.176318180922969 ], [ 4.807737816035405, 52.176351597627701 ], [ 4.807873529730147, 52.176385014176475 ], [ 4.808009243628773, 52.17641843056925 ], [ 4.808144957731288, 52.176451846806025 ], [ 4.808280672037683, 52.176485262886843 ], [ 4.808416386547962, 52.176518678811661 ], [ 4.808552101262125, 52.176552094580522 ], [ 4.80868781618017, 52.176585510193405 ], [ 4.808823531302098, 52.176618925650303 ], [ 4.808959246627905, 52.176652340951208 ], [ 4.809094962157593, 52.176685756096134 ], [ 4.809230677891163, 52.176719171085082 ], [ 4.809366393828609, 52.176752585917988 ], [ 4.809502109969936, 52.176786000594973 ], [ 4.809637826315141, 52.176819415115943 ], [ 4.809773542864224, 52.176852829480978 ], [ 4.809909259617184, 52.176886243689964 ], [ 4.810044976574022, 52.176919657742992 ], [ 4.810180693734734, 52.17695307164005 ], [ 4.810316411099323, 52.176986485381086 ], [ 4.810452128667785, 52.177019898966101 ], [ 4.810587846440124, 52.177053312395238 ], [ 4.810723564416335, 52.177086725668282 ], [ 4.810859282596421, 52.177120138785398 ], [ 4.81099500098038, 52.177153551746486 ], [ 4.81113071956821, 52.17718696455163 ], [ 4.811266438359909, 52.177220377200719 ], [ 4.811402157355483, 52.177253789693864 ], [ 4.811537876554926, 52.177287202030989 ], [ 4.811673595958239, 52.177320614212171 ], [ 4.81180931556542, 52.177354026237289 ], [ 4.811945035376472, 52.177387438106457 ], [ 4.81206961312085, 52.177418106810102 ], [ 4.812121205696504, 52.177334011301312 ], [ 4.812172798077055, 52.177249915768407 ], [ 4.81222439026251, 52.177165820211471 ], [ 4.81224284667366, 52.177135736072842 ], [ 4.812295132415297, 52.17705180259712 ], [ 4.812347417959606, 52.176967869096821 ], [ 4.812399703306588, 52.176883935571745 ], [ 4.812451988456248, 52.176800002022098 ], [ 4.812504273408582, 52.17671606844771 ], [ 4.812556558163593, 52.176632134848646 ], [ 4.812608842721287, 52.176548201224897 ], [ 4.812661127081657, 52.176464267576485 ], [ 4.812713411244709, 52.176380333903417 ], [ 4.812765695210444, 52.176296400205651 ], [ 4.812779502950654, 52.176274233989716 ], [ 4.81282971361956, 52.176189823212354 ], [ 4.812879924097864, 52.17610541241212 ], [ 4.81293013438557, 52.176021001589007 ], [ 4.812980344482679, 52.175936590743014 ], [ 4.81303055438919, 52.17585217987417 ], [ 4.813080764105107, 52.175767768982418 ], [ 4.813130973630429, 52.175683358067808 ], [ 4.813181182965157, 52.175598947130283 ], [ 4.813231392109294, 52.175514536169892 ], [ 4.813281601062839, 52.175430125186651 ], [ 4.813331809825797, 52.175345714180537 ], [ 4.81334679755181, 52.1753205167389 ], [ 4.813210685495347, 52.175287723337775 ], [ 4.813210148709458, 52.175287594009831 ], [ 4.813074035609235, 52.175254802404787 ], [ 4.812937922709677, 52.175222010642919 ], [ 4.812801810010787, 52.175189218724078 ], [ 4.812762630901248, 52.175179779756462 ], [ 4.81262651892521, 52.175146986906924 ], [ 4.812490407149848, 52.175114193900527 ], [ 4.812354295575156, 52.17508140073717 ], [ 4.812218184201138, 52.175048607416969 ], [ 4.812107462731642, 52.175021931136328 ], [ 4.811971352411488, 52.174989136449163 ], [ 4.811844866299473, 52.174958660453562 ], [ 4.811709041671551, 52.174925421362268 ], [ 4.811573217246589, 52.174892182114746 ], [ 4.811437393024591, 52.174858942711005 ], [ 4.811301569005553, 52.174825703150987 ], [ 4.811165745189478, 52.17479246343477 ], [ 4.811029921576367, 52.174759223562283 ], [ 4.81089409816622, 52.174725983533584 ], [ 4.810758274959039, 52.174692743348636 ], [ 4.810622451954819, 52.174659503007447 ], [ 4.810486629153568, 52.174626262510003 ], [ 4.81035080655528, 52.174593021856367 ], [ 4.810214984159963, 52.174559781046433 ] ] ] } },
{ "type": "Feature", "properties": { "reference_id": 184 }, "geometry": { "type": "Polygon", "coordinates": [ [ [ 4.813003614281904, 52.1746662388773 ], [ 4.812869450144021, 52.17463054286474 ], [ 4.812840411630611, 52.17467178274061 ], [ 4.812965637288321, 52.174705100299192 ], [ 4.813099801901724, 52.17474079595506 ], [ 4.81323396673036, 52.174776491458445 ], [ 4.813368131774229, 52.174812186809405 ], [ 4.813502297033332, 52.174847882007882 ], [ 4.813636462507668, 52.174883577053905 ], [ 4.813770628197233, 52.174919271947481 ], [ 4.813721024653137, 52.174985237232114 ], [ 4.81372028113646, 52.174986213321539 ], [ 4.813727156334177, 52.174988170178764 ], [ 4.81368781150331, 52.175039660536079 ], [ 4.813683380323148, 52.175045463288299 ], [ 4.813575755353325, 52.175015240510284 ], [ 4.813442780471552, 52.174977898887605 ], [ 4.813433208700082, 52.174975214927038 ], [ 4.813300200211354, 52.174937918734827 ], [ 4.813284317945074, 52.174933464647765 ], [ 4.813151312855084, 52.174896164042991 ], [ 4.813108612850033, 52.174956131639384 ], [ 4.813057887629283, 52.175027385179163 ], [ 4.812970672643352, 52.175004328874202 ], [ 4.812890526766044, 52.174982933746897 ], [ 4.812853534402838, 52.175040124739077 ], [ 4.812909102102092, 52.17505367340609 ], [ 4.813044995241972, 52.175086807094736 ], [ 4.813180888584274, 52.175119940627013 ], [ 4.813306324607935, 52.175150525897045 ], [ 4.813298893187554, 52.175161122676236 ], [ 4.813350733791745, 52.175174758005163 ], [ 4.813337224254107, 52.175194169518008 ], [ 4.81347162519693, 52.175229529642941 ], [ 4.813505407654361, 52.175238417582825 ], [ 4.813606603699814, 52.175186038737344 ], [ 4.813718437605465, 52.175128153514351 ], [ 4.813830271220949, 52.17507026818442 ], [ 4.813942104546266, 52.175012382747468 ], [ 4.814053937581417, 52.174954497203544 ], [ 4.814028495396346, 52.174938914133726 ], [ 4.813942769273622, 52.174916106696386 ], [ 4.813808603629107, 52.174880411750998 ], [ 4.813674438199825, 52.174844716653176 ], [ 4.813540272985775, 52.174809021402908 ], [ 4.813406107986957, 52.174773326000192 ], [ 4.813271943203372, 52.174737630444994 ], [ 4.813137778635021, 52.174701934737399 ], [ 4.813003614281904, 52.1746662388773 ] ] ] } },
{ "type": "Feature", "properties": { "reference_id": 185 }, "geometry": { "type": "Polygon", "coordinates": [ [ [ 4.812465244383699, 52.174684384793785 ], [ 4.812329948468184, 52.174650341660083 ], [ 4.812309466015614, 52.174684551159771 ], [ 4.812258965481933, 52.174768896188588 ], [ 4.81220846475671, 52.174853241194292 ], [ 4.812157963839947, 52.174937586176881 ], [ 4.812107462731642, 52.175021931136328 ], [ 4.812218184201138, 52.175048607416969 ], [ 4.812354295575156, 52.17508140073717 ], [ 4.812490407149848, 52.175114193900527 ], [ 4.81262651892521, 52.175146986906924 ], [ 4.812762630901248, 52.175179779756462 ], [ 4.812817058056615, 52.175096362928642 ], [ 4.812827520557021, 52.17508032772146 ], [ 4.812853534402838, 52.175040124739077 ], [ 4.812828861201139, 52.175034108482713 ], [ 4.812883756347794, 52.174950807692035 ], [ 4.812938651288893, 52.174867506874286 ], [ 4.812993546024432, 52.174784206029535 ], [ 4.81302586017465, 52.1747351702762 ], [ 4.813161457090922, 52.174768758080042 ], [ 4.813297054211929, 52.174802345728232 ], [ 4.813376221331144, 52.174821955469049 ], [ 4.813321572449277, 52.17490531740679 ], [ 4.813300200211354, 52.174937918734827 ], [ 4.813433208700082, 52.174975214927038 ], [ 4.813442780471552, 52.174977898887605 ], [ 4.813575755353325, 52.175015240510284 ], [ 4.813683380323148, 52.175045463288299 ], [ 4.81368781150331, 52.175039660536079 ], [ 4.813727156334177, 52.174988170178764 ], [ 4.81372028113646, 52.174986213321539 ], [ 4.813721024653137, 52.174985237232114 ], [ 4.813770628197233, 52.174919271947481 ], [ 4.813636462507668, 52.174883577053905 ], [ 4.813502297033332, 52.174847882007882 ], [ 4.813368131774229, 52.174812186809405 ], [ 4.81323396673036, 52.174776491458445 ], [ 4.813099801901724, 52.17474079595506 ], [ 4.812965637288321, 52.174705100299192 ], [ 4.812840411630611, 52.17467178274061 ], [ 4.812834487475534, 52.17468019827195 ], [ 4.812776422161022, 52.174762682503555 ], [ 4.812735836835843, 52.174752470596061 ], [ 4.812600540506252, 52.174718427772419 ], [ 4.812465244383699, 52.174684384793785 ] ] ] } },
{ "type": "Feature", "properties": { "reference_id": 186 }, "geometry": { "type": "Polygon", "coordinates": [ [ [ 4.81302586017465, 52.1747351702762 ], [ 4.812993546024432, 52.174784206029535 ], [ 4.812938651288893, 52.174867506874286 ], [ 4.812883756347794, 52.174950807692035 ], [ 4.812828861201139, 52.175034108482713 ], [ 4.812853534402838, 52.175040124739077 ], [ 4.812890526766044, 52.174982933746897 ], [ 4.812970672643352, 52.175004328874202 ], [ 4.813057887629283, 52.175027385179163 ], [ 4.813108612850033, 52.174956131639384 ], [ 4.813151312855084, 52.174896164042991 ], [ 4.813284317945074, 52.174933464647765 ], [ 4.813300200211354, 52.174937918734827 ], [ 4.813321572449277, 52.17490531740679 ], [ 4.813376221331144, 52.174821955469049 ], [ 4.813297054211929, 52.174802345728232 ], [ 4.813161457090922, 52.174768758080042 ], [ 4.81302586017465, 52.1747351702762 ] ] ] } },
{ "type": "Feature", "properties": { "reference_id": 187 }, "geometry": { "type": "Polygon", "coordinates": [ [ [ 4.815492122669422, 52.174468274254792 ], [ 4.815378109637292, 52.174524528416811 ], [ 4.815264096317714, 52.174580782467693 ], [ 4.815361347142557, 52.174605464276411 ], [ 4.815496474820915, 52.174639758876559 ], [ 4.815631602707576, 52.174674053322029 ], [ 4.815766730802534, 52.174708347612906 ], [ 4.815901859105791, 52.174742641749134 ], [ 4.816036987617346, 52.174776935730655 ], [ 4.816172116337199, 52.174811229557591 ], [ 4.816232433373367, 52.17472935835228 ], [ 4.816292750187634, 52.174647487114648 ], [ 4.816353066780001, 52.174565615844713 ], [ 4.816413383150472, 52.174483744542442 ], [ 4.816414146721038, 52.174482708096704 ], [ 4.816427796094011, 52.174464180710174 ], [ 4.816488111745278, 52.174382309244123 ], [ 4.816548427174654, 52.174300437745813 ], [ 4.816608742382135, 52.174218566215146 ], [ 4.816669057367727, 52.174136694652191 ], [ 4.816674904152325, 52.174128759465553 ], [ 4.816540025662338, 52.174094098318939 ], [ 4.816405147382478, 52.174059437018215 ], [ 4.816349631404268, 52.174045170346311 ], [ 4.816290205845856, 52.174074492008856 ], [ 4.816176194825842, 52.174130746948812 ], [ 4.816062183518385, 52.174187001777653 ], [ 4.815948171923483, 52.174243256495302 ], [ 4.815834160041137, 52.1742995111019 ], [ 4.815720147871346, 52.174355765597333 ], [ 4.815606135414107, 52.174412019981624 ], [ 4.815492122669422, 52.174468274254792 ] ] ] } },
{ "type": "Feature", "properties": { "reference_id": 188 }, "geometry": { "type": "Polygon", "coordinates": [ [ [ 4.815264096317714, 52.174580782467693 ], [ 4.815235593419199, 52.174594845161337 ], [ 4.815121577940428, 52.17465109769438 ], [ 4.815088060754417, 52.174680362245461 ], [ 4.815074321764035, 52.174674417435561 ], [ 4.814961246605065, 52.174730205773756 ], [ 4.814847230507042, 52.174786458094864 ], [ 4.814733214121575, 52.174842710304873 ], [ 4.814797826980421, 52.17485902424368 ], [ 4.814933056535448, 52.174893167861974 ], [ 4.814946843586696, 52.174896649216862 ], [ 4.815082071553369, 52.174930795384661 ], [ 4.815217299521171, 52.174964941706591 ], [ 4.815352527696531, 52.174999087873701 ], [ 4.815487756079451, 52.175033233885891 ], [ 4.815622984669928, 52.175067379743162 ], [ 4.815758213467959, 52.175101525445641 ], [ 4.815893442473552, 52.175135670993185 ], [ 4.816028671686698, 52.175169816385868 ], [ 4.8161639011074, 52.175203961623701 ], [ 4.816299130735658, 52.175238106706637 ], [ 4.816434360571471, 52.175272251634688 ], [ 4.816569590614837, 52.175306396407855 ], [ 4.816704820865757, 52.175340541026152 ], [ 4.816840051324228, 52.175374685489544 ], [ 4.816870941700352, 52.175382485000121 ], [ 4.816873765728477, 52.175378222492654 ], [ 4.816928913022132, 52.175294984563514 ], [ 4.816984060109442, 52.175211746607154 ], [ 4.817039206990409, 52.175128508623459 ], [ 4.817094353665038, 52.175045270612507 ], [ 4.816959223131486, 52.175010978425128 ], [ 4.816824092806224, 52.174976686083063 ], [ 4.816688962689253, 52.174942393586392 ], [ 4.816553832780575, 52.174908100935014 ], [ 4.81641870308019, 52.174873808129028 ], [ 4.816283573588099, 52.174839515168387 ], [ 4.816172116337199, 52.174811229557591 ], [ 4.816036987617346, 52.174776935730655 ], [ 4.815901859105791, 52.174742641749134 ], [ 4.815766730802534, 52.174708347612906 ], [ 4.815631602707576, 52.174674053322029 ], [ 4.815496474820915, 52.174639758876559 ], [ 4.815361347142557, 52.174605464276411 ], [ 4.815264096317714, 52.174580782467693 ] ] ] } },
{ "type": "Feature", "properties": { "reference_id": 189 }, "geometry": { "type": "Polygon", "coordinates": [ [ [ 4.814733214121575, 52.174842710304873 ], [ 4.814675488364677, 52.174828570666364 ], [ 4.81459325478104, 52.174869591431118 ], [ 4.814479732115008, 52.17492621998074 ], [ 4.814366209160848, 52.174982848420171 ], [ 4.814252685918563, 52.175039476749397 ], [ 4.814139162388147, 52.175096104968432 ], [ 4.81419051099388, 52.175109360039293 ], [ 4.814242605059424, 52.175122627694535 ], [ 4.814272134136566, 52.175130146863161 ], [ 4.814407197902611, 52.175164538845479 ], [ 4.814542261877452, 52.175198930673275 ], [ 4.814677326061087, 52.175233322346607 ], [ 4.814738662337138, 52.175151737722402 ], [ 4.81479999838834, 52.175070153064858 ], [ 4.814861334214692, 52.174988568373919 ], [ 4.814922669816197, 52.174906983649606 ], [ 4.814933056535448, 52.174893167861974 ], [ 4.814797826980421, 52.17485902424368 ], [ 4.814733214121575, 52.174842710304873 ] ] ] } },
{ "type": "Feature", "properties": { "reference_id": 190 }, "geometry": { "type": "Polygon", "coordinates": [ [ [ 4.814946843586696, 52.174896649216862 ], [ 4.814933056535448, 52.174893167861974 ], [ 4.814922669816197, 52.174906983649606 ], [ 4.814861334214692, 52.174988568373919 ], [ 4.81479999838834, 52.175070153064858 ], [ 4.814738662337138, 52.175151737722402 ], [ 4.814677326061087, 52.175233322346607 ], [ 4.814719368795942, 52.175244028131381 ], [ 4.814854432517488, 52.175278420694468 ], [ 4.814909030025028, 52.175195045920802 ], [ 4.814963627327937, 52.175111671120391 ], [ 4.815018224426214, 52.175028296293235 ], [ 4.815072821319864, 52.174944921439305 ], [ 4.815082071553369, 52.174930795384661 ], [ 4.814946843586696, 52.174896649216862 ] ] ] } },
{ "type": "Feature", "properties": { "reference_id": 191 }, "geometry": { "type": "Polygon", "coordinates": [ [ [ 4.816686207482983, 52.174141118801771 ], [ 4.816669057367727, 52.174136694652191 ], [ 4.816608742382135, 52.174218566215146 ], [ 4.816548427174654, 52.174300437745813 ], [ 4.816488111745278, 52.174382309244123 ], [ 4.816427796094011, 52.174464180710174 ], [ 4.816414146721038, 52.174482708096704 ], [ 4.816549485775003, 52.17451668562105 ], [ 4.816602728546211, 52.174530052419641 ], [ 4.816656194827258, 52.174543478441933 ], [ 4.816702678730005, 52.174491302563929 ], [ 4.816772899834334, 52.174412472490992 ], [ 4.816843120690067, 52.174333642374847 ], [ 4.816912641429704, 52.174255597893335 ], [ 4.816953355070544, 52.174209901413121 ], [ 4.816882131179923, 52.174191563112899 ], [ 4.816747290662359, 52.174156845884248 ], [ 4.816686207482983, 52.174141118801771 ] ] ] } },
{ "type": "Feature", "properties": { "reference_id": 192 }, "geometry": { "type": "Polygon", "coordinates": [ [ [ 4.815497980024538, 52.175442285514308 ], [ 4.815362914155004, 52.175407895399182 ], [ 4.815273098240771, 52.175385026593226 ], [ 4.81525484243438, 52.175413477192215 ], [ 4.81520119417411, 52.175497084618051 ], [ 4.815147545712185, 52.175580692017959 ], [ 4.815093897048611, 52.17566429939199 ], [ 4.815040248183385, 52.175747906740114 ], [ 4.814948323322008, 52.175725030336402 ], [ 4.814812812536768, 52.175691306974436 ], [ 4.814677301956963, 52.175657583456967 ], [ 4.814541791582587, 52.175623859783975 ], [ 4.814406281413649, 52.175590135955439 ], [ 4.814270771450142, 52.175556411971421 ], [ 4.814135261692067, 52.175522687831865 ], [ 4.814121600767199, 52.17554306591002 ], [ 4.814065894473092, 52.175626163090463 ], [ 4.814010187970907, 52.175709260243103 ], [ 4.813954481260641, 52.175792357367897 ], [ 4.813898774342293, 52.175875454464943 ], [ 4.814014262781842, 52.175903841594057 ], [ 4.814150008005346, 52.175937207662301 ], [ 4.814285753432468, 52.175970573574496 ], [ 4.814421499063206, 52.176003939330649 ], [ 4.814557244897562, 52.176037304930759 ], [ 4.814692990935534, 52.176070670374784 ], [ 4.814828737177117, 52.176104035662753 ], [ 4.814964483622319, 52.176137400794715 ], [ 4.815100230271133, 52.176170765770529 ], [ 4.81523597712356, 52.176204130590342 ], [ 4.815371724179601, 52.176237495254099 ], [ 4.815507471439251, 52.176270859761765 ], [ 4.815604393890514, 52.176294681890319 ], [ 4.81574014129136, 52.176328046450053 ], [ 4.81587588889582, 52.176361410853737 ], [ 4.816011636703894, 52.176394775101372 ], [ 4.816147384715577, 52.176428139192879 ], [ 4.816203072614845, 52.176345037103644 ], [ 4.816258760306087, 52.176261934986599 ], [ 4.816314447789307, 52.176178832841778 ], [ 4.816370135064503, 52.176095730669203 ], [ 4.816389045452712, 52.176067510602309 ], [ 4.816524393073323, 52.176101482459387 ], [ 4.816659740900627, 52.176135454161297 ], [ 4.816795088934621, 52.176169425708039 ], [ 4.816897380186671, 52.176195100062948 ], [ 4.81690152453556, 52.176188733182919 ], [ 4.816955840393339, 52.176105288638105 ], [ 4.817010156047369, 52.176021844066753 ], [ 4.817064471497643, 52.175938399468926 ], [ 4.817118786744166, 52.175854954844588 ], [ 4.816983718369223, 52.175820566583525 ], [ 4.816848650203061, 52.175786178167954 ], [ 4.816713582245682, 52.175751789597889 ], [ 4.816578514497085, 52.175717400873246 ], [ 4.81644344695727, 52.175683011994167 ], [ 4.81630837962624, 52.175648622960573 ], [ 4.816173312503993, 52.175614233772443 ], [ 4.816038245590532, 52.175579844429826 ], [ 4.815903178885852, 52.175545454932724 ], [ 4.815768112389962, 52.175511065281057 ], [ 4.815633046102856, 52.175476675474926 ], [ 4.815497980024538, 52.175442285514308 ] ] ] } },
{ "type": "Feature", "properties": { "reference_id": 193 }, "geometry": { "type": "Polygon", "coordinates": [ [ [ 4.80624530927552, 52.172313384479281 ], [ 4.806109973897613, 52.172279411554399 ], [ 4.805974638726376, 52.172245438474391 ], [ 4.805839303761801, 52.172211465239336 ], [ 4.80581943176434, 52.172206476739845 ], [ 4.805799909113342, 52.172210825459111 ], [ 4.805662470517106, 52.172241440134115 ], [ 4.805540458761892, 52.172268743901753 ], [ 4.805403093623211, 52.172299483255344 ], [ 4.805265728295747, 52.172330222448586 ], [ 4.805128362779498, 52.172360961481445 ], [ 4.804990997074468, 52.172391700353955 ], [ 4.805088051998747, 52.172416157306067 ], [ 4.805223313556266, 52.172450241801961 ], [ 4.805358575321016, 52.172484326142921 ], [ 4.805493837292993, 52.172518410328912 ], [ 4.8056290994722, 52.172552494359934 ], [ 4.805764361858636, 52.17258657823605 ], [ 4.805899624452298, 52.172620661957176 ], [ 4.806034887253187, 52.17265474552331 ], [ 4.806170150261303, 52.172688828934561 ], [ 4.806305413476644, 52.1727229121908 ], [ 4.806440676899212, 52.172756995292126 ], [ 4.806575940529003, 52.172791078238497 ], [ 4.806711204366017, 52.172825161029877 ], [ 4.806846468410257, 52.172859243666331 ], [ 4.806981732661719, 52.172893326147793 ], [ 4.807116997120406, 52.172927408474308 ], [ 4.807252261786312, 52.17296149064591 ], [ 4.807387526659441, 52.172995572662515 ], [ 4.807522791739791, 52.173029654524129 ], [ 4.80765805702736, 52.173063736230823 ], [ 4.807793322522151, 52.173097817782569 ], [ 4.80792858822416, 52.173131899179339 ], [ 4.807980408453387, 52.173047857701121 ], [ 4.808032228486804, 52.172963816198653 ], [ 4.80808404832441, 52.172879774671912 ], [ 4.808135867966208, 52.172795733120893 ], [ 4.808140026265773, 52.172788989139278 ], [ 4.808004687994607, 52.172755018386141 ], [ 4.807869349930099, 52.172721047477921 ], [ 4.807734012072249, 52.172687076414533 ], [ 4.80759867442106, 52.172653105196034 ], [ 4.807463336976527, 52.172619133822408 ], [ 4.807327999738657, 52.172585162293693 ], [ 4.807192662707446, 52.172551190609816 ], [ 4.807057325882899, 52.172517218770842 ], [ 4.80692198926501, 52.172483246776693 ], [ 4.806786652853785, 52.172449274627454 ], [ 4.806651316649224, 52.172415302323067 ], [ 4.806515980651325, 52.172381329863597 ], [ 4.806380644860091, 52.172347357248974 ], [ 4.80624530927552, 52.172313384479281 ] ] ] } },
{ "type": "Feature", "properties": { "reference_id": 194 }, "geometry": { "type": "Polygon", "coordinates": [ [ [ 4.804812288165254, 52.172431692516135 ], [ 4.804674922853096, 52.172462432417106 ], [ 4.804537557352153, 52.172493172157758 ], [ 4.804400191662419, 52.172523911738026 ], [ 4.8042628257839, 52.172554651157952 ], [ 4.804125459716595, 52.172585390417495 ], [ 4.804191938331816, 52.172602125250791 ], [ 4.804327220285401, 52.172636179971541 ], [ 4.804462502446071, 52.1726702345373 ], [ 4.804597784813819, 52.172704288948076 ], [ 4.804733067388652, 52.172738343203825 ], [ 4.804868350170564, 52.172772397304584 ], [ 4.805003633159557, 52.172806451250359 ], [ 4.805138916355631, 52.172840505041115 ], [ 4.805274199758782, 52.172874558676916 ], [ 4.805409483369013, 52.17290861215767 ], [ 4.80554476718632, 52.17294266548344 ], [ 4.805680051210707, 52.172976718654198 ], [ 4.805815335442171, 52.173010771669958 ], [ 4.805950619880709, 52.173044824530677 ], [ 4.806085904526324, 52.173078877236449 ], [ 4.806221189379016, 52.173112929787195 ], [ 4.806356474438783, 52.173146982182935 ], [ 4.806491759705621, 52.173181034423656 ], [ 4.806627045179537, 52.173215086509387 ], [ 4.806762330860526, 52.173249138440127 ], [ 4.806897616748585, 52.173283190215855 ], [ 4.807032902843717, 52.173317241836557 ], [ 4.807168189145923, 52.173351293302225 ], [ 4.807303475655198, 52.173385344612981 ], [ 4.807438762371546, 52.173419395768654 ], [ 4.80757404929496, 52.173453446769329 ], [ 4.807709336425446, 52.173487497615007 ], [ 4.807761154672203, 52.1734034555843 ], [ 4.807812972723156, 52.17331941352932 ], [ 4.807864790578305, 52.17323537145009 ], [ 4.807916608237647, 52.173151329346553 ], [ 4.80792858822416, 52.173131899179339 ], [ 4.807793322522151, 52.173097817782569 ], [ 4.80765805702736, 52.173063736230823 ], [ 4.807522791739791, 52.173029654524129 ], [ 4.807387526659441, 52.172995572662515 ], [ 4.807252261786312, 52.17296149064591 ], [ 4.807116997120406, 52.172927408474308 ], [ 4.806981732661719, 52.172893326147793 ], [ 4.806846468410257, 52.172859243666331 ], [ 4.806711204366017, 52.172825161029877 ], [ 4.806575940529003, 52.172791078238497 ], [ 4.806440676899212, 52.172756995292126 ], [ 4.806305413476644, 52.1727229121908 ], [ 4.806170150261303, 52.172688828934561 ], [ 4.806034887253187, 52.17265474552331 ], [ 4.805899624452298, 52.172620661957176 ], [ 4.805764361858636, 52.17258657823605 ], [ 4.8056290994722, 52.172552494359934 ], [ 4.805493837292993, 52.172518410328912 ], [ 4.805358575321016, 52.172484326142921 ], [ 4.805223313556266, 52.172450241801961 ], [ 4.805088051998747, 52.172416157306067 ], [ 4.804990997074468, 52.172391700353955 ], [ 4.804949653288624, 52.172400952454716 ], [ 4.804812288165254, 52.172431692516135 ] ] ] } },
{ "type": "Feature", "properties": { "reference_id": 195 }, "geometry": { "type": "Polygon", "coordinates": [ [ [ 4.803479097386787, 52.172730024354394 ], [ 4.803341729813245, 52.17276076197394 ], [ 4.803204362050925, 52.172791499433089 ], [ 4.803093632746854, 52.172816630486707 ], [ 4.803202092154213, 52.172843178782927 ], [ 4.803337904033762, 52.172876427713121 ], [ 4.803473716116307, 52.172909676487095 ], [ 4.803609528401848, 52.172942925104856 ], [ 4.803745340890382, 52.172976173566397 ], [ 4.803881153581914, 52.173009421871733 ], [ 4.804016966476438, 52.173042670020905 ], [ 4.804152779573956, 52.173075918013801 ], [ 4.804288592874467, 52.173109165850491 ], [ 4.804424406377972, 52.173142413530968 ], [ 4.804560220084467, 52.173175661055261 ], [ 4.804696033993954, 52.173208908423305 ], [ 4.80483184810643, 52.173242155635137 ], [ 4.804967662421902, 52.173275402690777 ], [ 4.805103476940358, 52.173308649590183 ], [ 4.805239291661807, 52.173341896333355 ], [ 4.80537510658624, 52.173375142920356 ], [ 4.805510921713666, 52.173408389351103 ], [ 4.805646737044076, 52.173441635625629 ], [ 4.805782552577473, 52.173474881743942 ], [ 4.805918368313858, 52.17350812770605 ], [ 4.806054184253229, 52.173541373511952 ], [ 4.806190000395583, 52.17357461916162 ], [ 4.806325816740923, 52.173607864655033 ], [ 4.806461633289247, 52.173641109992275 ], [ 4.806597450040554, 52.173674355173262 ], [ 4.806733266994843, 52.173707600198043 ], [ 4.806869084152116, 52.173740845066611 ], [ 4.807004901512367, 52.173774089778938 ], [ 4.807140719075604, 52.173807334335031 ], [ 4.80727653684182, 52.173840578734918 ], [ 4.807412354811015, 52.173873822978571 ], [ 4.807463424448313, 52.173886323270267 ], [ 4.807515244181647, 52.173802281484647 ], [ 4.807567063719162, 52.173718239674727 ], [ 4.807618883060865, 52.173634197840528 ], [ 4.807670702206757, 52.173550155982092 ], [ 4.807709336425446, 52.173487497615007 ], [ 4.80757404929496, 52.173453446769329 ], [ 4.807438762371546, 52.173419395768654 ], [ 4.807303475655198, 52.173385344612981 ], [ 4.807168189145923, 52.173351293302225 ], [ 4.807032902843717, 52.173317241836557 ], [ 4.806897616748585, 52.173283190215855 ], [ 4.806762330860526, 52.173249138440127 ], [ 4.806627045179537, 52.173215086509387 ], [ 4.806491759705621, 52.173181034423656 ], [ 4.806356474438783, 52.173146982182935 ], [ 4.806221189379016, 52.173112929787195 ], [ 4.806085904526324, 52.173078877236449 ], [ 4.805950619880709, 52.173044824530677 ], [ 4.805815335442171, 52.173010771669958 ], [ 4.805680051210707, 52.172976718654198 ], [ 4.80554476718632, 52.17294266548344 ], [ 4.805409483369013, 52.17290861215767 ], [ 4.805274199758782, 52.172874558676916 ], [ 4.805138916355631, 52.172840505041115 ], [ 4.805003633159557, 52.172806451250359 ], [ 4.804868350170564, 52.172772397304584 ], [ 4.804733067388652, 52.172738343203825 ], [ 4.804597784813819, 52.172704288948076 ], [ 4.804462502446071, 52.1726702345373 ], [ 4.804327220285401, 52.172636179971541 ], [ 4.804191938331816, 52.172602125250791 ], [ 4.804125459716595, 52.172585390417495 ], [ 4.804028565793182, 52.172607072272569 ], [ 4.803891198974754, 52.17263781053358 ], [ 4.803753831967544, 52.172668548634221 ], [ 4.803616464771556, 52.17269928657452 ], [ 4.803479097386787, 52.172730024354394 ] ] ] } },
{ "type": "Feature", "properties": { "reference_id": 196 }, "geometry": { "type": "Polygon", "coordinates": [ [ [ 4.808207651214299, 52.172805966870392 ], [ 4.808140026265773, 52.172788989139278 ], [ 4.808135867966208, 52.172795733120893 ], [ 4.80808404832441, 52.172879774671912 ], [ 4.808032228486804, 52.172963816198653 ], [ 4.807980408453387, 52.173047857701121 ], [ 4.80792858822416, 52.173131899179339 ], [ 4.807916608237647, 52.173151329346553 ], [ 4.807864790578305, 52.17323537145009 ], [ 4.807812972723156, 52.17331941352932 ], [ 4.807761154672203, 52.1734034555843 ], [ 4.807709336425446, 52.173487497615007 ], [ 4.807670702206757, 52.173550155982092 ], [ 4.807618883060865, 52.173634197840528 ], [ 4.807567063719162, 52.173718239674727 ], [ 4.807515244181647, 52.173802281484647 ], [ 4.807463424448313, 52.173886323270267 ], [ 4.807437514396582, 52.173928341192322 ], [ 4.807451096086607, 52.173931670587159 ], [ 4.807440732009824, 52.173948481350486 ], [ 4.807427150315466, 52.17394515195452 ], [ 4.807375329475765, 52.174029193518614 ], [ 4.807323508440242, 52.174113235058449 ], [ 4.807271687208901, 52.174197276573999 ], [ 4.807219865781737, 52.17428131806529 ], [ 4.807168044158749, 52.174365359532295 ], [ 4.807116222339938, 52.174449400975064 ], [ 4.807064400325301, 52.174533442393546 ], [ 4.807012578114839, 52.174617483787756 ], [ 4.806960755708547, 52.174701525157687 ], [ 4.806908933106424, 52.174785566503324 ], [ 4.806857110308473, 52.174869607824711 ], [ 4.80680528731469, 52.174953649121846 ], [ 4.806771197710686, 52.175008932012105 ], [ 4.806784794531736, 52.175012243580234 ], [ 4.806769247658218, 52.175037459631262 ], [ 4.806755650830649, 52.175034148061343 ], [ 4.806703828594507, 52.175118189576899 ], [ 4.806652006162535, 52.175202231068177 ], [ 4.80660018353473, 52.17528627253516 ], [ 4.806548360711089, 52.175370313977901 ], [ 4.806496537691615, 52.175454355396347 ], [ 4.806444714476302, 52.175538396790522 ], [ 4.806392891065152, 52.175622438160438 ], [ 4.806341067458164, 52.175706479506083 ], [ 4.806289243655335, 52.175790520827462 ], [ 4.806237419656665, 52.175874562124534 ], [ 4.806185595462154, 52.175958603397333 ], [ 4.80617982297542, 52.175967964392562 ], [ 4.806244978849818, 52.175984005296854 ], [ 4.80629687388087, 52.175899980540564 ], [ 4.806348768715853, 52.175815955759901 ], [ 4.806400663354771, 52.175731930954932 ], [ 4.806452557797615, 52.175647906125612 ], [ 4.806504452044395, 52.175563881271962 ], [ 4.80655634609511, 52.175479856394006 ], [ 4.806608239949756, 52.175395831491677 ], [ 4.806660133608343, 52.175311806565048 ], [ 4.806712027070865, 52.175227781614026 ], [ 4.806763920337326, 52.175143756638704 ], [ 4.806815813407727, 52.175059731639038 ], [ 4.80682168219185, 52.175050228911672 ], [ 4.806808085356478, 52.175046917347814 ], [ 4.806823661331401, 52.175021710422982 ], [ 4.806837258160263, 52.175025021985036 ], [ 4.806889151911551, 52.174940997174623 ], [ 4.806941045466778, 52.174856972339846 ], [ 4.806992938825948, 52.174772947480761 ], [ 4.807044831989061, 52.17468892259734 ], [ 4.807096724956118, 52.174604897689591 ], [ 4.807148617727119, 52.174520872757483 ], [ 4.807200510302067, 52.174436847801076 ], [ 4.807252402680961, 52.174352822820296 ], [ 4.807304294863805, 52.174268797815181 ], [ 4.807356186850599, 52.17418477278575 ], [ 4.807408078641342, 52.174100747732027 ], [ 4.807459970236039, 52.174016722653924 ], [ 4.807494053543444, 52.17396153332642 ], [ 4.807480471841107, 52.173958203936522 ], [ 4.80749085052332, 52.173941393241499 ], [ 4.807504432221322, 52.173944722630168 ], [ 4.807530371339092, 52.173902713824525 ], [ 4.807582262914066, 52.173818688792387 ], [ 4.807634154292995, 52.173734663735836 ], [ 4.807686045475876, 52.173650638654998 ], [ 4.807737936462719, 52.173566613549845 ], [ 4.807776378948601, 52.173504364871363 ], [ 4.807828266986325, 52.173420339115069 ], [ 4.807880154828016, 52.173336313334431 ], [ 4.807932042473678, 52.173252287529465 ], [ 4.807983929923313, 52.173168261700184 ], [ 4.807995906752681, 52.173148866537311 ], [ 4.808047794000141, 52.173064840687196 ], [ 4.808099681051579, 52.172980814812753 ], [ 4.808151567906989, 52.172896788914024 ], [ 4.808203454566375, 52.172812762990901 ], [ 4.808207651214299, 52.172805966870392 ] ] ] } },
{ "type": "Feature", "properties": { "reference_id": 197 }, "geometry": { "type": "Polygon", "coordinates": [ [ [ 4.806244978849818, 52.175984005296854 ], [ 4.806241511303931, 52.175989606845668 ], [ 4.806189512114114, 52.176073607282142 ], [ 4.806137512727889, 52.176157607694151 ], [ 4.806085513145258, 52.176241608081753 ], [ 4.806033513366215, 52.176325608444913 ], [ 4.806156771241489, 52.176356089245836 ], [ 4.80629240383281, 52.176389630029632 ], [ 4.806428036628653, 52.176423170657564 ], [ 4.806563669629012, 52.176456711129745 ], [ 4.806699302833893, 52.176490251446126 ], [ 4.806834936243288, 52.176523791606698 ], [ 4.806970569857201, 52.176557331611455 ], [ 4.80710620367563, 52.176590871460462 ], [ 4.807241837698575, 52.176624411153654 ], [ 4.807377471926035, 52.176657950691045 ], [ 4.807513106358012, 52.176691490072649 ], [ 4.807648740994502, 52.176725029298453 ], [ 4.807784375835506, 52.176758568368477 ], [ 4.80792001088102, 52.176792107282694 ], [ 4.808055646131048, 52.176825646041074 ], [ 4.808191281585589, 52.176859184643668 ], [ 4.808326917244641, 52.176892723090496 ], [ 4.808462553108203, 52.176926261381503 ], [ 4.808598189176278, 52.176959799516688 ], [ 4.808733825448859, 52.176993337496086 ], [ 4.808869461925952, 52.177026875319733 ], [ 4.809005098607551, 52.177060412987537 ], [ 4.809140735493659, 52.177093950499533 ], [ 4.809276372584276, 52.177127487855721 ], [ 4.809412009879399, 52.177161025056108 ], [ 4.809547647379027, 52.177194562100709 ], [ 4.809683285083163, 52.177228098989509 ], [ 4.809818922991804, 52.177261635722488 ], [ 4.809954561104948, 52.177295172299679 ], [ 4.810090199422597, 52.177328708721063 ], [ 4.81022583794475, 52.177362244986597 ], [ 4.810361476671406, 52.177395781096351 ], [ 4.810497115602563, 52.177429317050333 ], [ 4.810632754738224, 52.177462852848478 ], [ 4.810768394078385, 52.177496388490795 ], [ 4.810904033623047, 52.177529923977346 ], [ 4.811039673372211, 52.177563459308061 ], [ 4.811175313325871, 52.177596994482975 ], [ 4.811310953484033, 52.177630529502075 ], [ 4.811446593846692, 52.177664064365381 ], [ 4.81158223441385, 52.17769759907285 ], [ 4.811717875185505, 52.177731133624526 ], [ 4.811853516161658, 52.177764668020373 ], [ 4.811860293214141, 52.177753799545371 ], [ 4.81191262348703, 52.177669876398639 ], [ 4.811964953562441, 52.177585953227151 ], [ 4.812017283440382, 52.177502030031015 ], [ 4.81206961312085, 52.177418106810102 ], [ 4.811945035376472, 52.177387438106457 ], [ 4.81180931556542, 52.177354026237289 ], [ 4.811673595958239, 52.177320614212171 ], [ 4.811537876554926, 52.177287202030989 ], [ 4.811402157355483, 52.177253789693864 ], [ 4.811266438359909, 52.177220377200719 ], [ 4.81113071956821, 52.17718696455163 ], [ 4.81099500098038, 52.177153551746486 ], [ 4.810859282596421, 52.177120138785398 ], [ 4.810723564416335, 52.177086725668282 ], [ 4.810587846440124, 52.177053312395238 ], [ 4.810452128667785, 52.177019898966101 ], [ 4.810316411099323, 52.176986485381086 ], [ 4.810180693734734, 52.17695307164005 ], [ 4.810044976574022, 52.176919657742992 ], [ 4.809909259617184, 52.176886243689964 ], [ 4.809773542864224, 52.176852829480978 ], [ 4.809637826315141, 52.176819415115943 ], [ 4.809502109969936, 52.176786000594973 ], [ 4.809366393828609, 52.176752585917988 ], [ 4.809230677891163, 52.176719171085082 ], [ 4.809094962157593, 52.176685756096134 ], [ 4.808959246627905, 52.176652340951208 ], [ 4.808823531302098, 52.176618925650303 ], [ 4.80868781618017, 52.176585510193405 ], [ 4.808552101262125, 52.176552094580522 ], [ 4.808416386547962, 52.176518678811661 ], [ 4.808280672037683, 52.176485262886843 ], [ 4.808144957731288, 52.176451846806025 ], [ 4.808009243628773, 52.17641843056925 ], [ 4.807873529730147, 52.176385014176475 ], [ 4.807737816035405, 52.176351597627701 ], [ 4.807602102544547, 52.176318180922969 ], [ 4.807466389257578, 52.176284764062281 ], [ 4.807330676174494, 52.176251347045557 ], [ 4.807194963295298, 52.176217929872898 ], [ 4.807059250619989, 52.176184512544232 ], [ 4.806923538148568, 52.176151095059609 ], [ 4.806787825881038, 52.176117677419022 ], [ 4.806652113817398, 52.176084259622428 ], [ 4.806516401957647, 52.176050841669905 ], [ 4.806380690301784, 52.176017423561348 ], [ 4.806244978849818, 52.175984005296854 ] ] ] } },
{ "type": "Feature", "properties": { "reference_id": 198 }, "geometry": { "type": "Polygon", "coordinates": [ [ [ 4.808191281585589, 52.176859184643668 ], [ 4.808055646131048, 52.176825646041074 ], [ 4.80792001088102, 52.176792107282694 ], [ 4.807784375835506, 52.176758568368477 ], [ 4.807648740994502, 52.176725029298453 ], [ 4.807513106358012, 52.176691490072649 ], [ 4.807377471926035, 52.176657950691045 ], [ 4.807241837698575, 52.176624411153654 ], [ 4.80710620367563, 52.176590871460462 ], [ 4.806970569857201, 52.176557331611455 ], [ 4.806834936243288, 52.176523791606698 ], [ 4.806699302833893, 52.176490251446126 ], [ 4.806563669629012, 52.176456711129745 ], [ 4.806428036628653, 52.176423170657564 ], [ 4.80629240383281, 52.176389630029632 ], [ 4.806156771241489, 52.176356089245836 ], [ 4.806033513366215, 52.176325608444913 ], [ 4.80601229380049, 52.176359885534481 ], [ 4.805960292597167, 52.176443885594722 ], [ 4.805908291197429, 52.17652788563052 ], [ 4.805856289601274, 52.176611885641918 ], [ 4.805804287808699, 52.176695885628838 ], [ 4.805926032885923, 52.176725906830967 ], [ 4.806061720037928, 52.176759365823195 ], [ 4.806197407394037, 52.176792824659543 ], [ 4.806333094954255, 52.176826283339935 ], [ 4.806468782718577, 52.176859741864433 ], [ 4.806604470687003, 52.176893200233003 ], [ 4.806740158859537, 52.176926658445666 ], [ 4.806875847236173, 52.176960116502393 ], [ 4.807011535816912, 52.176993574403213 ], [ 4.807147224601758, 52.177027032148125 ], [ 4.807282913590703, 52.177060489737102 ], [ 4.807418602783751, 52.17709394717015 ], [ 4.8075542921809, 52.177127404447248 ], [ 4.807689981782151, 52.17716086156846 ], [ 4.807825671587499, 52.177194318533779 ], [ 4.807961361596949, 52.177227775343148 ], [ 4.808097051810496, 52.177261231996553 ], [ 4.808232742228147, 52.177294688494044 ], [ 4.808368432849889, 52.177328144835663 ], [ 4.808504123675733, 52.177361601021339 ], [ 4.808639814705674, 52.177395057051079 ], [ 4.808775505939709, 52.177428512924898 ], [ 4.80891119737784, 52.177461968642767 ], [ 4.809046889020068, 52.177495424204714 ], [ 4.809182580866388, 52.177528879610769 ], [ 4.809318272916805, 52.177562334860873 ], [ 4.809453965171312, 52.177595789955042 ], [ 4.809589657629916, 52.177629244893325 ], [ 4.80972535029261, 52.177662699675594 ], [ 4.809861043159395, 52.177696154302005 ], [ 4.809996736230271, 52.177729608772481 ], [ 4.810132429505241, 52.177763063086992 ], [ 4.810268122984297, 52.177796517245582 ], [ 4.810403816667445, 52.177829971248237 ], [ 4.810539510554684, 52.177863425094998 ], [ 4.810675204646007, 52.177896878785823 ], [ 4.810810898941418, 52.177930332320678 ], [ 4.81094659344092, 52.177963785699625 ], [ 4.811082288144505, 52.177997238922579 ], [ 4.81121798305218, 52.178030691989662 ], [ 4.811353678163939, 52.178064144900816 ], [ 4.81148937347978, 52.178097597656027 ], [ 4.81162506899971, 52.178131050255253 ], [ 4.81164420343523, 52.178100362808131 ], [ 4.811696531913044, 52.178016439148244 ], [ 4.811748860193384, 52.177932515463667 ], [ 4.811801188276255, 52.177848591754405 ], [ 4.811853516161658, 52.177764668020373 ], [ 4.811717875185505, 52.177731133624526 ], [ 4.81158223441385, 52.17769759907285 ], [ 4.811446593846692, 52.177664064365381 ], [ 4.811310953484033, 52.177630529502075 ], [ 4.811175313325871, 52.177596994482975 ], [ 4.811039673372211, 52.177563459308061 ], [ 4.810904033623047, 52.177529923977346 ], [ 4.810768394078385, 52.177496388490795 ], [ 4.810632754738224, 52.177462852848478 ], [ 4.810497115602563, 52.177429317050333 ], [ 4.810361476671406, 52.177395781096351 ], [ 4.81022583794475, 52.177362244986597 ], [ 4.810090199422597, 52.177328708721063 ], [ 4.809954561104948, 52.177295172299679 ], [ 4.809818922991804, 52.177261635722488 ], [ 4.809683285083163, 52.177228098989509 ], [ 4.809547647379027, 52.177194562100709 ], [ 4.809412009879399, 52.177161025056108 ], [ 4.809276372584276, 52.177127487855721 ], [ 4.809140735493659, 52.177093950499533 ], [ 4.809005098607551, 52.177060412987537 ], [ 4.808869461925952, 52.177026875319733 ], [ 4.808733825448859, 52.176993337496086 ], [ 4.808598189176278, 52.176959799516688 ], [ 4.808462553108203, 52.176926261381503 ], [ 4.808326917244641, 52.176892723090496 ], [ 4.808191281585589, 52.176859184643668 ] ] ] } },
{ "type": "Feature", "properties": { "reference_id": 199 }, "geometry": { "type": "Polygon", "coordinates": [ [ [ 4.807282913590703, 52.177060489737102 ], [ 4.807147224601758, 52.177027032148125 ], [ 4.807011535816912, 52.176993574403213 ], [ 4.806875847236173, 52.176960116502393 ], [ 4.806740158859537, 52.176926658445666 ], [ 4.806604470687003, 52.176893200233003 ], [ 4.806468782718577, 52.176859741864433 ], [ 4.806333094954255, 52.176826283339935 ], [ 4.806197407394037, 52.176792824659543 ], [ 4.806061720037928, 52.176759365823195 ], [ 4.805926032885923, 52.176725906830967 ], [ 4.805804287808699, 52.176695885628838 ], [ 4.805754672269195, 52.176776033492608 ], [ 4.805702671667408, 52.176860033800217 ], [ 4.805650670869207, 52.176944034083412 ], [ 4.805598669874585, 52.177028034342179 ], [ 4.805719145864439, 52.177057867024892 ], [ 4.805854755028943, 52.177091446841935 ], [ 4.805990364398171, 52.177125026503276 ], [ 4.806125973972124, 52.17715860600881 ], [ 4.806261583750802, 52.177192185358699 ], [ 4.806397193734206, 52.177225764552759 ], [ 4.806532803922331, 52.177259343591125 ], [ 4.806668414315181, 52.177292922473725 ], [ 4.806804024912749, 52.177326501200625 ], [ 4.80693963571504, 52.177360079771773 ], [ 4.807075246722054, 52.177393658187121 ], [ 4.807210857933787, 52.177427236446803 ], [ 4.807346469350239, 52.177460814550699 ], [ 4.807482080971412, 52.177494392498879 ], [ 4.807617692797304, 52.17752797029128 ], [ 4.807753304827914, 52.177561547927972 ], [ 4.807888917063239, 52.177595125408907 ], [ 4.808024529503284, 52.17762870273409 ], [ 4.808160142148044, 52.177662279903551 ], [ 4.808295754997522, 52.177695856917268 ], [ 4.808431368051713, 52.177729433775191 ], [ 4.80856698131062, 52.177763010477385 ], [ 4.808702594774243, 52.177796587023856 ], [ 4.808838208442578, 52.177830163414598 ], [ 4.808973822315627, 52.177863739649553 ], [ 4.809109436393388, 52.177897315728757 ], [ 4.809245050675862, 52.177930891652281 ], [ 4.809380665163046, 52.177964467419976 ], [ 4.809516279854943, 52.177998043031941 ], [ 4.809651894751547, 52.178031618488177 ], [ 4.809787509852866, 52.178065193788669 ], [ 4.809923125158892, 52.178098768933367 ], [ 4.810058740669626, 52.178132343922329 ], [ 4.810194356385067, 52.178165918755589 ], [ 4.810329972305218, 52.178199493433034 ], [ 4.810465588430076, 52.178233067954736 ], [ 4.810601204759639, 52.178266642320679 ], [ 4.81073682129391, 52.178300216530893 ], [ 4.810872438032884, 52.17833379058537 ], [ 4.811008054976565, 52.178367364484039 ], [ 4.81114367212495, 52.178400938227 ], [ 4.811279289478037, 52.178434511814189 ], [ 4.811414907035828, 52.178468085245612 ], [ 4.811415744267675, 52.178466742594821 ], [ 4.811468075746906, 52.178382819546989 ], [ 4.811520407028656, 52.178298896474487 ], [ 4.811572738112923, 52.178214973377223 ], [ 4.81162506899971, 52.178131050255253 ], [ 4.81148937347978, 52.178097597656027 ], [ 4.811353678163939, 52.178064144900816 ], [ 4.81121798305218, 52.178030691989662 ], [ 4.811082288144505, 52.177997238922579 ], [ 4.81094659344092, 52.177963785699625 ], [ 4.810810898941418, 52.177930332320678 ], [ 4.810675204646007, 52.177896878785823 ], [ 4.810539510554684, 52.177863425094998 ], [ 4.810403816667445, 52.177829971248237 ], [ 4.810268122984297, 52.177796517245582 ], [ 4.810132429505241, 52.177763063086992 ], [ 4.809996736230271, 52.177729608772481 ], [ 4.809861043159395, 52.177696154302005 ], [ 4.80972535029261, 52.177662699675594 ], [ 4.809589657629916, 52.177629244893325 ], [ 4.809453965171312, 52.177595789955042 ], [ 4.809318272916805, 52.177562334860873 ], [ 4.809182580866388, 52.177528879610769 ], [ 4.809046889020068, 52.177495424204714 ], [ 4.80891119737784, 52.177461968642767 ], [ 4.808775505939709, 52.177428512924898 ], [ 4.808639814705674, 52.177395057051079 ], [ 4.808504123675733, 52.177361601021339 ], [ 4.808368432849889, 52.177328144835663 ], [ 4.808232742228147, 52.177294688494044 ], [ 4.808097051810496, 52.177261231996553 ], [ 4.807961361596949, 52.177227775343148 ], [ 4.807825671587499, 52.177194318533779 ], [ 4.807689981782151, 52.17716086156846 ], [ 4.8075542921809, 52.177127404447248 ], [ 4.807418602783751, 52.17709394717015 ], [ 4.807282913590703, 52.177060489737102 ] ] ] } },
{ "type": "Feature", "properties": { "reference_id": 200 }, "geometry": { "type": "Polygon", "coordinates": [ [ [ 4.805719145864439, 52.177057867024892 ], [ 4.805598669874585, 52.177028034342179 ], [ 4.805567683216804, 52.177078086091598 ], [ 4.805515679499194, 52.177162085747575 ], [ 4.805463675585153, 52.177246085379124 ], [ 4.805443227083948, 52.177241211915337 ], [ 4.805428083234811, 52.177265674771732 ], [ 4.805448576658028, 52.177270467566608 ], [ 4.805399934153992, 52.177349035422843 ], [ 4.805426015960347, 52.177355517916389 ], [ 4.805561555363862, 52.177389205387378 ], [ 4.805697094972651, 52.177422892702793 ], [ 4.805832634786716, 52.177456579862664 ], [ 4.805925665700787, 52.177479490250313 ], [ 4.806061379534337, 52.177512911832828 ], [ 4.806197093571815, 52.177546333259365 ], [ 4.806332807813214, 52.177579754529901 ], [ 4.806468522258538, 52.177613175644446 ], [ 4.806604236907783, 52.177646596603061 ], [ 4.806739951760953, 52.177680017405692 ], [ 4.806875666818041, 52.177713438052329 ], [ 4.807011382079052, 52.177746858543003 ], [ 4.807147097543981, 52.177780278877634 ], [ 4.807282813212832, 52.177813699056344 ], [ 4.807418529085602, 52.17784711907909 ], [ 4.80755424516229, 52.177880538945828 ], [ 4.807689961442895, 52.177913958656582 ], [ 4.807825677927419, 52.17794737821135 ], [ 4.807961394615858, 52.177980797610118 ], [ 4.808097111508216, 52.178014216852958 ], [ 4.808232828604488, 52.178047635939755 ], [ 4.808368545904676, 52.178081054870617 ], [ 4.808504263408778, 52.178114473645465 ], [ 4.808639981116795, 52.178147892264327 ], [ 4.808775699028727, 52.178181310727226 ], [ 4.808911417144569, 52.178214729034117 ], [ 4.809047135464325, 52.178248147185052 ], [ 4.809182853987992, 52.178281565179958 ], [ 4.809318572715571, 52.178314983018893 ], [ 4.809454291647062, 52.17834840070185 ], [ 4.80959001078246, 52.178381818228829 ], [ 4.809725730121772, 52.178415235599751 ], [ 4.80986144966499, 52.178448652814787 ], [ 4.809997169412116, 52.178482069873773 ], [ 4.810132889363151, 52.178515486776753 ], [ 4.810268609518094, 52.178548903523776 ], [ 4.810404329876943, 52.178582320114806 ], [ 4.810540050439699, 52.17861573654983 ], [ 4.810675771206359, 52.178649152828882 ], [ 4.810811492176925, 52.178682568951928 ], [ 4.810947213351397, 52.178715984918973 ], [ 4.811082934729772, 52.178749400730062 ], [ 4.811218656312048, 52.178782816385109 ], [ 4.811257915953337, 52.17871985531167 ], [ 4.811310246511648, 52.178635931981034 ], [ 4.811362576872479, 52.178552008625672 ], [ 4.811414907035828, 52.178468085245612 ], [ 4.811279289478037, 52.178434511814189 ], [ 4.81114367212495, 52.178400938227 ], [ 4.811008054976565, 52.178367364484039 ], [ 4.810872438032884, 52.17833379058537 ], [ 4.81073682129391, 52.178300216530893 ], [ 4.810601204759639, 52.178266642320679 ], [ 4.810465588430076, 52.178233067954736 ], [ 4.810329972305218, 52.178199493433034 ], [ 4.810194356385067, 52.178165918755589 ], [ 4.810058740669626, 52.178132343922329 ], [ 4.809923125158892, 52.178098768933367 ], [ 4.809787509852866, 52.178065193788669 ], [ 4.809651894751547, 52.178031618488177 ], [ 4.809516279854943, 52.177998043031941 ], [ 4.809380665163046, 52.177964467419976 ], [ 4.809245050675862, 52.177930891652281 ], [ 4.809109436393388, 52.177897315728757 ], [ 4.808973822315627, 52.177863739649553 ], [ 4.808838208442578, 52.177830163414598 ], [ 4.808702594774243, 52.177796587023856 ], [ 4.80856698131062, 52.177763010477385 ], [ 4.808431368051713, 52.177729433775191 ], [ 4.808295754997522, 52.177695856917268 ], [ 4.808160142148044, 52.177662279903551 ], [ 4.808024529503284, 52.17762870273409 ], [ 4.807888917063239, 52.177595125408907 ], [ 4.807753304827914, 52.177561547927972 ], [ 4.807617692797304, 52.17752797029128 ], [ 4.807482080971412, 52.177494392498879 ], [ 4.807346469350239, 52.177460814550699 ], [ 4.807210857933787, 52.177427236446803 ], [ 4.807075246722054, 52.177393658187121 ], [ 4.80693963571504, 52.177360079771773 ], [ 4.806804024912749, 52.177326501200625 ], [ 4.806668414315181, 52.177292922473725 ], [ 4.806532803922331, 52.177259343591125 ], [ 4.806397193734206, 52.177225764552759 ], [ 4.806261583750802, 52.177192185358699 ], [ 4.806125973972124, 52.17715860600881 ], [ 4.805990364398171, 52.177125026503276 ], [ 4.805854755028943, 52.177091446841935 ], [ 4.805719145864439, 52.177057867024892 ] ] ] } },
{ "type": "Feature", "properties": { "reference_id": 201 }, "geometry": { "type": "Polygon", "coordinates": [ [ [ 4.803509747111187, 52.177249352239556 ], [ 4.803374112232478, 52.177215810983114 ], [ 4.803238477558305, 52.177182269570942 ], [ 4.803102843088666, 52.177148728002905 ], [ 4.80296720882356, 52.177115186279075 ], [ 4.802831574762992, 52.177081644399465 ], [ 4.802695940906959, 52.177048102364097 ], [ 4.802560307255461, 52.177014560172857 ], [ 4.8024246738085, 52.176981017825909 ], [ 4.802289040566078, 52.176947475323125 ], [ 4.802153407528194, 52.176913932664526 ], [ 4.802017774694849, 52.176880389850211 ], [ 4.801945953921399, 52.176862628057947 ], [ 4.801895216338156, 52.176946919794105 ], [ 4.801844478562574, 52.1770312115069 ], [ 4.801793740594657, 52.177115503196326 ], [ 4.801772193289244, 52.177151299929804 ], [ 4.801907572126197, 52.177185229580729 ], [ 4.80204295116965, 52.177219159076465 ], [ 4.802178330419605, 52.177253088416975 ], [ 4.802313709876061, 52.177287017602289 ], [ 4.802449089539018, 52.177320946632371 ], [ 4.802570912858315, 52.177351477976778 ], [ 4.802706292614858, 52.177385407162504 ], [ 4.802841672577904, 52.177419336193019 ], [ 4.80297705274745, 52.17745326506833 ], [ 4.803112433123496, 52.177487193788394 ], [ 4.803247813706044, 52.177521122353298 ], [ 4.80338319449509, 52.177555050762983 ], [ 4.803518575490635, 52.177588979017465 ], [ 4.803653956692677, 52.177622907116692 ], [ 4.803789338101216, 52.177656835060702 ], [ 4.803924719716254, 52.177690762849544 ], [ 4.80406010153779, 52.177724690483146 ], [ 4.804195483565819, 52.177758617961558 ], [ 4.804330865800344, 52.177792545284717 ], [ 4.804466248241364, 52.177826472452679 ], [ 4.804601630888879, 52.17786039946543 ], [ 4.804737013742889, 52.177894326322964 ], [ 4.804872396803392, 52.177928253025271 ], [ 4.804953649390672, 52.177948614648628 ], [ 4.805005652882178, 52.177864614738397 ], [ 4.805057656177249, 52.177780614803744 ], [ 4.805109659275891, 52.177696614844656 ], [ 4.805137381609104, 52.177651835164589 ], [ 4.805001744276037, 52.177618295777755 ], [ 4.804866107147494, 52.177584756235085 ], [ 4.804730470223482, 52.177551216536614 ], [ 4.804594833503996, 52.177517676682356 ], [ 4.804459196989038, 52.177484136672305 ], [ 4.804323560678611, 52.177450596506453 ], [ 4.804187924572711, 52.177417056184801 ], [ 4.804052288671342, 52.177383515707312 ], [ 4.803916652974506, 52.177349975074115 ], [ 4.8037810174822, 52.177316434285039 ], [ 4.803645382194429, 52.177282893340198 ], [ 4.803509747111187, 52.177249352239556 ] ] ] } },
{ "type": "Feature", "properties": { "reference_id": 202 }, "geometry": { "type": "Polygon", "coordinates": [ [ [ 4.806197093571815, 52.177546333259365 ], [ 4.806061379534337, 52.177512911832828 ], [ 4.805925665700787, 52.177479490250313 ], [ 4.805832634786716, 52.177456579862664 ], [ 4.805697094972651, 52.177422892702793 ], [ 4.805561555363862, 52.177389205387378 ], [ 4.805426015960347, 52.177355517916389 ], [ 4.805399934153992, 52.177349035422843 ], [ 4.805358516202785, 52.17741593907683 ], [ 4.805306514166453, 52.17749993921278 ], [ 4.805254511933693, 52.1775839393243 ], [ 4.805202509504508, 52.177667939411393 ], [ 4.805320418500655, 52.177697094683488 ], [ 4.805456056398598, 52.177730633575365 ], [ 4.805591694501065, 52.17776417231147 ], [ 4.805727332808056, 52.177797710891738 ], [ 4.805862971319574, 52.177831249316228 ], [ 4.805998610035609, 52.177864787584895 ], [ 4.80613424895617, 52.177898325697797 ], [ 4.806269888081252, 52.177931863654848 ], [ 4.806405527410854, 52.177965401456134 ], [ 4.806541166944978, 52.177998939101592 ], [ 4.806676806683623, 52.178032476591248 ], [ 4.806812446626784, 52.178066013925132 ], [ 4.806948086774469, 52.178099551103173 ], [ 4.807083727126668, 52.178133088125421 ], [ 4.807219367683386, 52.178166624991817 ], [ 4.80735500844462, 52.178200161702442 ], [ 4.807490649410373, 52.178233698257266 ], [ 4.807626290580641, 52.178267234656289 ], [ 4.807761931955425, 52.178300770899483 ], [ 4.807897573534722, 52.178334306986848 ], [ 4.808033215318535, 52.178367842918433 ], [ 4.808168857306863, 52.178401378694211 ], [ 4.808304499499704, 52.178434914314188 ], [ 4.808440141897055, 52.178468449778329 ], [ 4.80857578449892, 52.178501985086683 ], [ 4.808711427305297, 52.178535520239173 ], [ 4.808847070316186, 52.17856905523589 ], [ 4.808982713531582, 52.178602590076771 ], [ 4.80911835695149, 52.178636124761873 ], [ 4.809254000575908, 52.178669659291167 ], [ 4.809389644404836, 52.178703193664596 ], [ 4.80952528843827, 52.178736727882232 ], [ 4.809660932676213, 52.178770261944081 ], [ 4.809796577118662, 52.178803795850072 ], [ 4.80993222176562, 52.178837329600256 ], [ 4.810067866617082, 52.178870863194632 ], [ 4.810203511673049, 52.178904396633179 ], [ 4.810339156933522, 52.178937929915911 ], [ 4.810474802398501, 52.178971463042821 ], [ 4.810610448067981, 52.179004996013958 ], [ 4.810746093941964, 52.179038528829238 ], [ 4.810881740020452, 52.179072061488682 ], [ 4.811017386303442, 52.179105593992347 ], [ 4.811061663826052, 52.179034586365887 ], [ 4.811113994852203, 52.178950663063688 ], [ 4.811166325680868, 52.178866739736769 ], [ 4.811218656312048, 52.178782816385109 ], [ 4.811082934729772, 52.178749400730062 ], [ 4.810947213351397, 52.178715984918973 ], [ 4.810811492176925, 52.178682568951928 ], [ 4.810675771206359, 52.178649152828882 ], [ 4.810540050439699, 52.17861573654983 ], [ 4.810404329876943, 52.178582320114806 ], [ 4.810268609518094, 52.178548903523776 ], [ 4.810132889363151, 52.178515486776753 ], [ 4.809997169412116, 52.178482069873773 ], [ 4.80986144966499, 52.178448652814787 ], [ 4.809725730121772, 52.178415235599751 ], [ 4.80959001078246, 52.178381818228829 ], [ 4.809454291647062, 52.17834840070185 ], [ 4.809318572715571, 52.178314983018893 ], [ 4.809182853987992, 52.178281565179958 ], [ 4.809047135464325, 52.178248147185052 ], [ 4.808911417144569, 52.178214729034117 ], [ 4.808775699028727, 52.178181310727226 ], [ 4.808639981116795, 52.178147892264327 ], [ 4.808504263408778, 52.178114473645465 ], [ 4.808368545904676, 52.178081054870617 ], [ 4.808232828604488, 52.178047635939755 ], [ 4.808097111508216, 52.178014216852958 ], [ 4.807961394615858, 52.177980797610118 ], [ 4.807825677927419, 52.17794737821135 ], [ 4.807689961442895, 52.177913958656582 ], [ 4.80755424516229, 52.177880538945828 ], [ 4.807418529085602, 52.17784711907909 ], [ 4.807282813212832, 52.177813699056344 ], [ 4.807147097543981, 52.177780278877634 ], [ 4.807011382079052, 52.177746858543003 ], [ 4.806875666818041, 52.177713438052329 ], [ 4.806739951760953, 52.177680017405692 ], [ 4.806604236907783, 52.177646596603061 ], [ 4.806468522258538, 52.177613175644446 ], [ 4.806332807813214, 52.177579754529901 ], [ 4.806197093571815, 52.177546333259365 ] ] ] } },
{ "type": "Feature", "properties": { "reference_id": 203 }, "geometry": { "type": "Polygon", "coordinates": [ [ [ 4.802706292614858, 52.177385407162504 ], [ 4.802570912858315, 52.177351477976778 ], [ 4.802516397466487, 52.177434873638312 ], [ 4.802461881870255, 52.177518269273151 ], [ 4.802407366069625, 52.177601664881287 ], [ 4.802373230999699, 52.177653882870622 ], [ 4.802508481191574, 52.177688008162313 ], [ 4.802643731590946, 52.177722133299156 ], [ 4.802778982197806, 52.177756258281001 ], [ 4.802914233012162, 52.177790383107997 ], [ 4.803049484034006, 52.177824507780066 ], [ 4.803184735263344, 52.177858632297202 ], [ 4.803319986700171, 52.177892756659404 ], [ 4.80345523834449, 52.177926880866707 ], [ 4.803590490196299, 52.177961004919119 ], [ 4.803725742255597, 52.17799512881659 ], [ 4.803860994522384, 52.178029252559135 ], [ 4.803996246996658, 52.178063376146788 ], [ 4.804131499678419, 52.178097499579508 ], [ 4.804266752567666, 52.178131622857315 ], [ 4.804402005664403, 52.178165745980216 ], [ 4.804537258968623, 52.17819986894817 ], [ 4.80467251248033, 52.178233991761246 ], [ 4.804762850536283, 52.178256782836577 ], [ 4.804814857902273, 52.178172783753958 ], [ 4.804866865071816, 52.17808878464686 ], [ 4.804918872044909, 52.178004785515377 ], [ 4.804953649390672, 52.177948614648628 ], [ 4.804872396803392, 52.177928253025271 ], [ 4.804737013742889, 52.177894326322964 ], [ 4.804601630888879, 52.17786039946543 ], [ 4.804466248241364, 52.177826472452679 ], [ 4.804330865800344, 52.177792545284717 ], [ 4.804195483565819, 52.177758617961558 ], [ 4.80406010153779, 52.177724690483146 ], [ 4.803924719716254, 52.177690762849544 ], [ 4.803789338101216, 52.177656835060702 ], [ 4.803653956692677, 52.177622907116692 ], [ 4.803518575490635, 52.177588979017465 ], [ 4.80338319449509, 52.177555050762983 ], [ 4.803247813706044, 52.177521122353298 ], [ 4.803112433123496, 52.177487193788394 ], [ 4.80297705274745, 52.17745326506833 ], [ 4.802841672577904, 52.177419336193019 ], [ 4.802706292614858, 52.177385407162504 ] ] ] } },
{ "type": "Feature", "properties": { "reference_id": 204 }, "geometry": { "type": "Polygon", "coordinates": [ [ [ 4.806541166944978, 52.177998939101592 ], [ 4.806405527410854, 52.177965401456134 ], [ 4.806269888081252, 52.177931863654848 ], [ 4.80613424895617, 52.177898325697797 ], [ 4.805998610035609, 52.177864787584895 ], [ 4.805862971319574, 52.177831249316228 ], [ 4.805727332808056, 52.177797710891738 ], [ 4.805591694501065, 52.17776417231147 ], [ 4.805456056398598, 52.177730633575365 ], [ 4.805320418500655, 52.177697094683488 ], [ 4.805202509504508, 52.177667939411393 ], [ 4.805174669981073, 52.177712907775977 ], [ 4.8051226662617, 52.177796907594256 ], [ 4.805070662345892, 52.177880907388086 ], [ 4.805018658233649, 52.177964907157516 ], [ 4.805135655871571, 52.177994226021688 ], [ 4.805271039626313, 52.178028152136932 ], [ 4.805406423587544, 52.178062078096971 ], [ 4.805541807755267, 52.178096003901771 ], [ 4.805677192129478, 52.178129929551375 ], [ 4.805812576710179, 52.178163855045774 ], [ 4.805947961497367, 52.178197780384913 ], [ 4.806083346491044, 52.178231705568827 ], [ 4.806218731691207, 52.178265630597522 ], [ 4.806354117097859, 52.178299555471014 ], [ 4.806489502710996, 52.178333480189288 ], [ 4.806624888530619, 52.178367404752301 ], [ 4.806760274556725, 52.178401329160167 ], [ 4.806895660789319, 52.178435253412744 ], [ 4.807031047228394, 52.178469177510095 ], [ 4.807166433873955, 52.178503101452279 ], [ 4.807301820725998, 52.178537025239173 ], [ 4.807437207784523, 52.178570948870842 ], [ 4.807572595049531, 52.178604872347329 ], [ 4.80770798252102, 52.17863879566859 ], [ 4.807843370198989, 52.178672718834605 ], [ 4.807978758083438, 52.17870664184538 ], [ 4.808114146174368, 52.178740564700938 ], [ 4.808249534471775, 52.178774487401292 ], [ 4.808384922975664, 52.178808409946392 ], [ 4.80852031168603, 52.178842332336252 ], [ 4.808655700602873, 52.178876254570852 ], [ 4.808791089726193, 52.178910176650305 ], [ 4.808926479055989, 52.178944098574469 ], [ 4.809061868592263, 52.178978020343408 ], [ 4.809197258335011, 52.179011941957143 ], [ 4.809332648284234, 52.179045863415624 ], [ 4.809468038439932, 52.179079784718859 ], [ 4.809603428802102, 52.179113705866904 ], [ 4.809738819370748, 52.179147626859674 ], [ 4.809874210145865, 52.179181547697226 ], [ 4.810009601127454, 52.179215468379546 ], [ 4.810144992315515, 52.179249388906619 ], [ 4.810280383710046, 52.179283309278453 ], [ 4.810415775311048, 52.179317229495062 ], [ 4.810551167118522, 52.179351149556453 ], [ 4.810686559132463, 52.179385069462619 ], [ 4.810821951352874, 52.179418989213502 ], [ 4.81086038287139, 52.179357361645287 ], [ 4.810912717546239, 52.179273439119022 ], [ 4.810965052023588, 52.179189516568059 ], [ 4.811017386303442, 52.179105593992347 ], [ 4.810881740020452, 52.179072061488682 ], [ 4.810746093941964, 52.179038528829238 ], [ 4.810610448067981, 52.179004996013958 ], [ 4.810474802398501, 52.178971463042821 ], [ 4.810339156933522, 52.178937929915911 ], [ 4.810203511673049, 52.178904396633179 ], [ 4.810067866617082, 52.178870863194632 ], [ 4.80993222176562, 52.178837329600256 ], [ 4.809796577118662, 52.178803795850072 ], [ 4.809660932676213, 52.178770261944081 ], [ 4.80952528843827, 52.178736727882232 ], [ 4.809389644404836, 52.178703193664596 ], [ 4.809254000575908, 52.178669659291167 ], [ 4.80911835695149, 52.178636124761873 ], [ 4.808982713531582, 52.178602590076771 ], [ 4.808847070316186, 52.17856905523589 ], [ 4.808711427305297, 52.178535520239173 ], [ 4.80857578449892, 52.178501985086683 ], [ 4.808440141897055, 52.178468449778329 ], [ 4.808304499499704, 52.178434914314188 ], [ 4.808168857306863, 52.178401378694211 ], [ 4.808033215318535, 52.178367842918433 ], [ 4.807897573534722, 52.178334306986848 ], [ 4.807761931955425, 52.178300770899483 ], [ 4.807626290580641, 52.178267234656289 ], [ 4.807490649410373, 52.178233698257266 ], [ 4.80735500844462, 52.178200161702442 ], [ 4.807219367683386, 52.178166624991817 ], [ 4.807083727126668, 52.178133088125421 ], [ 4.806948086774469, 52.178099551103173 ], [ 4.806812446626784, 52.178066013925132 ], [ 4.806676806683623, 52.178032476591248 ], [ 4.806541166944978, 52.177998939101592 ] ] ] } },
{ "type": "Feature", "properties": { "reference_id": 205 }, "geometry": { "type": "Polygon", "coordinates": [ [ [ 4.806218731691207, 52.178265630597522 ], [ 4.806083346491044, 52.178231705568827 ], [ 4.805947961497367, 52.178197780384913 ], [ 4.805812576710179, 52.178163855045774 ], [ 4.805677192129478, 52.178129929551375 ], [ 4.805541807755267, 52.178096003901771 ], [ 4.805406423587544, 52.178062078096971 ], [ 4.805271039626313, 52.178028152136932 ], [ 4.805135655871571, 52.177994226021688 ], [ 4.805018658233649, 52.177964907157516 ], [ 4.804983824436056, 52.1780211740288 ], [ 4.804931821356683, 52.178105174075831 ], [ 4.804879818080876, 52.178189174098414 ], [ 4.804827814608632, 52.17827317409656 ], [ 4.804943769434349, 52.178302427876737 ], [ 4.80507902346336, 52.178336550383378 ], [ 4.805214277699856, 52.178370672735113 ], [ 4.805349532143837, 52.178404794931993 ], [ 4.805484786795299, 52.178438916973882 ], [ 4.805620041654244, 52.178473038860879 ], [ 4.805755296720672, 52.178507160592957 ], [ 4.80589055199458, 52.17854128217008 ], [ 4.80602580747597, 52.178575403592276 ], [ 4.806161063164838, 52.178609524859567 ], [ 4.806296319061191, 52.178643645971952 ], [ 4.80643157516502, 52.178677766929397 ], [ 4.806566831476327, 52.178711887731914 ], [ 4.806702087995113, 52.178746008379505 ], [ 4.806837344721377, 52.178780128872162 ], [ 4.806972601655116, 52.178814249209907 ], [ 4.807107858796336, 52.178848369392689 ], [ 4.807243116145031, 52.178882489420594 ], [ 4.807378373701201, 52.178916609293516 ], [ 4.807513631464844, 52.178950729011575 ], [ 4.807648889435963, 52.178984848574643 ], [ 4.807784147614557, 52.179018967982785 ], [ 4.807919406000624, 52.179053087236035 ], [ 4.808054664594163, 52.179087206334323 ], [ 4.808189923395176, 52.179121325277706 ], [ 4.808325182403661, 52.179155444066133 ], [ 4.808460441619614, 52.179189562699619 ], [ 4.808595701043041, 52.1792236811782 ], [ 4.808730960673939, 52.179257799501826 ], [ 4.808866220512305, 52.179291917670533 ], [ 4.809001480558139, 52.179326035684319 ], [ 4.809136740811444, 52.179360153543122 ], [ 4.809272001272218, 52.179394271247034 ], [ 4.809407261940456, 52.179428388795984 ], [ 4.809542522816164, 52.179462506190021 ], [ 4.809677783899337, 52.179496623429088 ], [ 4.809813045189978, 52.179530740513265 ], [ 4.809948306688082, 52.179564857442486 ], [ 4.810083568393653, 52.179598974216752 ], [ 4.810218830306686, 52.179633090836063 ], [ 4.810354092427185, 52.17966720730049 ], [ 4.810489354755147, 52.17970132360994 ], [ 4.810624617290572, 52.179735439764436 ], [ 4.810664952104592, 52.179670758096862 ], [ 4.810717285384849, 52.179586835160435 ], [ 4.81076961846761, 52.179502912199339 ], [ 4.810821951352874, 52.179418989213502 ], [ 4.810686559132463, 52.179385069462619 ], [ 4.810551167118522, 52.179351149556453 ], [ 4.810415775311048, 52.179317229495062 ], [ 4.810280383710046, 52.179283309278453 ], [ 4.810144992315515, 52.179249388906619 ], [ 4.810009601127454, 52.179215468379546 ], [ 4.809874210145865, 52.179181547697226 ], [ 4.809738819370748, 52.179147626859674 ], [ 4.809603428802102, 52.179113705866904 ], [ 4.809468038439932, 52.179079784718859 ], [ 4.809332648284234, 52.179045863415624 ], [ 4.809197258335011, 52.179011941957143 ], [ 4.809061868592263, 52.178978020343408 ], [ 4.808926479055989, 52.178944098574469 ], [ 4.808791089726193, 52.178910176650305 ], [ 4.808655700602873, 52.178876254570852 ], [ 4.80852031168603, 52.178842332336252 ], [ 4.808384922975664, 52.178808409946392 ], [ 4.808249534471775, 52.178774487401292 ], [ 4.808114146174368, 52.178740564700938 ], [ 4.807978758083438, 52.17870664184538 ], [ 4.807843370198989, 52.178672718834605 ], [ 4.80770798252102, 52.17863879566859 ], [ 4.807572595049531, 52.178604872347329 ], [ 4.807437207784523, 52.178570948870842 ], [ 4.807301820725998, 52.178537025239173 ], [ 4.807166433873955, 52.178503101452279 ], [ 4.807031047228394, 52.178469177510095 ], [ 4.806895660789319, 52.178435253412744 ], [ 4.806760274556725, 52.178401329160167 ], [ 4.806624888530619, 52.178367404752301 ], [ 4.806489502710996, 52.178333480189288 ], [ 4.806354117097859, 52.178299555471014 ], [ 4.806218731691207, 52.178265630597522 ] ] ] } },
{ "type": "Feature", "properties": { "reference_id": 206 }, "geometry": { "type": "Polygon", "coordinates": [ [ [ 4.813180888584274, 52.175119940627013 ], [ 4.813044995241972, 52.175086807094736 ], [ 4.812909102102092, 52.17505367340609 ], [ 4.812853534402838, 52.175040124739077 ], [ 4.812827520557021, 52.17508032772146 ], [ 4.812817058056615, 52.175096362928642 ], [ 4.812762630901248, 52.175179779756462 ], [ 4.812801810010787, 52.175189218724078 ], [ 4.812937922709677, 52.175222010642919 ], [ 4.813074035609235, 52.175254802404787 ], [ 4.813210148709458, 52.175287594009831 ], [ 4.813268048406786, 52.175205065609269 ], [ 4.813281513901805, 52.175185872269608 ], [ 4.813285281532987, 52.175180515710494 ], [ 4.813298893187554, 52.175161122676236 ], [ 4.813306324607935, 52.175150525897045 ], [ 4.813180888584274, 52.175119940627013 ] ] ] } },
{ "type": "Feature", "properties": { "reference_id": 207 }, "geometry": { "type": "Polygon", "coordinates": [ [ [ 4.814242605059424, 52.175122627694535 ], [ 4.81419051099388, 52.175109360039293 ], [ 4.814150731429492, 52.175128716008686 ], [ 4.814139969449642, 52.175134004034575 ], [ 4.814025770605405, 52.175190116847183 ], [ 4.813911571473972, 52.175246229548307 ], [ 4.813797372055346, 52.175302342137954 ], [ 4.813683172349521, 52.175358454616095 ], [ 4.813619321470018, 52.175394285456584 ], [ 4.813722128161007, 52.175419871797459 ], [ 4.813857637027412, 52.175453596814179 ], [ 4.813993146099254, 52.175487321675348 ], [ 4.81399975095777, 52.17548896533151 ], [ 4.814135261692067, 52.175522687831865 ], [ 4.814270771450142, 52.175556411971421 ], [ 4.814406281413649, 52.175590135955439 ], [ 4.814541791582587, 52.175623859783975 ], [ 4.814677301956963, 52.175657583456967 ], [ 4.814812812536768, 52.175691306974436 ], [ 4.814948323322008, 52.175725030336402 ], [ 4.815040248183385, 52.175747906740114 ], [ 4.815093897048611, 52.17566429939199 ], [ 4.815147545712185, 52.175580692017959 ], [ 4.81520119417411, 52.175497084618051 ], [ 4.81525484243438, 52.175413477192215 ], [ 4.815273098240771, 52.175385026593226 ], [ 4.815138033570332, 52.175350634956871 ], [ 4.815002969108687, 52.175316243166023 ], [ 4.81486790485584, 52.175281851220696 ], [ 4.814854432517488, 52.175278420694468 ], [ 4.814719368795942, 52.175244028131381 ], [ 4.814677326061087, 52.175233322346607 ], [ 4.814542261877452, 52.175198930673275 ], [ 4.814407197902611, 52.175164538845479 ], [ 4.814272134136566, 52.175130146863161 ], [ 4.814242605059424, 52.175122627694535 ] ] ] } },
{ "type": "Feature", "properties": { "reference_id": 208 }, "geometry": { "type": "Polygon", "coordinates": [ [ [ 4.813350733791745, 52.175174758005163 ], [ 4.813298893187554, 52.175161122676236 ], [ 4.813285281532987, 52.175180515710494 ], [ 4.813281513901805, 52.175185872269608 ], [ 4.813268048406786, 52.175205065609269 ], [ 4.813210148709458, 52.175287594009831 ], [ 4.813210685495347, 52.175287723337775 ], [ 4.81334679755181, 52.1753205167389 ], [ 4.813393575087436, 52.175296303983181 ], [ 4.813505407654361, 52.175238417582825 ], [ 4.81347162519693, 52.175229529642941 ], [ 4.813337224254107, 52.175194169518008 ], [ 4.813350733791745, 52.175174758005163 ] ] ] } },
{ "type": "Feature", "properties": { "reference_id": 209 }, "geometry": { "type": "Polygon", "coordinates": [ [ [ 4.813993146099254, 52.175487321675348 ], [ 4.813857637027412, 52.175453596814179 ], [ 4.813722128161007, 52.175419871797459 ], [ 4.813619321470018, 52.175394285456584 ], [ 4.813596496568587, 52.175407090420926 ], [ 4.813592866589389, 52.175413395000199 ], [ 4.813544083650472, 52.175498121445592 ], [ 4.813495300525663, 52.175582847869229 ], [ 4.813446517214959, 52.175667574271252 ], [ 4.813397733718358, 52.175752300651517 ], [ 4.813491538587548, 52.17577535773281 ], [ 4.813627283635516, 52.17580872346624 ], [ 4.813763028887098, 52.175842089043627 ], [ 4.813898774342293, 52.175875454464943 ], [ 4.813954481260641, 52.175792357367897 ], [ 4.814010187970907, 52.175709260243103 ], [ 4.814065894473092, 52.175626163090463 ], [ 4.814121600767199, 52.17554306591002 ], [ 4.814135261692067, 52.175522687831865 ], [ 4.81399975095777, 52.17548896533151 ], [ 4.813993146099254, 52.175487321675348 ] ] ] } },
{ "type": "Feature", "properties": { "reference_id": 210 }, "geometry": { "type": "Polygon", "coordinates": [ [ [ 4.813397733718358, 52.175752300651517 ], [ 4.813392425233977, 52.17576151460225 ], [ 4.813348093145937, 52.175832652890719 ], [ 4.81329578989898, 52.175916581928448 ], [ 4.813243486454646, 52.176000510941456 ], [ 4.813191182812938, 52.176084439929753 ], [ 4.813326791110975, 52.17611801661679 ], [ 4.813462399613703, 52.176151593148028 ], [ 4.813598008321125, 52.176185169523585 ], [ 4.813733617233241, 52.17621874574332 ], [ 4.813869226350045, 52.176252321807411 ], [ 4.814004835671539, 52.176285897715672 ], [ 4.814140445197725, 52.176319473468212 ], [ 4.814276054928601, 52.176353049065042 ], [ 4.814411664864163, 52.176386624506101 ], [ 4.814547275004412, 52.176420199791444 ], [ 4.814682885349352, 52.176453774921001 ], [ 4.814818495898977, 52.176487349894835 ], [ 4.81495410665329, 52.176520924712911 ], [ 4.81508971761229, 52.176554499375243 ], [ 4.815225328775973, 52.176588073881838 ], [ 4.815307428965922, 52.176608400082785 ], [ 4.815357476823879, 52.176523952681151 ], [ 4.815407524491768, 52.176439505256802 ], [ 4.815457571969592, 52.176355057809694 ], [ 4.815507471439251, 52.176270859761765 ], [ 4.815371724179601, 52.176237495254099 ], [ 4.81523597712356, 52.176204130590342 ], [ 4.815100230271133, 52.176170765770529 ], [ 4.814964483622319, 52.176137400794715 ], [ 4.814828737177117, 52.176104035662753 ], [ 4.814692990935534, 52.176070670374784 ], [ 4.814557244897562, 52.176037304930759 ], [ 4.814421499063206, 52.176003939330649 ], [ 4.814285753432468, 52.175970573574496 ], [ 4.814150008005346, 52.175937207662301 ], [ 4.814014262781842, 52.175903841594057 ], [ 4.813898774342293, 52.175875454464943 ], [ 4.813763028887098, 52.175842089043627 ], [ 4.813627283635516, 52.17580872346624 ], [ 4.813491538587548, 52.17577535773281 ], [ 4.813397733718358, 52.175752300651517 ] ] ] } },
{ "type": "Feature", "properties": { "reference_id": 211 }, "geometry": { "type": "Polygon", "coordinates": [ [ [ 4.81404683670856, 52.177094233955607 ], [ 4.813911214779024, 52.177060673550287 ], [ 4.813775593054109, 52.177027112989236 ], [ 4.813639971533812, 52.176993552272393 ], [ 4.813504350218138, 52.176959991399777 ], [ 4.813492626117004, 52.176979032174053 ], [ 4.813440868908097, 52.177063089353418 ], [ 4.813389111503565, 52.177147146508595 ], [ 4.813337353903401, 52.17723120363955 ], [ 4.813285596107605, 52.177315260746248 ], [ 4.81342129755479, 52.177348700625465 ], [ 4.813556999205979, 52.17738214034874 ], [ 4.813692701061179, 52.177415579916023 ], [ 4.813828403120387, 52.177449019327355 ], [ 4.813964105383603, 52.177482458582766 ], [ 4.814099807850825, 52.177515897682213 ], [ 4.814235510522054, 52.177549336625717 ], [ 4.81437121339729, 52.177582775413235 ], [ 4.814506916476532, 52.177616214044804 ], [ 4.814642619759775, 52.177649652520429 ], [ 4.814778323247026, 52.177683090840119 ], [ 4.814914026938277, 52.177716529003803 ], [ 4.815049730833534, 52.177749967011579 ], [ 4.815185434932792, 52.177783404863341 ], [ 4.815321139236052, 52.177816842559174 ], [ 4.815456843743315, 52.177850280099072 ], [ 4.815592548454578, 52.177883717482956 ], [ 4.815728253369842, 52.177917154710919 ], [ 4.815863958489103, 52.177950591782889 ], [ 4.815999663812367, 52.177984028698958 ], [ 4.816135369339626, 52.178017465459007 ], [ 4.816271075070886, 52.178050902063113 ], [ 4.816406781006141, 52.17808433851129 ], [ 4.816542487145394, 52.178117774803468 ], [ 4.816678193488643, 52.178151210939703 ], [ 4.816722563342183, 52.178162143003441 ], [ 4.816731728827515, 52.178145514168612 ], [ 4.816778647408964, 52.178060390117814 ], [ 4.816825565810748, 52.177975266046857 ], [ 4.816872484032865, 52.177890141955778 ], [ 4.81691940207532, 52.17780501784447 ], [ 4.816894944495069, 52.177798966483024 ], [ 4.816759318268639, 52.177765409348993 ], [ 4.816623692246819, 52.177731852059217 ], [ 4.816488066429606, 52.177698294613656 ], [ 4.816352440817005, 52.177664737012286 ], [ 4.816216815409011, 52.177631179255187 ], [ 4.81608119020563, 52.177597621342279 ], [ 4.815945565206858, 52.177564063273593 ], [ 4.8158099404127, 52.177530505049127 ], [ 4.815674315823153, 52.177496946668896 ], [ 4.81553869143822, 52.177463388132892 ], [ 4.815403067257899, 52.177429829441088 ], [ 4.815267443282194, 52.177396270593533 ], [ 4.815131819511103, 52.177362711590185 ], [ 4.814996195944626, 52.177329152431071 ], [ 4.814860572582764, 52.177295593116135 ], [ 4.814724949425518, 52.177262033645519 ], [ 4.814589326472892, 52.177228474019095 ], [ 4.814453703724881, 52.17719491423685 ], [ 4.814318081181488, 52.177161354298867 ], [ 4.814182458842716, 52.177127794205141 ], [ 4.81404683670856, 52.177094233955607 ] ] ] } },
{ "type": "Feature", "properties": { "reference_id": 212 }, "geometry": { "type": "Polygon", "coordinates": [ [ [ 4.813147419698321, 52.178895464461682 ], [ 4.813012007557972, 52.17886157715354 ], [ 4.812876595623918, 52.178827689690173 ], [ 4.812741183896165, 52.178793802071503 ], [ 4.812605772374706, 52.178759914297565 ], [ 4.81247036105955, 52.178726026368338 ], [ 4.812334949950692, 52.178692138283807 ], [ 4.812199539048134, 52.178658250044023 ], [ 4.812064128351875, 52.178624361648914 ], [ 4.81192871786192, 52.178590473098595 ], [ 4.811793307578267, 52.178556584392929 ], [ 4.811657897500914, 52.178522695531989 ], [ 4.811625946886855, 52.178572917970605 ], [ 4.811616973250193, 52.178587988871762 ], [ 4.811566718194728, 52.178672390233977 ], [ 4.811516462948497, 52.178756791573278 ], [ 4.811466207511502, 52.178841192889671 ], [ 4.811415951883746, 52.178925594183127 ], [ 4.811365696065223, 52.179009995453654 ], [ 4.811315440055929, 52.179094396701316 ], [ 4.81126518385587, 52.179178797925985 ], [ 4.811400737662651, 52.179212471954713 ], [ 4.811536291674652, 52.179246145827783 ], [ 4.811671845891876, 52.179279819545265 ], [ 4.81180740031432, 52.179313493107159 ], [ 4.811942954941984, 52.179347166513416 ], [ 4.812078509774866, 52.179380839764057 ], [ 4.81221406481297, 52.179414512859083 ], [ 4.81234962005629, 52.17944818579852 ], [ 4.812485175504828, 52.179481858582356 ], [ 4.812620731158583, 52.179515531210555 ], [ 4.812756287017554, 52.179549203683123 ], [ 4.812845663087524, 52.17957140484782 ], [ 4.812900596663434, 52.179488112305847 ], [ 4.812955530033637, 52.179404819736789 ], [ 4.81301046319813, 52.179321527140665 ], [ 4.813065396156915, 52.179238234517449 ], [ 4.813120328909991, 52.179154941867132 ], [ 4.813175261457366, 52.179071649189751 ], [ 4.813230193799035, 52.178988356485291 ], [ 4.813271052126747, 52.178926403679611 ], [ 4.813147419698321, 52.178895464461682 ] ], [ [ 4.8115349266739, 52.178819322949288 ], [ 4.811596400524447, 52.178834516008216 ], [ 4.811580232757859, 52.178859235299107 ], [ 4.811621817065378, 52.17887032266033 ], [ 4.811594266868201, 52.178909223579154 ], [ 4.81153125226289, 52.178892189435217 ], [ 4.81154355422867, 52.17887473164901 ], [ 4.811504932645837, 52.178865186685321 ], [ 4.8115349266739, 52.178819322949288 ] ] ] } },
{ "type": "Feature", "properties": { "reference_id": 213 }, "geometry": { "type": "Polygon", "coordinates": [ [ [ 4.813108748620288, 52.179988194019948 ], [ 4.812973495397491, 52.179954062749658 ], [ 4.812838242382234, 52.179919931324442 ], [ 4.812702989574515, 52.179885799744341 ], [ 4.812567736974338, 52.17985166800927 ], [ 4.812432484581699, 52.179817536119309 ], [ 4.812297232396605, 52.179783404074421 ], [ 4.812161980419051, 52.179749271874641 ], [ 4.81202672864904, 52.179715139519949 ], [ 4.811891477086575, 52.179681007010288 ], [ 4.811756225731648, 52.179646874345742 ], [ 4.811620974584268, 52.179612741526306 ], [ 4.811485723644435, 52.179578608551928 ], [ 4.811350472912145, 52.179544475422638 ], [ 4.811215222387402, 52.179510342138421 ], [ 4.811079972070203, 52.179476208699299 ], [ 4.811033534899026, 52.179550034814298 ], [ 4.810980805524934, 52.17963386399348 ], [ 4.810928075952074, 52.179717693147609 ], [ 4.810875346180451, 52.179801522276627 ], [ 4.811010512758937, 52.17983578230735 ], [ 4.811145679545612, 52.179870042183261 ], [ 4.811280846540472, 52.179904301904514 ], [ 4.811416013743517, 52.179938561471033 ], [ 4.811551181154743, 52.179972820882774 ], [ 4.811686348774158, 52.180007080139873 ], [ 4.811821516601754, 52.180041339242223 ], [ 4.811956684637535, 52.180075598189823 ], [ 4.812091852881498, 52.180109856982753 ], [ 4.812227021333642, 52.180144115620912 ], [ 4.812362189993967, 52.180178374104351 ], [ 4.812497358862474, 52.180212632433076 ], [ 4.812632527939162, 52.180246890607044 ], [ 4.81276769722403, 52.1802811486263 ], [ 4.812902866717078, 52.180315406490855 ], [ 4.813038036418301, 52.180349664200662 ], [ 4.813173206327705, 52.180383921755769 ], [ 4.813308376445288, 52.180418179156106 ], [ 4.813357321768165, 52.180430583766181 ], [ 4.813416571428182, 52.180348416533739 ], [ 4.813475820869384, 52.180266249270076 ], [ 4.813535070091771, 52.180184081975135 ], [ 4.813588943295014, 52.180109369896016 ], [ 4.813514509533915, 52.180090586901279 ], [ 4.813379255688502, 52.180056456095755 ], [ 4.813244002050626, 52.180022325135319 ], [ 4.813108748620288, 52.179988194019948 ] ] ] } },
{ "type": "Feature", "properties": { "reference_id": 214 }, "geometry": { "type": "Polygon", "coordinates": [ [ [ 4.81399470624243, 52.180211761391881 ], [ 4.813859451719087, 52.180177631048188 ], [ 4.813724197403283, 52.180143500549562 ], [ 4.813588943295014, 52.180109369896016 ], [ 4.813535070091771, 52.180184081975135 ], [ 4.813475820869384, 52.180266249270076 ], [ 4.813416571428182, 52.180348416533739 ], [ 4.813357321768165, 52.180430583766181 ], [ 4.813356771106236, 52.180431336088226 ], [ 4.81342094459762, 52.180447586676067 ], [ 4.813556131249812, 52.180481819701392 ], [ 4.813691318110062, 52.180516052571896 ], [ 4.813826505178366, 52.18055028528768 ], [ 4.813961692454722, 52.180584517848658 ], [ 4.814096879939135, 52.180618750254901 ], [ 4.814232067631599, 52.180652982506309 ], [ 4.814367255532116, 52.180687214603012 ], [ 4.814502443640686, 52.18072144654495 ], [ 4.814637631957308, 52.180755678332083 ], [ 4.81477282048198, 52.180789909964474 ], [ 4.814908009214701, 52.180824141442073 ], [ 4.814968145821743, 52.180742217921981 ], [ 4.815028282207364, 52.180660294369765 ], [ 4.815088418371566, 52.180578370785398 ], [ 4.81514454742593, 52.180501905791495 ], [ 4.815076749900407, 52.180484798564216 ], [ 4.814941493716795, 52.180450669459923 ], [ 4.814806237740711, 52.180416540200703 ], [ 4.814670981972163, 52.180382410786535 ], [ 4.814535726411148, 52.180348281217448 ], [ 4.814400471057665, 52.180314151493448 ], [ 4.814265215911717, 52.180280021614507 ], [ 4.814129960973306, 52.180245891580626 ], [ 4.81399470624243, 52.180211761391881 ] ] ] } },
{ "type": "Feature", "properties": { "reference_id": 215 }, "geometry": { "type": "Polygon", "coordinates": [ [ [ 4.804817370700268, 52.178290042290882 ], [ 4.804765362773789, 52.178374041272669 ], [ 4.804713354650859, 52.178458040230019 ], [ 4.804661346331474, 52.178542039162885 ], [ 4.804609337815636, 52.178626038071386 ], [ 4.804723891975146, 52.178654938413693 ], [ 4.804859146963167, 52.178689061081457 ], [ 4.804994402158676, 52.178723183594329 ], [ 4.805129657561675, 52.178757305952274 ], [ 4.805264913172165, 52.178791428155279 ], [ 4.805400168990137, 52.178825550203378 ], [ 4.805535425015598, 52.178859672096529 ], [ 4.805670681248545, 52.17889379383481 ], [ 4.805805937688977, 52.178927915418107 ], [ 4.805941194336895, 52.178962036846507 ], [ 4.806076451192297, 52.178996158119951 ], [ 4.806211708255183, 52.179030279238511 ], [ 4.806346965525555, 52.179064400202115 ], [ 4.806482223003408, 52.179098521010793 ], [ 4.806617480688742, 52.179132641664559 ], [ 4.806752738581562, 52.179166762163398 ], [ 4.806887996681859, 52.179200882507267 ], [ 4.80702325498964, 52.179235002696231 ], [ 4.807158513504899, 52.179269122730283 ], [ 4.807293772227641, 52.179303242609393 ], [ 4.80742903115786, 52.179337362333591 ], [ 4.807564290295558, 52.179371481902784 ], [ 4.807699549640734, 52.179405601317136 ], [ 4.807834809193389, 52.179439720576504 ], [ 4.80797006895352, 52.179473839680959 ], [ 4.808105328921129, 52.179507958630481 ], [ 4.808240589096213, 52.179542077425054 ], [ 4.808375849478773, 52.179576196064687 ], [ 4.808511110068809, 52.1796103145494 ], [ 4.808646370866319, 52.179644432879172 ], [ 4.808781631871303, 52.179678551054025 ], [ 4.808916893083759, 52.179712669073957 ], [ 4.809052154503689, 52.179746786938885 ], [ 4.809187416131091, 52.179780904648894 ], [ 4.809322677965965, 52.179815022204018 ], [ 4.809457940008311, 52.179849139604187 ], [ 4.809593202258127, 52.179883256849372 ], [ 4.809728464715413, 52.179917373939659 ], [ 4.809863727380169, 52.179951490875013 ], [ 4.809998990252398, 52.179985607655404 ], [ 4.810134253332091, 52.180019724280875 ], [ 4.810269516619252, 52.180053840751377 ], [ 4.810404780113884, 52.180087957066945 ], [ 4.810415274249067, 52.180071129457637 ], [ 4.810467610305706, 52.179987207071413 ], [ 4.810519946164835, 52.179903284660483 ], [ 4.810572281826458, 52.179819362224819 ], [ 4.810624617290572, 52.179735439764436 ], [ 4.810489354755147, 52.17970132360994 ], [ 4.810354092427185, 52.17966720730049 ], [ 4.810218830306686, 52.179633090836063 ], [ 4.810083568393653, 52.179598974216752 ], [ 4.809948306688082, 52.179564857442486 ], [ 4.809813045189978, 52.179530740513265 ], [ 4.809677783899337, 52.179496623429088 ], [ 4.809542522816164, 52.179462506190021 ], [ 4.809407261940456, 52.179428388795984 ], [ 4.809272001272218, 52.179394271247034 ], [ 4.809136740811444, 52.179360153543122 ], [ 4.809001480558139, 52.179326035684319 ], [ 4.808866220512305, 52.179291917670533 ], [ 4.808730960673939, 52.179257799501826 ], [ 4.808595701043041, 52.1792236811782 ], [ 4.808460441619614, 52.179189562699619 ], [ 4.808325182403661, 52.179155444066133 ], [ 4.808189923395176, 52.179121325277706 ], [ 4.808054664594163, 52.179087206334323 ], [ 4.807919406000624, 52.179053087236035 ], [ 4.807784147614557, 52.179018967982785 ], [ 4.807648889435963, 52.178984848574643 ], [ 4.807513631464844, 52.178950729011575 ], [ 4.807378373701201, 52.178916609293516 ], [ 4.807243116145031, 52.178882489420594 ], [ 4.807107858796336, 52.178848369392689 ], [ 4.806972601655116, 52.178814249209907 ], [ 4.806837344721377, 52.178780128872162 ], [ 4.806702087995113, 52.178746008379505 ], [ 4.806566831476327, 52.178711887731914 ], [ 4.80643157516502, 52.178677766929397 ], [ 4.806296319061191, 52.178643645971952 ], [ 4.806161063164838, 52.178609524859567 ], [ 4.80602580747597, 52.178575403592276 ], [ 4.80589055199458, 52.17854128217008 ], [ 4.805755296720672, 52.178507160592957 ], [ 4.805620041654244, 52.178473038860879 ], [ 4.805484786795299, 52.178438916973882 ], [ 4.805349532143837, 52.178404794931993 ], [ 4.805214277699856, 52.178370672735113 ], [ 4.80507902346336, 52.178336550383378 ], [ 4.804943769434349, 52.178302427876737 ], [ 4.804827814608632, 52.17827317409656 ], [ 4.804817370700268, 52.178290042290882 ] ] ] } },
{ "type": "Feature", "properties": { "reference_id": 216 }, "geometry": { "type": "Polygon", "coordinates": [ [ [ 4.811596400524447, 52.178834516008216 ], [ 4.8115349266739, 52.178819322949288 ], [ 4.811504932645837, 52.178865186685321 ], [ 4.81154355422867, 52.17887473164901 ], [ 4.81155855176521, 52.178853458081925 ], [ 4.811580232757859, 52.178859235299107 ], [ 4.811596400524447, 52.178834516008216 ] ] ] } },
{ "type": "Feature", "properties": { "reference_id": 217 }, "geometry": { "type": "Polygon", "coordinates": [ [ [ 4.811580232757859, 52.178859235299107 ], [ 4.81155855176521, 52.178853458081925 ], [ 4.81154355422867, 52.17887473164901 ], [ 4.81153125226289, 52.178892189435217 ], [ 4.811594266868201, 52.178909223579154 ], [ 4.811621817065378, 52.17887032266033 ], [ 4.811580232757859, 52.178859235299107 ] ] ] } },
{ "type": "Feature", "properties": { "reference_id": 218 }, "geometry": { "type": "Polygon", "coordinates": [ [ [ 4.804609337815636, 52.178626038071386 ], [ 4.804604005415126, 52.178634650927691 ], [ 4.804551999426644, 52.178718650451266 ], [ 4.804499993241713, 52.178802649950413 ], [ 4.804447986860335, 52.178886649425074 ], [ 4.804395980282507, 52.17897064887535 ], [ 4.804509168420775, 52.178999210442029 ], [ 4.804644420304433, 52.179033339319879 ], [ 4.804779672395614, 52.17906746804281 ], [ 4.804914924694319, 52.17910159661087 ], [ 4.805050177200548, 52.179135725023976 ], [ 4.805185429914298, 52.179169853282175 ], [ 4.805320682835571, 52.179203981385449 ], [ 4.805455935964365, 52.179238109333774 ], [ 4.805591189300681, 52.17927223712725 ], [ 4.805726442844517, 52.179306364765779 ], [ 4.805861696595869, 52.179340492249381 ], [ 4.805996950554744, 52.17937461957807 ], [ 4.806132204721138, 52.179408746751825 ], [ 4.806267459095047, 52.179442873770689 ], [ 4.806402713676476, 52.179477000634634 ], [ 4.806537968465421, 52.179511127343645 ], [ 4.806673223461884, 52.179545253897729 ], [ 4.806808478665863, 52.179579380296886 ], [ 4.806943734077355, 52.179613506541166 ], [ 4.807078989696365, 52.179647632630449 ], [ 4.807214245522887, 52.17968175856484 ], [ 4.807349501556926, 52.179715884344326 ], [ 4.807484757798476, 52.179750009968885 ], [ 4.807620014247538, 52.179784135438517 ], [ 4.807755270904114, 52.179818260753215 ], [ 4.807890527768205, 52.179852385912994 ], [ 4.808025784839802, 52.179886510917839 ], [ 4.808161042118912, 52.179920635767779 ], [ 4.80829629960553, 52.179954760462763 ], [ 4.80843155729966, 52.179988885002842 ], [ 4.8085668152013, 52.180023009387995 ], [ 4.808702073310447, 52.180057133618213 ], [ 4.808837331627101, 52.180091257693469 ], [ 4.808972590151265, 52.180125381613834 ], [ 4.809107848882934, 52.180159505379272 ], [ 4.809243107822111, 52.180193628989748 ], [ 4.809378366968793, 52.180227752445369 ], [ 4.80951362632298, 52.180261875745984 ], [ 4.809648885884673, 52.18029599889168 ], [ 4.80978414565387, 52.180330121882449 ], [ 4.809919405630572, 52.180364244718305 ], [ 4.810054665814776, 52.180398367399192 ], [ 4.810189926206483, 52.180432489925174 ], [ 4.810195440237824, 52.180423647872729 ], [ 4.810247775503102, 52.180339725208349 ], [ 4.810300110570869, 52.180255802519262 ], [ 4.810352445441129, 52.180171879805485 ], [ 4.810404780113884, 52.180087957066945 ], [ 4.810269516619252, 52.180053840751377 ], [ 4.810134253332091, 52.180019724280875 ], [ 4.809998990252398, 52.179985607655404 ], [ 4.809863727380169, 52.179951490875013 ], [ 4.809728464715413, 52.179917373939659 ], [ 4.809593202258127, 52.179883256849372 ], [ 4.809457940008311, 52.179849139604187 ], [ 4.809322677965965, 52.179815022204018 ], [ 4.809187416131091, 52.179780904648894 ], [ 4.809052154503689, 52.179746786938885 ], [ 4.808916893083759, 52.179712669073957 ], [ 4.808781631871303, 52.179678551054025 ], [ 4.808646370866319, 52.179644432879172 ], [ 4.808511110068809, 52.1796103145494 ], [ 4.808375849478773, 52.179576196064687 ], [ 4.808240589096213, 52.179542077425054 ], [ 4.808105328921129, 52.179507958630481 ], [ 4.80797006895352, 52.179473839680959 ], [ 4.807834809193389, 52.179439720576504 ], [ 4.807699549640734, 52.179405601317136 ], [ 4.807564290295558, 52.179371481902784 ], [ 4.80742903115786, 52.179337362333591 ], [ 4.807293772227641, 52.179303242609393 ], [ 4.807158513504899, 52.179269122730283 ], [ 4.80702325498964, 52.179235002696231 ], [ 4.806887996681859, 52.179200882507267 ], [ 4.806752738581562, 52.179166762163398 ], [ 4.806617480688742, 52.179132641664559 ], [ 4.806482223003408, 52.179098521010793 ], [ 4.806346965525555, 52.179064400202115 ], [ 4.806211708255183, 52.179030279238511 ], [ 4.806076451192297, 52.178996158119951 ], [ 4.805941194336895, 52.178962036846507 ], [ 4.805805937688977, 52.178927915418107 ], [ 4.805670681248545, 52.17889379383481 ], [ 4.805535425015598, 52.178859672096529 ], [ 4.805400168990137, 52.178825550203378 ], [ 4.805264913172165, 52.178791428155279 ], [ 4.805129657561675, 52.178757305952274 ], [ 4.804994402158676, 52.178723183594329 ], [ 4.804859146963167, 52.178689061081457 ], [ 4.804723891975146, 52.178654938413693 ], [ 4.804609337815636, 52.178626038071386 ] ] ] } },
{ "type": "Feature", "properties": { "reference_id": 219 }, "geometry": { "type": "Polygon", "coordinates": [ [ [ 4.804395980282507, 52.17897064887535 ], [ 4.804385381672723, 52.178987766813627 ], [ 4.804333373336497, 52.179071765878348 ], [ 4.804281364803815, 52.179155764918626 ], [ 4.804229356074675, 52.17923976393449 ], [ 4.804177347149071, 52.179323762925911 ], [ 4.804289093202188, 52.179351924135943 ], [ 4.804424371209721, 52.179386015463002 ], [ 4.804559649424597, 52.179420106635085 ], [ 4.804694927846808, 52.179454197652149 ], [ 4.804830206476359, 52.179488288514293 ], [ 4.804965485313245, 52.179522379221403 ], [ 4.805100764357471, 52.179556469773587 ], [ 4.805236043609031, 52.179590560170766 ], [ 4.805371323067928, 52.17962465041299 ], [ 4.805506602734158, 52.179658740500244 ], [ 4.805641882607724, 52.179692830432465 ], [ 4.805777162688626, 52.179726920209752 ], [ 4.805912442976861, 52.179761009832056 ], [ 4.806047723472428, 52.179795099299376 ], [ 4.806183004175328, 52.179829188611755 ], [ 4.806318285085561, 52.179863277769094 ], [ 4.806453566203124, 52.179897366771499 ], [ 4.806588847528018, 52.179931455618892 ], [ 4.806724129060243, 52.179965544311337 ], [ 4.806859410799797, 52.179999632848784 ], [ 4.806994692746684, 52.180033721231233 ], [ 4.807129974900895, 52.180067809458734 ], [ 4.807265257262437, 52.180101897531237 ], [ 4.807400539831307, 52.180135985448743 ], [ 4.807535822607503, 52.180170073211265 ], [ 4.807671105591026, 52.180204160818803 ], [ 4.807806388781876, 52.180238248271387 ], [ 4.80794167218005, 52.180272335568951 ], [ 4.808076955785553, 52.180306422711553 ], [ 4.808212239598377, 52.180340509699157 ], [ 4.808347523618526, 52.180374596531784 ], [ 4.808482807845998, 52.1804086832094 ], [ 4.808618092280793, 52.180442769732068 ], [ 4.808753376922911, 52.180476856099709 ], [ 4.80888866177235, 52.18051094231236 ], [ 4.809023946829112, 52.180545028370034 ], [ 4.809159232093196, 52.180579114272746 ], [ 4.809294517564596, 52.18061320002046 ], [ 4.809429803243318, 52.180647285613148 ], [ 4.80956508912936, 52.180681371050866 ], [ 4.809700375222719, 52.18071545633363 ], [ 4.809835661523398, 52.180749541461346 ], [ 4.809970948031394, 52.180783626434085 ], [ 4.809980581022494, 52.18076817983836 ], [ 4.810032917614764, 52.180684257397154 ], [ 4.810085254009517, 52.180600334931249 ], [ 4.810137590206757, 52.180516412440575 ], [ 4.810189926206483, 52.180432489925174 ], [ 4.810054665814776, 52.180398367399192 ], [ 4.809919405630572, 52.180364244718305 ], [ 4.80978414565387, 52.180330121882449 ], [ 4.809648885884673, 52.18029599889168 ], [ 4.80951362632298, 52.180261875745984 ], [ 4.809378366968793, 52.180227752445369 ], [ 4.809243107822111, 52.180193628989748 ], [ 4.809107848882934, 52.180159505379272 ], [ 4.808972590151265, 52.180125381613834 ], [ 4.808837331627101, 52.180091257693469 ], [ 4.808702073310447, 52.180057133618213 ], [ 4.8085668152013, 52.180023009387995 ], [ 4.80843155729966, 52.179988885002842 ], [ 4.80829629960553, 52.179954760462763 ], [ 4.808161042118912, 52.179920635767779 ], [ 4.808025784839802, 52.179886510917839 ], [ 4.807890527768205, 52.179852385912994 ], [ 4.807755270904114, 52.179818260753215 ], [ 4.807620014247538, 52.179784135438517 ], [ 4.807484757798476, 52.179750009968885 ], [ 4.807349501556926, 52.179715884344326 ], [ 4.807214245522887, 52.17968175856484 ], [ 4.807078989696365, 52.179647632630449 ], [ 4.806943734077355, 52.179613506541166 ], [ 4.806808478665863, 52.179579380296886 ], [ 4.806673223461884, 52.179545253897729 ], [ 4.806537968465421, 52.179511127343645 ], [ 4.806402713676476, 52.179477000634634 ], [ 4.806267459095047, 52.179442873770689 ], [ 4.806132204721138, 52.179408746751825 ], [ 4.805996950554744, 52.17937461957807 ], [ 4.805861696595869, 52.179340492249381 ], [ 4.805726442844517, 52.179306364765779 ], [ 4.805591189300681, 52.17927223712725 ], [ 4.805455935964365, 52.179238109333774 ], [ 4.805320682835571, 52.179203981385449 ], [ 4.805185429914298, 52.179169853282175 ], [ 4.805050177200548, 52.179135725023976 ], [ 4.804914924694319, 52.17910159661087 ], [ 4.804779672395614, 52.17906746804281 ], [ 4.804644420304433, 52.179033339319879 ], [ 4.804509168420775, 52.178999210442029 ], [ 4.804395980282507, 52.17897064887535 ] ] ] } },
{ "type": "Feature", "properties": { "reference_id": 220 }, "geometry": { "type": "Polygon", "coordinates": [ [ [ 4.804177347149071, 52.179323762925911 ], [ 4.804171532592028, 52.179333154443889 ], [ 4.804119525953205, 52.179417153994294 ], [ 4.804067519117927, 52.179501153520242 ], [ 4.804015512086194, 52.179585153021812 ], [ 4.803963504858004, 52.179669152498903 ], [ 4.804073918321415, 52.179697010650074 ], [ 4.80420917429409, 52.179731136565813 ], [ 4.804344430474283, 52.179765262326619 ], [ 4.804479686861994, 52.179799387932533 ], [ 4.804614943457221, 52.179833513383535 ], [ 4.804750200259961, 52.179867638679596 ], [ 4.804885457270218, 52.179901763820737 ], [ 4.805020714487988, 52.179935888806938 ], [ 4.805155971913273, 52.179970013638204 ], [ 4.805291229546069, 52.180004138314573 ], [ 4.805426487386382, 52.180038262836 ], [ 4.805561745434203, 52.1800723872025 ], [ 4.805697003689537, 52.180106511414095 ], [ 4.805832262152382, 52.180140635470721 ], [ 4.805967520822737, 52.180174759372456 ], [ 4.806102779700605, 52.180208883119249 ], [ 4.806238038785981, 52.180243006711137 ], [ 4.806373298078866, 52.18027713014807 ], [ 4.806508557579258, 52.180311253430055 ], [ 4.80664381728716, 52.180345376557128 ], [ 4.806779077202568, 52.18037949952928 ], [ 4.806914337325484, 52.180413622346485 ], [ 4.807049597655905, 52.180447745008784 ], [ 4.807184858193832, 52.180481867516121 ], [ 4.807320118939265, 52.180515989868546 ], [ 4.807455379892203, 52.180550112066044 ], [ 4.807590641052644, 52.180584234108615 ], [ 4.807725902420589, 52.180618355996202 ], [ 4.807861163996037, 52.180652477728898 ], [ 4.807996425778988, 52.180686599306654 ], [ 4.808131687769444, 52.18072072072944 ], [ 4.808266949967398, 52.180754841997327 ], [ 4.808402212372853, 52.180788963110281 ], [ 4.808537474985811, 52.180823084068287 ], [ 4.808672737806267, 52.180857204871359 ], [ 4.808808000834222, 52.180891325519461 ], [ 4.808943264069677, 52.180925446012658 ], [ 4.809078527512629, 52.180959566350943 ], [ 4.809213791163081, 52.180993686534258 ], [ 4.80934905502103, 52.181027806562632 ], [ 4.809484319086475, 52.181061926436065 ], [ 4.809619583359416, 52.181096046154572 ], [ 4.809754847839852, 52.18113016571813 ], [ 4.809761611944571, 52.181119318856211 ], [ 4.809813946262541, 52.181035395787781 ], [ 4.809866280383002, 52.180951472694602 ], [ 4.809918614305951, 52.180867549576718 ], [ 4.809970948031394, 52.180783626434085 ], [ 4.809835661523398, 52.180749541461346 ], [ 4.809700375222719, 52.18071545633363 ], [ 4.80956508912936, 52.180681371050866 ], [ 4.809429803243318, 52.180647285613148 ], [ 4.809294517564596, 52.18061320002046 ], [ 4.809159232093196, 52.180579114272746 ], [ 4.809023946829112, 52.180545028370034 ], [ 4.80888866177235, 52.18051094231236 ], [ 4.808753376922911, 52.180476856099709 ], [ 4.808618092280793, 52.180442769732068 ], [ 4.808482807845998, 52.1804086832094 ], [ 4.808347523618526, 52.180374596531784 ], [ 4.808212239598377, 52.180340509699157 ], [ 4.808076955785553, 52.180306422711553 ], [ 4.80794167218005, 52.180272335568951 ], [ 4.807806388781876, 52.180238248271387 ], [ 4.807671105591026, 52.180204160818803 ], [ 4.807535822607503, 52.180170073211265 ], [ 4.807400539831307, 52.180135985448743 ], [ 4.807265257262437, 52.180101897531237 ], [ 4.807129974900895, 52.180067809458734 ], [ 4.806994692746684, 52.180033721231233 ], [ 4.806859410799797, 52.179999632848784 ], [ 4.806724129060243, 52.179965544311337 ], [ 4.806588847528018, 52.179931455618892 ], [ 4.806453566203124, 52.179897366771499 ], [ 4.806318285085561, 52.179863277769094 ], [ 4.806183004175328, 52.179829188611755 ], [ 4.806047723472428, 52.179795099299376 ], [ 4.805912442976861, 52.179761009832056 ], [ 4.805777162688626, 52.179726920209752 ], [ 4.805641882607724, 52.179692830432465 ], [ 4.805506602734158, 52.179658740500244 ], [ 4.805371323067928, 52.17962465041299 ], [ 4.805236043609031, 52.179590560170766 ], [ 4.805100764357471, 52.179556469773587 ], [ 4.804965485313245, 52.179522379221403 ], [ 4.804830206476359, 52.179488288514293 ], [ 4.804694927846808, 52.179454197652149 ], [ 4.804559649424597, 52.179420106635085 ], [ 4.804424371209721, 52.179386015463002 ], [ 4.804289093202188, 52.179351924135943 ], [ 4.804177347149071, 52.179323762925911 ] ] ] } },
{ "type": "Feature", "properties": { "reference_id": 221 }, "geometry": { "type": "Polygon", "coordinates": [ [ [ 4.803753871224201, 52.180034722969559 ], [ 4.803739427694809, 52.180031065125029 ], [ 4.803711059951429, 52.18007688201957 ], [ 4.803659051255496, 52.180160881279242 ], [ 4.803607042363098, 52.180244880514536 ], [ 4.803555033274229, 52.180328879725302 ], [ 4.803503023988893, 52.18041287891171 ], [ 4.803515451007099, 52.180415986950145 ], [ 4.803650878733547, 52.180449857760266 ], [ 4.803786306666232, 52.180483728415062 ], [ 4.803921734805156, 52.180517598914584 ], [ 4.804057163150318, 52.180551469258738 ], [ 4.804192591701715, 52.180585339447617 ], [ 4.80432802045935, 52.180619209481172 ], [ 4.804463449423218, 52.180653079359402 ], [ 4.804598878593323, 52.180686949082357 ], [ 4.80473430796966, 52.180720818649938 ], [ 4.804869737552234, 52.180754688062216 ], [ 4.805005167341039, 52.180788557319204 ], [ 4.80514059733608, 52.18082242642086 ], [ 4.80527602753735, 52.180856295367199 ], [ 4.805411457944854, 52.180890164158235 ], [ 4.805546888558588, 52.180924032793946 ], [ 4.805682319378556, 52.180957901274276 ], [ 4.805817750404749, 52.180991769599387 ], [ 4.805953181637174, 52.181025637769103 ], [ 4.806088613075829, 52.181059505783516 ], [ 4.806224044720712, 52.181093373642618 ], [ 4.806359476571823, 52.181127241346381 ], [ 4.806494908629161, 52.181161108894813 ], [ 4.806547301993141, 52.18107719974892 ], [ 4.806599695159417, 52.180993290578215 ], [ 4.806652088127993, 52.180909381382698 ], [ 4.806704480898865, 52.180825472162432 ], [ 4.806727962440759, 52.180787865377312 ], [ 4.806592774291694, 52.180753633256522 ], [ 4.806457586350696, 52.180719400980948 ], [ 4.806322398617755, 52.18068516855061 ], [ 4.806187211092876, 52.180650935965517 ], [ 4.806052023776059, 52.18061670322566 ], [ 4.805916836667306, 52.180582470331053 ], [ 4.805781649766614, 52.180548237281634 ], [ 4.80564646307399, 52.180514004077502 ], [ 4.805511276589424, 52.180479770718563 ], [ 4.805376090312929, 52.180445537204903 ], [ 4.805240904244495, 52.180411303536431 ], [ 4.805105718384128, 52.180377069713252 ], [ 4.80497053273183, 52.180342835735324 ], [ 4.804835347287595, 52.18030860160259 ], [ 4.804700162051429, 52.1802743673151 ], [ 4.804564977023332, 52.180240132872846 ], [ 4.804429792203304, 52.180205898275887 ], [ 4.804294607591343, 52.180171663524114 ], [ 4.804159423187452, 52.180137428617591 ], [ 4.804024238991629, 52.180103193556363 ], [ 4.80388905500388, 52.180068958340314 ], [ 4.803753871224201, 52.180034722969559 ] ] ] } }
]
}
