{
"type": "FeatureCollection",
"name": "parcels_topology_cleaned",
"crs": { "type": "name", "properties": { "name": "urn:ogc:def:crs:OGC:1.3:CRS84" } },
"features": [
{ "type": "Feature", "properties": { "class": "parcel", "raw_confidence": 0.3988, "source_tile_id": "tile-110000-460000", "was_valid": true, "area_m2": 52.173662944573742 }, "geometry": { "type": "Polygon", "coordinates": [ [ [ 4.807866714551619, 52.164120030055514 ], [ 4.807877675729686, 52.164120083866827 ], [ 4.807877704897459, 52.16411783698166 ], [ 4.807881358623305, 52.164117854918558 ], [ 4.807881387790895, 52.164115608033377 ], [ 4.807885041516557, 52.16411562597014 ], [ 4.807885070683957, 52.164113379084988 ], [ 4.807888724409442, 52.164113397021623 ], [ 4.807888753576655, 52.164111150136463 ], [ 4.807896061027266, 52.164111186009393 ], [ 4.807896090194107, 52.164108939124233 ], [ 4.807903397644361, 52.164108974996751 ], [ 4.807903426810832, 52.164106728111577 ], [ 4.807907080535781, 52.164106746047622 ], [ 4.807907109702064, 52.16410449916247 ], [ 4.807910763426833, 52.164104517098437 ], [ 4.807910792592926, 52.164102270213235 ], [ 4.807914446317516, 52.164102288149095 ], [ 4.807914475483424, 52.164100041263936 ], [ 4.80792178293224, 52.164100077135309 ], [ 4.80792184126331, 52.164095583364912 ], [ 4.807925494987357, 52.164095601300438 ], [ 4.807925524152701, 52.16409335441525 ], [ 4.807929177876566, 52.164093372350614 ], [ 4.807929207041726, 52.164091125465418 ], [ 4.80793286076541, 52.164091143400732 ], [ 4.80793291909535, 52.164086649630306 ], [ 4.807936572818672, 52.164086667565499 ], [ 4.807936689477771, 52.164077680024747 ], [ 4.80794034320036, 52.164077697959804 ], [ 4.807940605681483, 52.164057475992948 ], [ 4.807936951960553, 52.164057458057968 ], [ 4.807937010290021, 52.164052964287528 ], [ 4.807933356569462, 52.164052946352371 ], [ 4.807933385734374, 52.164050699467175 ], [ 4.807926078293633, 52.164050663596562 ], [ 4.807926107458911, 52.164048416711339 ], [ 4.807918800018552, 52.164048380840278 ], [ 4.807918829184193, 52.164046133955075 ], [ 4.80790056058427, 52.164046044275423 ], [ 4.807900589750829, 52.164043797390221 ], [ 4.807889628591467, 52.164043743581033 ], [ 4.807889657758574, 52.164041496695866 ], [ 4.807878696599795, 52.164041442885683 ], [ 4.807878754935105, 52.164036949115314 ], [ 4.807875101215888, 52.164036931178387 ], [ 4.807875334558462, 52.164018956096818 ], [ 4.807860719687513, 52.164018884347911 ], [ 4.807860515507618, 52.164034612544249 ], [ 4.807856861788601, 52.16403459460674 ], [ 4.807856803451089, 52.164039088377123 ], [ 4.807853149731709, 52.164039070439479 ], [ 4.80785303305591, 52.164048057980224 ], [ 4.807856686776029, 52.164048075917805 ], [ 4.807856511763333, 52.164061557228919 ], [ 4.807852858042108, 52.164061539291275 ], [ 4.807852770535165, 52.164068279946775 ], [ 4.80784546309163, 52.164068244071153 ], [ 4.807845433922272, 52.164070490956341 ], [ 4.807834472756437, 52.164070437142044 ], [ 4.807834443586526, 52.164072684027204 ], [ 4.807827136142288, 52.164072648150466 ], [ 4.807827106972004, 52.164074895035583 ], [ 4.807823453249704, 52.164074877097057 ], [ 4.807823394908761, 52.164079370867377 ], [ 4.807819741186098, 52.164079352928674 ], [ 4.807819712015436, 52.164081599813862 ], [ 4.807816058292592, 52.164081581875081 ], [ 4.807815854096581, 52.164097310071135 ], [ 4.807819507820714, 52.16409732800993 ], [ 4.807819478650023, 52.164099574895062 ], [ 4.807823132374345, 52.164099592833743 ], [ 4.807823103203836, 52.164101839718917 ], [ 4.807830410652853, 52.164101875595932 ], [ 4.80783038148271, 52.164104122481078 ], [ 4.807834035207408, 52.164104140419425 ], [ 4.807834006037444, 52.164106387304571 ], [ 4.807848620937003, 52.164106459056789 ], [ 4.807848591767772, 52.164108705941942 ], [ 4.80785589921794, 52.164108741817351 ], [ 4.807855840880206, 52.164113235587692 ], [ 4.807859494605665, 52.164113253525279 ], [ 4.807859465436976, 52.164115500410411 ], [ 4.807863119162621, 52.164115518347849 ], [ 4.807863089994112, 52.16411776523298 ], [ 4.807866743719945, 52.164117783170354 ], [ 4.807866714551619, 52.164120030055514 ] ] ] } },
{ "type": "Feature", "properties": { "class": "parcel", "raw_confidence": 0.4014, "source_tile_id": "tile-110000-460000", "was_valid": true, "area_m2": 29.304769252324284 }, "geometry": { "type": "Polygon", "coordinates": [ [ [ 4.811391147905163, 52.17868901340681 ], [ 4.811402112669375, 52.178689066895814 ], [ 4.811402141671997, 52.178686820015173 ], [ 4.811405796593222, 52.178686837844644 ], [ 4.811405825595652, 52.178684590963989 ], [ 4.811409480516699, 52.178684608793326 ], [ 4.811409509518941, 52.178682361912699 ], [ 4.811413164439809, 52.1786823797419 ], [ 4.811413193441865, 52.178680132861246 ], [ 4.811416848362549, 52.178680150690347 ], [ 4.811416935368147, 52.178673410048454 ], [ 4.811420590288282, 52.178673427877435 ], [ 4.811420648291627, 52.178668934116146 ], [ 4.811424303211395, 52.178668951945021 ], [ 4.81142436121436, 52.178664458183711 ], [ 4.811428016133767, 52.17866447601245 ], [ 4.811428074136347, 52.178659982251183 ], [ 4.81143172905539, 52.178660000079844 ], [ 4.811431845059777, 52.178651012557168 ], [ 4.811435499978083, 52.178651030385744 ], [ 4.811435586980785, 52.178644289743723 ], [ 4.811439241898544, 52.178644307572142 ], [ 4.811439328900665, 52.178637566930171 ], [ 4.811442983817872, 52.178637584758448 ], [ 4.811443041818901, 52.178633090997124 ], [ 4.811446696735747, 52.178633108825281 ], [ 4.811446812737025, 52.178624121302612 ], [ 4.811450467653139, 52.178624139130669 ], [ 4.81145067065396, 52.178608410965957 ], [ 4.811454325568786, 52.178608428793872 ], [ 4.811454354568706, 52.17860618191316 ], [ 4.81145800948335, 52.178606199740976 ], [ 4.811458096482537, 52.178599459098947 ], [ 4.811461751396633, 52.178599476926649 ], [ 4.811461809395706, 52.178594983165276 ], [ 4.811465464309438, 52.178595000992871 ], [ 4.811465493308783, 52.178592754112174 ], [ 4.811469148222336, 52.178592771939677 ], [ 4.811469177221495, 52.178590525058958 ], [ 4.811472832134866, 52.178590542886333 ], [ 4.811472948130733, 52.17858155536355 ], [ 4.811476603043369, 52.178581573190769 ], [ 4.811476835033473, 52.178563598145175 ], [ 4.81148048994464, 52.178563615972294 ], [ 4.81148057694032, 52.178556875330166 ], [ 4.811469612208485, 52.178556821848474 ], [ 4.811469525211149, 52.178563562490574 ], [ 4.811465870299989, 52.178563544663156 ], [ 4.811465783302071, 52.178570285305248 ], [ 4.811462128390365, 52.17857026747766 ], [ 4.811462070391364, 52.178574761239062 ], [ 4.811458415479293, 52.178574743411382 ], [ 4.811458386479606, 52.178576990292065 ], [ 4.811454731567353, 52.178576972464242 ], [ 4.811454673567598, 52.17858146622563 ], [ 4.811451018654983, 52.17858144839775 ], [ 4.811450960654845, 52.178585942159096 ], [ 4.811447305741863, 52.178585924331095 ], [ 4.811447247741345, 52.178590418092455 ], [ 4.811443592827997, 52.178590400264305 ], [ 4.811443563827551, 52.178592647144967 ], [ 4.811439908914022, 52.178592629316725 ], [ 4.811439879913386, 52.178594876197394 ], [ 4.811436224999678, 52.178594858369038 ], [ 4.811436195998856, 52.178597105249693 ], [ 4.811428886171081, 52.178597069592591 ], [ 4.811428857169885, 52.178599316473274 ], [ 4.811425202255818, 52.178599298644556 ], [ 4.811425173254438, 52.17860154552524 ], [ 4.81142151834019, 52.178601527696415 ], [ 4.811421431335466, 52.178608268338401 ], [ 4.81141777642067, 52.178608250509463 ], [ 4.811417718417141, 52.178612744270787 ], [ 4.811414063501981, 52.17861272644172 ], [ 4.811414005498067, 52.17861722020308 ], [ 4.81141035058254, 52.178617202373871 ], [ 4.811410176569615, 52.178630683657829 ], [ 4.811406521652989, 52.178630665828543 ], [ 4.811406347638836, 52.17864414711245 ], [ 4.811402692721106, 52.178644129283015 ], [ 4.811402634715995, 52.178648623044303 ], [ 4.811398979797901, 52.178648605214789 ], [ 4.811398892789657, 52.178655345856711 ], [ 4.811395237871012, 52.178655328027055 ], [ 4.811395208868071, 52.178657574907731 ], [ 4.81139155394925, 52.178657557077955 ], [ 4.811391466939857, 52.178664297719848 ], [ 4.811387812020484, 52.178664279889965 ], [ 4.811387725010513, 52.17867102053188 ], [ 4.811384070090589, 52.178671002701869 ], [ 4.811383954076507, 52.178679990224389 ], [ 4.811387608997163, 52.178680008054386 ], [ 4.811387550990473, 52.178684501815631 ], [ 4.811391205911501, 52.178684519645536 ], [ 4.811391147905163, 52.17868901340681 ] ] ] } },
{ "type": "Feature", "properties": { "class": "parcel", "raw_confidence": 0.3993, "source_tile_id": "tile-110000-460000", "was_valid": true, "area_m2": 3533.6289533774016 }, "geometry": { "type": "Polygon", "coordinates": [ [ [ 4.810763024100866, 52.178645501151919 ], [ 4.81079591835856, 52.178645661790952 ], [ 4.81079594739168, 52.178643414910475 ], [ 4.810803257226392, 52.178643450606813 ], [ 4.810803315291892, 52.178638956845866 ], [ 4.810806970208883, 52.178638974693861 ], [ 4.810806999241443, 52.178636727813377 ], [ 4.810810654158255, 52.178636745661237 ], [ 4.810810712222996, 52.178632251900325 ], [ 4.810814367139445, 52.178632269748078 ], [ 4.810814396171629, 52.178630022867615 ], [ 4.810818051087894, 52.178630040715305 ], [ 4.81081810915188, 52.178625546954358 ], [ 4.810821764067781, 52.17862556480187 ], [ 4.810821822131385, 52.178621071040929 ], [ 4.810825477046921, 52.178621088888306 ], [ 4.810825535110144, 52.178616595127416 ], [ 4.810832844940488, 52.178616630821878 ], [ 4.810832903002962, 52.17861213706091 ], [ 4.81083655791777, 52.178612154907952 ], [ 4.810836586948819, 52.178609908027482 ], [ 4.810854861521999, 52.17860999726112 ], [ 4.81085480346174, 52.178614491022067 ], [ 4.810858458376756, 52.178614508868449 ], [ 4.810858429346806, 52.178616755748976 ], [ 4.810865739177213, 52.178616791441399 ], [ 4.81086571014763, 52.178619038321884 ], [ 4.810869365063023, 52.178619056167904 ], [ 4.810869277974802, 52.178625796809349 ], [ 4.810872932890751, 52.178625814655327 ], [ 4.81087278774457, 52.178637049057734 ], [ 4.810876442661442, 52.178637066903597 ], [ 4.810876384603318, 52.178641560664538 ], [ 4.810891004272312, 52.178641632046727 ], [ 4.810890975243979, 52.178643878927254 ], [ 4.810898285078867, 52.178643914617666 ], [ 4.810898256050898, 52.178646161498158 ], [ 4.810912875721447, 52.178646232877647 ], [ 4.81091290474868, 52.178643985997169 ], [ 4.810920214583607, 52.178644021686246 ], [ 4.810920243610465, 52.178641774805719 ], [ 4.810923898527749, 52.178641792650112 ], [ 4.810923927554422, 52.178639545769592 ], [ 4.810945857057091, 52.17863965283339 ], [ 4.810945944133773, 52.178632912191887 ], [ 4.810942289217209, 52.178632894348226 ], [ 4.810942347268676, 52.178628400587172 ], [ 4.810938692352481, 52.178628382743383 ], [ 4.810938721378396, 52.178626135862878 ], [ 4.810935066462389, 52.178626118019004 ], [ 4.810935095488484, 52.178623871138498 ], [ 4.810931440572661, 52.178623853294511 ], [ 4.810931469598938, 52.178621606413955 ], [ 4.810924159767674, 52.178621570725582 ], [ 4.810924188794315, 52.178619323845069 ], [ 4.810916878963432, 52.178619288156277 ], [ 4.81091690799044, 52.178617041275771 ], [ 4.810913253075187, 52.178617023431201 ], [ 4.810913311129557, 52.178612529670175 ], [ 4.8109060012998, 52.178612493980701 ], [ 4.810906030327347, 52.17861024710021 ], [ 4.810895065583289, 52.178610193565092 ], [ 4.810895123639482, 52.178605699804102 ], [ 4.810891468725168, 52.178605681958885 ], [ 4.810891497753443, 52.178603435078372 ], [ 4.8108841879252, 52.178603399387512 ], [ 4.810884216953841, 52.178601152507035 ], [ 4.810880562039907, 52.178601134661427 ], [ 4.810880649126357, 52.178594394019925 ], [ 4.810876994212982, 52.178594376174274 ], [ 4.810877081299955, 52.178587635532743 ], [ 4.810873426387134, 52.178587617686937 ], [ 4.810873455416302, 52.178585370806424 ], [ 4.810869800503668, 52.178585352960525 ], [ 4.810869829533018, 52.178583106080012 ], [ 4.810862519708127, 52.178583070387837 ], [ 4.810862548737843, 52.178580823507346 ], [ 4.810858893825587, 52.17858080566107 ], [ 4.810858922855481, 52.178578558780558 ], [ 4.810855267943412, 52.178578540934197 ], [ 4.810855296973488, 52.178576294053705 ], [ 4.810851642061607, 52.178576276207238 ], [ 4.81085170012212, 52.178571782446227 ], [ 4.810848045210609, 52.178571764599631 ], [ 4.810848248423575, 52.17855603643612 ], [ 4.810851903333797, 52.178556054282716 ], [ 4.810851990424465, 52.178549313641184 ], [ 4.810855645334136, 52.178549331487659 ], [ 4.810855703394198, 52.178544837726619 ], [ 4.810859358303502, 52.178544855572987 ], [ 4.810859416363182, 52.178540361811947 ], [ 4.810863071272123, 52.17854037965818 ], [ 4.810863158361066, 52.178533639016649 ], [ 4.810866813269457, 52.178533656862761 ], [ 4.810866900357817, 52.178526916221202 ], [ 4.810870555265658, 52.1785269340672 ], [ 4.810870613324178, 52.178522440306118 ], [ 4.810874268231656, 52.17852245815201 ], [ 4.810874326289798, 52.17851796439097 ], [ 4.81087798119691, 52.178517982236734 ], [ 4.810878068283541, 52.178511241595167 ], [ 4.810881723190106, 52.178511259440825 ], [ 4.810881781247475, 52.178506765679742 ], [ 4.810885436153675, 52.178506783525279 ], [ 4.81088546518217, 52.178504536644731 ], [ 4.810889120088189, 52.178504554490175 ], [ 4.810889149116495, 52.178502307609605 ], [ 4.810896458928176, 52.178502343300138 ], [ 4.810896487956112, 52.178500096419583 ], [ 4.810914762484449, 52.178500185643827 ], [ 4.810914733457434, 52.178502432524439 ], [ 4.810918388363295, 52.178502450368931 ], [ 4.81091835933646, 52.178504697249501 ], [ 4.81092201424251, 52.178504715093901 ], [ 4.810921985215857, 52.178506961974463 ], [ 4.810925640122092, 52.178506979818728 ], [ 4.810925524016183, 52.178515967340907 ], [ 4.810929178923158, 52.178515985185122 ], [ 4.810929033791608, 52.178527219587842 ], [ 4.810932688699511, 52.178527237431929 ], [ 4.810932543568804, 52.178538471834621 ], [ 4.810928888659983, 52.178538453990541 ], [ 4.810928859633645, 52.178540700871082 ], [ 4.810925204724643, 52.178540683026867 ], [ 4.810925117645063, 52.178547423668512 ], [ 4.810921462735512, 52.178547405824155 ], [ 4.810921375655348, 52.178554146465736 ], [ 4.810917720745248, 52.178554128621329 ], [ 4.810917633664502, 52.178560869262895 ], [ 4.810913978753854, 52.178560851418361 ], [ 4.810913601401211, 52.178590060865091 ], [ 4.810924566140348, 52.178590114398432 ], [ 4.810924537113751, 52.178592361278959 ], [ 4.81093550185347, 52.178592414811298 ], [ 4.810935356723196, 52.178603649213869 ], [ 4.810953631294066, 52.17860373843218 ], [ 4.810953602268922, 52.178605985312714 ], [ 4.810960912097662, 52.178606020999304 ], [ 4.810960883072882, 52.178608267879817 ], [ 4.81096453798744, 52.178608285722916 ], [ 4.810964508962843, 52.178610532603429 ], [ 4.81097181879234, 52.178610568289287 ], [ 4.810971789768105, 52.178612815169821 ], [ 4.810975444683043, 52.178612833012572 ], [ 4.810975415658992, 52.178615079893113 ], [ 4.810982725489245, 52.178615115578275 ], [ 4.810982696465555, 52.178617362458809 ], [ 4.81099000629619, 52.178617398143565 ], [ 4.810989977272867, 52.178619645024085 ], [ 4.810993632188375, 52.178619662866289 ], [ 4.810993603165233, 52.178621909746816 ], [ 4.810997258080925, 52.178621927588871 ], [ 4.810997171012031, 52.178628668230452 ], [ 4.81100082592828, 52.178628686072436 ], [ 4.811000738859904, 52.178635426714017 ], [ 4.81100439377671, 52.17863544455588 ], [ 4.811004364754096, 52.1786376914364 ], [ 4.811008019671089, 52.178637709278178 ], [ 4.811007990648657, 52.17863995615869 ], [ 4.811018955400211, 52.178640009683285 ], [ 4.811019013443968, 52.178635515922245 ], [ 4.811022668360791, 52.17863553376354 ], [ 4.811022726404167, 52.178631040002486 ], [ 4.811026381320627, 52.178631057843681 ], [ 4.811026410342127, 52.17862881096314 ], [ 4.811044684923546, 52.178628900167382 ], [ 4.811044713944121, 52.178626653286827 ], [ 4.811052023776344, 52.178626688967753 ], [ 4.811052052796548, 52.178624442087177 ], [ 4.811059362628416, 52.178624477767642 ], [ 4.811059478707723, 52.178615490245427 ], [ 4.811055823792524, 52.178615472405276 ], [ 4.81105585281253, 52.178613225524728 ], [ 4.811048542982507, 52.17861318984405 ], [ 4.811048572002876, 52.178610942963545 ], [ 4.811041262173235, 52.178610907282405 ], [ 4.811041465318294, 52.17859517911856 ], [ 4.811045120231823, 52.178595196959179 ], [ 4.811045178272868, 52.178590703198054 ], [ 4.811048833186034, 52.178590721038574 ], [ 4.811048862206368, 52.178588474157998 ], [ 4.811052517119351, 52.178588491998376 ], [ 4.811052546139496, 52.178586245117813 ], [ 4.811078130529185, 52.178586369997213 ], [ 4.811078101510327, 52.178588616877818 ], [ 4.811089066249368, 52.178588670395889 ], [ 4.81108903723106, 52.178590917276466 ], [ 4.811110966710335, 52.178591024309547 ], [ 4.81111099572754, 52.178588777428949 ], [ 4.811118305553623, 52.178588813105755 ], [ 4.811118334570454, 52.178586566225178 ], [ 4.811121989483318, 52.178586584063375 ], [ 4.811122018499963, 52.178584337182805 ], [ 4.811129328325332, 52.178584372858914 ], [ 4.811129357341603, 52.178582125978316 ], [ 4.811165906466805, 52.178582304352041 ], [ 4.811165935481233, 52.178580057471443 ], [ 4.811180555130672, 52.178580128817735 ], [ 4.811180584144359, 52.178577881937137 ], [ 4.811191548880921, 52.178577935445688 ], [ 4.811191577894056, 52.178575688565076 ], [ 4.811195232806066, 52.178575706401027 ], [ 4.811195290831951, 52.178571212639781 ], [ 4.811198945743596, 52.178571230475647 ], [ 4.811199264883712, 52.178546514788863 ], [ 4.811195609974092, 52.178546496953061 ], [ 4.811195755038566, 52.178535262549893 ], [ 4.811192100129872, 52.178535244713984 ], [ 4.811192187169069, 52.178528504072133 ], [ 4.811188532260927, 52.178528486236075 ], [ 4.81118859028741, 52.17852399247478 ], [ 4.811152041209882, 52.178523814108196 ], [ 4.811152012194801, 52.17852606098883 ], [ 4.811144702378965, 52.178526025314127 ], [ 4.811144673363513, 52.178528272194747 ], [ 4.811133708639236, 52.178528218681876 ], [ 4.811133737655241, 52.178525971801264 ], [ 4.811130082747341, 52.178525953963408 ], [ 4.811130140779705, 52.178521460202177 ], [ 4.811126485872176, 52.178521442364236 ], [ 4.811126514888539, 52.178519195483609 ], [ 4.811122859981196, 52.178519177645548 ], [ 4.811122976047352, 52.178510190123099 ], [ 4.811119321140749, 52.178510172284923 ], [ 4.811119350157464, 52.178507925404325 ], [ 4.81111569525105, 52.178507907566015 ], [ 4.811115724267942, 52.178505660685403 ], [ 4.811112069361717, 52.178505642846993 ], [ 4.811112098378793, 52.178503395966402 ], [ 4.811108443472753, 52.178503378127907 ], [ 4.811108646593479, 52.178487649963564 ], [ 4.81111230149823, 52.178487667802109 ], [ 4.811112388549366, 52.178480927160251 ], [ 4.811116043453568, 52.178480944998626 ], [ 4.811116101487274, 52.178476451237387 ], [ 4.811119756391115, 52.178476469075697 ], [ 4.811119814424438, 52.178471975314409 ], [ 4.811123469327909, 52.178471993152584 ], [ 4.811123643426699, 52.178458511868833 ], [ 4.811119988524332, 52.178458494030643 ], [ 4.811120104590858, 52.178449506508137 ], [ 4.811127414394123, 52.178449542184296 ], [ 4.811127501442883, 52.178442801542417 ], [ 4.811123846541797, 52.178442783704369 ], [ 4.811123875558228, 52.178440536823743 ], [ 4.811120220657333, 52.178440518985589 ], [ 4.811120249673944, 52.178438272104941 ], [ 4.811116594773236, 52.178438254266673 ], [ 4.811116623790027, 52.178436007386082 ], [ 4.811112968889506, 52.178435989547687 ], [ 4.811113026923445, 52.178431495786384 ], [ 4.811109372023297, 52.178431477947932 ], [ 4.81110957514327, 52.178415749783397 ], [ 4.811091300649023, 52.178415660589373 ], [ 4.811091329667069, 52.178413413708725 ], [ 4.811087674768413, 52.178413395869583 ], [ 4.81108770378664, 52.17841114898895 ], [ 4.81108039398971, 52.178411113310297 ], [ 4.811080423008299, 52.178408866429663 ], [ 4.811062148516952, 52.178408777231112 ], [ 4.811062119497438, 52.178411024111732 ], [ 4.811054809700554, 52.17841098843148 ], [ 4.811054751660781, 52.178415482192719 ], [ 4.811051096761977, 52.178415464352447 ], [ 4.811051067741903, 52.178417711233088 ], [ 4.811043757943933, 52.17841767555219 ], [ 4.811043467739316, 52.178440144358348 ], [ 4.811039812838497, 52.178440126517721 ], [ 4.811039754797164, 52.178444620278931 ], [ 4.811021480291269, 52.178444531074049 ], [ 4.811021277140057, 52.178460259238278 ], [ 4.811017622237598, 52.178460241396948 ], [ 4.8110175932158, 52.178462488277532 ], [ 4.811013938313162, 52.178462470436088 ], [ 4.811013909291175, 52.178464717316665 ], [ 4.811010254388354, 52.178464699475143 ], [ 4.811010225366182, 52.178466946355741 ], [ 4.811006570463182, 52.178466928514055 ], [ 4.811006541440819, 52.178469175394682 ], [ 4.811002886537639, 52.17846915755289 ], [ 4.811002828492537, 52.178473651314064 ], [ 4.810999173588991, 52.178473633472152 ], [ 4.810999144566252, 52.178475880352735 ], [ 4.810995489662528, 52.178475862510716 ], [ 4.810995460639598, 52.1784781093913 ], [ 4.810984495927884, 52.178478055864588 ], [ 4.810984466904404, 52.178480302745157 ], [ 4.810977157096244, 52.178480267060067 ], [ 4.810977128072388, 52.178482513940686 ], [ 4.810973473168132, 52.178482496097978 ], [ 4.810973386095993, 52.178489236739701 ], [ 4.810969731191185, 52.178489218896885 ], [ 4.81096970216695, 52.178491465777483 ], [ 4.810966047261961, 52.178491447934533 ], [ 4.810966018237538, 52.178493694815103 ], [ 4.810940433901422, 52.178493569911403 ], [ 4.810940462927137, 52.178491323030869 ], [ 4.810936808022175, 52.178491305187052 ], [ 4.810936837048068, 52.178489058306482 ], [ 4.810933182143293, 52.178489040462502 ], [ 4.810933269221507, 52.178482299820864 ], [ 4.810929614317291, 52.178482281976812 ], [ 4.810929817500957, 52.178466553812861 ], [ 4.810937127306823, 52.178466589500843 ], [ 4.81093721438438, 52.178459848859113 ], [ 4.810933559482002, 52.178459831015196 ], [ 4.81093358850803, 52.178457584134648 ], [ 4.810929933605839, 52.178457566290589 ], [ 4.810929962632049, 52.178455319409991 ], [ 4.810926307730046, 52.178455301565833 ], [ 4.810926365782826, 52.178450807804722 ], [ 4.810922710881193, 52.178450789960429 ], [ 4.81092276893433, 52.178446296199297 ], [ 4.810919114033064, 52.178446278354933 ], [ 4.810919201113298, 52.17843953771321 ], [ 4.810915546212589, 52.178439519868753 ], [ 4.810915923562302, 52.178410310421214 ], [ 4.810912268663992, 52.178410292576629 ], [ 4.810912297691055, 52.178408045696038 ], [ 4.810908642792932, 52.178408027851354 ], [ 4.810908671820172, 52.178405780970763 ], [ 4.81090501692224, 52.178405763125973 ], [ 4.810905045949662, 52.178403516245403 ], [ 4.810901391051916, 52.178403498400435 ], [ 4.810901420079519, 52.178401251519851 ], [ 4.810897765181958, 52.178401233674812 ], [ 4.810897794209745, 52.178398986794285 ], [ 4.810894139312371, 52.178398968949118 ], [ 4.810894226396259, 52.178392228307338 ], [ 4.81089057149944, 52.178392210462114 ], [ 4.81089060052758, 52.178389963581552 ], [ 4.810883290734326, 52.178389927890684 ], [ 4.81088331976283, 52.178387681010122 ], [ 4.810876009969959, 52.178387645318807 ], [ 4.810876038998828, 52.178385398438238 ], [ 4.810868729206336, 52.178385362746475 ], [ 4.810868787264802, 52.178380868985322 ], [ 4.81086513236893, 52.178380851139288 ], [ 4.810865161398342, 52.178378604258718 ], [ 4.810857851606974, 52.178378568566309 ], [ 4.810857880636751, 52.178376321685718 ], [ 4.810846915950281, 52.178376268146231 ], [ 4.810846944980606, 52.17837402126564 ], [ 4.810843290085306, 52.178374003418924 ], [ 4.810843406207309, 52.178365015896631 ], [ 4.810850715996439, 52.178365051589971 ], [ 4.810850745026563, 52.178362804709337 ], [ 4.810858054815337, 52.178362840402194 ], [ 4.810858083845088, 52.178360593521639 ], [ 4.81086539363351, 52.178360629213998 ], [ 4.810865422662889, 52.178358382333407 ], [ 4.810869077556922, 52.178358400179462 ], [ 4.810869193673674, 52.17834941265712 ], [ 4.81086553878038, 52.178349394811086 ], [ 4.810865596839109, 52.178344901049904 ], [ 4.810861941946185, 52.178344883203771 ], [ 4.810861970975723, 52.178342636323173 ], [ 4.810858316082991, 52.178342618476954 ], [ 4.810858345112711, 52.178340371596356 ], [ 4.810854690220164, 52.178340353749981 ], [ 4.81085477730986, 52.178333613108194 ], [ 4.81085112241787, 52.178333595261705 ], [ 4.81085126756822, 52.178322360858736 ], [ 4.810858577350369, 52.178322396551572 ], [ 4.81085860638006, 52.178320149670967 ], [ 4.810876880834563, 52.178320238901009 ], [ 4.810876909863331, 52.178317992020375 ], [ 4.810880564754058, 52.178318009866054 ], [ 4.810880593782638, 52.178315762985463 ], [ 4.810887903563734, 52.178315798676422 ], [ 4.810887932591942, 52.178313551795846 ], [ 4.810898897263057, 52.178313605331446 ], [ 4.810898868235402, 52.178315852212101 ], [ 4.81092810736, 52.178315994968798 ], [ 4.810928078333812, 52.178318241849446 ], [ 4.810931733224587, 52.178318259693548 ], [ 4.810931704198579, 52.178320506574181 ], [ 4.81093535908954, 52.178320524418119 ], [ 4.810935330063714, 52.178322771298724 ], [ 4.810957259410656, 52.178322878360184 ], [ 4.810957230385933, 52.178325125240853 ], [ 4.810982814625477, 52.178325250140688 ], [ 4.810982872672342, 52.178320756379435 ], [ 4.810986527563351, 52.178320774221838 ], [ 4.810986556586594, 52.178318527341183 ], [ 4.810990211477423, 52.178318545183444 ], [ 4.810990240500481, 52.178316298302789 ], [ 4.811001205172428, 52.17831635182894 ], [ 4.811001176149927, 52.178318598709602 ], [ 4.811008485931611, 52.178318634393136 ], [ 4.811008456909472, 52.178320881273763 ], [ 4.811023076473622, 52.178320952639446 ], [ 4.811023105495026, 52.178318705758826 ], [ 4.811026760385886, 52.178318723599979 ], [ 4.811026818428313, 52.178314229838634 ], [ 4.811030473318811, 52.17831424767968 ], [ 4.811030531360853, 52.178309753918334 ], [ 4.811034186250989, 52.17830977175926 ], [ 4.811034302334304, 52.178300784236612 ], [ 4.811030647444906, 52.178300766395687 ], [ 4.811030821570883, 52.178287285111686 ], [ 4.811034476459172, 52.178287302952562 ], [ 4.811034621563141, 52.178276068549216 ], [ 4.811027311788405, 52.178276032867331 ], [ 4.811027340809556, 52.178273785986661 ], [ 4.811023685922376, 52.178273768145566 ], [ 4.81102371494371, 52.178271521264882 ], [ 4.811020060056717, 52.17827150342363 ], [ 4.81102008907823, 52.178269256542954 ], [ 4.811016434191426, 52.17826923870161 ], [ 4.811016521256499, 52.178262498059603 ], [ 4.811020176142748, 52.178262515900968 ], [ 4.811020205164251, 52.178260269020271 ], [ 4.811023860050323, 52.178260286861509 ], [ 4.811023889071634, 52.178258039980804 ], [ 4.811027543957521, 52.178258057821928 ], [ 4.811027572978649, 52.178255810941252 ], [ 4.811031227864357, 52.178255828782227 ], [ 4.811031256885295, 52.178253581901558 ], [ 4.81104953131297, 52.178253671104819 ], [ 4.811049502292952, 52.178255917985489 ], [ 4.811053157178685, 52.178255935825845 ], [ 4.811053128158849, 52.178258182706529 ], [ 4.811104296561993, 52.178258432459039 ], [ 4.811104383613754, 52.178251691816939 ], [ 4.811100728728347, 52.178251673978203 ], [ 4.811100786763207, 52.178247180216765 ], [ 4.811089822108109, 52.178247126699951 ], [ 4.811089793090127, 52.178249373580627 ], [ 4.811067863778913, 52.178249266543858 ], [ 4.811067892797998, 52.178247019663161 ], [ 4.811064237912991, 52.17824700182333 ], [ 4.811064266932258, 52.178244754942632 ], [ 4.811060612047441, 52.178244737102652 ], [ 4.811060670086333, 52.178240243341243 ], [ 4.811057015201884, 52.178240225501185 ], [ 4.811057044221509, 52.178237978620487 ], [ 4.811049734452991, 52.178237942939987 ], [ 4.811049763472981, 52.178235696059311 ], [ 4.811046108588913, 52.178235678218883 ], [ 4.811046137609082, 52.178233431338178 ], [ 4.811042482725201, 52.178233413497658 ], [ 4.81104265684726, 52.178219932213487 ], [ 4.811039001964485, 52.178219914372846 ], [ 4.811039030984999, 52.178217667492142 ], [ 4.811017101689534, 52.178217560445937 ], [ 4.811017130711152, 52.178215313565225 ], [ 4.810995201416912, 52.17821520651502 ], [ 4.810995172394191, 52.178217453395689 ], [ 4.810991517511645, 52.178217435553606 ], [ 4.810991430442908, 52.178224176195634 ], [ 4.810987775559814, 52.178224158353402 ], [ 4.810987746536711, 52.178226405234099 ], [ 4.810980436770164, 52.178226369549314 ], [ 4.81098040774669, 52.178228616430012 ], [ 4.810976752863237, 52.178228598587417 ], [ 4.810976665792243, 52.178235339229452 ], [ 4.810973010908239, 52.178235321386772 ], [ 4.810972923836661, 52.178242062028787 ], [ 4.810958304298478, 52.178241990656907 ], [ 4.81095833332308, 52.178239743776231 ], [ 4.810954678438723, 52.178239725932976 ], [ 4.810954997711122, 52.17821501024563 ], [ 4.81095865259345, 52.178215028088857 ], [ 4.810958797716211, 52.178203793685512 ], [ 4.810962452597622, 52.17820381152859 ], [ 4.810962510646332, 52.178199317767245 ], [ 4.810966165527379, 52.178199335610259 ], [ 4.810966194551546, 52.17819708872954 ], [ 4.810969849432412, 52.178197106572448 ], [ 4.81096987845639, 52.178194859691772 ], [ 4.810973533337076, 52.178194877534544 ], [ 4.810973562360868, 52.17819263065384 ], [ 4.810977217241371, 52.178192648496498 ], [ 4.810977246264976, 52.178190401615822 ], [ 4.810984556025624, 52.178190437300785 ], [ 4.810984585048857, 52.178188190420073 ], [ 4.810988239929004, 52.178188208262434 ], [ 4.810988268952049, 52.178185961381736 ], [ 4.810991923832014, 52.178185979223947 ], [ 4.810991952854871, 52.178183732343221 ], [ 4.810995607734655, 52.178183750185305 ], [ 4.810995636757323, 52.178181503304643 ], [ 4.811017566034994, 52.178181610354763 ], [ 4.811017537013427, 52.17818385723546 ], [ 4.81104677605198, 52.178183999962677 ], [ 4.811046747031884, 52.17818624684341 ], [ 4.8110504019119, 52.178186264683781 ], [ 4.811050372891986, 52.178188511564493 ], [ 4.811057682652401, 52.178188547244929 ], [ 4.811057653632851, 52.178190794125641 ], [ 4.811061308513247, 52.178190811965734 ], [ 4.811061279493876, 52.178193058846411 ], [ 4.811064934374459, 52.178193076686362 ], [ 4.811064905355272, 52.178195323567074 ], [ 4.811068560236045, 52.178195341406933 ], [ 4.811068531217035, 52.178197588287652 ], [ 4.811083150740892, 52.178197659645846 ], [ 4.811083208777433, 52.178193165884394 ], [ 4.811086863658039, 52.17819318372365 ], [ 4.811086921694195, 52.178188689962205 ], [ 4.811090576574435, 52.178188707801368 ], [ 4.811090605592325, 52.178186460920635 ], [ 4.811094260472384, 52.178186478759621 ], [ 4.811094318507786, 52.178181984998204 ], [ 4.811101628267174, 52.178182020675912 ], [ 4.811101657284505, 52.178179773795179 ], [ 4.81110531216402, 52.178179791633873 ], [ 4.811105602335272, 52.178157322826486 ], [ 4.811101947457595, 52.178157304987799 ], [ 4.811102034509459, 52.178150564345557 ], [ 4.811098379632339, 52.178150546506771 ], [ 4.811098582754521, 52.178134818341576 ], [ 4.811102237630353, 52.178134836180313 ], [ 4.811102324682115, 52.178128095538085 ], [ 4.811098669806836, 52.178128077699277 ], [ 4.811098727841694, 52.178123583937776 ], [ 4.811095072966788, 52.178123566098925 ], [ 4.811095101984395, 52.178121319218164 ], [ 4.811091447109678, 52.17812130137915 ], [ 4.811091476127467, 52.178119054498417 ], [ 4.811087821252933, 52.17811903665929 ], [ 4.811087850270904, 52.178116789778521 ], [ 4.81108419539656, 52.17811677193928 ], [ 4.811084224414711, 52.17811452505854 ], [ 4.811065950043962, 52.17811443586077 ], [ 4.811065921024889, 52.178116682741496 ], [ 4.811058611276246, 52.178116647061572 ], [ 4.811058582256801, 52.17811889394229 ], [ 4.811054927382302, 52.178118876102204 ], [ 4.811054898362672, 52.178121122982937 ], [ 4.811051243487989, 52.178121105142708 ], [ 4.811051040349191, 52.178136833307832 ], [ 4.81104373059726, 52.178136797626983 ], [ 4.81104370157705, 52.178139044507716 ], [ 4.811040046700906, 52.178139026667125 ], [ 4.811040017680507, 52.178141273547872 ], [ 4.811036362804184, 52.178141255707168 ], [ 4.811036333783597, 52.178143502587879 ], [ 4.81103267890709, 52.178143484747061 ], [ 4.811032649886317, 52.178145731627765 ], [ 4.811018030379588, 52.17814566026334 ], [ 4.811018204508593, 52.178132178979048 ], [ 4.811021859384164, 52.178132196820329 ], [ 4.811021975469362, 52.178123209297389 ], [ 4.811018320594526, 52.178123191456145 ], [ 4.811018407658939, 52.178116450813953 ], [ 4.811014752784659, 52.178116432972544 ], [ 4.811014810827955, 52.178111939211057 ], [ 4.811011155954045, 52.178111921369606 ], [ 4.811011184975871, 52.178109674488859 ], [ 4.811000220354718, 52.178109620963724 ], [ 4.811000249377095, 52.178107374083005 ], [ 4.810992939630046, 52.178107338399009 ], [ 4.810992968652783, 52.178105091518283 ], [ 4.81098931377945, 52.178105073676157 ], [ 4.810989342802368, 52.178102826795396 ], [ 4.810982033056075, 52.178102791110746 ], [ 4.81098206207936, 52.178100544230041 ], [ 4.81097475233345, 52.178100508544908 ], [ 4.810974781357102, 52.178098261664189 ], [ 4.81096747161157, 52.178098225978609 ], [ 4.810967500635586, 52.178095979097918 ], [ 4.810960190890438, 52.178095943411883 ], [ 4.810960219914819, 52.178093696531164 ], [ 4.810956565042432, 52.178093678687986 ], [ 4.810956594066993, 52.178091431807267 ], [ 4.810949284322601, 52.178091396120571 ], [ 4.810949313347529, 52.17808914923986 ], [ 4.810942003603519, 52.17808911355273 ], [ 4.810942032628809, 52.178086866672018 ], [ 4.810934722885182, 52.178086830984391 ], [ 4.810934751910836, 52.178084584103686 ], [ 4.810931097039212, 52.178084566259741 ], [ 4.810931155090882, 52.178080072498311 ], [ 4.810923845348376, 52.178080036810066 ], [ 4.810923874374574, 52.17807778992934 ], [ 4.810920219503513, 52.178077772085047 ], [ 4.810920248529892, 52.178075525204321 ], [ 4.810909283917277, 52.178075471670752 ], [ 4.810909312944205, 52.178073224790069 ], [ 4.810898348332173, 52.178073171255456 ], [ 4.810898377359647, 52.178070924374737 ], [ 4.810880103007249, 52.178070835148169 ], [ 4.810880132035642, 52.178068588267458 ], [ 4.810865512554521, 52.178068516884181 ], [ 4.810865541583647, 52.178066270003477 ], [ 4.810850922103315, 52.17806619861841 ], [ 4.810850951133175, 52.178063951737691 ], [ 4.810832676783756, 52.178063862503798 ], [ 4.810832705814534, 52.178061615623086 ], [ 4.810818086335796, 52.178061544233934 ], [ 4.810818115367307, 52.178059297353272 ], [ 4.810810805628326, 52.178059261657957 ], [ 4.810810834660201, 52.178057014777323 ], [ 4.810807179790899, 52.178056996929513 ], [ 4.810807208822955, 52.178054750048801 ], [ 4.810796244215624, 52.178054696504752 ], [ 4.81079627324823, 52.178052449624055 ], [ 4.810777998903667, 52.178052360381663 ], [ 4.810778027937188, 52.178050113501016 ], [ 4.810770718199756, 52.178050077803299 ], [ 4.810770747233646, 52.178047830922623 ], [ 4.810763437496592, 52.178047795224401 ], [ 4.810763466530844, 52.178045548343739 ], [ 4.810752501925843, 52.178045494795597 ], [ 4.810752530960645, 52.178043247914943 ], [ 4.810737911488093, 52.178043176515864 ], [ 4.810737940523628, 52.178040929635173 ], [ 4.810730630787742, 52.17804089393497 ], [ 4.810730659823642, 52.178038647054301 ], [ 4.810727004955889, 52.178038629204003 ], [ 4.810727033991967, 52.178036382323356 ], [ 4.810723379124401, 52.178036364472952 ], [ 4.810723408160663, 52.178034117592297 ], [ 4.810712443558536, 52.178034064040467 ], [ 4.810712472595345, 52.17803181715977 ], [ 4.810705162860978, 52.178031781457975 ], [ 4.810705191898154, 52.17802953457732 ], [ 4.81070153703116, 52.178029516726255 ], [ 4.810701566068515, 52.178027269845579 ], [ 4.810697911201708, 52.178027251994415 ], [ 4.810697940239246, 52.178025005113767 ], [ 4.810694285372625, 52.178024987262454 ], [ 4.810694314410344, 52.178022740381785 ], [ 4.810687004677484, 52.178022704678888 ], [ 4.810687033715563, 52.178020457798205 ], [ 4.810679723983085, 52.178020422094839 ], [ 4.810679753021534, 52.17801817521417 ], [ 4.810676098155484, 52.178018157362345 ], [ 4.810676127194109, 52.178015910481669 ], [ 4.810672472328249, 52.178015892629688 ], [ 4.810672501367058, 52.178013645749047 ], [ 4.810668846501381, 52.178013627896966 ], [ 4.810668904579356, 52.178009134135642 ], [ 4.810665249714054, 52.178009116283455 ], [ 4.81066527875322, 52.1780068694028 ], [ 4.810661623888103, 52.178006851550514 ], [ 4.81066165292745, 52.178004604669859 ], [ 4.810650688332677, 52.178004551112288 ], [ 4.810650717372571, 52.178002304231626 ], [ 4.810643407643107, 52.178002268526015 ], [ 4.810643610924861, 52.177986540361402 ], [ 4.810647265788305, 52.177986558214243 ], [ 4.810647294828358, 52.177984311333603 ], [ 4.810650949691619, 52.177984329186323 ], [ 4.810650978731485, 52.177982082305647 ], [ 4.810654633594564, 52.177982100158282 ], [ 4.810654662634245, 52.177979853277606 ], [ 4.810658317497144, 52.177979871130127 ], [ 4.810658346536635, 52.177977624249451 ], [ 4.810662001399355, 52.177977642101858 ], [ 4.810662059477957, 52.177973148340506 ], [ 4.810665714340312, 52.177973166192778 ], [ 4.810665801457638, 52.177966425550757 ], [ 4.810662146595836, 52.177966407698463 ], [ 4.810662175635122, 52.177964160817815 ], [ 4.810654865911896, 52.177964125112887 ], [ 4.81065489495155, 52.177961878232196 ], [ 4.810651240090123, 52.177961860379604 ], [ 4.810651298169787, 52.177957366618266 ], [ 4.810647643308733, 52.177957348765545 ], [ 4.810647672348744, 52.177955101884884 ], [ 4.810640362627018, 52.177955066179074 ], [ 4.810640391667393, 52.177952819298383 ], [ 4.810633081946053, 52.177952783592154 ], [ 4.810633110986788, 52.177950536711478 ], [ 4.810629456126308, 52.177950518858211 ], [ 4.810629485167226, 52.177948271977513 ], [ 4.810625830306932, 52.177948254124118 ], [ 4.810625859348034, 52.17794600724347 ], [ 4.810622204487925, 52.17794598938994 ], [ 4.810622233529206, 52.177943742509257 ], [ 4.810618578669287, 52.177943724655627 ], [ 4.810618607710748, 52.177941477774972 ], [ 4.810614952851015, 52.17794145992125 ], [ 4.81061498189266, 52.177939213040567 ], [ 4.810611327033112, 52.177939195186724 ], [ 4.810611385116758, 52.177934701425364 ], [ 4.810607730257584, 52.177934683571415 ], [ 4.810607788341585, 52.17793018981007 ], [ 4.810593168906396, 52.177930118393107 ], [ 4.810593139863664, 52.177932365273797 ], [ 4.810585830145722, 52.177932329564612 ], [ 4.810585801102617, 52.177934576445267 ], [ 4.810582146243465, 52.177934558590529 ], [ 4.810582117200171, 52.177936805471191 ], [ 4.81057115262219, 52.177936751906252 ], [ 4.810571123578341, 52.177938998786907 ], [ 4.81053822984292, 52.177938838085979 ], [ 4.810538113660861, 52.177947825608562 ], [ 4.810541768521073, 52.177947843464665 ], [ 4.810541739475739, 52.177950090345334 ], [ 4.810545394336139, 52.177950108201308 ], [ 4.810545365290983, 52.17795235508197 ], [ 4.810549020151569, 52.177952372937838 ], [ 4.810548991106593, 52.1779546198185 ], [ 4.810556300828148, 52.177954655529931 ], [ 4.810556271783537, 52.177956902410592 ], [ 4.810563581505475, 52.177956938121575 ], [ 4.810563552461228, 52.17795918500223 ], [ 4.810567207322385, 52.177959202857558 ], [ 4.810567178278323, 52.177961449738241 ], [ 4.810578142862368, 52.177961503303528 ], [ 4.810578113818847, 52.17796375018419 ], [ 4.810581768680389, 52.177963768039085 ], [ 4.810581739637051, 52.177966014919747 ], [ 4.810589049360509, 52.177966050629152 ], [ 4.81058902031754, 52.177968297509814 ], [ 4.810592675179456, 52.177968315364346 ], [ 4.810592646136665, 52.177970562244965 ], [ 4.81059995586088, 52.177970597953738 ], [ 4.810599926818451, 52.177972844834393 ], [ 4.810603581680749, 52.177972862688598 ], [ 4.810603523596254, 52.177977356449922 ], [ 4.810607178458924, 52.177977374304 ], [ 4.81060706229063, 52.177986361826605 ], [ 4.810603407427225, 52.177986343972513 ], [ 4.810603378384959, 52.177988590853175 ], [ 4.810585104067064, 52.177988501580955 ], [ 4.810585075023872, 52.177990748461575 ], [ 4.810544871522777, 52.177990552052798 ], [ 4.810544900567995, 52.177988305172171 ], [ 4.810533935977411, 52.17798825160375 ], [ 4.810533965023171, 52.177986004723103 ], [ 4.810519345569843, 52.177985933296995 ], [ 4.810519374616342, 52.177983686416361 ], [ 4.810512064890063, 52.177983650702622 ], [ 4.810512093936928, 52.177981403821988 ], [ 4.810468235581761, 52.177981189530044 ], [ 4.810468264630831, 52.177978942649446 ], [ 4.810457300042668, 52.177978889073913 ], [ 4.810457329092285, 52.177976642193315 ], [ 4.810446364504704, 52.177976588616701 ], [ 4.81044639355487, 52.177974341736153 ], [ 4.810420809518589, 52.177974216720223 ], [ 4.810420780467132, 52.1779764636008 ], [ 4.810413470742146, 52.177976427880978 ], [ 4.810413441690316, 52.177978674761583 ], [ 4.810409786827642, 52.177978656901495 ], [ 4.81040972872361, 52.177983150662627 ], [ 4.810406073860572, 52.17798313280246 ], [ 4.810406044808365, 52.177985379683022 ], [ 4.810402389945147, 52.177985361822728 ], [ 4.810402360892756, 52.177987608703312 ], [ 4.810398706029353, 52.177987590842875 ], [ 4.810398676976773, 52.17798983772343 ], [ 4.810395022113193, 52.177989819862873 ], [ 4.810394993060427, 52.177992066743464 ], [ 4.810391338196664, 52.177992048882786 ], [ 4.810391309143708, 52.177994295763376 ], [ 4.810387654279765, 52.177994277902592 ], [ 4.810387625226625, 52.17799652478319 ], [ 4.8103839703625, 52.177996506922263 ], [ 4.810383941309172, 52.177998753802868 ], [ 4.810376631580566, 52.177998718080723 ], [ 4.810376602526865, 52.178000964961271 ], [ 4.810372947662384, 52.178000947100031 ], [ 4.810372918608493, 52.178003193980587 ], [ 4.810358299149865, 52.178003122534527 ], [ 4.810358270095237, 52.178005369415089 ], [ 4.810350960365573, 52.178005333691388 ], [ 4.810350931310573, 52.178007580571915 ], [ 4.810343621580556, 52.178007544847773 ], [ 4.810343592525185, 52.178009791728314 ], [ 4.810339937659997, 52.178009773866037 ], [ 4.810339908604437, 52.178012020746571 ], [ 4.810336253739069, 52.178012002884216 ], [ 4.810336224683322, 52.178014249764772 ], [ 4.810332569817773, 52.178014231902274 ], [ 4.810332395482116, 52.178027713185578 ], [ 4.810336050348766, 52.178027731048054 ], [ 4.810335672623482, 52.178056940495125 ], [ 4.810332017754436, 52.178056922632592 ], [ 4.810331930586429, 52.17806366327423 ], [ 4.810328275716833, 52.178063645411569 ], [ 4.810328217604445, 52.178068139172638 ], [ 4.810320907864523, 52.178068103447053 ], [ 4.810320878807957, 52.178070350327545 ], [ 4.810317223937817, 52.178070332464571 ], [ 4.810317194881063, 52.17807257934512 ], [ 4.810313540010744, 52.17807256148204 ], [ 4.810313510953797, 52.178074808362531 ], [ 4.81029889147182, 52.178074736909053 ], [ 4.810298862414137, 52.178076983789573 ], [ 4.810280588060817, 52.178076894470159 ], [ 4.810280559002211, 52.178079141350665 ], [ 4.810265939518881, 52.178079069893123 ], [ 4.810265881400182, 52.178083563654084 ], [ 4.810262226528988, 52.17808354578942 ], [ 4.810262197469451, 52.178085792669947 ], [ 4.81025854259808, 52.178085774805112 ], [ 4.810258513538353, 52.178088021685639 ], [ 4.810254858666799, 52.17808800382074 ], [ 4.810254829606886, 52.178090250701224 ], [ 4.81025117473515, 52.178090232836198 ], [ 4.810251087554842, 52.1780969734777 ], [ 4.810247432682557, 52.17809695561256 ], [ 4.810247025838131, 52.178128411939362 ], [ 4.810250680712993, 52.178128429804488 ], [ 4.81025059353251, 52.17813517044592 ], [ 4.810254248407928, 52.178135188310968 ], [ 4.810254219347943, 52.178137435191495 ], [ 4.810257874223549, 52.178137453056422 ], [ 4.81025784516375, 52.178139699936899 ], [ 4.810268809791134, 52.178139753531013 ], [ 4.810268780731882, 52.178142000411512 ], [ 4.810272435607867, 52.178142018275963 ], [ 4.810272377489719, 52.17814651203696 ], [ 4.810276032366078, 52.178146529901305 ], [ 4.810275945189379, 52.178153270542765 ], [ 4.810279600066295, 52.178153288407032 ], [ 4.810279483831386, 52.178162275928912 ], [ 4.810283138709043, 52.178162293793086 ], [ 4.810283080591938, 52.178166787554048 ], [ 4.810286735469962, 52.178166805418066 ], [ 4.810286706411588, 52.178169052298564 ], [ 4.810290361289802, 52.178169070162504 ], [ 4.81029033223161, 52.178171317042974 ], [ 4.81029398711001, 52.178171334906779 ], [ 4.810293958051997, 52.178173581787277 ], [ 4.810297612930585, 52.178173599650968 ], [ 4.810297583872756, 52.178175846531445 ], [ 4.810304893630309, 52.178175882258515 ], [ 4.81030486457284, 52.178178129138999 ], [ 4.810312174330777, 52.178178164865606 ], [ 4.810312145273677, 52.178180411746098 ], [ 4.810319455031997, 52.178180447472279 ], [ 4.810319425975258, 52.178182694352792 ], [ 4.810326735733956, 52.178182730078483 ], [ 4.810326706677586, 52.178184976958981 ], [ 4.810334016436666, 52.178185012684246 ], [ 4.81033398738066, 52.178187259564716 ], [ 4.810341297140124, 52.178187295289554 ], [ 4.810341239028834, 52.17819178905053 ], [ 4.810344893908942, 52.178191806912771 ], [ 4.810344864853477, 52.178194053793256 ], [ 4.810348519733769, 52.178194071655398 ], [ 4.810348461623197, 52.178198565416352 ], [ 4.810352116503863, 52.178198583278387 ], [ 4.810351971228295, 52.178209817680788 ], [ 4.810348316346712, 52.178209799818774 ], [ 4.810348287291403, 52.178212046699244 ], [ 4.81029346406528, 52.178211778755262 ], [ 4.810293493123347, 52.178209531874785 ], [ 4.810278873597245, 52.178209460418756 ], [ 4.810278902656049, 52.1782072135383 ], [ 4.810275247774716, 52.178207195673991 ], [ 4.8102752768337, 52.17820494879355 ], [ 4.810271621952552, 52.178204930929141 ], [ 4.810271680070879, 52.178200437168236 ], [ 4.810268025190105, 52.178200419303685 ], [ 4.810268054249447, 52.178198172423258 ], [ 4.810260744488279, 52.178198136693901 ], [ 4.810260773547984, 52.178195889813416 ], [ 4.810249808906806, 52.178195836218542 ], [ 4.810249837967061, 52.178193589338086 ], [ 4.810242528206663, 52.178193553607599 ], [ 4.810242557267284, 52.178191306727179 ], [ 4.810235247507265, 52.178191270996209 ], [ 4.81023527656825, 52.178189024115774 ], [ 4.810231621688431, 52.178189006250115 ], [ 4.810231650749595, 52.178186759369666 ], [ 4.810224340990335, 52.178186723638063 ], [ 4.810224370051866, 52.178184476757615 ], [ 4.810209750534122, 52.178184405293024 ], [ 4.810209779596383, 52.178182158412568 ], [ 4.810195160079433, 52.17818208694618 ], [ 4.810195072890422, 52.178188827587505 ], [ 4.810198727770208, 52.178188845454265 ], [ 4.810198495267506, 52.178206820497778 ], [ 4.810202150148768, 52.178206838364467 ], [ 4.810202121086098, 52.178209085244895 ], [ 4.810205775967545, 52.178209103111421 ], [ 4.810205746905059, 52.178211349991884 ], [ 4.810213056668336, 52.178211385724651 ], [ 4.810213027606214, 52.178213632605065 ], [ 4.810220337369873, 52.178213668337385 ], [ 4.810220308308114, 52.178215915217848 ], [ 4.810227618072154, 52.178215950949685 ], [ 4.81022758901076, 52.17821819783012 ], [ 4.810238553657401, 52.17821825142709 ], [ 4.810238524596558, 52.178220498307539 ], [ 4.810245834361368, 52.178220534038282 ], [ 4.810245805300888, 52.178222780918745 ], [ 4.810253115066081, 52.178222816649019 ], [ 4.810253086005966, 52.178225063529467 ], [ 4.810256740888752, 52.178225081394451 ], [ 4.810256711828817, 52.178227328274929 ], [ 4.810264021594768, 52.178227364004513 ], [ 4.810263992535199, 52.178229610884955 ], [ 4.810267647418361, 52.178229628749584 ], [ 4.810267589299581, 52.178234122510482 ], [ 4.810271244183116, 52.178234140375018 ], [ 4.810271215123906, 52.178236387255467 ], [ 4.810274870007628, 52.178236405119897 ], [ 4.8102748409486, 52.178238652000296 ], [ 4.810282150716425, 52.178238687728829 ], [ 4.810282005423063, 52.17824992213103 ], [ 4.810274695653396, 52.178249886402526 ], [ 4.810274666594347, 52.178252133283038 ], [ 4.810267356824327, 52.178252097554058 ], [ 4.810267327764905, 52.17825434443445 ], [ 4.810263672879713, 52.1782543265698 ], [ 4.810263643820105, 52.17825657345027 ], [ 4.810259988934734, 52.178256555585477 ], [ 4.810259959874938, 52.178258802465905 ], [ 4.810256304989389, 52.178258784601063 ], [ 4.810256275929402, 52.178261031481462 ], [ 4.810248966157944, 52.178260995751337 ], [ 4.810248937097588, 52.1782632426318 ], [ 4.810245282211677, 52.17826322476656 ], [ 4.810245253151135, 52.178265471646995 ], [ 4.810241598265046, 52.178265453781648 ], [ 4.810241540143578, 52.178269947542475 ], [ 4.810237885257124, 52.178269929677043 ], [ 4.810237856196202, 52.178272176557442 ], [ 4.810230546422937, 52.178272140826209 ], [ 4.81023051736164, 52.178274387706644 ], [ 4.810223207588018, 52.17827435197492 ], [ 4.810223149464686, 52.178278845735754 ], [ 4.810219494577509, 52.178278827869732 ], [ 4.810219465515656, 52.178281074750139 ], [ 4.8102158106283, 52.178281056884011 ], [ 4.810215781566257, 52.178283303764424 ], [ 4.81021212667872, 52.178283285898168 ], [ 4.810212097616489, 52.178285532778567 ], [ 4.810208442728771, 52.178285514912162 ], [ 4.810208413666353, 52.178287761792596 ], [ 4.810204758778456, 52.17828774392612 ], [ 4.81020472971585, 52.178289990806526 ], [ 4.810197419939698, 52.178289955073218 ], [ 4.81019739087672, 52.178292201953617 ], [ 4.810193735988465, 52.178292184086793 ], [ 4.810193706925299, 52.178294430967192 ], [ 4.810190052036861, 52.178294413100247 ], [ 4.810190022973512, 52.178296659980624 ], [ 4.810186368084894, 52.178296642113587 ], [ 4.810186339021356, 52.178298888993993 ], [ 4.810182684132557, 52.178298871126835 ], [ 4.81018265506883, 52.178301118007205 ], [ 4.81016438062397, 52.178301028669679 ], [ 4.810164351559319, 52.178303275550057 ], [ 4.810157041781031, 52.178303239814248 ], [ 4.810157012716007, 52.178305486694633 ], [ 4.810153357826684, 52.178305468826558 ], [ 4.810153328761473, 52.178307715706907 ], [ 4.81014967387197, 52.178307697838711 ], [ 4.810149528544946, 52.178318932240643 ], [ 4.810145873654523, 52.17831891437234 ], [ 4.810145844588922, 52.178321161252704 ], [ 4.810142189698322, 52.178321143384288 ], [ 4.810142160632537, 52.178323390264637 ], [ 4.810138505741753, 52.178323372396079 ], [ 4.810138476675779, 52.178325619276471 ], [ 4.810134821784815, 52.178325601407813 ], [ 4.810134705520148, 52.178334588929296 ], [ 4.810138360411849, 52.178334606797947 ], [ 4.810138127883823, 52.178352581840819 ], [ 4.810123508311152, 52.178352510365492 ], [ 4.81012374084507, 52.178334535322612 ], [ 4.81011277617002, 52.178334481714927 ], [ 4.810112805237297, 52.178332234834585 ], [ 4.810094530779871, 52.17833214548623 ], [ 4.810094501711674, 52.178334392366551 ], [ 4.810083537036705, 52.178334338756166 ], [ 4.810083507967952, 52.178336585636551 ], [ 4.81007985307612, 52.178336567766181 ], [ 4.810079824007179, 52.178338814646558 ], [ 4.810076169115164, 52.178338796776032 ], [ 4.810076140046037, 52.178341043656367 ], [ 4.810072485153843, 52.178341025785784 ], [ 4.810072427015206, 52.178345519546454 ], [ 4.810068772122647, 52.178345501675793 ], [ 4.810068713983632, 52.178349995436463 ], [ 4.810065059090707, 52.178349977565645 ], [ 4.810064971881606, 52.178356718206643 ], [ 4.810061316988132, 52.178356700335691 ], [ 4.81006128791824, 52.178358947216019 ], [ 4.810057633024587, 52.178358929344981 ], [ 4.810057603954507, 52.178361176225316 ], [ 4.810053949060674, 52.178361158354171 ], [ 4.810053890920136, 52.178365652114813 ], [ 4.810050236025937, 52.178365634243519 ], [ 4.810050177885019, 52.178370128004204 ], [ 4.81003555830678, 52.178370056517934 ], [ 4.810035587377976, 52.178367809637628 ], [ 4.810024622694884, 52.178367756021743 ], [ 4.810024593623133, 52.178370002902042 ], [ 4.810020938728594, 52.178369985029867 ], [ 4.810020909656656, 52.17837223191016 ], [ 4.810017254761934, 52.178372214037857 ], [ 4.810017196617683, 52.178376707798485 ], [ 4.810013541722595, 52.178376689926068 ], [ 4.810013454505639, 52.178383430567017 ], [ 4.810009799610003, 52.178383412694473 ], [ 4.810009654247422, 52.178394647095956 ], [ 4.810005999350867, 52.178394629223313 ], [ 4.810005766769091, 52.178412604265674 ], [ 4.810009421667115, 52.178412622138346 ], [ 4.81000939259456, 52.178414869018646 ], [ 4.810045941576849, 52.178415047739016 ], [ 4.810045912506133, 52.178417294619308 ], [ 4.810049567404565, 52.17841731249073 ], [ 4.810049538334029, 52.178419559371051 ], [ 4.810078777523077, 52.178419702338367 ], [ 4.810078632177715, 52.178430936739872 ], [ 4.810082287077281, 52.17843095461027 ], [ 4.810082258008382, 52.178433201490584 ], [ 4.81008591290814, 52.178433219360876 ], [ 4.810085854770701, 52.178437713121482 ], [ 4.810089509670827, 52.178437730991696 ], [ 4.810089480602285, 52.178439977871989 ], [ 4.8100931355026, 52.178439995742075 ], [ 4.810093077365879, 52.178444489502681 ], [ 4.810096732266561, 52.17844450737266 ], [ 4.810096674130194, 52.178449001133245 ], [ 4.810100329031253, 52.178449019003104 ], [ 4.810100299963247, 52.178451265883417 ], [ 4.81010395486449, 52.178451283753148 ], [ 4.810103925796668, 52.178453530633455 ], [ 4.810107580698098, 52.178453548503072 ], [ 4.810107551630456, 52.1784557953834 ], [ 4.810111206532074, 52.178455813252889 ], [ 4.810111148397146, 52.178460307013523 ], [ 4.81011480329914, 52.178460324882913 ], [ 4.810114774231852, 52.178462571763205 ], [ 4.81011842913403, 52.178462589632517 ], [ 4.810118400066926, 52.178464836512802 ], [ 4.810122054969291, 52.178464854382014 ], [ 4.810122025902368, 52.178467101262285 ], [ 4.810125680804922, 52.178467119131369 ], [ 4.810125651738181, 52.178469366011683 ], [ 4.81012930664092, 52.178469383880618 ], [ 4.810129277574356, 52.178471630760932 ], [ 4.810132932477286, 52.178471648629781 ], [ 4.810132903410905, 52.178473895510095 ], [ 4.81014021321714, 52.178473931247417 ], [ 4.810140184151122, 52.178476178127724 ], [ 4.81014383905443, 52.17847619599624 ], [ 4.810143809988596, 52.178478442876539 ], [ 4.810147464892087, 52.178478460744962 ], [ 4.810147435826434, 52.178480707625283 ], [ 4.810158400537486, 52.178480761229807 ], [ 4.810158371472383, 52.178483008110085 ], [ 4.810165681280138, 52.178483043845858 ], [ 4.810165652215395, 52.178485290726165 ], [ 4.810172962023534, 52.178485326461491 ], [ 4.810172932959157, 52.178487573341798 ], [ 4.810180242767674, 52.178487609076655 ], [ 4.810180213703663, 52.17848985595699 ], [ 4.810187523512561, 52.178489891691399 ], [ 4.810187494448916, 52.178492138571727 ], [ 4.810194804258197, 52.178492174305681 ], [ 4.810194775194916, 52.178494421186031 ], [ 4.810205739909416, 52.178494474786127 ], [ 4.810205710846683, 52.178496721666448 ], [ 4.810213020656735, 52.178496757399301 ], [ 4.81021299159437, 52.178499004279594 ], [ 4.810227611215249, 52.178499075743964 ], [ 4.810227582153614, 52.178501322624264 ], [ 4.810242201775285, 52.178501394086815 ], [ 4.810242172714385, 52.178503640967129 ], [ 4.810249482525608, 52.178503676697723 ], [ 4.810249453465071, 52.178505923578037 ], [ 4.810253108370871, 52.178505941443163 ], [ 4.810253079310519, 52.178508188323505 ], [ 4.810260389122498, 52.178508224053417 ], [ 4.810260360062506, 52.178510470933745 ], [ 4.81026766987487, 52.178510506663208 ], [ 4.810267640815243, 52.178512753543544 ], [ 4.810278605534364, 52.178512807136919 ], [ 4.810278576475288, 52.178515054017218 ], [ 4.810293196101566, 52.178515125473417 ], [ 4.810293167043223, 52.178517372353781 ], [ 4.810304131763518, 52.178517425944769 ], [ 4.810304102705724, 52.178519672825082 ], [ 4.810315067426605, 52.178519726415061 ], [ 4.810315038369358, 52.178521973295425 ], [ 4.81032965799798, 52.178522044747119 ], [ 4.810329628941468, 52.178524291627475 ], [ 4.810344248570881, 52.178524363077351 ], [ 4.810344219515104, 52.178526609957729 ], [ 4.810355184237751, 52.178526663543956 ], [ 4.810355155182521, 52.178528910424291 ], [ 4.810362464998003, 52.178528946147885 ], [ 4.810362435943137, 52.178531193028228 ], [ 4.810373400666941, 52.178531246612813 ], [ 4.810373371612626, 52.178533493493134 ], [ 4.810384336337012, 52.178533547076718 ], [ 4.810384307283243, 52.178535793957046 ], [ 4.810395272008211, 52.178535847539557 ], [ 4.810395242954992, 52.178538094419956 ], [ 4.810402552772024, 52.17853813014105 ], [ 4.81040252371917, 52.178540377021392 ], [ 4.810406178627876, 52.178540394881772 ], [ 4.810406149575202, 52.178542641762178 ], [ 4.810409804484093, 52.17854265962243 ], [ 4.810409775431602, 52.178544906502786 ], [ 4.810413430340683, 52.178544924362967 ], [ 4.810413401288369, 52.178547171243359 ], [ 4.810417056197639, 52.178547189103384 ], [ 4.810417027145507, 52.178549435983768 ], [ 4.81042068205496, 52.178549453843708 ], [ 4.810420653003013, 52.178551700724078 ], [ 4.810424307912656, 52.17855171858389 ], [ 4.810424278860886, 52.178553965464282 ], [ 4.810427933770716, 52.178553983323987 ], [ 4.810427904719127, 52.17855623020435 ], [ 4.810435214539161, 52.178556265923454 ], [ 4.810435185487939, 52.178558512803846 ], [ 4.810438840398148, 52.178558530663196 ], [ 4.810438811347106, 52.178560777543552 ], [ 4.810449776078301, 52.178560831120997 ], [ 4.810449747027809, 52.178563078001389 ], [ 4.810460711759587, 52.178563131577853 ], [ 4.810460682709644, 52.178565378458224 ], [ 4.810467992531212, 52.178565414175267 ], [ 4.810467963481634, 52.178567661055673 ], [ 4.810471618392608, 52.178567678914021 ], [ 4.81047158934321, 52.178569925794427 ], [ 4.810475244254371, 52.178569943652654 ], [ 4.810475215205154, 52.178572190533053 ], [ 4.810482525027854, 52.178572226249194 ], [ 4.810482495979, 52.178574473129594 ], [ 4.810486150890541, 52.178574490987486 ], [ 4.810486121841869, 52.178576737867878 ], [ 4.810493431665329, 52.178576773583373 ], [ 4.810493402617022, 52.178579020463744 ], [ 4.810500712440863, 52.178579056178798 ], [ 4.810500683392921, 52.178581303059197 ], [ 4.810507993217144, 52.178581338773746 ], [ 4.810507964169566, 52.178583585654174 ], [ 4.810511619081866, 52.178583603511299 ], [ 4.810511590034468, 52.17858585039167 ], [ 4.810518899859447, 52.178585886105587 ], [ 4.810518870812416, 52.178588132985972 ], [ 4.810529835550462, 52.178588186555984 ], [ 4.810529806503981, 52.178590433436405 ], [ 4.810537116329733, 52.178590469149185 ], [ 4.810537087283612, 52.178592716029577 ], [ 4.810548052022812, 52.178592769597891 ], [ 4.810548022977245, 52.17859501647829 ], [ 4.810558987717029, 52.178595070045617 ], [ 4.810558958672009, 52.178597316926016 ], [ 4.810573578325839, 52.178597388347534 ], [ 4.810573549281552, 52.178599635227911 ], [ 4.810591823849837, 52.178599724502263 ], [ 4.810591794806466, 52.178601971382669 ], [ 4.810606414461891, 52.178602042800136 ], [ 4.810606385419255, 52.178604289680543 ], [ 4.810617350161412, 52.178604343242462 ], [ 4.810617321119321, 52.178606590122854 ], [ 4.810635595690571, 52.17860667939042 ], [ 4.810635566649401, 52.178608926270847 ], [ 4.810653841221654, 52.178609015535599 ], [ 4.8106538121814, 52.178611262416027 ], [ 4.810664776925345, 52.178611315973534 ], [ 4.810664747885641, 52.17861356285394 ], [ 4.810675712630172, 52.178613616410438 ], [ 4.810675683591014, 52.178615863290837 ], [ 4.810679338506045, 52.178615881142818 ], [ 4.810679309467072, 52.178618128023203 ], [ 4.810682964382295, 52.178618145875056 ], [ 4.810682935343499, 52.178620392755455 ], [ 4.81068659025891, 52.178620410607195 ], [ 4.810686561220296, 52.178622657487608 ], [ 4.810693871051489, 52.178622693190697 ], [ 4.810693842013241, 52.178624940071153 ], [ 4.810697496929029, 52.178624957922494 ], [ 4.81069746789096, 52.178627204802915 ], [ 4.810701122806934, 52.178627222654164 ], [ 4.810701093769049, 52.178629469534606 ], [ 4.810704748685212, 52.178629487385784 ], [ 4.810704719647505, 52.178631734266197 ], [ 4.810708374563857, 52.178631752117262 ], [ 4.810708345526329, 52.178633998997682 ], [ 4.810712000442866, 52.178634016848591 ], [ 4.810711971405522, 52.17863626372904 ], [ 4.810722936155703, 52.178636317281125 ], [ 4.810722907118911, 52.178638564161574 ], [ 4.810733871869675, 52.178638617712686 ], [ 4.810733842833427, 52.178640864593085 ], [ 4.810744807584777, 52.178640918143159 ], [ 4.810744778549079, 52.178643165023573 ], [ 4.810763053135644, 52.178643254271421 ], [ 4.810763024100866, 52.178645501151919 ] ], [ [ 4.811028528902487, 52.178464788681765 ], [ 4.811028615966229, 52.17845804804 ], [ 4.811043235575381, 52.178458119403224 ], [ 4.811043148513852, 52.178464860045047 ], [ 4.811028528902487, 52.178464788681765 ] ] ] } },
{ "type": "Feature", "properties": { "class": "parcel", "raw_confidence": 0.3991, "source_tile_id": "tile-110000-460000", "was_valid": true, "area_m2": 293.36009319161371 }, "geometry": { "type": "Polygon", "coordinates": [ [ [ 4.811354424070792, 52.178136066782827 ], [ 4.81136904357508, 52.178136138105572 ], [ 4.811369188594127, 52.178124903701359 ], [ 4.81136553371897, 52.178124885870851 ], [ 4.811365591726934, 52.178120392109172 ], [ 4.811361936852149, 52.178120374278556 ], [ 4.811361994860469, 52.178115880516877 ], [ 4.811336410739652, 52.178115755699352 ], [ 4.811336381734207, 52.178118002580142 ], [ 4.811332726859634, 52.17811798474866 ], [ 4.811332610837076, 52.178126972271983 ], [ 4.811328955961772, 52.17812695444033 ], [ 4.811328926955941, 52.178129201321163 ], [ 4.811325272080452, 52.178129183489403 ], [ 4.811325243074434, 52.178131430370215 ], [ 4.811321588198767, 52.178131412538356 ], [ 4.811321559192561, 52.17813365941916 ], [ 4.811310594565024, 52.178133605922881 ], [ 4.811310565558263, 52.178135852803692 ], [ 4.81130325580622, 52.178135817138894 ], [ 4.811303023749057, 52.178153792185448 ], [ 4.811299368871568, 52.178153774352865 ], [ 4.811299310856874, 52.178158268114466 ], [ 4.811295655979022, 52.178158250281783 ], [ 4.811295626971487, 52.17816049716258 ], [ 4.811273697703329, 52.178160390164116 ], [ 4.811273668694687, 52.178162637044913 ], [ 4.811270013816488, 52.178162619211449 ], [ 4.811269984807659, 52.17816486609226 ], [ 4.811248055537433, 52.178164759089036 ], [ 4.811248084547368, 52.17816251220826 ], [ 4.811237119912855, 52.17816245870511 ], [ 4.81123714892334, 52.178160211824313 ], [ 4.811226184289409, 52.178160158320146 ], [ 4.811226213300443, 52.178157911439385 ], [ 4.811215248667095, 52.178157857934224 ], [ 4.811215219655507, 52.178160104815007 ], [ 4.811200600143688, 52.178160033473162 ], [ 4.811200571131359, 52.178162280353924 ], [ 4.81119691625323, 52.178162262518214 ], [ 4.811196887240715, 52.178164509398997 ], [ 4.811193232362402, 52.178164491563116 ], [ 4.811193203349703, 52.178166738443892 ], [ 4.811189548471209, 52.178166720607926 ], [ 4.81118949044543, 52.17817121436947 ], [ 4.811185835566572, 52.178171196533377 ], [ 4.811185777540409, 52.178175690294914 ], [ 4.811182122661188, 52.178175672458686 ], [ 4.811182064634643, 52.178180166220237 ], [ 4.811178409755056, 52.178180148383916 ], [ 4.811178380741594, 52.178182395264663 ], [ 4.811171070982063, 52.17818235959173 ], [ 4.811171041968229, 52.178184606472463 ], [ 4.811167387088284, 52.178184588635773 ], [ 4.811167358074262, 52.178186835516541 ], [ 4.811163703194139, 52.178186817679794 ], [ 4.811163500094612, 52.178202545845011 ], [ 4.811159845213202, 52.178202528008136 ], [ 4.811159758169947, 52.178209268650377 ], [ 4.811156103287984, 52.178209250813339 ], [ 4.811156074273375, 52.1782114976941 ], [ 4.811152419391234, 52.178211479856969 ], [ 4.811152390376436, 52.17821372673771 ], [ 4.811145080611797, 52.178213691063107 ], [ 4.811145051596627, 52.178215937943861 ], [ 4.811137741831632, 52.178215902268811 ], [ 4.811137712816092, 52.178218149149565 ], [ 4.811134057933415, 52.178218131311851 ], [ 4.811134028917686, 52.178220378192563 ], [ 4.811112099620592, 52.178220271164058 ], [ 4.811112012570075, 52.1782270118062 ], [ 4.811115667453466, 52.17822702964456 ], [ 4.81111560942014, 52.178231523406026 ], [ 4.811119264303904, 52.178231541244259 ], [ 4.811119206270932, 52.178236035005725 ], [ 4.811122861155069, 52.178236052843893 ], [ 4.811122629024515, 52.178254027889587 ], [ 4.811133593681365, 52.178254081403381 ], [ 4.811133564665583, 52.178256328284114 ], [ 4.81113721955139, 52.178256346121834 ], [ 4.811137190535788, 52.178258593002532 ], [ 4.811140845421782, 52.178258610840146 ], [ 4.811140816406364, 52.178260857720879 ], [ 4.811162745723505, 52.178260964744091 ], [ 4.811162542623204, 52.178276692909108 ], [ 4.811169852398186, 52.17827672858261 ], [ 4.811169736342272, 52.178285716105499 ], [ 4.811173391230505, 52.178285733942083 ], [ 4.811173362216701, 52.178287980822773 ], [ 4.811177017105123, 52.1782879986593 ], [ 4.811176930064245, 52.178294739301393 ], [ 4.811180584953221, 52.178294757137813 ], [ 4.811180555939774, 52.178297004018532 ], [ 4.811184210828937, 52.178297021854775 ], [ 4.811184181815668, 52.178299268735486 ], [ 4.811191491594377, 52.178299304407652 ], [ 4.811191462581473, 52.178301551288371 ], [ 4.811220701697914, 52.1783016939726 ], [ 4.811220730709344, 52.178299447091895 ], [ 4.811224385598729, 52.17829946492688 ], [ 4.811224414609973, 52.17829721804614 ], [ 4.81122806949918, 52.17829723588104 ], [ 4.811228098510233, 52.178294989000371 ], [ 4.811231753399259, 52.178295006835121 ], [ 4.811231782410127, 52.178292759954424 ], [ 4.811235437298969, 52.178292777789061 ], [ 4.811235466309649, 52.178290530908342 ], [ 4.81124277608698, 52.178290566577331 ], [ 4.811242805097288, 52.17828831969662 ], [ 4.81125742465125, 52.17828839103327 ], [ 4.811257453660819, 52.178286144152494 ], [ 4.811268418325772, 52.178286197653826 ], [ 4.811268447334788, 52.178283950773064 ], [ 4.811279411999218, 52.178284004273337 ], [ 4.811279441007676, 52.178281757392568 ], [ 4.811283095895644, 52.178281775225763 ], [ 4.811283124903913, 52.178279528345023 ], [ 4.811290434679488, 52.178279564011063 ], [ 4.811290492695283, 52.178275070249562 ], [ 4.811294147582704, 52.178275088082444 ], [ 4.811294205598116, 52.178270594320914 ], [ 4.811305170259307, 52.178270647818763 ], [ 4.811305141252154, 52.178272894699518 ], [ 4.81130879613941, 52.178272912531924 ], [ 4.811308622097533, 52.178286393816492 ], [ 4.811304967209175, 52.178286375984086 ], [ 4.811304909194823, 52.178290869745616 ], [ 4.811301254306097, 52.178290851913076 ], [ 4.811301167283989, 52.178297592555339 ], [ 4.811304822173266, 52.178297610387844 ], [ 4.811304735151678, 52.178304351030135 ], [ 4.81130108026185, 52.17830433319758 ], [ 4.811300993239684, 52.178311073839808 ], [ 4.811297338349306, 52.178311056007182 ], [ 4.811297106288568, 52.178329031053146 ], [ 4.811300761180417, 52.178329048885772 ], [ 4.811300732172994, 52.17833129576649 ], [ 4.811304387065032, 52.178331313599038 ], [ 4.811304329050546, 52.178335807360533 ], [ 4.811307983942954, 52.178335825192967 ], [ 4.811307954935891, 52.178338072073707 ], [ 4.811311609828484, 52.178338089906021 ], [ 4.811311580821602, 52.178340336786761 ], [ 4.811315235714386, 52.178340354618975 ], [ 4.811315206707682, 52.178342601499708 ], [ 4.811318861600656, 52.178342619331801 ], [ 4.811318803587607, 52.178347113093274 ], [ 4.811322458480952, 52.178347130925268 ], [ 4.811322371461903, 52.178353871567488 ], [ 4.811326026355803, 52.178353889399368 ], [ 4.811325997349632, 52.178356136280087 ], [ 4.811329652243719, 52.178356154111846 ], [ 4.811329623237728, 52.178358400992593 ], [ 4.811336933026279, 52.178358436655756 ], [ 4.811336904020653, 52.178360683536511 ], [ 4.811351523598534, 52.178360754861544 ], [ 4.811351494593642, 52.178363001742312 ], [ 4.811406318013934, 52.17836326919501 ], [ 4.811406347016062, 52.178361022314235 ], [ 4.811413656805126, 52.17836105797268 ], [ 4.811413685806886, 52.178358811091918 ], [ 4.811417340701237, 52.178358828920992 ], [ 4.811417369702807, 52.178356582040209 ], [ 4.811421024596979, 52.178356599869112 ], [ 4.811421082599742, 52.17835210610761 ], [ 4.811424737493549, 52.178352123936406 ], [ 4.811424766494741, 52.178349877055638 ], [ 4.811428421388366, 52.178349894884349 ], [ 4.811428450389374, 52.17834764800358 ], [ 4.811432105282817, 52.178347665832177 ], [ 4.811432134283637, 52.178345418951402 ], [ 4.811435789176898, 52.178345436779871 ], [ 4.811435818177529, 52.178343189899103 ], [ 4.811439473070611, 52.178343207727458 ], [ 4.811439531071495, 52.178338713965871 ], [ 4.811443185964213, 52.178338731794128 ], [ 4.811443243964716, 52.178334238032562 ], [ 4.811446898857068, 52.178334255860712 ], [ 4.811446927857128, 52.178332008979915 ], [ 4.811450582749303, 52.178332026807951 ], [ 4.811451046746884, 52.178296076715256 ], [ 4.811447391857659, 52.178296058887263 ], [ 4.811447420857662, 52.178293812006466 ], [ 4.811443765968624, 52.178293794178316 ], [ 4.811443794968809, 52.17829154729754 ], [ 4.811440140079956, 52.178291529469334 ], [ 4.811440169080322, 52.178289282588501 ], [ 4.81143651419166, 52.178289264760174 ], [ 4.811436543192208, 52.178287017879384 ], [ 4.811432888303732, 52.178287000050929 ], [ 4.811432917304457, 52.178284753170153 ], [ 4.811425607527883, 52.178284717512923 ], [ 4.811425636528975, 52.178282470632112 ], [ 4.811421981640876, 52.17828245280333 ], [ 4.81142201064215, 52.178280205922526 ], [ 4.811418355754237, 52.17828018809363 ], [ 4.811418384755692, 52.178277941212869 ], [ 4.811414729867969, 52.178277923383867 ], [ 4.811414758869604, 52.178275676503048 ], [ 4.811407449094536, 52.178275640844717 ], [ 4.811407478096535, 52.17827339396392 ], [ 4.811400168321849, 52.178273358305091 ], [ 4.811400197324215, 52.178271111424323 ], [ 4.811389232662762, 52.178271057935291 ], [ 4.811389261665676, 52.178268811054501 ], [ 4.811374642117858, 52.178268739734186 ], [ 4.811374613114208, 52.17827098661494 ], [ 4.811345374017259, 52.178270843968932 ], [ 4.811345403022382, 52.178268597088142 ], [ 4.811341748135462, 52.178268579256873 ], [ 4.811341922167235, 52.178255097972205 ], [ 4.811338267281424, 52.178255080140858 ], [ 4.811338644352237, 52.17822587069066 ], [ 4.811342299235653, 52.178225888521979 ], [ 4.811342328240896, 52.178223641641182 ], [ 4.811345983124131, 52.178223659472401 ], [ 4.811346041134233, 52.178219165710836 ], [ 4.811349696017103, 52.178219183541977 ], [ 4.811349725021964, 52.178216936661144 ], [ 4.811353379904657, 52.178216954492186 ], [ 4.811353437914, 52.17821246073057 ], [ 4.811357092796327, 52.178212478561484 ], [ 4.811357179809766, 52.178205737919065 ], [ 4.811360834691543, 52.178205755749829 ], [ 4.8113609217044, 52.178199015107417 ], [ 4.811364576585629, 52.178199032938096 ], [ 4.811364663597901, 52.178192292295641 ], [ 4.81136831847858, 52.178192310126185 ], [ 4.811368666525163, 52.178165347556344 ], [ 4.811365011646691, 52.178165329725815 ], [ 4.811365272682967, 52.178145107798365 ], [ 4.811354308052549, 52.178145054306121 ], [ 4.811354424070792, 52.178136066782827 ] ], [ [ 4.811343459442615, 52.178136013289567 ], [ 4.81134348844772, 52.178133766408742 ], [ 4.811339833571854, 52.178133748577423 ], [ 4.811339949592976, 52.178124761054093 ], [ 4.811354569093523, 52.178124832378643 ], [ 4.811354424070792, 52.178136066782827 ], [ 4.811343459442615, 52.178136013289567 ] ], [ [ 4.811173478271895, 52.178278993299891 ], [ 4.811173594327033, 52.17827000577703 ], [ 4.811191868761814, 52.178270094958272 ], [ 4.811191752710355, 52.178279082481176 ], [ 4.811173478271895, 52.178278993299891 ] ] ] } },
{ "type": "Feature", "properties": { "class": "parcel", "raw_confidence": 0.402, "source_tile_id": "tile-110000-460000", "was_valid": true, "area_m2": 23.368641319753614 }, "geometry": { "type": "Polygon", "coordinates": [ [ [ 4.793485408867904, 52.162969976199264 ], [ 4.793503676989023, 52.162970068110425 ], [ 4.793503706879675, 52.162967821229508 ], [ 4.793536589496246, 52.162967986662508 ], [ 4.793536649274225, 52.162963492900602 ], [ 4.793540302897939, 52.162963511281475 ], [ 4.793540362675536, 52.162959017519597 ], [ 4.793544016298883, 52.16295903590035 ], [ 4.793544046187493, 52.162956789019432 ], [ 4.793547699810663, 52.1629568074001 ], [ 4.793547759587503, 52.162952313638186 ], [ 4.793551413210307, 52.162952332018754 ], [ 4.793551532763212, 52.162943344494977 ], [ 4.793555186385283, 52.16294336287536 ], [ 4.793555305937394, 52.162934375351604 ], [ 4.793551652316064, 52.162934356971192 ], [ 4.793551682204267, 52.162932110090253 ], [ 4.793548028583118, 52.162932091709713 ], [ 4.793548058471502, 52.162929844828788 ], [ 4.793544404850541, 52.162929826448149 ], [ 4.793544434739108, 52.162927579567167 ], [ 4.793540781118332, 52.162927561186457 ], [ 4.793540811007079, 52.162925314305539 ], [ 4.793537157386493, 52.162925295924673 ], [ 4.793537187275418, 52.162923049043712 ], [ 4.793533533655021, 52.162923030662753 ], [ 4.793533563544126, 52.162920783781829 ], [ 4.793529909923919, 52.162920765400749 ], [ 4.793529969702487, 52.162916271638835 ], [ 4.793526316082646, 52.162916253257656 ], [ 4.793526345972111, 52.162914006376731 ], [ 4.793522692352458, 52.162913987995417 ], [ 4.793522722242103, 52.162911741114442 ], [ 4.793497146905927, 52.162911612442244 ], [ 4.793497117014995, 52.162913859323183 ], [ 4.79349346339537, 52.16291384094098 ], [ 4.793493194375171, 52.162934062869333 ], [ 4.793489540753892, 52.162934044487017 ], [ 4.793489331514476, 52.162949772653462 ], [ 4.793485677891917, 52.16294975427104 ], [ 4.793485618108828, 52.162954248032889 ], [ 4.793481964485901, 52.162954229650282 ], [ 4.79348187481069, 52.162960970293057 ], [ 4.793485528434168, 52.16296098867565 ], [ 4.793485408867904, 52.162969976199264 ] ] ] } },
{ "type": "Feature", "properties": { "class": "parcel", "raw_confidence": 0.3984, "source_tile_id": "tile-110000-460000", "was_valid": true, "area_m2": 24.430853099023103 }, "geometry": { "type": "Polygon", "coordinates": [ [ [ 4.793596302692989, 52.162873911742295 ], [ 4.793607263542227, 52.162873966878969 ], [ 4.793607323312925, 52.16286947311702 ], [ 4.793610976928977, 52.162869491495684 ], [ 4.793611156239881, 52.162856010209723 ], [ 4.793607502624933, 52.162855991831073 ], [ 4.793607532510257, 52.162853744950048 ], [ 4.793603878895494, 52.162853726571292 ], [ 4.793603908780999, 52.162851479690275 ], [ 4.793600255166427, 52.162851461311412 ], [ 4.79360028505211, 52.162849214430395 ], [ 4.793596631437724, 52.162849196051397 ], [ 4.793596870524542, 52.162831221003437 ], [ 4.793600524137454, 52.162831239382399 ], [ 4.793600583908757, 52.162826745620407 ], [ 4.793604237521306, 52.162826763999284 ], [ 4.79360438694858, 52.162815529594241 ], [ 4.793600733336949, 52.162815511215371 ], [ 4.79360076322258, 52.162813264334353 ], [ 4.793597109611135, 52.162813245955377 ], [ 4.793597348697508, 52.162795270907274 ], [ 4.793601002307481, 52.162795289286237 ], [ 4.793601121849847, 52.162786301762182 ], [ 4.793604775459086, 52.162786320141031 ], [ 4.793604865115275, 52.162779579497951 ], [ 4.793593904289226, 52.162779524361078 ], [ 4.793593874403283, 52.162781771242095 ], [ 4.793586567185567, 52.16278173448363 ], [ 4.793586537299251, 52.162783981364647 ], [ 4.793582883690213, 52.162783962985195 ], [ 4.793582853803713, 52.162786209866212 ], [ 4.793579200194493, 52.162786191486717 ], [ 4.79357914042111, 52.162790685248723 ], [ 4.793575486811528, 52.162790666869078 ], [ 4.793575307490186, 52.162804148155125 ], [ 4.793571653879503, 52.162804129775346 ], [ 4.793571594105329, 52.162808623537352 ], [ 4.793567940494282, 52.16280860515748 ], [ 4.793567880719724, 52.162813098919464 ], [ 4.793564227108312, 52.1628130805395 ], [ 4.793564167333371, 52.162817574301478 ], [ 4.793560513721597, 52.162817555921357 ], [ 4.793560364283268, 52.162828790326301 ], [ 4.793556710670575, 52.162828771946081 ], [ 4.793556650894854, 52.162833265708045 ], [ 4.793552997281798, 52.16283324732774 ], [ 4.793552758177286, 52.162851222375572 ], [ 4.793556411791817, 52.162851240755906 ], [ 4.793556292240217, 52.162860228279811 ], [ 4.793570906701308, 52.162860301800144 ], [ 4.793570876814135, 52.162862548681133 ], [ 4.79357818404507, 52.162862585440607 ], [ 4.79357815415826, 52.162864832321588 ], [ 4.793585461389577, 52.162864869080629 ], [ 4.793585431503134, 52.162867115961632 ], [ 4.793589085118979, 52.162867134340985 ], [ 4.793589055232718, 52.162869381221938 ], [ 4.793592708848752, 52.162869399601206 ], [ 4.793592678962669, 52.162871646482188 ], [ 4.793596332578892, 52.162871664861306 ], [ 4.793596302692989, 52.162873911742295 ] ] ] } },
{ "type": "Feature", "properties": { "class": "parcel", "raw_confidence": 0.4011, "source_tile_id": "tile-110000-460000", "was_valid": true, "area_m2": 32.491334681415836 }, "geometry": { "type": "Polygon", "coordinates": [ [ [ 4.805344401934396, 52.177374063167449 ], [ 4.805359021176311, 52.17737413523443 ], [ 4.805359050482267, 52.177371888355239 ], [ 4.80536270529257, 52.177371906371697 ], [ 4.805362734598335, 52.17736965949247 ], [ 4.805366389408458, 52.177369677508821 ], [ 4.805366448019616, 52.177365183750403 ], [ 4.805370102829373, 52.177365201766648 ], [ 4.805370132134763, 52.177362954887435 ], [ 4.805373786944339, 52.177362972903516 ], [ 4.805373816249541, 52.177360726024325 ], [ 4.805377471058939, 52.177360744040335 ], [ 4.805377500363952, 52.177358497161109 ], [ 4.805381155173167, 52.177358515176998 ], [ 4.805381184477997, 52.177356268297807 ], [ 4.805388494096068, 52.17735630432923 ], [ 4.805388523400521, 52.177354057449989 ], [ 4.80539583301824, 52.177354093480972 ], [ 4.805395862322324, 52.177351846601759 ], [ 4.805399517131004, 52.177351864617052 ], [ 4.8053995464349, 52.177349617737839 ], [ 4.8054032012434, 52.177349635753053 ], [ 4.805403230547109, 52.177347388873805 ], [ 4.805406885355426, 52.177347406888892 ], [ 4.805407002569491, 52.177338419371978 ], [ 4.805403347761908, 52.177338401356877 ], [ 4.805403406369285, 52.177333907598459 ], [ 4.805399751562075, 52.177333889583245 ], [ 4.805399839473671, 52.177327148945565 ], [ 4.805396184667019, 52.17732713093028 ], [ 4.805396536315303, 52.177300168379411 ], [ 4.805392881510859, 52.177300150364047 ], [ 4.80539294011923, 52.177295656605565 ], [ 4.80538928531516, 52.17729563859006 ], [ 4.805389314619521, 52.177293391710798 ], [ 4.805385659815638, 52.177293373695186 ], [ 4.805385689120184, 52.177291126815938 ], [ 4.805367415101738, 52.177291036736158 ], [ 4.805367385796275, 52.177293283615391 ], [ 4.805360076188552, 52.177293247582625 ], [ 4.805360046882715, 52.177295494461859 ], [ 4.805356392078679, 52.177295476445366 ], [ 4.805356362772654, 52.177297723324571 ], [ 4.805352707968432, 52.17729770530795 ], [ 4.80535267866222, 52.177299952187155 ], [ 4.805349023857819, 52.177299934170414 ], [ 4.805348994551419, 52.177302181049626 ], [ 4.805345339746838, 52.177302163032742 ], [ 4.805345281133664, 52.177306656791202 ], [ 4.805341626328715, 52.177306638774198 ], [ 4.805341567715159, 52.177311132532658 ], [ 4.805337912909847, 52.177311114515554 ], [ 4.805337737067989, 52.177324595790843 ], [ 4.805334082261572, 52.177324577773582 ], [ 4.80533375988249, 52.177349293444898 ], [ 4.805337414690928, 52.177349311462088 ], [ 4.805337268155765, 52.177360545858136 ], [ 4.805340922965129, 52.17736056387524 ], [ 4.805340776430801, 52.17737179827126 ], [ 4.805344431241087, 52.177371816288264 ], [ 4.805344401934396, 52.177374063167449 ] ] ] } },
{ "type": "Feature", "properties": { "class": "parcel", "raw_confidence": 0.3995, "source_tile_id": "tile-110000-460000", "was_valid": true, "area_m2": 96.724207036743252 }, "geometry": { "type": "Polygon", "coordinates": [ [ [ 4.80544913934364, 52.177190323498479 ], [ 4.805463758525547, 52.177190395552373 ], [ 4.805463846427101, 52.177183654914444 ], [ 4.805467501222034, 52.177183672927647 ], [ 4.80546753052236, 52.177181426048321 ], [ 4.805471185317113, 52.177181444061418 ], [ 4.805471214617252, 52.177179197182078 ], [ 4.805474869411823, 52.177179215195018 ], [ 4.805474898711775, 52.177176968315699 ], [ 4.805478553506166, 52.17717698632859 ], [ 4.805478612105693, 52.177172492569937 ], [ 4.805482266899719, 52.177172510582686 ], [ 4.805482296199292, 52.177170263703367 ], [ 4.805485950993138, 52.177170281715945 ], [ 4.805486009591905, 52.177165787957328 ], [ 4.805489664385385, 52.177165805969807 ], [ 4.805489722983774, 52.17716131221119 ], [ 4.805493377776888, 52.177161330223562 ], [ 4.805493465673893, 52.177154589585577 ], [ 4.805497120466456, 52.177154607597856 ], [ 4.805497208362876, 52.177147866959857 ], [ 4.805500863154896, 52.177147884971987 ], [ 4.805501126842312, 52.177127663057973 ], [ 4.805497472051951, 52.177127645045793 ], [ 4.805497530649487, 52.17712315128712 ], [ 4.805493875859496, 52.177123133274883 ], [ 4.805493905158443, 52.177120886395521 ], [ 4.805490250368641, 52.177120868383163 ], [ 4.80549027966777, 52.177118621503801 ], [ 4.805486624878156, 52.177118603491373 ], [ 4.805486654177463, 52.177116356612011 ], [ 4.805479344598612, 52.177116320586727 ], [ 4.805479373898286, 52.177114073707379 ], [ 4.805472064319817, 52.177114037681633 ], [ 4.805472093619852, 52.177111790802286 ], [ 4.805464784041767, 52.177111754776099 ], [ 4.805464842642572, 52.177107261017461 ], [ 4.8054611878539, 52.177107243004194 ], [ 4.805461510160089, 52.177082527331414 ], [ 4.805465164946733, 52.177082545344661 ], [ 4.805465252847797, 52.177075804706604 ], [ 4.805450633703447, 52.177075732652966 ], [ 4.80545060440236, 52.177077979532307 ], [ 4.805446949616097, 52.177077961518634 ], [ 4.805446920314822, 52.177080208397939 ], [ 4.805432301169068, 52.177080136342035 ], [ 4.80543233047108, 52.177077889462659 ], [ 4.805425020898591, 52.177077853434049 ], [ 4.805425050200969, 52.177075606554723 ], [ 4.805421395414913, 52.177075588540205 ], [ 4.805421454020027, 52.177071094781567 ], [ 4.805417799234341, 52.177071076766921 ], [ 4.805417857839807, 52.177066583008248 ], [ 4.805414203054496, 52.177066564993559 ], [ 4.805414232357409, 52.177064318114205 ], [ 4.80539961321693, 52.17706424605425 ], [ 4.805399583913283, 52.177066492933569 ], [ 4.80538861955741, 52.177066438887358 ], [ 4.805388560948999, 52.177070932646046 ], [ 4.805377596592052, 52.177070878598855 ], [ 4.805377567287286, 52.177073125478174 ], [ 4.805370257715637, 52.177073089446147 ], [ 4.805370228410506, 52.177075336325437 ], [ 4.805366573624503, 52.177075318309264 ], [ 4.805366544319176, 52.177077565188583 ], [ 4.805362889532995, 52.17707754717231 ], [ 4.805362860227484, 52.177079794051572 ], [ 4.805355550654754, 52.177079758018664 ], [ 4.805355433431209, 52.17708874553589 ], [ 4.805351778644114, 52.177088727519241 ], [ 4.805351690725868, 52.177095468157184 ], [ 4.805348035938223, 52.177095450140435 ], [ 4.805347830794239, 52.17711117829554 ], [ 4.805351485583169, 52.177111196312318 ], [ 4.805351368358699, 52.177120183829508 ], [ 4.805355023148372, 52.177120201846193 ], [ 4.805354935230532, 52.177126942484044 ], [ 4.805351280440308, 52.177126924467395 ], [ 4.805351045991116, 52.177144899501684 ], [ 4.805369319949641, 52.177144989583944 ], [ 4.805369290644396, 52.177147236463263 ], [ 4.805372945436296, 52.17714725447938 ], [ 4.805372886826166, 52.177151748237947 ], [ 4.805376541618434, 52.177151766253964 ], [ 4.805376483008663, 52.177156260012552 ], [ 4.805380137801302, 52.177156278028406 ], [ 4.805380108496596, 52.177158524907703 ], [ 4.805383763289424, 52.1771585429235 ], [ 4.805383733984896, 52.177160789802812 ], [ 4.805387388777915, 52.17716080781846 ], [ 4.805387359473567, 52.177163054697743 ], [ 4.805391014266773, 52.177163072713306 ], [ 4.805390984962605, 52.177165319592596 ], [ 4.805394639755999, 52.177165337608052 ], [ 4.805394610452015, 52.177167584487336 ], [ 4.805398265245592, 52.177167602502642 ], [ 4.805398235941788, 52.177169849381968 ], [ 4.805401890735557, 52.177169867397176 ], [ 4.805401861431932, 52.177172114276473 ], [ 4.805405516225888, 52.177172132291574 ], [ 4.805405486922444, 52.177174379170893 ], [ 4.805412796510731, 52.177174415200746 ], [ 4.805412767207653, 52.177176662080015 ], [ 4.805416422001985, 52.177176680094817 ], [ 4.805416392699088, 52.177178926974101 ], [ 4.805427357082658, 52.177178981017725 ], [ 4.805427327780311, 52.177181227897044 ], [ 4.805438292164466, 52.177181281939653 ], [ 4.805438262862666, 52.177183528818965 ], [ 4.805441917657574, 52.177183546832943 ], [ 4.805441888355955, 52.177185793712248 ], [ 4.805445543151053, 52.177185811726105 ], [ 4.805445513849614, 52.177188058605417 ], [ 4.805449168644899, 52.17718807661916 ], [ 4.80544913934364, 52.177190323498479 ] ] ] } },
{ "type": "Feature", "properties": { "class": "parcel", "raw_confidence": 0.4007, "source_tile_id": "tile-110000-460000", "was_valid": true, "area_m2": 74.480098567551593 }, "geometry": { "type": "Polygon", "coordinates": [ [ [ 4.804347195697295, 52.179004976192971 ], [ 4.80435816052812, 52.179005030336612 ], [ 4.804358189885897, 52.179002783458358 ], [ 4.804365499772764, 52.179002819553546 ], [ 4.804365529130168, 52.179000572675328 ], [ 4.804369184073424, 52.179000590722715 ], [ 4.804369213430641, 52.178998343844484 ], [ 4.804409417804636, 52.178998542358649 ], [ 4.804409447159826, 52.178996295480388 ], [ 4.804420411988617, 52.178996349618259 ], [ 4.804420441343249, 52.178994102739942 ], [ 4.804424096286001, 52.178994120785696 ], [ 4.804424125640445, 52.178991873907442 ], [ 4.804427780583017, 52.178991891953025 ], [ 4.804427809937277, 52.178989645074765 ], [ 4.804435119822064, 52.178989681165646 ], [ 4.804435149175947, 52.178987434287379 ], [ 4.804442459060382, 52.178987470377798 ], [ 4.804442605827917, 52.178976235986418 ], [ 4.804438950886622, 52.17897621794129 ], [ 4.804438980240302, 52.17897397106298 ], [ 4.804435325299193, 52.178973953017731 ], [ 4.804435384006913, 52.178969459261182 ], [ 4.804431729066178, 52.178969441215791 ], [ 4.804431758420215, 52.178967194337531 ], [ 4.804424448539119, 52.178967158246465 ], [ 4.804424477893523, 52.178964911368212 ], [ 4.804420822953165, 52.178964893322458 ], [ 4.804420881662331, 52.178960399565895 ], [ 4.804417226722344, 52.178960381520106 ], [ 4.804417285431865, 52.178955887763529 ], [ 4.804406320613027, 52.178955833625459 ], [ 4.804406232547083, 52.17896257426024 ], [ 4.804402577606926, 52.178962556213961 ], [ 4.804402518895908, 52.178967049970517 ], [ 4.804398863955388, 52.178967031924138 ], [ 4.804398805243989, 52.178971525680687 ], [ 4.804380530539583, 52.178971435447039 ], [ 4.804380559896206, 52.178969188568786 ], [ 4.804376904955519, 52.178969170521697 ], [ 4.804376934312322, 52.178966923643451 ], [ 4.804373279371823, 52.178966905596269 ], [ 4.804373338085782, 52.178962411839748 ], [ 4.804369683145657, 52.178962393792489 ], [ 4.80436974185997, 52.17895790003594 ], [ 4.804366086920214, 52.178957881988531 ], [ 4.804366263064185, 52.178944400718969 ], [ 4.804369918002837, 52.178944418766356 ], [ 4.804369947359969, 52.178942171888082 ], [ 4.804373602298438, 52.17894218993537 ], [ 4.804373631655385, 52.178939943057109 ], [ 4.804377286593671, 52.178939961104255 ], [ 4.804377315950431, 52.178937714226016 ], [ 4.80438097088854, 52.178937732273035 ], [ 4.804381000245109, 52.178935485394788 ], [ 4.804384655183038, 52.178935503441707 ], [ 4.804384684539419, 52.178933256563418 ], [ 4.804399304290427, 52.178933328750027 ], [ 4.804399274934783, 52.178935575628302 ], [ 4.804410239748629, 52.178935629767089 ], [ 4.804410357168982, 52.178926642253955 ], [ 4.804406702231764, 52.178926624207797 ], [ 4.804406731587028, 52.178924377329515 ], [ 4.804403076650002, 52.1789243592833 ], [ 4.804403135360888, 52.178919865526701 ], [ 4.804399480424231, 52.178919847480337 ], [ 4.804399597846698, 52.178910859967168 ], [ 4.804403252782619, 52.178910878013568 ], [ 4.804403311493463, 52.178906384256962 ], [ 4.804406966429016, 52.178906402303198 ], [ 4.804407201270787, 52.17888842727686 ], [ 4.804410856204872, 52.178888445322954 ], [ 4.804410914914912, 52.178883951566341 ], [ 4.804414569848632, 52.178883969612329 ], [ 4.804414687267932, 52.178874982099124 ], [ 4.804418342200923, 52.178875000145027 ], [ 4.804418400910184, 52.178870506388385 ], [ 4.804422055842807, 52.178870524434174 ], [ 4.80442223196941, 52.17885704316425 ], [ 4.804425886900929, 52.178857061209925 ], [ 4.804425916255166, 52.178854814331594 ], [ 4.804429571186508, 52.17885483237712 ], [ 4.804429600540557, 52.178852585498817 ], [ 4.804433255471716, 52.178852603544243 ], [ 4.80443328482558, 52.178850356665905 ], [ 4.804436939756559, 52.178850374711239 ], [ 4.804437233293156, 52.178827905927918 ], [ 4.804440888222295, 52.178827923973103 ], [ 4.804441005636101, 52.178818936459763 ], [ 4.80444466056451, 52.178818954504798 ], [ 4.804444689917769, 52.178816707626474 ], [ 4.804448344845998, 52.178816725671425 ], [ 4.80444837419907, 52.178814478793086 ], [ 4.804452029127114, 52.178814496837916 ], [ 4.804452352008648, 52.1787897811761 ], [ 4.804441387230598, 52.178789727041277 ], [ 4.804441211110133, 52.178803208311365 ], [ 4.804437556183016, 52.178803190266194 ], [ 4.804437468122186, 52.178809930901217 ], [ 4.804433813194521, 52.178809912855961 ], [ 4.804433754486917, 52.178814406612624 ], [ 4.804430099558886, 52.17881438856724 ], [ 4.804430070204897, 52.178816635445592 ], [ 4.804426415276685, 52.178816617400038 ], [ 4.804426385922505, 52.178818864278384 ], [ 4.804419076065725, 52.178818828186991 ], [ 4.804419046711176, 52.178821075065365 ], [ 4.804408081925481, 52.17882102092743 ], [ 4.804408052570374, 52.178823267805768 ], [ 4.804404397641631, 52.178823249759532 ], [ 4.804404309575737, 52.178829990394512 ], [ 4.804400654646445, 52.178829972348204 ], [ 4.804400566579967, 52.178836712983198 ], [ 4.804396911650128, 52.178836694936756 ], [ 4.804396852938758, 52.178841188693376 ], [ 4.804393198008552, 52.178841170646791 ], [ 4.80439310994092, 52.178847911281743 ], [ 4.804389455010167, 52.178847893235123 ], [ 4.804388955956537, 52.178886090166223 ], [ 4.804385301022655, 52.178886072119454 ], [ 4.804385183597392, 52.17889505963263 ], [ 4.80438152866278, 52.178895041585704 ], [ 4.804381469949762, 52.178899535342303 ], [ 4.804377815014782, 52.178899517295285 ], [ 4.804377785658082, 52.178901764173538 ], [ 4.804374130722922, 52.1789017461264 ], [ 4.804374101366034, 52.178903993004695 ], [ 4.804363136560025, 52.178903938862582 ], [ 4.804363077845137, 52.178908432619117 ], [ 4.80435942290944, 52.178908414571538 ], [ 4.804359393551805, 52.178910661449819 ], [ 4.804355738615926, 52.178910643402119 ], [ 4.804355709258107, 52.178912890280372 ], [ 4.804348399385988, 52.17891285418461 ], [ 4.804348370027796, 52.178915101062856 ], [ 4.804341060155326, 52.178915064966631 ], [ 4.804341030796764, 52.178917311844906 ], [ 4.804337375860346, 52.178917293796609 ], [ 4.804337346501593, 52.17891954067489 ], [ 4.804333691564999, 52.178919522626494 ], [ 4.80433366220606, 52.17892176950474 ], [ 4.804326352332511, 52.178921733407613 ], [ 4.804326322973201, 52.178923980285873 ], [ 4.804322668036249, 52.178923962237121 ], [ 4.804322638676749, 52.178926209115389 ], [ 4.804318983739617, 52.178926191066509 ], [ 4.804318778221741, 52.17894191921431 ], [ 4.804322433160163, 52.17894193726319 ], [ 4.80432231572204, 52.178950924776188 ], [ 4.804325970661204, 52.178950942824919 ], [ 4.80432585322376, 52.178959930337932 ], [ 4.804329508163661, 52.178959948386563 ], [ 4.804329420086098, 52.178966689021294 ], [ 4.804333075026555, 52.17896670706984 ], [ 4.804332986949514, 52.178973447704557 ], [ 4.804336641890529, 52.178973465753003 ], [ 4.80433661253169, 52.178975712631228 ], [ 4.804340267472891, 52.178975730679547 ], [ 4.804340208755578, 52.178980224436046 ], [ 4.804343863697148, 52.178980242484251 ], [ 4.804343834338668, 52.178982489362497 ], [ 4.804347489280429, 52.178982507410559 ], [ 4.804347195697295, 52.179004976192971 ] ] ] } },
{ "type": "Feature", "properties": { "class": "parcel", "raw_confidence": 0.4029, "source_tile_id": "tile-110000-460000", "was_valid": true, "area_m2": 30.929352210198296 }, "geometry": { "type": "Polygon", "coordinates": [ [ [ 4.811542134603203, 52.164439118280008 ], [ 4.811553095865419, 52.164439171749933 ], [ 4.811553124848371, 52.164436924863708 ], [ 4.811556778602263, 52.164436942686834 ], [ 4.811556865550538, 52.16443020202815 ], [ 4.811560519303886, 52.164430219851113 ], [ 4.811560548286455, 52.164427972964916 ], [ 4.811564202039619, 52.164427990787779 ], [ 4.811564260004377, 52.164423497015314 ], [ 4.811567913757179, 52.164423514838056 ], [ 4.811567942739368, 52.164421267951788 ], [ 4.81157159649199, 52.164421285774488 ], [ 4.811571625473991, 52.164419038888227 ], [ 4.81157527922643, 52.164419056710742 ], [ 4.811575308208247, 52.164416809824495 ], [ 4.811578961960507, 52.164416827646932 ], [ 4.81157901992376, 52.164412333874459 ], [ 4.811582673675654, 52.164412351696733 ], [ 4.811582702657089, 52.164410104810514 ], [ 4.811586356408802, 52.164410122632667 ], [ 4.811586385390053, 52.164407875746427 ], [ 4.811590039141586, 52.164407893568459 ], [ 4.811590068122647, 52.164405646682226 ], [ 4.811593721874, 52.164405664504159 ], [ 4.811593779835747, 52.164401170731701 ], [ 4.811597433586734, 52.164401188553498 ], [ 4.811597491548102, 52.164396694781011 ], [ 4.811601145298726, 52.164396712602709 ], [ 4.811601174279216, 52.164394465716462 ], [ 4.811604828029661, 52.164394483538082 ], [ 4.811604885990269, 52.16438998976556 ], [ 4.811608539740348, 52.164390007587059 ], [ 4.811608597700575, 52.164385513814523 ], [ 4.811612251450287, 52.164385531635901 ], [ 4.811612338390053, 52.164378790977132 ], [ 4.811615992139219, 52.164378808798382 ], [ 4.811616108058122, 52.164369821253366 ], [ 4.811619761806553, 52.164369839074489 ], [ 4.811619877724666, 52.164360851529416 ], [ 4.811623531472367, 52.164360869350396 ], [ 4.811623850244875, 52.164336153601383 ], [ 4.8116201964992, 52.164336135780417 ], [ 4.811620254458162, 52.164331642007859 ], [ 4.811609293222258, 52.164331588544194 ], [ 4.811609264242224, 52.164333835430426 ], [ 4.811605610496748, 52.164333817608991 ], [ 4.811605552536308, 52.164338311381542 ], [ 4.811601898790464, 52.164338293559993 ], [ 4.811601869810054, 52.164340540446261 ], [ 4.811598216064031, 52.164340522624556 ], [ 4.811598187083434, 52.164342769510853 ], [ 4.811594533337229, 52.164342751689055 ], [ 4.811594475375657, 52.164347245461556 ], [ 4.811590821629088, 52.164347227639674 ], [ 4.811590792648113, 52.164349474525928 ], [ 4.811587138901364, 52.164349456703917 ], [ 4.811587080939036, 52.164353950476432 ], [ 4.811583427191921, 52.164353932654279 ], [ 4.811583340247853, 52.164360673313048 ], [ 4.811579686500188, 52.16436065549081 ], [ 4.811579628537094, 52.164365149263325 ], [ 4.811575974789064, 52.164365131440938 ], [ 4.811575887843841, 52.164371872099686 ], [ 4.811572234095266, 52.164371854277221 ], [ 4.811572205113333, 52.164374101163432 ], [ 4.811568551364577, 52.164374083340846 ], [ 4.811568493400334, 52.164378577113318 ], [ 4.811564839651214, 52.164378559290611 ], [ 4.811564810668903, 52.164380806176865 ], [ 4.811561156919604, 52.164380788354023 ], [ 4.811561127937104, 52.164383035240263 ], [ 4.811557474187619, 52.164383017417315 ], [ 4.811557445204937, 52.164385264303561 ], [ 4.811553791455274, 52.164385246480478 ], [ 4.811553762472403, 52.164387493366732 ], [ 4.811550108722559, 52.164387475543549 ], [ 4.811550079739502, 52.164389722429817 ], [ 4.811546425989474, 52.164389704606485 ], [ 4.811546310056467, 52.164398692151465 ], [ 4.811542656305712, 52.164398674328062 ], [ 4.811542540371915, 52.164407661872922 ], [ 4.811538886620426, 52.16440764404944 ], [ 4.811538654751199, 52.164425619139166 ], [ 4.811542308504158, 52.164425636962712 ], [ 4.811542134603203, 52.164439118280008 ] ] ] } },
{ "type": "Feature", "properties": { "class": "parcel", "raw_confidence": 0.3996, "source_tile_id": "tile-110000-460000", "was_valid": true, "area_m2": 26.368039589410806 }, "geometry": { "type": "Polygon", "coordinates": [ [ [ 4.810438561000085, 52.164161839374088 ], [ 4.810471444577288, 52.164162000088162 ], [ 4.810471531688837, 52.164155259430231 ], [ 4.810467877958578, 52.164155241573575 ], [ 4.810468052182694, 52.164141760257671 ], [ 4.81047170591185, 52.164141778114306 ], [ 4.81047188013474, 52.164128296798424 ], [ 4.8104755338628, 52.16412831465496 ], [ 4.810475620973647, 52.164121573996944 ], [ 4.810479274701156, 52.164121591853359 ], [ 4.810479332774669, 52.164117098081391 ], [ 4.810482986501813, 52.164117115937721 ], [ 4.81048301553838, 52.164114869051694 ], [ 4.810486669265347, 52.164114886907896 ], [ 4.810486756374476, 52.16410814624988 ], [ 4.810490410100893, 52.164108164105969 ], [ 4.810490526245618, 52.164099176561948 ], [ 4.810486872519938, 52.164099158705888 ], [ 4.810486930592649, 52.164094664933835 ], [ 4.810483276867342, 52.164094647077697 ], [ 4.810483305903875, 52.164092400191684 ], [ 4.810479652178755, 52.164092382335404 ], [ 4.81047971025218, 52.16408788856338 ], [ 4.810476056527435, 52.164087870706979 ], [ 4.810476085564325, 52.164085623820959 ], [ 4.810461470666099, 52.164085552394226 ], [ 4.810461441628473, 52.16408779928021 ], [ 4.810457787903739, 52.164087781423248 ], [ 4.810457758865923, 52.164090028309253 ], [ 4.810454105141011, 52.164090010452178 ], [ 4.810454076103009, 52.164092257338169 ], [ 4.810446768652825, 52.164092221623648 ], [ 4.810446739614451, 52.164094468509646 ], [ 4.810443085889181, 52.164094450652236 ], [ 4.810443027812056, 52.164098944424211 ], [ 4.810439374086419, 52.16409892656668 ], [ 4.81043931600891, 52.164103420338655 ], [ 4.810435662282911, 52.164103402480997 ], [ 4.810435604205023, 52.164107896252979 ], [ 4.810431950478659, 52.164107878395214 ], [ 4.810431776243806, 52.164121359711103 ], [ 4.810428122516339, 52.164121341853182 ], [ 4.810428006358968, 52.164130329397089 ], [ 4.810424352630774, 52.164130311539111 ], [ 4.810424265512158, 52.164137052197013 ], [ 4.810420611783409, 52.164137034338886 ], [ 4.810420379465479, 52.164155009426622 ], [ 4.810424033195698, 52.164155027284771 ], [ 4.810424004156126, 52.164157274170705 ], [ 4.810434965347353, 52.164157327744462 ], [ 4.810434936308328, 52.164159574630446 ], [ 4.810438590038928, 52.164159592488126 ], [ 4.810438561000085, 52.164161839374088 ] ] ] } },
{ "type": "Feature", "properties": { "class": "parcel", "raw_confidence": 0.3991, "source_tile_id": "tile-110000-460000", "was_valid": true, "area_m2": 936.7556195849794 }, "geometry": { "type": "Polygon", "coordinates": [ [ [ 4.817243430551867, 52.163496076587634 ], [ 4.817261698950866, 52.163496164820273 ], [ 4.817261727645535, 52.163493917931859 ], [ 4.817269035004792, 52.163493953224105 ], [ 4.81726906369909, 52.163491706335726 ], [ 4.817272717378537, 52.163491723981686 ], [ 4.817272746072651, 52.163489477093286 ], [ 4.817276399751915, 52.163489494739117 ], [ 4.817276428445837, 52.163487247850718 ], [ 4.817280082124925, 52.16348726549645 ], [ 4.817280110818662, 52.163485018608057 ], [ 4.817283764497569, 52.163485036253668 ], [ 4.817283793191117, 52.16348278936524 ], [ 4.817287446869843, 52.163482807010766 ], [ 4.817287475563202, 52.163480560122331 ], [ 4.817294782920298, 52.163480595412992 ], [ 4.817294840306274, 52.163476101636171 ], [ 4.817298493984456, 52.163476119281292 ], [ 4.817298522677255, 52.163473872392899 ], [ 4.81730217635526, 52.16347389003792 ], [ 4.817302233740479, 52.1634693962611 ], [ 4.817305887418118, 52.163469413906014 ], [ 4.81730591611054, 52.1634671670176 ], [ 4.817309569788, 52.163467184662423 ], [ 4.81730959848023, 52.163464937773995 ], [ 4.817313252157509, 52.163464955418704 ], [ 4.817313309541598, 52.163460461641847 ], [ 4.817316963218512, 52.163460479286442 ], [ 4.817317049294068, 52.163453738621122 ], [ 4.817313395617707, 52.163453720976563 ], [ 4.817313453001763, 52.163449227199706 ], [ 4.817309799325773, 52.163449209554997 ], [ 4.817309828017979, 52.163446962666576 ], [ 4.81730617434218, 52.163446945021775 ], [ 4.817306231726953, 52.163442451244904 ], [ 4.81730257805152, 52.163442433600011 ], [ 4.81730275020686, 52.163428952269342 ], [ 4.817299096532536, 52.163428934624349 ], [ 4.817299125225266, 52.163426687735907 ], [ 4.81729547155113, 52.163426670090779 ], [ 4.81729550024404, 52.163424423202336 ], [ 4.817291846570087, 52.163424405557109 ], [ 4.817291903956263, 52.163419911780245 ], [ 4.817288250282687, 52.163419894134861 ], [ 4.817288278975957, 52.163417647246447 ], [ 4.817284625302564, 52.163417629600957 ], [ 4.817284653996014, 52.163415382712564 ], [ 4.817281000322812, 52.163415365066975 ], [ 4.81728102901644, 52.163413118178511 ], [ 4.817277375343424, 52.163413100532836 ], [ 4.817277461424845, 52.163406359867516 ], [ 4.817273807752382, 52.163406342221727 ], [ 4.817273836446365, 52.163404095333313 ], [ 4.817270182774092, 52.163404077687375 ], [ 4.817270211468257, 52.163401830798946 ], [ 4.817226367403442, 52.163401619039185 ], [ 4.817226396099813, 52.163399372150764 ], [ 4.817200820396846, 52.163399248616706 ], [ 4.817200849094497, 52.163397001728264 ], [ 4.817182580736258, 52.163396913486281 ], [ 4.817182609434827, 52.163394666597853 ], [ 4.817171648420473, 52.163394613651342 ], [ 4.817171677119592, 52.163392366762892 ], [ 4.817164369777077, 52.163392331464664 ], [ 4.817164398476558, 52.163390084576235 ], [ 4.817157091134422, 52.163390049277503 ], [ 4.817157119834269, 52.163387802389131 ], [ 4.817146158821644, 52.163387749440233 ], [ 4.817146187522037, 52.163385502551826 ], [ 4.817142533851352, 52.163385484901937 ], [ 4.81714256255193, 52.163383238013523 ], [ 4.817138908881436, 52.163383220363578 ], [ 4.817138937582191, 52.163380973475171 ], [ 4.817131630241573, 52.163380938174861 ], [ 4.817131658942696, 52.163378691286475 ], [ 4.817128005272576, 52.163378673636146 ], [ 4.81712803397388, 52.163376426747753 ], [ 4.817124380303946, 52.163376409097332 ], [ 4.817124466408388, 52.163369668432139 ], [ 4.81712081273901, 52.163369650781554 ], [ 4.817121013650543, 52.163353922562749 ], [ 4.817110052646295, 52.163353869610496 ], [ 4.817110023944106, 52.163356116498868 ], [ 4.817106370275846, 52.163356098847885 ], [ 4.817106341573467, 52.163358345736313 ], [ 4.81710268790503, 52.163358328085209 ], [ 4.817102630499898, 52.163362821862023 ], [ 4.817098976831091, 52.163362804210806 ], [ 4.817098948128335, 52.163365051099206 ], [ 4.81707702611447, 52.163364945189556 ], [ 4.817076997410608, 52.163367192077949 ], [ 4.817073343741457, 52.163367174425943 ], [ 4.817073315037407, 52.1633694213143 ], [ 4.817055046690788, 52.163369333052614 ], [ 4.817055075395755, 52.163367086164193 ], [ 4.817051421726627, 52.163367068511519 ], [ 4.817051450431779, 52.163364821623162 ], [ 4.817044143093896, 52.16336478631743 ], [ 4.817044171799411, 52.163362539429066 ], [ 4.817040518130658, 52.163362521776065 ], [ 4.817040546836354, 52.163360274887651 ], [ 4.817036893167788, 52.16336025723453 ], [ 4.817036921873665, 52.163358010346158 ], [ 4.817033268205287, 52.163357992692923 ], [ 4.817033296911342, 52.163355745804502 ], [ 4.817029643243151, 52.16335572815116 ], [ 4.817029671949389, 52.163353481262803 ], [ 4.817022364613388, 52.163353445955735 ], [ 4.817022393319991, 52.163351199067399 ], [ 4.81701873965218, 52.163351181413645 ], [ 4.817018911892823, 52.163337700083396 ], [ 4.817022565559532, 52.163337717737093 ], [ 4.817022594266111, 52.163335470848708 ], [ 4.817026247932639, 52.163335488502284 ], [ 4.817026276639027, 52.163333241613891 ], [ 4.817037237638079, 52.16333329457391 ], [ 4.817037266343913, 52.163331047685517 ], [ 4.817055534674816, 52.163331135950003 ], [ 4.817055505969899, 52.163333382838388 ], [ 4.81706281330265, 52.163333418143395 ], [ 4.817062784598099, 52.163335665031802 ], [ 4.817077399264374, 52.163335735640402 ], [ 4.817077427968189, 52.163333488752009 ], [ 4.817081081634583, 52.16333350640388 ], [ 4.81708139737431, 52.163308790631383 ], [ 4.817077743709941, 52.163308772979562 ], [ 4.817077772413715, 52.163306526091112 ], [ 4.817070465085354, 52.163306490787051 ], [ 4.817070493789493, 52.163304243898658 ], [ 4.817066840125501, 52.163304226246446 ], [ 4.817066897534142, 52.163299732469653 ], [ 4.817059590206903, 52.163299697164888 ], [ 4.817059618911586, 52.163297450276467 ], [ 4.817055965248153, 52.163297432623935 ], [ 4.817056080067585, 52.163288445070293 ], [ 4.817059733730283, 52.163288462722818 ], [ 4.81705996336751, 52.163270487615492 ], [ 4.817067270689965, 52.1632705229202 ], [ 4.817067299394235, 52.163268276031765 ], [ 4.817070953055285, 52.163268293683963 ], [ 4.817071039167526, 52.163261553018671 ], [ 4.817074692828026, 52.163261570670734 ], [ 4.81707483634744, 52.163250336228579 ], [ 4.817071182687861, 52.16325031857653 ], [ 4.817071268800022, 52.163243577911253 ], [ 4.817067615140997, 52.163243560259041 ], [ 4.817067758662118, 52.163232325816857 ], [ 4.817064105004021, 52.163232308164609 ], [ 4.81706416241281, 52.163227814387724 ], [ 4.81706050875508, 52.16322779673532 ], [ 4.817060537459657, 52.163225549846878 ], [ 4.817056883802113, 52.163225532194403 ], [ 4.81705696991637, 52.16321879152909 ], [ 4.817053316259384, 52.163218773876459 ], [ 4.817053373669242, 52.163214280099581 ], [ 4.817049720012625, 52.163214262446871 ], [ 4.81704977742284, 52.163209768669994 ], [ 4.817046123766594, 52.163209751017121 ], [ 4.817046181177159, 52.163205257240271 ], [ 4.817035220209549, 52.163205204281105 ], [ 4.81703524891538, 52.163202957392684 ], [ 4.817016980637017, 52.163202869125158 ], [ 4.817017009343761, 52.163200622236722 ], [ 4.816998741066402, 52.163200533966368 ], [ 4.816998769774066, 52.163198287077961 ], [ 4.816980501497707, 52.16319819880475 ], [ 4.816980472789126, 52.163200445693178 ], [ 4.816973165478238, 52.163200410383148 ], [ 4.816973136769283, 52.16320265727154 ], [ 4.816969483113658, 52.16320263961633 ], [ 4.816969454404516, 52.163204886504772 ], [ 4.816958493437115, 52.163204833538487 ], [ 4.816958464727418, 52.163207080426851 ], [ 4.816932889135646, 52.163206956834905 ], [ 4.816932860424658, 52.163209203723348 ], [ 4.81692920676852, 52.163209186066872 ], [ 4.816929178057346, 52.163211432955272 ], [ 4.816925524401028, 52.163211415298726 ], [ 4.816925495689664, 52.16321366218709 ], [ 4.816918188376669, 52.163213626873649 ], [ 4.816918159664934, 52.163215873762049 ], [ 4.816914506008254, 52.163215856105133 ], [ 4.816914477296334, 52.163218102993504 ], [ 4.816907169982622, 52.163218067679388 ], [ 4.81690714127033, 52.163220314567795 ], [ 4.816896180299236, 52.163220261595711 ], [ 4.816896151586388, 52.163222508484068 ], [ 4.816888844271976, 52.163222473168787 ], [ 4.816888815558755, 52.163224720057194 ], [ 4.816881508243986, 52.163224684741429 ], [ 4.816881479530394, 52.163226931629815 ], [ 4.816877825872831, 52.163226913971748 ], [ 4.816877768445272, 52.163231407748526 ], [ 4.816874114787344, 52.163231390090388 ], [ 4.816874086073376, 52.163233636978738 ], [ 4.816870432415267, 52.163233619320486 ], [ 4.816870403701111, 52.163235866208851 ], [ 4.81686675004282, 52.163235848550471 ], [ 4.816866721328477, 52.163238095438849 ], [ 4.816863067670006, 52.163238077780321 ], [ 4.816863010240942, 52.163242571557092 ], [ 4.816855702923277, 52.163242536239736 ], [ 4.816855674208373, 52.1632447831281 ], [ 4.81685202054936, 52.163244765469223 ], [ 4.816851963119171, 52.163249259245944 ], [ 4.816848309459796, 52.163249241587003 ], [ 4.816848079737437, 52.16326721669386 ], [ 4.816844426076592, 52.163267199034792 ], [ 4.816844397361098, 52.163269445923177 ], [ 4.816840743700074, 52.163269428263966 ], [ 4.816840686268709, 52.163273922040659 ], [ 4.816837032607317, 52.163273904381356 ], [ 4.816836946459691, 52.16328064504642 ], [ 4.816833292797752, 52.163280627386953 ], [ 4.816833235365618, 52.163285121163668 ], [ 4.816822274378716, 52.163285068184678 ], [ 4.816822303095337, 52.16328282129632 ], [ 4.816814995771123, 52.163282785976456 ], [ 4.816815024488108, 52.163280539088142 ], [ 4.816811370826189, 52.163280521428 ], [ 4.816811428260518, 52.163276027651342 ], [ 4.816807774598969, 52.163276009991094 ], [ 4.816807803316314, 52.163273763102794 ], [ 4.816804149654952, 52.163273745442446 ], [ 4.81680420709, 52.163269251665788 ], [ 4.81680055342901, 52.163269234005327 ], [ 4.816800725735169, 52.163255752675269 ], [ 4.816804379395053, 52.163255770335688 ], [ 4.816804551699988, 52.163242289005609 ], [ 4.816800898041209, 52.163242271345204 ], [ 4.816800984194182, 52.163235530680147 ], [ 4.816804637852414, 52.163235548340566 ], [ 4.816804724004803, 52.163228807675502 ], [ 4.816808377662485, 52.163228825335779 ], [ 4.81680843509703, 52.163224331559107 ], [ 4.816812088754344, 52.163224349219249 ], [ 4.816812117471425, 52.16322210233092 ], [ 4.816815771128564, 52.163222119990991 ], [ 4.816815828562354, 52.163217626214283 ], [ 4.816819482219126, 52.163217643874269 ], [ 4.816819568369227, 52.163210903209126 ], [ 4.81682322202545, 52.163210920868991 ], [ 4.816823250741961, 52.163208673980613 ], [ 4.816826904398003, 52.163208691640328 ], [ 4.816826933114326, 52.163206444751957 ], [ 4.816834240426053, 52.163206480071096 ], [ 4.816834269142005, 52.163204233182718 ], [ 4.816841576453373, 52.163204268501346 ], [ 4.816841605168956, 52.16320202161301 ], [ 4.816845258824464, 52.163202039272171 ], [ 4.816845316255248, 52.1631975454954 ], [ 4.816848969910386, 52.163197563154434 ], [ 4.816849027340794, 52.16319306937767 ], [ 4.816852680995568, 52.163193087036618 ], [ 4.816852738425591, 52.163188593259832 ], [ 4.816856392080004, 52.163188610918688 ], [ 4.816856621798483, 52.163170635811539 ], [ 4.81686027545143, 52.163170653470225 ], [ 4.816860447739047, 52.163157172139805 ], [ 4.816856794087205, 52.163157154481112 ], [ 4.816856851516754, 52.163152660704348 ], [ 4.816853197865285, 52.163152643045542 ], [ 4.816853226580237, 52.163150396157135 ], [ 4.816849572928957, 52.163150378498237 ], [ 4.816849601644092, 52.163148131609809 ], [ 4.816838640690817, 52.16314807863241 ], [ 4.816838669406499, 52.163145831744018 ], [ 4.816824054802916, 52.163145761105895 ], [ 4.816824083519331, 52.163143514217502 ], [ 4.816813122567234, 52.163143461237716 ], [ 4.816813151284197, 52.163141214349345 ], [ 4.816802190332681, 52.16314116136855 ], [ 4.816802161615167, 52.163143408256957 ], [ 4.816798507964482, 52.16314339059646 ], [ 4.816798450529073, 52.16314788437321 ], [ 4.816794796878026, 52.163147866712642 ], [ 4.816794710724339, 52.16315460737777 ], [ 4.816791057072742, 52.163154589717088 ], [ 4.816790999636563, 52.163159083493817 ], [ 4.816758116769036, 52.163158924542202 ], [ 4.816758145488784, 52.163156677653816 ], [ 4.816754491837037, 52.163156659991962 ], [ 4.816754520556967, 52.163154413103605 ], [ 4.816750866905406, 52.163154395441644 ], [ 4.816750895625511, 52.163152148553266 ], [ 4.816739934671405, 52.163152095566694 ], [ 4.81673996339206, 52.163149848678358 ], [ 4.816736309740882, 52.1631498310159 ], [ 4.81673633846172, 52.163147584127529 ], [ 4.816732684810729, 52.163147566465028 ], [ 4.816732713531746, 52.16314531957665 ], [ 4.816729059880941, 52.163145301914028 ], [ 4.816729088602138, 52.163143055025635 ], [ 4.816681591144387, 52.16314282540106 ], [ 4.816681619867975, 52.16314057851266 ], [ 4.816677966217585, 52.163140560848461 ], [ 4.816678109836387, 52.163129326406668 ], [ 4.816674456186921, 52.163129308742349 ], [ 4.816674542358713, 52.163122568077306 ], [ 4.816670888709804, 52.163122550412865 ], [ 4.816670917433911, 52.163120303524515 ], [ 4.816659956487753, 52.163120250530504 ], [ 4.816659985212412, 52.163118003642161 ], [ 4.816649024266831, 52.163117950647134 ], [ 4.816648995541623, 52.163120197535484 ], [ 4.816619766352091, 52.163120056210516 ], [ 4.816619737625408, 52.163122303098817 ], [ 4.816608776678834, 52.163122250100059 ], [ 4.816608747951595, 52.163124496988402 ], [ 4.816586826057438, 52.163124390987846 ], [ 4.816586854785784, 52.163122144099525 ], [ 4.816583201136948, 52.163122126432356 ], [ 4.816583229865474, 52.163119879544041 ], [ 4.816575922568189, 52.163119844209376 ], [ 4.81657595129708, 52.163117597321069 ], [ 4.816572297648626, 52.163117579653544 ], [ 4.816572326377695, 52.163115332765258 ], [ 4.816561365432909, 52.163115279762096 ], [ 4.816561336703288, 52.163117526650389 ], [ 4.81654672210955, 52.163117455977925 ], [ 4.816546750839906, 52.163115209089632 ], [ 4.816543097191664, 52.163115191421227 ], [ 4.816543125922205, 52.163112944532898 ], [ 4.816532164978049, 52.163112891527071 ], [ 4.816532136246958, 52.163115138415336 ], [ 4.816521175302284, 52.163115085408464 ], [ 4.816521146570638, 52.163117332296771 ], [ 4.816517492922235, 52.163117314627591 ], [ 4.816517464190403, 52.163119561515892 ], [ 4.816513810541821, 52.163119543846584 ], [ 4.816513781809801, 52.163121790734891 ], [ 4.816506474512277, 52.163121755395935 ], [ 4.816506445779886, 52.163124002284235 ], [ 4.816502792130944, 52.163123984614607 ], [ 4.816502763398367, 52.163126231502929 ], [ 4.816488148801899, 52.16312616082319 ], [ 4.816488177535214, 52.163123913934875 ], [ 4.81648452388629, 52.163123896264715 ], [ 4.816484552619784, 52.163121649376379 ], [ 4.816473591673581, 52.163121596365109 ], [ 4.816473534205485, 52.163126090141681 ], [ 4.816469880556389, 52.163126072470988 ], [ 4.81646979435367, 52.16313281313586 ], [ 4.816466140704022, 52.163132795465089 ], [ 4.816466111969594, 52.163135042353368 ], [ 4.816462458319769, 52.163135024682504 ], [ 4.816462429585151, 52.163137271570747 ], [ 4.816458775935145, 52.163137253899741 ], [ 4.816458747200342, 52.16313950078802 ], [ 4.816455093550155, 52.163139483116922 ], [ 4.816455064815161, 52.163141730005201 ], [ 4.816447757514433, 52.163141694662585 ], [ 4.816447728779065, 52.163143941550864 ], [ 4.816444075128522, 52.163143923879389 ], [ 4.81644404639297, 52.163146170767646 ], [ 4.816436739091524, 52.163146135424398 ], [ 4.816436681619675, 52.163150629200921 ], [ 4.816433027968591, 52.163150611529133 ], [ 4.816432999232477, 52.163152858417398 ], [ 4.816429345581212, 52.163152840745447 ], [ 4.816429288108605, 52.163157334521998 ], [ 4.816425634456973, 52.163157316849968 ], [ 4.816425576983989, 52.163161810626505 ], [ 4.816421923331992, 52.163161792954348 ], [ 4.816421894595311, 52.163164039842613 ], [ 4.816418240943132, 52.163164022170328 ], [ 4.816418212206265, 52.163166269058543 ], [ 4.816414558553907, 52.163166251386215 ], [ 4.816414529816852, 52.163168498274445 ], [ 4.816410876164313, 52.163168480601939 ], [ 4.816410847427068, 52.163170727490218 ], [ 4.816407193774352, 52.163170709817607 ], [ 4.816407165036916, 52.163172956705864 ], [ 4.816403511384021, 52.163172939033124 ], [ 4.816403482646401, 52.163175185921361 ], [ 4.816399828993323, 52.163175168248543 ], [ 4.816399742779894, 52.163181908913259 ], [ 4.816396089126266, 52.163181891240299 ], [ 4.816395830484144, 52.163202113234469 ], [ 4.816392176828864, 52.163202095561431 ], [ 4.816392119352434, 52.163206589337868 ], [ 4.816388465696788, 52.163206571664666 ], [ 4.816388408219977, 52.163211065441139 ], [ 4.816384754563966, 52.163211047767831 ], [ 4.816384610870954, 52.163222282208977 ], [ 4.816380957214029, 52.163222264535563 ], [ 4.816380813520017, 52.163233498976659 ], [ 4.816384467177862, 52.163233516650109 ], [ 4.816384380961964, 52.163240257314769 ], [ 4.816388034620369, 52.163240274988084 ], [ 4.816388005881914, 52.163242521876313 ], [ 4.816391659540501, 52.163242539549472 ], [ 4.816391630802226, 52.163244786437716 ], [ 4.816395284461006, 52.163244804110839 ], [ 4.816395255722912, 52.163247050999068 ], [ 4.816398909381877, 52.16324706867205 ], [ 4.816398880643961, 52.163249315560286 ], [ 4.816402534303111, 52.163249333233139 ], [ 4.816402505565383, 52.163251580121376 ], [ 4.816406159224718, 52.163251597794137 ], [ 4.816406130487166, 52.163253844682352 ], [ 4.81641343780622, 52.163253880027554 ], [ 4.816413409069034, 52.163256126915797 ], [ 4.816417062728751, 52.163256144588203 ], [ 4.816417033991745, 52.16325839147639 ], [ 4.816424341311554, 52.163258426820938 ], [ 4.816424312574911, 52.163260673709146 ], [ 4.816435273555205, 52.163260726725092 ], [ 4.81643524481911, 52.163262973613321 ], [ 4.816446205799985, 52.163263026628265 ], [ 4.816446177064443, 52.163265273516494 ], [ 4.816471752687888, 52.163265397214019 ], [ 4.816471723953627, 52.163267644102241 ], [ 4.816504606899951, 52.163267803133827 ], [ 4.816504578167342, 52.163270050022042 ], [ 4.816515539150062, 52.16327010303052 ], [ 4.816515510418006, 52.163272349918792 ], [ 4.816533778723524, 52.163272438263981 ], [ 4.816533807454663, 52.163270191375737 ], [ 4.816537461115592, 52.163270209044448 ], [ 4.816537920810416, 52.16323425883224 ], [ 4.816541574468404, 52.163234276500816 ], [ 4.816541631929832, 52.163229782724272 ], [ 4.816545285587456, 52.163229800392727 ], [ 4.816545314317981, 52.163227553504441 ], [ 4.816548967975423, 52.163227571172811 ], [ 4.816548996705758, 52.163225324284547 ], [ 4.816552650363024, 52.163225341952796 ], [ 4.816552679093173, 52.163223095064431 ], [ 4.816556332750256, 52.163223112732581 ], [ 4.816556361480218, 52.163220865844274 ], [ 4.816560015137121, 52.163220883512274 ], [ 4.816560043866893, 52.16321863662403 ], [ 4.816567351180342, 52.163218671959669 ], [ 4.816567379909744, 52.163216425071369 ], [ 4.816571033566285, 52.163216442739035 ], [ 4.816571119753926, 52.163209702074163 ], [ 4.816574773409923, 52.163209719741722 ], [ 4.816574802138941, 52.163207472853422 ], [ 4.816596724073883, 52.163207578856294 ], [ 4.816596695345966, 52.163209825744573 ], [ 4.816611309970064, 52.163209896410891 ], [ 4.816611281242874, 52.163212143299198 ], [ 4.81661858855531, 52.163212178631696 ], [ 4.816618559828493, 52.163214425519968 ], [ 4.8166222134849, 52.163214443186064 ], [ 4.81662218475826, 52.163216690074357 ], [ 4.816625838414854, 52.163216707740297 ], [ 4.816625809688394, 52.163218954628633 ], [ 4.816629463345178, 52.163218972294452 ], [ 4.816629434618898, 52.163221219182766 ], [ 4.816633088275867, 52.163221236848493 ], [ 4.816633059549768, 52.163223483736786 ], [ 4.816636713206924, 52.163223501402435 ], [ 4.816636540851371, 52.163236982732215 ], [ 4.816632887193111, 52.163236965066616 ], [ 4.816632829740865, 52.163241458843224 ], [ 4.816629176082242, 52.163241441177476 ], [ 4.816629147355931, 52.163243688065769 ], [ 4.816625493697125, 52.163243670399908 ], [ 4.81662543624412, 52.163248164176466 ], [ 4.816621782584951, 52.163248146510533 ], [ 4.816621725131567, 52.16325264028707 ], [ 4.816618071472035, 52.163252622621002 ], [ 4.816617985291382, 52.163259363285867 ], [ 4.816614331631299, 52.163259345619657 ], [ 4.816614245450064, 52.163266086284509 ], [ 4.816610591789432, 52.163266068618157 ], [ 4.816610189607369, 52.163297525054013 ], [ 4.816613843270579, 52.163297542720343 ], [ 4.816613757089174, 52.163304283385173 ], [ 4.816617410752938, 52.16330430105139 ], [ 4.816617353299018, 52.163308794827913 ], [ 4.816621006963153, 52.163308812494058 ], [ 4.816620978236376, 52.163311059382309 ], [ 4.816624631900695, 52.163311077048313 ], [ 4.816624603174099, 52.163313323936599 ], [ 4.816631910503117, 52.163313359268287 ], [ 4.81663188177688, 52.163315606156509 ], [ 4.816639189106286, 52.163315641487756 ], [ 4.816639160380418, 52.163317888376007 ], [ 4.816650121375096, 52.163317941372043 ], [ 4.816650092649772, 52.163320188260293 ], [ 4.816675668305433, 52.163320311913665 ], [ 4.816675697029467, 52.163318065025365 ], [ 4.81671223367885, 52.163318241663411 ], [ 4.816712204956658, 52.163320488551705 ], [ 4.816719512286944, 52.163320523878021 ], [ 4.816719483565114, 52.163322770766293 ], [ 4.816723137230444, 52.163322788429227 ], [ 4.816723108508795, 52.16332503531752 ], [ 4.816726762174317, 52.163325052980397 ], [ 4.816726733452848, 52.163327299868641 ], [ 4.816730387118554, 52.163327317531426 ], [ 4.816730358397268, 52.163329564419683 ], [ 4.816734012063161, 52.163329582082305 ], [ 4.816733983342051, 52.16333182897062 ], [ 4.816737637008137, 52.163331846633092 ], [ 4.81673760828721, 52.163334093521399 ], [ 4.816741261953477, 52.163334111183801 ], [ 4.816741233232733, 52.163336358072101 ], [ 4.816744886899187, 52.163336375734382 ], [ 4.816744858178622, 52.163338622622696 ], [ 4.816748511845264, 52.163338640284856 ], [ 4.81674848312488, 52.163340887173185 ], [ 4.816752136791711, 52.163340904835223 ], [ 4.816752108071507, 52.163343151723552 ], [ 4.816759415405546, 52.163343187047317 ], [ 4.816759386685709, 52.163345433935596 ], [ 4.816777655021778, 52.163345522243127 ], [ 4.816777683740698, 52.163343275354805 ], [ 4.816784991074782, 52.163343310677007 ], [ 4.81678501979333, 52.163341063788714 ], [ 4.816788673460192, 52.163341081449637 ], [ 4.816788702178552, 52.163338834561316 ], [ 4.816792355845235, 52.16333885222214 ], [ 4.816792384563408, 52.163336605333839 ], [ 4.816799691896416, 52.163336640655118 ], [ 4.816799720614216, 52.163334393766817 ], [ 4.816817988945871, 52.163334482068016 ], [ 4.816817960228991, 52.163336728956352 ], [ 4.816821613895518, 52.163336746616253 ], [ 4.816821585178815, 52.163338993504588 ], [ 4.81682523884553, 52.163339011164389 ], [ 4.816825181412484, 52.163343504941018 ], [ 4.81682883507957, 52.163343522600734 ], [ 4.816828806363226, 52.163345769489034 ], [ 4.816836113697773, 52.163345804808053 ], [ 4.816836084981793, 52.163348051696396 ], [ 4.816843392316719, 52.163348087014988 ], [ 4.816843363601105, 52.163350333903331 ], [ 4.816850670936415, 52.16335036922144 ], [ 4.816850642221165, 52.163352616109769 ], [ 4.816857949556855, 52.163352651427445 ], [ 4.81685792084197, 52.163354898315781 ], [ 4.816861574510005, 52.163354915974466 ], [ 4.8168615457953, 52.163357162862773 ], [ 4.816868853131745, 52.163357198179767 ], [ 4.816868824417406, 52.163359445068124 ], [ 4.816872478085816, 52.163359462726469 ], [ 4.816872449371659, 52.163361709614769 ], [ 4.816876103040259, 52.163361727273035 ], [ 4.816876045612299, 52.163366221049642 ], [ 4.816879699281269, 52.163366238707788 ], [ 4.81687967056747, 52.163368485596109 ], [ 4.816883324236628, 52.163368503254112 ], [ 4.816883266809385, 52.16337299703077 ], [ 4.816886920478913, 52.163373014688673 ], [ 4.816886834338575, 52.163379755353645 ], [ 4.81690875635913, 52.163379861298601 ], [ 4.816908785071475, 52.163377614410308 ], [ 4.816952629110737, 52.163377826288041 ], [ 4.8169526004006, 52.163380073176434 ], [ 4.81695990774089, 52.163380108487772 ], [ 4.816959879031119, 52.163382355376122 ], [ 4.816978147382826, 52.163382443652623 ], [ 4.816978118673969, 52.163384690540951 ], [ 4.816985426015044, 52.163384725850726 ], [ 4.816985397306553, 52.163386972739119 ], [ 4.816989050977277, 52.163386990393839 ], [ 4.816989022268966, 52.163389237282153 ], [ 4.817021905307306, 52.163389396169705 ], [ 4.817021934013959, 52.163387149281299 ], [ 4.817025587684721, 52.163387166934903 ], [ 4.817025616391188, 52.163384920046539 ], [ 4.817029270061766, 52.16338493770003 ], [ 4.817029298768047, 52.163382690811666 ], [ 4.817036606108845, 52.163382726118272 ], [ 4.817036634814755, 52.163380479229929 ], [ 4.817054903165893, 52.163380567494507 ], [ 4.817054874460903, 52.163382814382913 ], [ 4.817058528131325, 52.163382832035488 ], [ 4.817058470721705, 52.163387325812195 ], [ 4.817062124392496, 52.163387343464699 ], [ 4.817062095687865, 52.16338959035307 ], [ 4.817065749358845, 52.163389608005424 ], [ 4.81706569194994, 52.163394101782153 ], [ 4.817069345621292, 52.163394119434415 ], [ 4.817069316917017, 52.163396366322793 ], [ 4.817072970588554, 52.163396383974934 ], [ 4.817072941884462, 52.163398630863277 ], [ 4.817076595556189, 52.16339864851529 ], [ 4.817076452036596, 52.163409882957204 ], [ 4.817080105709245, 52.163409900609125 ], [ 4.817080019598001, 52.16341664127421 ], [ 4.817083673271203, 52.163416658926003 ], [ 4.817083501049729, 52.163430140256231 ], [ 4.817087154724044, 52.163430157907953 ], [ 4.817087068613811, 52.163436898573039 ], [ 4.81709072228868, 52.163436916224612 ], [ 4.81709066488221, 52.163441410001369 ], [ 4.817094318557451, 52.163441427652849 ], [ 4.817094031526746, 52.163463896536435 ], [ 4.817097685203827, 52.163463914187815 ], [ 4.817097627798015, 52.163468407964537 ], [ 4.817101281475468, 52.163468425615811 ], [ 4.817101224070008, 52.163472919392539 ], [ 4.817104877747832, 52.163472937043693 ], [ 4.817104820342728, 52.163477430820386 ], [ 4.817108474020924, 52.163477448471433 ], [ 4.817108445318551, 52.163479695359818 ], [ 4.817112098996933, 52.163479713010737 ], [ 4.817112041592547, 52.16348420678743 ], [ 4.8171156952713, 52.163484224438278 ], [ 4.817115666569287, 52.163486471326621 ], [ 4.817119320248226, 52.163486488977313 ], [ 4.817119291546395, 52.163488735865677 ], [ 4.81712294522552, 52.163488753516269 ], [ 4.817122916523868, 52.163491000404591 ], [ 4.817148492279148, 52.163491123955602 ], [ 4.817148520979511, 52.163488877067252 ], [ 4.817185057771214, 52.163489053559097 ], [ 4.817185029072686, 52.163491300447468 ], [ 4.817232526904785, 52.16349152986993 ], [ 4.817232498208648, 52.163493776758322 ], [ 4.817243459247456, 52.163493829699256 ], [ 4.817243430551867, 52.163496076587634 ] ] ] } },
{ "type": "Feature", "properties": { "class": "parcel", "raw_confidence": 0.3985, "source_tile_id": "tile-110000-460000", "was_valid": true, "area_m2": 162.20771614028683 }, "geometry": { "type": "Polygon", "coordinates": [ [ [ 4.817296131487208, 52.163374991656504 ], [ 4.817310746166849, 52.163375062236291 ], [ 4.817310774858949, 52.163372815347842 ], [ 4.81732173586816, 52.163372868281463 ], [ 4.817321764559702, 52.163370621393 ], [ 4.817325418229262, 52.163370639037289 ], [ 4.817325446920615, 52.163368392148804 ], [ 4.817329100589995, 52.163368409793009 ], [ 4.817329129281164, 52.163366162904559 ], [ 4.817332782950364, 52.163366180548621 ], [ 4.817332840332318, 52.163361686771708 ], [ 4.817336494001151, 52.163361704415628 ], [ 4.817336723527375, 52.163343729307854 ], [ 4.817340377194741, 52.163343746951675 ], [ 4.817340434575895, 52.163339253174719 ], [ 4.817344088242898, 52.16333927081844 ], [ 4.817344116933285, 52.163337023929962 ], [ 4.817347770600107, 52.163337041573584 ], [ 4.817347799290306, 52.163334794685099 ], [ 4.817351452956947, 52.163334812328571 ], [ 4.817351481646961, 52.163332565440101 ], [ 4.817355135313422, 52.163332583083488 ], [ 4.817355164003246, 52.16333033619501 ], [ 4.817358817669525, 52.163330353838255 ], [ 4.817358846359166, 52.163328106949791 ], [ 4.81736250002526, 52.163328124592915 ], [ 4.817362557404161, 52.163323630815945 ], [ 4.817366211069893, 52.163323648458999 ], [ 4.817366239759154, 52.163321401570478 ], [ 4.817369893424707, 52.163321419213439 ], [ 4.81736995080285, 52.163316925436419 ], [ 4.817373604468041, 52.163316943079252 ], [ 4.817373948734416, 52.16328998041714 ], [ 4.817370295071437, 52.163289962774321 ], [ 4.817370323760465, 52.163287715885829 ], [ 4.817366670097671, 52.163287698242918 ], [ 4.817366727476085, 52.163283204465884 ], [ 4.817363073813662, 52.163283186822845 ], [ 4.817363102503048, 52.163280939934353 ], [ 4.817355795178582, 52.163280904647948 ], [ 4.817355823868332, 52.163278657759477 ], [ 4.817348516544247, 52.163278622472603 ], [ 4.817348545234361, 52.163276375584132 ], [ 4.817337584248812, 52.163276322653019 ], [ 4.817337612939476, 52.163274075764519 ], [ 4.817319344631215, 52.163273987543782 ], [ 4.817319315939629, 52.163276234432303 ], [ 4.817297393968722, 52.163276128563652 ], [ 4.81729742266141, 52.163273881675146 ], [ 4.817286461676551, 52.163273828739328 ], [ 4.817286490369786, 52.163271581850807 ], [ 4.817279183046931, 52.163271546559685 ], [ 4.817279211740533, 52.1632692996712 ], [ 4.817268250756828, 52.16326924673367 ], [ 4.817268279450976, 52.163266999845185 ], [ 4.817228089179678, 52.163266805732192 ], [ 4.817228117875848, 52.163264558843736 ], [ 4.817217156893387, 52.163264505901438 ], [ 4.817217185590104, 52.163262259012946 ], [ 4.817213531929474, 52.163262241365295 ], [ 4.817213560626372, 52.163259994476824 ], [ 4.817206253305494, 52.163259959181183 ], [ 4.817206282002755, 52.163257712292719 ], [ 4.817202628342504, 52.163257694644749 ], [ 4.817202657039947, 52.163255447756292 ], [ 4.817195349719822, 52.163255412459947 ], [ 4.817195378417632, 52.163253165571483 ], [ 4.817177110118298, 52.163253077328719 ], [ 4.817177081419571, 52.163255324217189 ], [ 4.817173427759528, 52.163255306568303 ], [ 4.817173399060614, 52.163257553456766 ], [ 4.817169745400391, 52.163257535807759 ], [ 4.817169716701288, 52.163259782696237 ], [ 4.817166063040887, 52.163259765047108 ], [ 4.817166034341597, 52.163262011935565 ], [ 4.817158727020435, 52.163261976637003 ], [ 4.817158698320772, 52.163264223525438 ], [ 4.817155044660012, 52.163264205875954 ], [ 4.817155015960166, 52.163266452764418 ], [ 4.817151362299224, 52.163266435114835 ], [ 4.817151333599185, 52.163268682003277 ], [ 4.817147679938065, 52.163268664353602 ], [ 4.817147593837384, 52.163275405018936 ], [ 4.817143940175716, 52.16327538736914 ], [ 4.817143825374028, 52.163284374922902 ], [ 4.817140171711621, 52.163284357272978 ], [ 4.817140085609768, 52.163291097938306 ], [ 4.817136431946818, 52.163291080288275 ], [ 4.817136374545199, 52.163295574065152 ], [ 4.817132720881883, 52.163295556415008 ], [ 4.817132692180884, 52.163297803303422 ], [ 4.817129038517387, 52.163297785653135 ], [ 4.817128981115008, 52.163302279429992 ], [ 4.817125327451148, 52.163302261779606 ], [ 4.817125298749771, 52.163304508668048 ], [ 4.817114337757658, 52.163304455716194 ], [ 4.817114309055724, 52.163306702604643 ], [ 4.817107001727298, 52.163306667302855 ], [ 4.817106973024993, 52.163308914191248 ], [ 4.817103319360599, 52.163308896540158 ], [ 4.817103204550617, 52.163317884093885 ], [ 4.817106858215745, 52.163317901744968 ], [ 4.817106829513424, 52.163320148633346 ], [ 4.817121444174711, 52.163320219236518 ], [ 4.817121415473122, 52.163322466124939 ], [ 4.817136030135197, 52.163322536726291 ], [ 4.817136001434341, 52.163324783614726 ], [ 4.817139655100053, 52.163324801264785 ], [ 4.817139626399377, 52.163327048153221 ], [ 4.817143280065277, 52.163327065803159 ], [ 4.817143021760712, 52.163347287798985 ], [ 4.817146675428268, 52.163347305448823 ], [ 4.81714664672793, 52.163349552337209 ], [ 4.817172222402213, 52.163349675882955 ], [ 4.817172251101265, 52.16334742899457 ], [ 4.817186865771622, 52.163347499589634 ], [ 4.817186837073304, 52.163349746478055 ], [ 4.817190490741087, 52.163349764126572 ], [ 4.817190462042949, 52.163352011014979 ], [ 4.817194115710918, 52.163352028663347 ], [ 4.817194087012964, 52.163354275551796 ], [ 4.817197740681119, 52.163354293200065 ], [ 4.817197711983347, 52.163356540088493 ], [ 4.817205019320037, 52.163356575384668 ], [ 4.817204990622626, 52.163358822273103 ], [ 4.817212297959697, 52.163358857568845 ], [ 4.817212240565608, 52.163363351345737 ], [ 4.817219547903424, 52.163363386641016 ], [ 4.817219519206742, 52.163365633529459 ], [ 4.817241441221387, 52.163365739412576 ], [ 4.817241412525802, 52.163367986301076 ], [ 4.817248719864411, 52.163368021594501 ], [ 4.817248691169196, 52.163370268482957 ], [ 4.817274266855721, 52.163370392006598 ], [ 4.81727429554965, 52.163368145118177 ], [ 4.817292563896351, 52.163368233345942 ], [ 4.81729253520334, 52.163370480234427 ], [ 4.817296188872872, 52.163370497879626 ], [ 4.817296131487208, 52.163374991656504 ] ] ] } },
{ "type": "Feature", "properties": { "class": "parcel", "raw_confidence": 0.4017, "source_tile_id": "tile-110000-460000", "was_valid": true, "area_m2": 85.040293852620778 }, "geometry": { "type": "Polygon", "coordinates": [ [ [ 4.816289759508878, 52.163210588222022 ], [ 4.816308027788526, 52.163210676602162 ], [ 4.816308056530985, 52.16320842971394 ], [ 4.816315363842501, 52.163208465065232 ], [ 4.816315392584583, 52.163206218177002 ], [ 4.816319046240164, 52.163206235852428 ], [ 4.816319103723952, 52.163201742076033 ], [ 4.816322757379167, 52.163201759751381 ], [ 4.816322786120874, 52.163199512863159 ], [ 4.816326439775907, 52.163199530538407 ], [ 4.816326497258939, 52.163195036761955 ], [ 4.816330150913608, 52.163195054437082 ], [ 4.816330208396263, 52.163190560660631 ], [ 4.816333862050567, 52.163190578335644 ], [ 4.816333890791705, 52.163188331447415 ], [ 4.816337544445829, 52.163188349122301 ], [ 4.816337573186779, 52.16318610223405 ], [ 4.816341226840719, 52.163186119908858 ], [ 4.816341284322243, 52.163181626132371 ], [ 4.816348591629404, 52.163181661481602 ], [ 4.816348649110179, 52.163177167705143 ], [ 4.816352302763397, 52.163177185379531 ], [ 4.816352331503593, 52.163174938491316 ], [ 4.816355985156628, 52.163174956165655 ], [ 4.816356013896639, 52.16317270927739 ], [ 4.816359667549492, 52.163172726951601 ], [ 4.816359696289317, 52.16317048006335 ], [ 4.816367003594667, 52.16317051541138 ], [ 4.816367061073568, 52.163166021634922 ], [ 4.816370714725883, 52.163166039308777 ], [ 4.816370800943656, 52.163159298644054 ], [ 4.816374454595426, 52.163159316317802 ], [ 4.816374684507869, 52.163141341211798 ], [ 4.816378338158167, 52.163141358885397 ], [ 4.816378424374726, 52.163134618220653 ], [ 4.816382078024473, 52.163134635894139 ], [ 4.816382480365447, 52.163103179458403 ], [ 4.816378826718275, 52.163103161784946 ], [ 4.816378941673454, 52.163094174231844 ], [ 4.816375288027021, 52.163094156558252 ], [ 4.81637534550496, 52.163089662781729 ], [ 4.816371691858897, 52.163089645107995 ], [ 4.816371720598045, 52.163087398219716 ], [ 4.8163644133063, 52.163087362871984 ], [ 4.816364442045812, 52.163085115983719 ], [ 4.816353481108769, 52.163085062961265 ], [ 4.816353452368706, 52.163087309849537 ], [ 4.816346145076996, 52.163087274500661 ], [ 4.816346116336559, 52.163089521388947 ], [ 4.816342462690524, 52.163089503714311 ], [ 4.816342433949902, 52.16309175060259 ], [ 4.816338780303687, 52.163091732927846 ], [ 4.816338751562874, 52.163093979816118 ], [ 4.816335097916478, 52.163093962141303 ], [ 4.81633506917548, 52.163096209029554 ], [ 4.81632776188233, 52.16309617367952 ], [ 4.816327733140962, 52.163098420567785 ], [ 4.816324079494207, 52.163098402892615 ], [ 4.816324050752651, 52.163100649780844 ], [ 4.816320397105715, 52.163100632105561 ], [ 4.816320339622226, 52.163105125882076 ], [ 4.816316685974927, 52.163105108206672 ], [ 4.81631665723299, 52.163107355094915 ], [ 4.816313003585511, 52.163107337419383 ], [ 4.816312946101265, 52.163111831195899 ], [ 4.816309292453422, 52.163111813520253 ], [ 4.816309263711108, 52.163114060408525 ], [ 4.81630195641506, 52.163114025056878 ], [ 4.816301898929691, 52.163118518833336 ], [ 4.816298245281303, 52.163118501157378 ], [ 4.81629818779555, 52.16312299493385 ], [ 4.8162945341468, 52.163122977257771 ], [ 4.816294476660666, 52.16312747103423 ], [ 4.816290823011551, 52.163127453358015 ], [ 4.816290794268295, 52.163129700246238 ], [ 4.816287140618999, 52.163129682569931 ], [ 4.816287111875556, 52.163131929458174 ], [ 4.816283458226081, 52.163131911781704 ], [ 4.816283400738817, 52.16313640555817 ], [ 4.816279747088973, 52.163136387881629 ], [ 4.816279718345152, 52.16313863476983 ], [ 4.816276064695128, 52.163138617093182 ], [ 4.816276035951122, 52.16314086398139 ], [ 4.81627238230092, 52.163140846304607 ], [ 4.816272353556725, 52.163143093192836 ], [ 4.816268699906341, 52.163143075515904 ], [ 4.816268642417572, 52.163147569292384 ], [ 4.816264988766822, 52.163147551615346 ], [ 4.81626496002225, 52.163149798503547 ], [ 4.816257652720394, 52.163149763149214 ], [ 4.816257623975451, 52.163152010037422 ], [ 4.816250316673242, 52.163151974682599 ], [ 4.816250287927923, 52.163154221570821 ], [ 4.816235673322812, 52.163154150859789 ], [ 4.816235644576757, 52.163156397748033 ], [ 4.816231990925301, 52.163156380069942 ], [ 4.816231962179058, 52.163158626958172 ], [ 4.816228308527421, 52.163158609280025 ], [ 4.816228107302345, 52.163174337497388 ], [ 4.816231760955265, 52.163174355175549 ], [ 4.816231559731314, 52.163190083392905 ], [ 4.816235213385528, 52.163190101070967 ], [ 4.816235184639417, 52.163192347959146 ], [ 4.816242491948223, 52.163192383314914 ], [ 4.816242463202481, 52.163194630203108 ], [ 4.816249770511669, 52.163194665558414 ], [ 4.81624974176629, 52.163196912446622 ], [ 4.816257049075857, 52.163196947801488 ], [ 4.816257020330845, 52.163199194689668 ], [ 4.816264327640792, 52.1631992300441 ], [ 4.816264298896142, 52.163201476932294 ], [ 4.816267952551307, 52.163201494609332 ], [ 4.816267923806838, 52.163203741497519 ], [ 4.816271577462189, 52.163203759174444 ], [ 4.8162715487179, 52.163206006062666 ], [ 4.81627885602898, 52.163206041416181 ], [ 4.816278827285055, 52.163208288304375 ], [ 4.816289788252255, 52.163208341333807 ], [ 4.816289759508878, 52.163210588222022 ] ] ] } },
{ "type": "Feature", "properties": { "class": "parcel", "raw_confidence": 0.4004, "source_tile_id": "tile-110000-460000", "was_valid": true, "area_m2": 235.62592533301867 }, "geometry": { "type": "Polygon", "coordinates": [ [ [ 4.816082334987422, 52.163144420732266 ], [ 4.816096949589031, 52.163144491462276 ], [ 4.816096978342062, 52.163142244574082 ], [ 4.816100631992287, 52.163142262256287 ], [ 4.816100660745132, 52.163140015368157 ], [ 4.816107968045228, 52.163140050732224 ], [ 4.816107996797699, 52.163137803844094 ], [ 4.816118957747316, 52.163137856889371 ], [ 4.81611898649923, 52.163135610001191 ], [ 4.816122640148926, 52.16313562768272 ], [ 4.816122668900656, 52.16313338079452 ], [ 4.816140937148262, 52.163133469200503 ], [ 4.816140965899068, 52.163131222312316 ], [ 4.816144619548413, 52.163131239993177 ], [ 4.816144648299034, 52.163128993104991 ], [ 4.816151955597369, 52.163129028466329 ], [ 4.816151984347614, 52.16312678157815 ], [ 4.816155637996603, 52.16312679925867 ], [ 4.816155666746663, 52.163124552370483 ], [ 4.816159320395472, 52.163124570050869 ], [ 4.816159550394356, 52.163106594945297 ], [ 4.81615589674702, 52.163106577264934 ], [ 4.816155982997098, 52.163099836600338 ], [ 4.816152329350314, 52.163099818919825 ], [ 4.816152386850719, 52.163095325143438 ], [ 4.816148733204308, 52.163095307462811 ], [ 4.816148790705068, 52.163090813686402 ], [ 4.816145137059027, 52.163090796005733 ], [ 4.816145165809585, 52.163088549117496 ], [ 4.816137858517886, 52.163088513755739 ], [ 4.816137887268808, 52.163086266867531 ], [ 4.816134233623147, 52.16308624918647 ], [ 4.816134262374251, 52.163084002298291 ], [ 4.816130608728778, 52.16308398461711 ], [ 4.816130637480061, 52.163081737728881 ], [ 4.816126983834775, 52.163081720047636 ], [ 4.816127012586239, 52.163079473159421 ], [ 4.816123358941139, 52.163079455478069 ], [ 4.816123387692786, 52.163077208589833 ], [ 4.816116080402965, 52.163077173226739 ], [ 4.816116109154978, 52.163074926338524 ], [ 4.816083226352605, 52.163074767198893 ], [ 4.816083255106268, 52.163072520310727 ], [ 4.816032104083472, 52.163072272741957 ], [ 4.816032132839706, 52.163070025853798 ], [ 4.81602847919543, 52.163070008169463 ], [ 4.816028507951844, 52.163067761281276 ], [ 4.816021200663668, 52.163067725912299 ], [ 4.816021229420453, 52.163065479024134 ], [ 4.815988346625484, 52.16306531985807 ], [ 4.815988231591719, 52.163074307410675 ], [ 4.815984577947117, 52.163074289725003 ], [ 4.815984549188483, 52.163076536613168 ], [ 4.815980895543699, 52.163076518927362 ], [ 4.815980866784879, 52.163078765815513 ], [ 4.815977213139911, 52.1630787481296 ], [ 4.815977184380902, 52.163080995017779 ], [ 4.815973530735758, 52.163080977331717 ], [ 4.815973501976564, 52.163083224219868 ], [ 4.815969848331235, 52.16308320653372 ], [ 4.815969819571855, 52.163085453421878 ], [ 4.815966165926346, 52.16308543573561 ], [ 4.815966137166778, 52.163087682623733 ], [ 4.815962483521087, 52.163087664937372 ], [ 4.815962454761334, 52.163089911825523 ], [ 4.815958801115461, 52.16308989413902 ], [ 4.815958772355518, 52.163092141027171 ], [ 4.815947811417379, 52.163092087967001 ], [ 4.815947840177876, 52.163089841078921 ], [ 4.81594418653202, 52.163089823391935 ], [ 4.81594424405337, 52.163085329615683 ], [ 4.815940590407886, 52.163085311928604 ], [ 4.815940619168741, 52.163083065040446 ], [ 4.815936965523442, 52.163083047353282 ], [ 4.815937138089601, 52.163069566024483 ], [ 4.815933484445414, 52.163069548337205 ], [ 4.815933541967808, 52.163065054560924 ], [ 4.815929888323988, 52.163065036873512 ], [ 4.815929917085363, 52.163062789985439 ], [ 4.815926263441731, 52.163062772297913 ], [ 4.81592629220329, 52.163060525409783 ], [ 4.815922638559845, 52.163060507722157 ], [ 4.815922667321585, 52.163058260834013 ], [ 4.815911706391825, 52.163058207770518 ], [ 4.81591173515411, 52.16305596088236 ], [ 4.815904427867987, 52.16305592550615 ], [ 4.815904456630638, 52.163053678617999 ], [ 4.815900802987764, 52.163053660929705 ], [ 4.815900889276249, 52.163046920265316 ], [ 4.815897235633932, 52.163046902576923 ], [ 4.815897264396939, 52.163044655688793 ], [ 4.815893610754808, 52.163044638000279 ], [ 4.815893639517998, 52.16304239111215 ], [ 4.815889985876053, 52.163042373423529 ], [ 4.815890014639421, 52.163040126535392 ], [ 4.815886360997665, 52.163040108846658 ], [ 4.815886389761212, 52.163037861958557 ], [ 4.815882736119644, 52.163037844269702 ], [ 4.815882764883373, 52.163035597381587 ], [ 4.815879111241995, 52.163035579692632 ], [ 4.815879140005904, 52.163033332804488 ], [ 4.815875486364709, 52.163033315115406 ], [ 4.815875543892881, 52.16302882133914 ], [ 4.815871890252061, 52.163028803649958 ], [ 4.815871919016327, 52.163026556761842 ], [ 4.815864611735062, 52.163026521383131 ], [ 4.815864640499695, 52.163024274494994 ], [ 4.815860986859249, 52.163024256805485 ], [ 4.815861015624062, 52.163022009917363 ], [ 4.815857361983808, 52.163021992227762 ], [ 4.815857390748798, 52.163019745339597 ], [ 4.81585373710873, 52.163019727649839 ], [ 4.815853794639072, 52.163015233873587 ], [ 4.815850140999375, 52.163015216183744 ], [ 4.815850169764724, 52.163012969295586 ], [ 4.815846516125216, 52.16301295160563 ], [ 4.815846544890742, 52.163010704717507 ], [ 4.815842891251422, 52.163010687027466 ], [ 4.815842920017134, 52.163008440139293 ], [ 4.815831959099737, 52.163008387068437 ], [ 4.815831987865997, 52.163006140180293 ], [ 4.815824680588118, 52.16300610479913 ], [ 4.815824709354741, 52.163003857910986 ], [ 4.815817402077244, 52.163003822529411 ], [ 4.815817430844232, 52.16300157564126 ], [ 4.815810123567117, 52.163001540259224 ], [ 4.815810152334469, 52.162999293371094 ], [ 4.815799191419369, 52.162999240297147 ], [ 4.815799220187271, 52.162996993409045 ], [ 4.815791912910925, 52.162996958025857 ], [ 4.815791941679194, 52.162994711137756 ], [ 4.815780980765248, 52.162994658062111 ], [ 4.815781009534062, 52.16299241117401 ], [ 4.815766394982918, 52.162992340404919 ], [ 4.815766423752467, 52.162990093516804 ], [ 4.815751809202109, 52.162990022745937 ], [ 4.815751837972392, 52.162987775857822 ], [ 4.815722608873314, 52.16298763431066 ], [ 4.815722580101563, 52.162989881198747 ], [ 4.815697004638756, 52.162989757339012 ], [ 4.815696975865712, 52.162992004227142 ], [ 4.815682361314878, 52.16299193344765 ], [ 4.815682332541093, 52.162994180335751 ], [ 4.815671371627448, 52.162994127249974 ], [ 4.815671342853108, 52.162996374138032 ], [ 4.815664035576994, 52.16299633874695 ], [ 4.815663891703411, 52.163007573187336 ], [ 4.815667545342389, 52.16300759088297 ], [ 4.8156674877933, 52.163012084659144 ], [ 4.815671141432645, 52.163012102354607 ], [ 4.815671083883912, 52.163016596130802 ], [ 4.81567473752363, 52.163016613826187 ], [ 4.815674679975252, 52.163021107602354 ], [ 4.815678333615343, 52.163021125297618 ], [ 4.815678304841331, 52.163023372185698 ], [ 4.815681958481608, 52.163023389880877 ], [ 4.815681872160108, 52.163030130545103 ], [ 4.815678218519279, 52.163030112849903 ], [ 4.815678189745253, 52.163032359737976 ], [ 4.815674536104246, 52.163032342042705 ], [ 4.815674449781602, 52.163039082706923 ], [ 4.815678103423163, 52.163039100402223 ], [ 4.815678074649127, 52.163041347290282 ], [ 4.815681728290876, 52.163041364985482 ], [ 4.815681699517018, 52.163043611873583 ], [ 4.815685353158954, 52.163043629568627 ], [ 4.8156852956116, 52.163048123344737 ], [ 4.815688949253906, 52.163048141039695 ], [ 4.815688920480407, 52.163050387927804 ], [ 4.815692574122901, 52.163050405622641 ], [ 4.815692459029609, 52.163059393174919 ], [ 4.815696112672841, 52.163059410869629 ], [ 4.815696055126544, 52.163063904645732 ], [ 4.81569970877015, 52.163063922340385 ], [ 4.815699536132282, 52.163077403668794 ], [ 4.815703189776991, 52.163077421363326 ], [ 4.815703161004188, 52.163079668251392 ], [ 4.815706814649087, 52.163079685945803 ], [ 4.81570678587646, 52.163081932833862 ], [ 4.815710439521545, 52.163081950528131 ], [ 4.815710410749104, 52.163084197416218 ], [ 4.815714064394376, 52.163084215110366 ], [ 4.815714035622111, 52.163086461998432 ], [ 4.815721342913037, 52.163086497386495 ], [ 4.815721314141138, 52.163088744274575 ], [ 4.815750543306448, 52.163088885822127 ], [ 4.815750572076876, 52.163086638934068 ], [ 4.81575787936787, 52.1630866743198 ], [ 4.815757908137925, 52.163084427431741 ], [ 4.815761561783243, 52.163084445124461 ], [ 4.815761590553113, 52.163082198236353 ], [ 4.815765244198247, 52.163082215928931 ], [ 4.815765272967929, 52.163079969040865 ], [ 4.815772580257846, 52.163080004425723 ], [ 4.815772609027157, 52.16307775753765 ], [ 4.815776262671936, 52.163077775229866 ], [ 4.815776320210179, 52.163073281453705 ], [ 4.815779973854593, 52.163073299145879 ], [ 4.815780002623526, 52.163071052257742 ], [ 4.815783656267762, 52.163071069949766 ], [ 4.815783713805247, 52.163066576173584 ], [ 4.81579102109299, 52.163066611557298 ], [ 4.815791049861359, 52.163064364669189 ], [ 4.815812971723559, 52.163064470817595 ], [ 4.815812942956292, 52.163066717705696 ], [ 4.815823903887989, 52.163066770778364 ], [ 4.815823932654704, 52.163064523890249 ], [ 4.815834893585879, 52.163064576961901 ], [ 4.815834922352038, 52.163062330073792 ], [ 4.815845883282691, 52.163062383144386 ], [ 4.815845912048296, 52.163060136256313 ], [ 4.815867833908588, 52.163060242394472 ], [ 4.815867805144087, 52.163062489282588 ], [ 4.815871458787666, 52.163062506971912 ], [ 4.815871430023346, 52.163064753860041 ], [ 4.815875083667112, 52.163064771549244 ], [ 4.815874882318068, 52.16308049976606 ], [ 4.815871228673014, 52.163080482076914 ], [ 4.81587111361561, 52.163089469629355 ], [ 4.815867459969823, 52.163089451940039 ], [ 4.81586743120528, 52.16309169882814 ], [ 4.81586012391335, 52.163091663449165 ], [ 4.815860008853671, 52.163100651001571 ], [ 4.815878277087201, 52.163100739448204 ], [ 4.815878248323191, 52.163102986336355 ], [ 4.815885555616994, 52.163103021714171 ], [ 4.815885526853347, 52.163105268602308 ], [ 4.815903795088833, 52.163105357044977 ], [ 4.815903823851557, 52.16310311015684 ], [ 4.815918438439267, 52.163103180908941 ], [ 4.815918409677278, 52.163105427797063 ], [ 4.815922063324397, 52.163105445484788 ], [ 4.815922034562592, 52.163107692372954 ], [ 4.815925688209899, 52.163107710060551 ], [ 4.815925659448273, 52.163109956948666 ], [ 4.815929313095766, 52.163109974636207 ], [ 4.81592928433432, 52.163112221524315 ], [ 4.815932937982004, 52.163112239211763 ], [ 4.815932909220738, 52.163114486099857 ], [ 4.815936562868606, 52.163114503787121 ], [ 4.815936505346433, 52.163118997563409 ], [ 4.815940158994676, 52.163119015250615 ], [ 4.815940101472857, 52.163123509026839 ], [ 4.815947408770083, 52.163123544400847 ], [ 4.815947380009536, 52.163125791288977 ], [ 4.815954687307143, 52.163125826662572 ], [ 4.815954658546964, 52.163128073550702 ], [ 4.815961965844956, 52.1631281089238 ], [ 4.815961937085136, 52.163130355811923 ], [ 4.81596559073432, 52.163130373498348 ], [ 4.815965561974686, 52.163132620386463 ], [ 4.815991137520352, 52.16313274418809 ], [ 4.815991108762, 52.16313499107622 ], [ 4.816005723360333, 52.163135061817542 ], [ 4.816005694602715, 52.163137308705657 ], [ 4.816034923801015, 52.16313745018283 ], [ 4.816034895044864, 52.163139697070996 ], [ 4.81604950964483, 52.163139767806854 ], [ 4.816049480889411, 52.163142014694984 ], [ 4.816082363741186, 52.163142173844086 ], [ 4.816082334987422, 52.163144420732266 ] ] ] } },
{ "type": "Feature", "properties": { "class": "parcel", "raw_confidence": 0.3994, "source_tile_id": "tile-110000-460000", "was_valid": true, "area_m2": 54.54827685004868 }, "geometry": { "type": "Polygon", "coordinates": [ [ [ 4.817069165164707, 52.163122228282347 ], [ 4.817083779761083, 52.163122298890102 ], [ 4.817083808464399, 52.163120052001581 ], [ 4.817113037655842, 52.163120193211647 ], [ 4.817113066357683, 52.163117946323126 ], [ 4.817153256494243, 52.163118140475127 ], [ 4.817153313893867, 52.1631136466981 ], [ 4.817156967542295, 52.163113664347591 ], [ 4.81715699624192, 52.163111417459071 ], [ 4.817160649890168, 52.163111435108455 ], [ 4.817160678589603, 52.16310918821997 ], [ 4.817164332237671, 52.163109205869198 ], [ 4.817164533132337, 52.163093477649575 ], [ 4.817160879485556, 52.163093460000326 ], [ 4.817161109080729, 52.163075484892126 ], [ 4.817164762726037, 52.163075502541354 ], [ 4.817164791425236, 52.163073255652868 ], [ 4.817172098715496, 52.163073290951004 ], [ 4.817172127414323, 52.163071044062491 ], [ 4.817175781059274, 52.163071061711399 ], [ 4.817175809757914, 52.163068814822836 ], [ 4.817179463402683, 52.16306883247163 ], [ 4.817179492101138, 52.163066585583103 ], [ 4.817183145745727, 52.163066603231769 ], [ 4.81718320314225, 52.163062109454742 ], [ 4.817186856786478, 52.163062127103274 ], [ 4.817186885484552, 52.163059880214732 ], [ 4.817190539128594, 52.163059897863178 ], [ 4.817190625222244, 52.163053157197545 ], [ 4.817186971578755, 52.16305313954912 ], [ 4.81718702897487, 52.163048645772022 ], [ 4.817176068045518, 52.163048592826009 ], [ 4.817176039346909, 52.163050839714522 ], [ 4.81716873206032, 52.163050804416606 ], [ 4.81716870336134, 52.163053051305162 ], [ 4.817165049717868, 52.163053033656055 ], [ 4.8171650210187, 52.163055280544583 ], [ 4.817161367375046, 52.163055262895334 ], [ 4.817161281276969, 52.163062003560931 ], [ 4.81715762763277, 52.163061985911575 ], [ 4.817157570233666, 52.163066479688638 ], [ 4.817153916589101, 52.163066462039154 ], [ 4.81715388788936, 52.16306870892771 ], [ 4.817150234244614, 52.163068691278106 ], [ 4.817150205544689, 52.163070938166648 ], [ 4.81714655189976, 52.163070920516937 ], [ 4.817146523199646, 52.163073167405436 ], [ 4.817120947683954, 52.163073043854368 ], [ 4.817120918982549, 52.163075290742867 ], [ 4.817102650756235, 52.163075202488713 ], [ 4.81710267945856, 52.163072955600178 ], [ 4.817095372168426, 52.163072920297729 ], [ 4.817095400871118, 52.163070673409187 ], [ 4.817091747226239, 52.163070655757778 ], [ 4.817091804631978, 52.163066161980801 ], [ 4.817088150987471, 52.163066144329292 ], [ 4.81708817969052, 52.163063897440757 ], [ 4.817073565113262, 52.163063826833607 ], [ 4.817073593817042, 52.163061579945087 ], [ 4.817062632884689, 52.16306152698855 ], [ 4.817062661589016, 52.163059280100015 ], [ 4.817048047013324, 52.163059209489703 ], [ 4.817047903487965, 52.16307044393217 ], [ 4.817044249843131, 52.163070426279333 ], [ 4.817044221137864, 52.163072673167797 ], [ 4.81704056749285, 52.16307265551481 ], [ 4.817040510081941, 52.163077149291809 ], [ 4.817036856436559, 52.163077131638687 ], [ 4.817036799025267, 52.163081625415664 ], [ 4.817033145379523, 52.163081607762436 ], [ 4.817033116673688, 52.163083854650942 ], [ 4.817029463027766, 52.163083836997615 ], [ 4.817029405615716, 52.163088330774571 ], [ 4.817025751969426, 52.163088313121143 ], [ 4.817025637144559, 52.163097300675034 ], [ 4.817021983497535, 52.163097283021486 ], [ 4.817021839965453, 52.163108517463861 ], [ 4.817025493613396, 52.163108535117431 ], [ 4.817025436200908, 52.163113028894365 ], [ 4.817029089849223, 52.163113046547814 ], [ 4.817029061143156, 52.163115293436292 ], [ 4.817036368440161, 52.163115328742862 ], [ 4.817036339734462, 52.163117575631361 ], [ 4.817058261626659, 52.163117681548393 ], [ 4.817058232922059, 52.163119928436863 ], [ 4.817069193868757, 52.163119981393862 ], [ 4.817069165164707, 52.163122228282347 ] ] ] } },
{ "type": "Feature", "properties": { "class": "parcel", "raw_confidence": 0.399, "source_tile_id": "tile-110000-460000", "was_valid": true, "area_m2": 70.669064739368991 }, "geometry": { "type": "Polygon", "coordinates": [ [ [ 4.816864905393035, 52.163094276922777 ], [ 4.816890480919975, 52.163094400529388 ], [ 4.816890509633001, 52.163092153640967 ], [ 4.816894163279535, 52.163092171298608 ], [ 4.816894191992375, 52.163089924410173 ], [ 4.81689784563873, 52.163089942067693 ], [ 4.816897874351381, 52.163087695179208 ], [ 4.816901527997553, 52.163087712836642 ], [ 4.816901556710019, 52.163085465948178 ], [ 4.81690521035601, 52.163085483605485 ], [ 4.816905267780561, 52.163080989828622 ], [ 4.816908921426189, 52.163081007485765 ], [ 4.816909151122789, 52.163063032378197 ], [ 4.816905497478632, 52.163063014721018 ], [ 4.816905526190874, 52.163060767832569 ], [ 4.816901872546904, 52.163060750175269 ], [ 4.816901901259328, 52.163058503286827 ], [ 4.816898247615549, 52.163058485629449 ], [ 4.816898276328154, 52.163056238740978 ], [ 4.816894622684561, 52.16305622108348 ], [ 4.816894651397345, 52.163053974195023 ], [ 4.816890997753937, 52.163053956537404 ], [ 4.816891026466903, 52.163051709648947 ], [ 4.816887372823683, 52.163051691991257 ], [ 4.816887458963115, 52.16304495132588 ], [ 4.816891112605781, 52.163044968983613 ], [ 4.816891198744634, 52.163038228318236 ], [ 4.816894852386751, 52.163038245975848 ], [ 4.816894881099512, 52.163035999087384 ], [ 4.816898534741449, 52.163036016744854 ], [ 4.81689856345402, 52.163033769856433 ], [ 4.816935099871749, 52.163033946425124 ], [ 4.816935128582478, 52.163031699536646 ], [ 4.816938782224083, 52.163031717192872 ], [ 4.816938810934626, 52.163029470304394 ], [ 4.816942464576053, 52.163029487960543 ], [ 4.816942636838127, 52.16301600662964 ], [ 4.816938983197805, 52.163015988973527 ], [ 4.816939011908322, 52.163013742085042 ], [ 4.816935358268186, 52.163013724428822 ], [ 4.816935386978888, 52.163011477540337 ], [ 4.816913465139247, 52.163011371600533 ], [ 4.816913493851047, 52.16300912471209 ], [ 4.816909840211303, 52.163009107055039 ], [ 4.816909868923282, 52.163006860166561 ], [ 4.816906215283725, 52.163006842509461 ], [ 4.816906243995886, 52.163004595620947 ], [ 4.816898936717149, 52.163004560306355 ], [ 4.816898965429675, 52.163002313417877 ], [ 4.816888004512148, 52.163002260445104 ], [ 4.81688797579907, 52.163004507333582 ], [ 4.816884322159718, 52.163004489675743 ], [ 4.816884293446456, 52.16300673656422 ], [ 4.816880639806921, 52.163006718906274 ], [ 4.816880611093469, 52.163008965794774 ], [ 4.816873303814046, 52.163008930478533 ], [ 4.816873275100222, 52.163011177367032 ], [ 4.81686962146033, 52.163011159708745 ], [ 4.816869592746321, 52.163013406597216 ], [ 4.816865939106247, 52.163013388938822 ], [ 4.816865910392049, 52.163015635827286 ], [ 4.816854949471304, 52.163015582851415 ], [ 4.816854805897505, 52.163026817293698 ], [ 4.816851152256341, 52.163026799634842 ], [ 4.816851094826432, 52.163031293411741 ], [ 4.81684378754338, 52.163031258093717 ], [ 4.816843758828055, 52.163033504982138 ], [ 4.816796261486153, 52.163033275403869 ], [ 4.816796290203873, 52.163031028515434 ], [ 4.816792636562397, 52.16303101085478 ], [ 4.816792665280297, 52.163028763966373 ], [ 4.816763436150069, 52.163028622677004 ], [ 4.816763407430696, 52.163030869565432 ], [ 4.816756100147806, 52.163030834241994 ], [ 4.816756071428062, 52.163033081130401 ], [ 4.816752417786438, 52.16303306346849 ], [ 4.816752389066507, 52.163035310356882 ], [ 4.8167487354247, 52.163035292694886 ], [ 4.816748706704583, 52.1630375395833 ], [ 4.816745053062597, 52.163037521921176 ], [ 4.816745024342294, 52.163039768809597 ], [ 4.816741370700125, 52.163039751147302 ], [ 4.816741341979633, 52.16304199803573 ], [ 4.816737688337285, 52.1630419803734 ], [ 4.816737401130335, 52.163064449257377 ], [ 4.816741054774523, 52.163064466919778 ], [ 4.81674102605399, 52.163066713808171 ], [ 4.816744679698365, 52.163066731470444 ], [ 4.816744650978017, 52.163068978358879 ], [ 4.81674830462258, 52.163068996020989 ], [ 4.816748275902411, 52.163071242909396 ], [ 4.816759236836668, 52.163071295895172 ], [ 4.816759208117048, 52.163073542783536 ], [ 4.816770169051887, 52.163073595768346 ], [ 4.816770140332815, 52.163075842656731 ], [ 4.816788408558534, 52.1630759309624 ], [ 4.81678837984038, 52.163078177850799 ], [ 4.81680299442175, 52.163078248493306 ], [ 4.816803023139168, 52.163076001604892 ], [ 4.816806676784337, 52.16307601926524 ], [ 4.816806705501565, 52.163073772376833 ], [ 4.81681035914655, 52.163073790037046 ], [ 4.816810387863596, 52.163071543148618 ], [ 4.816814041508399, 52.16307156080876 ], [ 4.816814070225256, 52.16306931392031 ], [ 4.81682137751451, 52.16306934924021 ], [ 4.816821406230996, 52.163067102351803 ], [ 4.816828713519894, 52.163067137671177 ], [ 4.81682874223601, 52.163064890782778 ], [ 4.816836049524552, 52.163064926101747 ], [ 4.816836078240295, 52.163062679213347 ], [ 4.816839731884389, 52.163062696872657 ], [ 4.816839789315496, 52.163058203095801 ], [ 4.816850750246691, 52.163058256073043 ], [ 4.816850692816687, 52.163062749849921 ], [ 4.816854346460794, 52.163062767508805 ], [ 4.816854145456963, 52.163078495727817 ], [ 4.816850491811569, 52.163078478068932 ], [ 4.81685037695143, 52.163087465622681 ], [ 4.816854030597558, 52.163087483281544 ], [ 4.8168540018827, 52.163089730169951 ], [ 4.816857655529017, 52.163089747828735 ], [ 4.81685762681434, 52.163091994717156 ], [ 4.816864934107352, 52.163092030034328 ], [ 4.816864905393035, 52.163094276922777 ] ] ] } },
{ "type": "Feature", "properties": { "class": "parcel", "raw_confidence": 0.3995, "source_tile_id": "tile-110000-460000", "was_valid": true, "area_m2": 240.562206001672 }, "geometry": { "type": "Polygon", "coordinates": [ [ [ 4.816532481019816, 52.163088175755547 ], [ 4.816543441957897, 52.163088228761367 ], [ 4.816543470688395, 52.163085981873017 ], [ 4.816547124334245, 52.163085999541423 ], [ 4.816547153064555, 52.163083752653087 ], [ 4.816550806710224, 52.163083770321357 ], [ 4.816550835440347, 52.163081523433021 ], [ 4.816554489085837, 52.163081541101171 ], [ 4.816554517815773, 52.163079294212864 ], [ 4.816558171461081, 52.163079311880871 ], [ 4.816558200190832, 52.163077064992528 ], [ 4.816561853835959, 52.163077082660486 ], [ 4.816561882565519, 52.163074835772122 ], [ 4.816565536210467, 52.163074853439909 ], [ 4.816565593669209, 52.16307035966323 ], [ 4.816569247313792, 52.163070377330932 ], [ 4.816569276042974, 52.163068130442625 ], [ 4.816572929687377, 52.163068148110177 ], [ 4.816572958416374, 52.163065901221827 ], [ 4.816580265704817, 52.163065936556634 ], [ 4.816580294433442, 52.163063689668327 ], [ 4.816583948077486, 52.16306370733556 ], [ 4.816584005534359, 52.163059213558853 ], [ 4.816587659178037, 52.163059231225944 ], [ 4.816587687906283, 52.163056984337608 ], [ 4.816591341549783, 52.163057002004642 ], [ 4.816591456461998, 52.163048014451185 ], [ 4.816587802819237, 52.163047996784186 ], [ 4.816587975188565, 52.163034515454044 ], [ 4.81658432154691, 52.163034497786931 ], [ 4.816584436460466, 52.163025510233489 ], [ 4.816588090101386, 52.163025527900572 ], [ 4.816588147557775, 52.163021034123851 ], [ 4.816591801198329, 52.163021051790857 ], [ 4.816591829926336, 52.163018804902443 ], [ 4.81659548356671, 52.163018822569313 ], [ 4.816595627205767, 52.163007588127471 ], [ 4.816599280845228, 52.163007605794249 ], [ 4.816599309572845, 52.163005358905835 ], [ 4.816602963212123, 52.163005376572492 ], [ 4.816603020666979, 52.163000882795764 ], [ 4.816606674305894, 52.163000900462258 ], [ 4.816606703033133, 52.162998653573879 ], [ 4.816610356671863, 52.162998671240302 ], [ 4.816610414125968, 52.162994177463531 ], [ 4.816614067764334, 52.162994195129848 ], [ 4.816614096491198, 52.162991948241419 ], [ 4.816617750129384, 52.162991965907644 ], [ 4.816617778856059, 52.162989719019237 ], [ 4.816621432494063, 52.162989736685283 ], [ 4.816621461220552, 52.162987489796905 ], [ 4.816625114858377, 52.162987507462859 ], [ 4.816625172310974, 52.162983013686073 ], [ 4.816628825948433, 52.162983031351942 ], [ 4.816628883400649, 52.162978537575121 ], [ 4.816632537037746, 52.162978555240855 ], [ 4.81663259448958, 52.16297406146407 ], [ 4.816636248126313, 52.162974079129675 ], [ 4.816636334303486, 52.162967338464433 ], [ 4.816632680667305, 52.162967320798835 ], [ 4.816632738119109, 52.162962827022049 ], [ 4.816629084483302, 52.162962809356316 ], [ 4.816629228113665, 52.162951574914302 ], [ 4.816625574478779, 52.162951557248483 ], [ 4.816625631931272, 52.162947063471677 ], [ 4.816621978296758, 52.162947045805737 ], [ 4.816622007023181, 52.162944798917302 ], [ 4.816618353388853, 52.162944781251284 ], [ 4.81661838211546, 52.162942534362855 ], [ 4.816614728481319, 52.16294251669671 ], [ 4.816614757208105, 52.162940269808317 ], [ 4.816611103574154, 52.162940252142029 ], [ 4.816611132301118, 52.162938005253615 ], [ 4.816600171399836, 52.162937952254133 ], [ 4.816600200127352, 52.162935705365719 ], [ 4.816589239226652, 52.162935652365249 ], [ 4.816589267954712, 52.162933405476835 ], [ 4.816581960687964, 52.162933370142596 ], [ 4.816581989416392, 52.162931123254182 ], [ 4.816578335783208, 52.162931105586914 ], [ 4.816578364511816, 52.162928858698535 ], [ 4.816574710878816, 52.16292884103111 ], [ 4.816574739607606, 52.162926594142753 ], [ 4.816571085974795, 52.162926576475236 ], [ 4.816571114703764, 52.162924329586836 ], [ 4.816567461071141, 52.162924311919205 ], [ 4.81656748980029, 52.162922065030799 ], [ 4.816563836167854, 52.162922047363082 ], [ 4.816563864897186, 52.162919800474661 ], [ 4.816556557632692, 52.162919765138874 ], [ 4.816556586362388, 52.162917518250474 ], [ 4.816552932730327, 52.162917500582395 ], [ 4.816552961460205, 52.16291525369401 ], [ 4.816549307828335, 52.162915236025817 ], [ 4.816549365288444, 52.162910742249039 ], [ 4.816545711656944, 52.162910724580755 ], [ 4.816545740387181, 52.162908477692355 ], [ 4.816542086755866, 52.162908460023935 ], [ 4.816542115486281, 52.16290621313555 ], [ 4.816531154592916, 52.162906160129637 ], [ 4.816531183323881, 52.162903913241266 ], [ 4.816498300645614, 52.162903754217524 ], [ 4.816498271912996, 52.162906001105874 ], [ 4.816490964650831, 52.162905965766036 ], [ 4.816490878451847, 52.162912706431165 ], [ 4.816487224820215, 52.162912688761047 ], [ 4.816487196087031, 52.162914935649425 ], [ 4.816483542455221, 52.162914917979229 ], [ 4.816483513721847, 52.162917164867572 ], [ 4.816476206457869, 52.162917129526825 ], [ 4.816476177724123, 52.162919376415196 ], [ 4.816468870459788, 52.162919341073945 ], [ 4.816468841725675, 52.162921587962302 ], [ 4.816465188093328, 52.162921570291523 ], [ 4.816465159359027, 52.162923817179916 ], [ 4.816457852093975, 52.162923781837968 ], [ 4.816457823359301, 52.162926028726346 ], [ 4.816450516093896, 52.162925993383979 ], [ 4.816450487358851, 52.162928240272322 ], [ 4.81644683372597, 52.162928222600975 ], [ 4.816446804990735, 52.162930469489339 ], [ 4.816443151357674, 52.162930451817836 ], [ 4.816443122622256, 52.162932698706221 ], [ 4.816439468989015, 52.162932681034633 ], [ 4.816439440253409, 52.162934927922983 ], [ 4.816435786619982, 52.162934910251295 ], [ 4.81643575788419, 52.162937157139638 ], [ 4.816432104250585, 52.162937139467829 ], [ 4.816432046778618, 52.162941633244529 ], [ 4.816428393144653, 52.162941615572606 ], [ 4.816428364408479, 52.162943862460949 ], [ 4.81641740350604, 52.16294380944445 ], [ 4.816417432242764, 52.162941562556142 ], [ 4.816384549537283, 52.162941403500611 ], [ 4.816384520798902, 52.162943650388968 ], [ 4.816373559896584, 52.162943597368439 ], [ 4.816373531157649, 52.16294584425674 ], [ 4.816369877523366, 52.162945826582991 ], [ 4.816369848784241, 52.162948073471341 ], [ 4.816366195149778, 52.162948055797486 ], [ 4.816366080192521, 52.162957043350808 ], [ 4.816369733827721, 52.16295706102467 ], [ 4.816369705088583, 52.162959307912971 ], [ 4.81637335872397, 52.162959325586691 ], [ 4.81637332998501, 52.162961572475041 ], [ 4.816376983620589, 52.162961590148676 ], [ 4.816376954881811, 52.162963837036976 ], [ 4.816380608517573, 52.162963854710512 ], [ 4.816380579778974, 52.162966101598826 ], [ 4.816384233414925, 52.162966119272248 ], [ 4.816384204676511, 52.162968366160591 ], [ 4.816406126493379, 52.162968472198699 ], [ 4.816406097756064, 52.162970719087028 ], [ 4.816409751392404, 52.162970736759625 ], [ 4.816409521495234, 52.162988711866255 ], [ 4.816405867857419, 52.162988694193643 ], [ 4.816405781645372, 52.16299543485858 ], [ 4.816402128007011, 52.162995417185833 ], [ 4.816402099269473, 52.162997664074148 ], [ 4.816398445630931, 52.162997646401287 ], [ 4.816398416893203, 52.16299989328963 ], [ 4.816391109615763, 52.162999857943561 ], [ 4.816391080877667, 52.163002104831882 ], [ 4.81638377359987, 52.163002069485358 ], [ 4.816383514953525, 52.163022291480111 ], [ 4.816387168594075, 52.163022309153412 ], [ 4.816387024902465, 52.163033543594935 ], [ 4.816390678543942, 52.163033561268129 ], [ 4.816390592329486, 52.16304030193303 ], [ 4.816394245971517, 52.163040319606161 ], [ 4.816394188495567, 52.163044813382761 ], [ 4.816397842137968, 52.16304483105575 ], [ 4.816397784662371, 52.163049324832357 ], [ 4.816401438305142, 52.163049342505246 ], [ 4.816401409567522, 52.163051589393547 ], [ 4.816405063210484, 52.163051607066308 ], [ 4.816405034473048, 52.163053853954629 ], [ 4.816408688116196, 52.163053871627284 ], [ 4.816408659378938, 52.163056118515598 ], [ 4.81641231302227, 52.163056136188104 ], [ 4.816412284285196, 52.163058383076446 ], [ 4.81643055250284, 52.163058471437488 ], [ 4.816430523766678, 52.163060718325816 ], [ 4.816441484697859, 52.163060771341094 ], [ 4.816441455962246, 52.163063018229387 ], [ 4.816448763250084, 52.163063053572372 ], [ 4.816448734514838, 52.163065300460673 ], [ 4.816452388158945, 52.163065318131999 ], [ 4.816452359423877, 52.163067565020285 ], [ 4.816459666712472, 52.163067600362595 ], [ 4.816459637977769, 52.163069847250881 ], [ 4.816466945266742, 52.163069882592737 ], [ 4.816466916532408, 52.163072129481016 ], [ 4.816503452979321, 52.163072306183452 ], [ 4.816503424246819, 52.163074553071795 ], [ 4.816510731536609, 52.163074588410907 ], [ 4.816510702804471, 52.163076835299229 ], [ 4.816518010094646, 52.163076870637894 ], [ 4.816517981362874, 52.16307911752623 ], [ 4.816525288653426, 52.163079152864448 ], [ 4.816525231190608, 52.163083646641098 ], [ 4.816528884836258, 52.16308366431003 ], [ 4.816528856105029, 52.163085911198372 ], [ 4.816532509750863, 52.163085928867211 ], [ 4.816532481019816, 52.163088175755547 ] ] ] } },
{ "type": "Feature", "properties": { "class": "parcel", "raw_confidence": 0.3991, "source_tile_id": "tile-110000-460000", "was_valid": true, "area_m2": 710.18945562674617 }, "geometry": { "type": "Polygon", "coordinates": [ [ [ 4.816233198264475, 52.163062010764655 ], [ 4.816247812839404, 52.163062081475942 ], [ 4.816247841584765, 52.163059834587706 ], [ 4.816255148871885, 52.163059869942664 ], [ 4.816255177616874, 52.163057623054414 ], [ 4.816262484903639, 52.163057658408903 ], [ 4.816262513648259, 52.163055411520681 ], [ 4.81626616729146, 52.16305542919774 ], [ 4.816266196035893, 52.163053182309497 ], [ 4.816269849678916, 52.163053199986464 ], [ 4.81626987842316, 52.163050953098214 ], [ 4.816273532066003, 52.163050970775075 ], [ 4.816273560810061, 52.163048723886789 ], [ 4.816277214452721, 52.163048741563536 ], [ 4.8162773869159, 52.163035260233968 ], [ 4.816270079632789, 52.163035224880431 ], [ 4.81627010837701, 52.163032977992131 ], [ 4.816266454735644, 52.163032960315192 ], [ 4.816266569713226, 52.163023972762119 ], [ 4.816277530635124, 52.163024025792637 ], [ 4.816277559378957, 52.163021778904358 ], [ 4.8162921739408, 52.163021849610111 ], [ 4.816292202683894, 52.163019602721853 ], [ 4.81629950996447, 52.163019638074033 ], [ 4.816299538707194, 52.163017391185775 ], [ 4.816303192347301, 52.163017408861677 ], [ 4.816303221089838, 52.163015161973433 ], [ 4.816306874729766, 52.163015179649207 ], [ 4.81630693221446, 52.163010685872692 ], [ 4.816310585854022, 52.163010703548338 ], [ 4.816310672080489, 52.163003962883508 ], [ 4.816314325719504, 52.163003980559076 ], [ 4.816314354461471, 52.163001733670775 ], [ 4.816318008100302, 52.163001751346279 ], [ 4.816318151809156, 52.16299051690482 ], [ 4.816321805447074, 52.162990534580153 ], [ 4.816321891671795, 52.162983793915295 ], [ 4.81631458439707, 52.162983758564458 ], [ 4.816314613139002, 52.162981511676179 ], [ 4.816310959501831, 52.162981494000597 ], [ 4.816310988243945, 52.162979247112304 ], [ 4.816307334606957, 52.162979229436623 ], [ 4.816307363349252, 52.162976982548329 ], [ 4.816303709712456, 52.162976964872549 ], [ 4.816303738454931, 52.162974717984277 ], [ 4.816296431181711, 52.162974682632331 ], [ 4.816296459924552, 52.162972435744045 ], [ 4.816292806288132, 52.162972418067888 ], [ 4.816292835031154, 52.162970171179602 ], [ 4.816285527758691, 52.162970135826981 ], [ 4.816285556502075, 52.162967888938709 ], [ 4.816278249229992, 52.162967853585677 ], [ 4.816278277973743, 52.162965606697355 ], [ 4.816267317066192, 52.162965553666957 ], [ 4.816267345810494, 52.162963306778643 ], [ 4.816241770360952, 52.162963183037043 ], [ 4.816241799106538, 52.162960936148792 ], [ 4.81621987729388, 52.162960830080159 ], [ 4.816219906040564, 52.162958583191887 ], [ 4.816208945134831, 52.162958530156018 ], [ 4.816208973882063, 52.162956283267739 ], [ 4.816198012976913, 52.16295623023089 ], [ 4.816198041724694, 52.162953983342625 ], [ 4.816187080820127, 52.162953930304738 ], [ 4.816187109568457, 52.162951683416502 ], [ 4.816179802299128, 52.162951648057344 ], [ 4.816179831047826, 52.162949401169065 ], [ 4.816176177413349, 52.162949383489341 ], [ 4.816176206162227, 52.162947136601076 ], [ 4.816172552527941, 52.162947118921181 ], [ 4.816172581276995, 52.162944872032959 ], [ 4.816165274008799, 52.162944836672878 ], [ 4.816165302758219, 52.162942589784642 ], [ 4.81616164912431, 52.162942572104463 ], [ 4.816161706623511, 52.162938078327919 ], [ 4.816158052989973, 52.162938060647619 ], [ 4.816158081739752, 52.162935813759397 ], [ 4.8161544281064, 52.162935796078962 ], [ 4.81615445685636, 52.162933549190697 ], [ 4.816147149590036, 52.16293351382955 ], [ 4.81614717834036, 52.162931266941271 ], [ 4.816139871074417, 52.16293123157967 ], [ 4.816139899825105, 52.162928984691391 ], [ 4.816136246192324, 52.16292896701043 ], [ 4.816136274943193, 52.162926720122151 ], [ 4.816128967678008, 52.162926684759888 ], [ 4.816128996429243, 52.162924437871617 ], [ 4.816114381899643, 52.162924367145656 ], [ 4.816114410651612, 52.162922120257434 ], [ 4.816107103387201, 52.162922084893793 ], [ 4.816107275901139, 52.162908603564262 ], [ 4.81611092953224, 52.162908621246103 ], [ 4.81611098703649, 52.162904127469602 ], [ 4.816121947928709, 52.162904180514545 ], [ 4.816121976680275, 52.162901933626266 ], [ 4.816136591202543, 52.162902004351231 ], [ 4.81613656245171, 52.162904251239496 ], [ 4.816140216082467, 52.162904268920464 ], [ 4.816140187331817, 52.162906515808736 ], [ 4.816143840962761, 52.162906533489569 ], [ 4.816143812212291, 52.16290878037784 ], [ 4.816147465843422, 52.162908798058588 ], [ 4.816147437093131, 52.162911044946867 ], [ 4.816151090724452, 52.162911062627494 ], [ 4.816151061974343, 52.162913309515766 ], [ 4.81615471560585, 52.162913327196271 ], [ 4.816154686855921, 52.162915574084558 ], [ 4.816158340487618, 52.162915591764943 ], [ 4.816158311737865, 52.162917838653229 ], [ 4.816161965369749, 52.162917856333507 ], [ 4.816161936620182, 52.162920103221772 ], [ 4.816165590252248, 52.162920120901951 ], [ 4.816165561502862, 52.162922367790266 ], [ 4.81617286876738, 52.162922403150283 ], [ 4.816172840018357, 52.162924650038512 ], [ 4.816187454548169, 52.162924720757232 ], [ 4.816187425799879, 52.162926967645504 ], [ 4.816220308493804, 52.162927126755925 ], [ 4.816220337240437, 52.162924879867639 ], [ 4.816227644505425, 52.162924915224281 ], [ 4.816227673251688, 52.16292266833598 ], [ 4.816231326884002, 52.16292268601412 ], [ 4.816231355630079, 52.162920439125855 ], [ 4.816242316526491, 52.162920492159579 ], [ 4.81624234527201, 52.162918245271285 ], [ 4.816253306167898, 52.162918298304 ], [ 4.816253334912863, 52.162916051415699 ], [ 4.816286217599052, 52.162916210507731 ], [ 4.816286188855741, 52.162918457396067 ], [ 4.816293496119743, 52.162918492748624 ], [ 4.816293467376799, 52.162920739636924 ], [ 4.816315389169988, 52.162920845691843 ], [ 4.816315417911829, 52.162918598803515 ], [ 4.816330032439954, 52.16291866950457 ], [ 4.816330061181056, 52.162916422616213 ], [ 4.816344675708497, 52.162916493315443 ], [ 4.816344704448861, 52.162914246427107 ], [ 4.816348358080544, 52.162914264101637 ], [ 4.816348386820722, 52.162912017213309 ], [ 4.816352040452226, 52.16291203488769 ], [ 4.816352069192212, 52.162909787999389 ], [ 4.816359376454866, 52.162909823347839 ], [ 4.816359405194483, 52.162907576459482 ], [ 4.816363058825628, 52.162907594133571 ], [ 4.816363087565056, 52.162905347245172 ], [ 4.816366741196022, 52.162905364919155 ], [ 4.816366798674506, 52.162900871142483 ], [ 4.816370452305105, 52.162900888816303 ], [ 4.816370481044157, 52.162898641927917 ], [ 4.816374134674578, 52.162898659601687 ], [ 4.816374163413442, 52.162896412713302 ], [ 4.816385124304172, 52.162896465733795 ], [ 4.816385153042481, 52.16289421884543 ], [ 4.816392460302615, 52.162894254191855 ], [ 4.816392718943938, 52.162874032196648 ], [ 4.816389065315523, 52.162874014523474 ], [ 4.816389094053617, 52.162871767635124 ], [ 4.816378133168951, 52.162871714615029 ], [ 4.816378161907589, 52.162869467726658 ], [ 4.816374508279559, 52.162869450053073 ], [ 4.81637453701838, 52.162867203164708 ], [ 4.816370883390533, 52.162867185491024 ], [ 4.816370912129538, 52.162864938602645 ], [ 4.816367258501881, 52.162864920928868 ], [ 4.816367287241063, 52.162862674040475 ], [ 4.816363633613591, 52.162862656366556 ], [ 4.816363662352956, 52.162860409478199 ], [ 4.816356355098393, 52.16286037413002 ], [ 4.816356383838122, 52.162858127241641 ], [ 4.816341769329775, 52.162858056543939 ], [ 4.816341740589311, 52.162860303432282 ], [ 4.816338086962047, 52.162860285757574 ], [ 4.816338058221397, 52.162862532645953 ], [ 4.816334404593955, 52.16286251497106 ], [ 4.816334375853116, 52.162864761859424 ], [ 4.816327068597871, 52.162864726509412 ], [ 4.81632703985666, 52.162866973397762 ], [ 4.816323386228861, 52.162866955722635 ], [ 4.816323357487463, 52.162869202610906 ], [ 4.816319703859479, 52.162869184935637 ], [ 4.816319675117897, 52.162871431823994 ], [ 4.816316021489735, 52.162871414148569 ], [ 4.816315992747962, 52.162873661036926 ], [ 4.816308685491278, 52.162873625685805 ], [ 4.816308656749139, 52.162875872574162 ], [ 4.816301349492101, 52.162875837222494 ], [ 4.816301320749585, 52.162878084110865 ], [ 4.81628305260613, 52.162877995729879 ], [ 4.816283081349564, 52.162875748841572 ], [ 4.816279427721066, 52.162875731165002 ], [ 4.816279456464682, 52.16287348427668 ], [ 4.816275802836371, 52.16287346660004 ], [ 4.816275889067749, 52.162866725935082 ], [ 4.816272235439994, 52.162866708258314 ], [ 4.816272321671893, 52.162859967593334 ], [ 4.816268668044693, 52.162859949916481 ], [ 4.816268725532978, 52.162855456139802 ], [ 4.816265071906149, 52.162855438462842 ], [ 4.81626510065047, 52.162853191574484 ], [ 4.816261447023827, 52.162853173897417 ], [ 4.816261475768329, 52.162850927009075 ], [ 4.816254168515425, 52.162850891654578 ], [ 4.816254197260292, 52.16284864476625 ], [ 4.816224968250284, 52.16284850334366 ], [ 4.816224939503948, 52.162850750231989 ], [ 4.816217632251108, 52.162850714875191 ], [ 4.816217603504402, 52.162852961763527 ], [ 4.816188374491716, 52.162852820331878 ], [ 4.816188345743532, 52.162855067220171 ], [ 4.816177384863277, 52.162855014181439 ], [ 4.816177356114538, 52.162857261069732 ], [ 4.816170048860682, 52.16285722571002 ], [ 4.816170020111575, 52.162859472598321 ], [ 4.816155405603172, 52.162859401877505 ], [ 4.816155434353013, 52.162857154989211 ], [ 4.816144473472301, 52.162857101947424 ], [ 4.816144502222698, 52.162854855059145 ], [ 4.816111619582386, 52.162854695927635 ], [ 4.816111648334433, 52.162852449039349 ], [ 4.81610799470793, 52.162852431357486 ], [ 4.81610802346016, 52.162850184469264 ], [ 4.816100716207536, 52.162850149105218 ], [ 4.816100744960129, 52.162847902216939 ], [ 4.816097091334009, 52.162847884534749 ], [ 4.816097120086779, 52.162845637646463 ], [ 4.816089812834916, 52.16284560228177 ], [ 4.816089841588052, 52.162843355393498 ], [ 4.816067919833634, 52.162843249296721 ], [ 4.816067948587874, 52.162841002408491 ], [ 4.816064294962333, 52.162840984725278 ], [ 4.816064323716751, 52.162838737836992 ], [ 4.816057016466046, 52.162838702470268 ], [ 4.816057045220832, 52.162836455581974 ], [ 4.816046084345353, 52.16283640253107 ], [ 4.816046113100685, 52.162834155642784 ], [ 4.81603880585075, 52.162834120274972 ], [ 4.816038834606448, 52.162831873386672 ], [ 4.816035180981672, 52.162831855702606 ], [ 4.816035209737549, 52.162829608814334 ], [ 4.816005980740915, 52.162829467337531 ], [ 4.816006009498262, 52.162827220449238 ], [ 4.815998702249504, 52.162827185078918 ], [ 4.815998731007217, 52.162824938190674 ], [ 4.815995077383027, 52.162824920505308 ], [ 4.815995134898807, 52.162820426728814 ], [ 4.815991481274988, 52.162820409043377 ], [ 4.815991510033056, 52.162818162155112 ], [ 4.815987856409424, 52.162818144469547 ], [ 4.815987885167675, 52.162815897581311 ], [ 4.81598423154423, 52.162815879895632 ], [ 4.815984260302662, 52.162813633007381 ], [ 4.815980606679405, 52.162813615321575 ], [ 4.815980692955225, 52.162806874656816 ], [ 4.815984346577932, 52.162806892342608 ], [ 4.815984432853173, 52.162800151677814 ], [ 4.815988086475329, 52.162800169363493 ], [ 4.815988115233551, 52.162797922475249 ], [ 4.815991768855525, 52.162797940160758 ], [ 4.81599194140369, 52.162784458831155 ], [ 4.815970019678512, 52.162784352716237 ], [ 4.815970048437632, 52.162782105827993 ], [ 4.815966394816964, 52.162782088141718 ], [ 4.815966423576266, 52.162779841253482 ], [ 4.815962769955784, 52.162779823567142 ], [ 4.815962827474743, 52.162775329790627 ], [ 4.815959173854633, 52.162775312104195 ], [ 4.815959260133599, 52.162768571439408 ], [ 4.815951952894493, 52.162768536066181 ], [ 4.815951981654509, 52.162766289177924 ], [ 4.815948328035147, 52.162766271491179 ], [ 4.815948356795346, 52.1627640246029 ], [ 4.815893552508062, 52.162763759287699 ], [ 4.815893523745107, 52.162766006175914 ], [ 4.815875255648591, 52.162765917731875 ], [ 4.815875226884713, 52.162768164620118 ], [ 4.81586791964576, 52.162768129241684 ], [ 4.815867890881512, 52.162770376129934 ], [ 4.815860583642206, 52.162770340751059 ], [ 4.815860554877584, 52.162772587639303 ], [ 4.815856901257752, 52.162772569949652 ], [ 4.815856872492945, 52.162774816837896 ], [ 4.815845911632919, 52.162774763768383 ], [ 4.815845882867554, 52.162777010656619 ], [ 4.815816653906159, 52.162776869132983 ], [ 4.81581662513932, 52.162779116021191 ], [ 4.815805664278299, 52.162779062947934 ], [ 4.815805635510904, 52.162781309836177 ], [ 4.815798328269873, 52.162781274453408 ], [ 4.815798299502106, 52.162783521341645 ], [ 4.815794645881414, 52.162783503650083 ], [ 4.815794617113458, 52.162785750538291 ], [ 4.815790963492582, 52.162785732846658 ], [ 4.815790905956301, 52.162790226623059 ], [ 4.815787252335058, 52.162790208931284 ], [ 4.815787223566725, 52.162792455819485 ], [ 4.815783569945306, 52.162792438127617 ], [ 4.815783541176788, 52.16279468501579 ], [ 4.815779887555187, 52.162794667323794 ], [ 4.81577985878648, 52.162796914212031 ], [ 4.815776205164698, 52.162796896519872 ], [ 4.815776090089105, 52.162805884072704 ], [ 4.815772436466592, 52.162805866380431 ], [ 4.815772292621103, 52.162817100821407 ], [ 4.815768638997672, 52.162817083129042 ], [ 4.815768495151183, 52.162828317569982 ], [ 4.815764841526835, 52.162828299877503 ], [ 4.815764582601285, 52.162848521871091 ], [ 4.815760928975284, 52.162848504178527 ], [ 4.815760871435871, 52.162852997954865 ], [ 4.815757217809503, 52.162852980262159 ], [ 4.815757160269708, 52.16285747403851 ], [ 4.81575350664298, 52.162857456345648 ], [ 4.815753420332705, 52.16286419701018 ], [ 4.815749766705429, 52.162864179317246 ], [ 4.81574956531339, 52.162879907534347 ], [ 4.815745911684829, 52.162879889841285 ], [ 4.815745796602852, 52.16288887739389 ], [ 4.815742142973557, 52.162888859700701 ], [ 4.815741941578684, 52.162904587917744 ], [ 4.815738287948106, 52.162904570224448 ], [ 4.815738259177211, 52.162906817112599 ], [ 4.81573460554645, 52.162906799419183 ], [ 4.81573457677537, 52.162909046307291 ], [ 4.815727269513493, 52.162909010920153 ], [ 4.815727211970588, 52.162913504696469 ], [ 4.815723558339283, 52.162913487002697 ], [ 4.815723472024347, 52.162920227667101 ], [ 4.815719818392496, 52.162920209973201 ], [ 4.815719732076976, 52.162926950637612 ], [ 4.815716078444577, 52.162926932943627 ], [ 4.815715992128474, 52.162933673607988 ], [ 4.815719645761428, 52.162933691301973 ], [ 4.815719616989569, 52.162935938190124 ], [ 4.815723270622707, 52.162935955883995 ], [ 4.815723241851033, 52.162938202772111 ], [ 4.815730549117684, 52.162938238159533 ], [ 4.815730520346374, 52.162940485047649 ], [ 4.815734173979892, 52.162940502741229 ], [ 4.815734145208761, 52.162942749629352 ], [ 4.815737798842466, 52.162942767322797 ], [ 4.815737770071514, 52.162945014210884 ], [ 4.815745077339299, 52.162945049597411 ], [ 4.815745048568711, 52.162947296485534 ], [ 4.815752355836879, 52.162947331871628 ], [ 4.815752327066659, 52.162949578759743 ], [ 4.815759634335206, 52.162949614145376 ], [ 4.815759605565352, 52.162951861033491 ], [ 4.815766912834279, 52.162951896418676 ], [ 4.815766884064785, 52.162954143306806 ], [ 4.815777844968757, 52.162954196383723 ], [ 4.815777816199814, 52.162956443271845 ], [ 4.815803391643816, 52.162956567114016 ], [ 4.815803362876158, 52.16295881400216 ], [ 4.815810670146269, 52.162958849384609 ], [ 4.815810641378976, 52.16296109627276 ], [ 4.815821602284722, 52.162961149345598 ], [ 4.815821573517977, 52.162963396233756 ], [ 4.815843495330664, 52.1629635023764 ], [ 4.815843466565019, 52.162965749264579 ], [ 4.815850773836306, 52.162965784644548 ], [ 4.815850745071027, 52.162968031532699 ], [ 4.815858052342699, 52.162968066912214 ], [ 4.815858023577786, 52.162970313800393 ], [ 4.815865330849836, 52.162970349179496 ], [ 4.815865302085287, 52.162972596067611 ], [ 4.81587260935772, 52.16297263144623 ], [ 4.815872580593534, 52.162974878334396 ], [ 4.815883541502763, 52.162974931401521 ], [ 4.815883512739124, 52.162977178289658 ], [ 4.815890820012328, 52.16297721366719 ], [ 4.815890791249053, 52.162979460555313 ], [ 4.815894444885846, 52.162979478243891 ], [ 4.815894416122751, 52.162981725132063 ], [ 4.815901723396711, 52.162981760508906 ], [ 4.815901694633984, 52.162984007397078 ], [ 4.815916309182676, 52.16298407814935 ], [ 4.815916280420682, 52.162986325037565 ], [ 4.815923587695418, 52.162986360413036 ], [ 4.815923558933785, 52.16298860730118 ], [ 4.815927212571342, 52.162988624988756 ], [ 4.815927183809895, 52.162990871876907 ], [ 4.815938144723135, 52.162990924938946 ], [ 4.815938115962235, 52.162993171827139 ], [ 4.815963691427871, 52.162993295634578 ], [ 4.815963662668252, 52.162995542522765 ], [ 4.815974623582697, 52.162995595581378 ], [ 4.815974594823628, 52.162997842469579 ], [ 4.815985555738656, 52.162997895527198 ], [ 4.815985526980135, 52.16300014241537 ], [ 4.816003795172836, 52.163000230842492 ], [ 4.816003766415229, 52.163002477730686 ], [ 4.816018380970186, 52.163002548470374 ], [ 4.816018352213316, 52.163004795358553 ], [ 4.816029313130119, 52.16300484841215 ], [ 4.816029284373797, 52.163007095300337 ], [ 4.816032938012922, 52.163007112984616 ], [ 4.816032909256783, 52.163009359872838 ], [ 4.816036562896093, 52.163009377556975 ], [ 4.816036534140134, 52.163011624445161 ], [ 4.816043841419136, 52.16301165981325 ], [ 4.81604381266354, 52.163013906701444 ], [ 4.816047466303232, 52.163013924385268 ], [ 4.816047437547815, 52.163016171273497 ], [ 4.816051091187692, 52.163016188957201 ], [ 4.816051062432459, 52.163018435845409 ], [ 4.81605836971259, 52.163018471212546 ], [ 4.81605834095772, 52.163020718100739 ], [ 4.816072955518762, 52.163020788833641 ], [ 4.816072926764625, 52.163023035721857 ], [ 4.816083887685994, 52.163023088770345 ], [ 4.816083858932406, 52.163025335658567 ], [ 4.816094819854357, 52.16302538870606 ], [ 4.816094791101317, 52.163027635594268 ], [ 4.816113059305551, 52.163027724004479 ], [ 4.816113030553429, 52.163029970892701 ], [ 4.816134952399728, 52.163030076981222 ], [ 4.816134923648706, 52.163032323869452 ], [ 4.816149538213709, 52.163032394592896 ], [ 4.816149509463417, 52.163034641481133 ], [ 4.816167777670666, 52.163034729882853 ], [ 4.81616774892129, 52.16303697677111 ], [ 4.816175056204583, 52.163037012130992 ], [ 4.816175027455573, 52.163039259019264 ], [ 4.816182334739244, 52.163039294378684 ], [ 4.816182305990599, 52.163041541266921 ], [ 4.816185959632624, 52.163041558946475 ], [ 4.816185930884158, 52.163043805834711 ], [ 4.81618958452637, 52.163043823514194 ], [ 4.816189555778087, 52.163046070402387 ], [ 4.816196863062888, 52.163046105760969 ], [ 4.81619683431497, 52.163048352649206 ], [ 4.816204141600155, 52.163048388007311 ], [ 4.816204112852599, 52.163050634895534 ], [ 4.816207766495381, 52.163050652574434 ], [ 4.816207737748006, 52.163052899462649 ], [ 4.816211391390975, 52.163052917141464 ], [ 4.816211362643782, 52.1630551640297 ], [ 4.81622232357326, 52.163055217065335 ], [ 4.816222294826613, 52.163057463953578 ], [ 4.816225948469961, 52.163057481631874 ], [ 4.816225919723498, 52.163059728520118 ], [ 4.816233227010575, 52.163059763876447 ], [ 4.816233198264475, 52.163062010764655 ] ], [ [ 4.81614625832832, 52.163003167365211 ], [ 4.816146287078747, 52.163000920476968 ], [ 4.816113404330777, 52.163000761345849 ], [ 4.81611343308286, 52.162998514457627 ], [ 4.816022092122298, 52.16299807237862 ], [ 4.816022120878974, 52.162995825490412 ], [ 4.816018467240778, 52.162995807805771 ], [ 4.816018582268188, 52.162986820252989 ], [ 4.816022235905647, 52.162986837937652 ], [ 4.816022322175617, 52.162980097273 ], [ 4.816018668538709, 52.16298007958838 ], [ 4.816018697295543, 52.162977832700179 ], [ 4.816015043658822, 52.162977815015459 ], [ 4.816015072415838, 52.162975568127266 ], [ 4.816011418779305, 52.162975550442418 ], [ 4.816011447536499, 52.16297330355421 ], [ 4.816000486627472, 52.162973250498958 ], [ 4.816000515385217, 52.162971003610785 ], [ 4.815989554476773, 52.162970950554545 ], [ 4.815989583235065, 52.162968703666344 ], [ 4.815982275963154, 52.162968668294994 ], [ 4.815982304721812, 52.162966421406765 ], [ 4.815974997450281, 52.162966386034931 ], [ 4.815975026209303, 52.162964139146744 ], [ 4.815964065302585, 52.162964086088166 ], [ 4.815964094062155, 52.162961839199944 ], [ 4.815953133156016, 52.162961786140379 ], [ 4.815953161916136, 52.162959539252164 ], [ 4.815923932834726, 52.162959397754896 ], [ 4.815923961596313, 52.16295715086671 ], [ 4.815920307961338, 52.16295713317907 ], [ 4.815920336723105, 52.16295488629089 ], [ 4.815916683088313, 52.162954868603101 ], [ 4.815916740612206, 52.162950374826721 ], [ 4.815913086977787, 52.162950357138833 ], [ 4.815913202026271, 52.162941369586107 ], [ 4.815905894758917, 52.162941334210018 ], [ 4.815905981046346, 52.162934593545458 ], [ 4.815920595578865, 52.162934664297204 ], [ 4.815920566817127, 52.16293691118539 ], [ 4.815986332217427, 52.162937229545904 ], [ 4.815986303458995, 52.162939476434076 ], [ 4.81600091799328, 52.16293954717591 ], [ 4.816000889235585, 52.162941794064096 ], [ 4.816008196503113, 52.162941829434324 ], [ 4.81600816774578, 52.162944076322539 ], [ 4.816011821379733, 52.162944094007479 ], [ 4.816011792622582, 52.162946340895672 ], [ 4.816015446256723, 52.162946358580555 ], [ 4.81601541749975, 52.162948605468728 ], [ 4.816019071134079, 52.162948623153454 ], [ 4.816019013620497, 52.162953116929884 ], [ 4.816033628159313, 52.162953187667625 ], [ 4.816033656915374, 52.162950940779425 ], [ 4.816037310549901, 52.162950958463583 ], [ 4.81603733930577, 52.162948711575353 ], [ 4.816062914746277, 52.162948835361227 ], [ 4.816062885991697, 52.162951082249485 ], [ 4.816070193260811, 52.162951117615854 ], [ 4.816070164506593, 52.162953364504105 ], [ 4.816077471776087, 52.162953399870013 ], [ 4.816077443022236, 52.162955646758284 ], [ 4.816092057562001, 52.162955717488778 ], [ 4.81609202880888, 52.162957964377007 ], [ 4.816099336079153, 52.1629579997416 ], [ 4.816099307326398, 52.162960246629858 ], [ 4.816102960961721, 52.162960264311963 ], [ 4.816102903456567, 52.162964758088414 ], [ 4.816106557092263, 52.162964775770455 ], [ 4.816106528339866, 52.162967022658698 ], [ 4.816113835611636, 52.16296705802236 ], [ 4.816113806859601, 52.162969304910597 ], [ 4.816117460495676, 52.162969322592261 ], [ 4.816117431743823, 52.162971569480547 ], [ 4.816139353561439, 52.162971675568208 ], [ 4.816139296059933, 52.162976169344716 ], [ 4.816142949696582, 52.162976187025549 ], [ 4.816142892195429, 52.162980680802043 ], [ 4.81614654583245, 52.162980698482819 ], [ 4.816146517082052, 52.16298294537107 ], [ 4.816153824356471, 52.162982980732274 ], [ 4.816153795606436, 52.16298522762051 ], [ 4.816157449243835, 52.162985245300995 ], [ 4.816157305494539, 52.162996479742176 ], [ 4.816171920047847, 52.162996550462829 ], [ 4.816171833800436, 52.163003291127573 ], [ 4.81614625832832, 52.163003167365211 ] ], [ [ 4.816008397804347, 52.162926101216804 ], [ 4.816008570348131, 52.162912619887472 ], [ 4.816012223979509, 52.162912637572404 ], [ 4.81601225273661, 52.162910390684139 ], [ 4.816026867261417, 52.162910461422697 ], [ 4.816026838505056, 52.162912708310984 ], [ 4.816034145767849, 52.162912743679563 ], [ 4.816034001987808, 52.162923978120716 ], [ 4.816026694723172, 52.162923942752109 ], [ 4.816026665966787, 52.162926189640324 ], [ 4.816008397804347, 52.162926101216804 ] ], [ [ 4.815946890021067, 52.162878615903217 ], [ 4.815947005062498, 52.162869628350315 ], [ 4.815950658690324, 52.162869646037137 ], [ 4.81595068745049, 52.162867399148922 ], [ 4.81596530196109, 52.162867469895076 ], [ 4.815965158163906, 52.162878704336222 ], [ 4.815946890021067, 52.162878615903217 ] ] ] } },
{ "type": "Feature", "properties": { "class": "parcel", "raw_confidence": 0.4014, "source_tile_id": "tile-110000-460000", "was_valid": true, "area_m2": 721.68315691023088 }, "geometry": { "type": "Polygon", "coordinates": [ [ [ 4.80640420548725, 52.163348851302331 ], [ 4.806426127459898, 52.163348959195126 ], [ 4.806426156700116, 52.163346712310165 ], [ 4.806433464023993, 52.163346748273547 ], [ 4.806433493263838, 52.163344501388544 ], [ 4.806437146925596, 52.163344519370035 ], [ 4.806437176165255, 52.163342272485067 ], [ 4.806444483488414, 52.163342308447717 ], [ 4.806444512727699, 52.163340061562728 ], [ 4.806451820050507, 52.163340097524951 ], [ 4.806451849289425, 52.163337850639984 ], [ 4.806455502950647, 52.163337868620907 ], [ 4.806455532189375, 52.163335621735889 ], [ 4.806459185850416, 52.163335639716728 ], [ 4.80645921508896, 52.16333339283171 ], [ 4.806466522410689, 52.16333342879301 ], [ 4.806466551648858, 52.163331181908063 ], [ 4.806470205309544, 52.163331199888518 ], [ 4.806470234547525, 52.163328953003493 ], [ 4.80647388820803, 52.163328970983848 ], [ 4.806473917445825, 52.163326724098866 ], [ 4.806481224766479, 52.163326760059277 ], [ 4.806481254003901, 52.163324513174246 ], [ 4.806484907664048, 52.163324531154267 ], [ 4.806484936901284, 52.163322284269256 ], [ 4.806492244221221, 52.163322320228943 ], [ 4.806492273458085, 52.163320073343947 ], [ 4.806495927117875, 52.163320091323641 ], [ 4.806495956354552, 52.163317844438602 ], [ 4.80649961001416, 52.163317862418161 ], [ 4.806499639250652, 52.163315615533143 ], [ 4.806503292910079, 52.163315633512617 ], [ 4.806503351382683, 52.163311139742547 ], [ 4.806507005041745, 52.163311157721907 ], [ 4.806507034277858, 52.163308910836861 ], [ 4.806514341595629, 52.163308946795219 ], [ 4.806514370831366, 52.163306699910194 ], [ 4.806518024490073, 52.163306717889171 ], [ 4.806518053725626, 52.163304471004196 ], [ 4.806521707384151, 52.163304488983051 ], [ 4.806521736619518, 52.163302242098005 ], [ 4.806525390277862, 52.163302260076762 ], [ 4.80652541951304, 52.163300013191737 ], [ 4.806529073171203, 52.163300031170394 ], [ 4.806529131641183, 52.163295537400295 ], [ 4.80653278529898, 52.163295555378852 ], [ 4.80653284376858, 52.163291061608774 ], [ 4.806536497426015, 52.163291079587189 ], [ 4.806536526660626, 52.163288832702179 ], [ 4.806547487632399, 52.163288886636749 ], [ 4.806547516866452, 52.163286639751711 ], [ 4.806551170523532, 52.163286657729671 ], [ 4.806551199757401, 52.163284410844632 ], [ 4.8065548534143, 52.163284428822486 ], [ 4.806554911881655, 52.163279935052373 ], [ 4.80655856553819, 52.163279953030091 ], [ 4.806558594771678, 52.163277706145045 ], [ 4.806562248428034, 52.163277724122665 ], [ 4.806562306894635, 52.163273230352551 ], [ 4.806565960550626, 52.1632732483301 ], [ 4.806565989783735, 52.163271001445011 ], [ 4.806569643439544, 52.163271019422382 ], [ 4.806569672672467, 52.163268772537357 ], [ 4.806573326328095, 52.163268790514628 ], [ 4.806573355560833, 52.163266543629533 ], [ 4.806577009216282, 52.163266561606733 ], [ 4.80657703844883, 52.163264314721673 ], [ 4.806580692104097, 52.163264332698695 ], [ 4.806580750568815, 52.163259838928589 ], [ 4.806584404223719, 52.163259856905512 ], [ 4.806584433455891, 52.163257610020437 ], [ 4.806588087110613, 52.16325762799724 ], [ 4.806588116342594, 52.163255381112201 ], [ 4.806591769997137, 52.163255399088875 ], [ 4.806591799228934, 52.163253152203808 ], [ 4.806595452883295, 52.163253170180397 ], [ 4.806595482114904, 52.163250923295351 ], [ 4.806602789423269, 52.163250959248167 ], [ 4.806602818654506, 52.163248712363078 ], [ 4.806606472308508, 52.163248730339348 ], [ 4.80660650153956, 52.163246483454294 ], [ 4.806610155193381, 52.163246501430422 ], [ 4.806610184424244, 52.163244254545326 ], [ 4.806613838077888, 52.163244272521361 ], [ 4.806613896539232, 52.163239778751148 ], [ 4.806617550192509, 52.163239796727041 ], [ 4.806617608653475, 52.163235302956878 ], [ 4.806621262306388, 52.163235320932678 ], [ 4.806621291536683, 52.163233074047589 ], [ 4.806624945189414, 52.163233092023241 ], [ 4.806624974419522, 52.163230845138187 ], [ 4.806628628072073, 52.163230863113739 ], [ 4.806628715761819, 52.163224122458452 ], [ 4.806632369413822, 52.16322414043389 ], [ 4.80663263248122, 52.1632039184679 ], [ 4.806636286131573, 52.163203936443239 ], [ 4.806636373820092, 52.163197195787887 ], [ 4.806640027469895, 52.163197213763119 ], [ 4.806640465909277, 52.16316351048625 ], [ 4.806644119556323, 52.16316352846134 ], [ 4.806644324159819, 52.163147800265421 ], [ 4.806647977805582, 52.163147818240347 ], [ 4.806648328551838, 52.163120855618644 ], [ 4.806644674908283, 52.16312083764371 ], [ 4.806645142572144, 52.163084887481247 ], [ 4.806648796212754, 52.163084905456138 ], [ 4.806649000814131, 52.163069177259992 ], [ 4.806652654453457, 52.16306919523479 ], [ 4.806652917510473, 52.163048973268225 ], [ 4.806656571148144, 52.163048991242881 ], [ 4.806656658833203, 52.163042250587345 ], [ 4.80666031247033, 52.163042268561902 ], [ 4.806660546295533, 52.163024293480419 ], [ 4.806664199931189, 52.163024311454862 ], [ 4.806664346070909, 52.163013077028879 ], [ 4.80666799970565, 52.163013095003208 ], [ 4.806668116616629, 52.163004107462406 ], [ 4.806671770250635, 52.163004125436643 ], [ 4.806671857933286, 52.162997384781015 ], [ 4.806675511566746, 52.162997402755103 ], [ 4.806675599248811, 52.162990662099503 ], [ 4.806679252881719, 52.162990680073442 ], [ 4.806679340563204, 52.162983939417821 ], [ 4.806682994195565, 52.162983957391688 ], [ 4.806683023422535, 52.162981710506465 ], [ 4.806686677054716, 52.16298172848019 ], [ 4.806686706281499, 52.162979481595009 ], [ 4.8066903599135, 52.162979499568642 ], [ 4.806690389140094, 52.162977252683419 ], [ 4.806694042771916, 52.162977270656917 ], [ 4.806694101224729, 52.162972776886491 ], [ 4.806697754856183, 52.162972794859868 ], [ 4.806697784082401, 52.162970547974645 ], [ 4.806705091344956, 52.162970583921094 ], [ 4.806705149796644, 52.162966090150654 ], [ 4.806708803427557, 52.162966108123697 ], [ 4.806708832653211, 52.162963861238467 ], [ 4.806712486283947, 52.162963879211418 ], [ 4.806712544734877, 52.162959385440978 ], [ 4.806716198365247, 52.162959403413794 ], [ 4.806716286041068, 52.162952662758094 ], [ 4.806719939670888, 52.162952680730783 ], [ 4.806719968895972, 52.162950433845531 ], [ 4.80672362252561, 52.162950451818098 ], [ 4.806723680975396, 52.162945958047644 ], [ 4.806727334604673, 52.162945976020154 ], [ 4.806727393054079, 52.162941482249657 ], [ 4.80673104668299, 52.162941500222004 ], [ 4.806731134356522, 52.162934759566248 ], [ 4.806734787984883, 52.16293477753851 ], [ 4.80673484643352, 52.162930283768006 ], [ 4.806738500061518, 52.162930301740147 ], [ 4.806738850750844, 52.162903339117072 ], [ 4.806735197125056, 52.162903321144924 ], [ 4.806735314022125, 52.162894333603909 ], [ 4.806731660397075, 52.162894315631682 ], [ 4.806731952641349, 52.162871846779012 ], [ 4.806735606264561, 52.162871864751217 ], [ 4.806735840058265, 52.162853889668995 ], [ 4.806739493680007, 52.162853907641093 ], [ 4.806739698248034, 52.162838179444087 ], [ 4.806743351868491, 52.16283819741605 ], [ 4.80674349798749, 52.162826962989641 ], [ 4.806747151607032, 52.162826980961491 ], [ 4.806747268501431, 52.162817993420276 ], [ 4.80675092212024, 52.162818011392012 ], [ 4.806751009790453, 52.162811270736093 ], [ 4.806754663408713, 52.162811288707701 ], [ 4.80675478030155, 52.162802301166494 ], [ 4.806758433919077, 52.162802319138002 ], [ 4.806758492365106, 52.162797825367413 ], [ 4.806762145982268, 52.162797843338772 ], [ 4.806762321319168, 52.162784362026891 ], [ 4.806758667703109, 52.16278434405551 ], [ 4.8067586969261, 52.162782097170201 ], [ 4.806755043310226, 52.162782079198692 ], [ 4.806755072533395, 52.16277983231339 ], [ 4.806751418917711, 52.162779814341768 ], [ 4.806751448141062, 52.16277756745648 ], [ 4.80674414091007, 52.162777531512965 ], [ 4.806744170133786, 52.162775284627614 ], [ 4.806736862903175, 52.162775248683637 ], [ 4.806736892127257, 52.162773001798357 ], [ 4.806729584897026, 52.162772965853904 ], [ 4.806729614121472, 52.162770718968574 ], [ 4.806714999661793, 52.162770647078347 ], [ 4.806715028886968, 52.162768400193066 ], [ 4.806678492739845, 52.162768220459597 ], [ 4.806678463512831, 52.162770467344899 ], [ 4.806671156283079, 52.162770431396851 ], [ 4.806671127055691, 52.162772678282124 ], [ 4.806667473440637, 52.162772660307951 ], [ 4.806667444213061, 52.162774907193217 ], [ 4.806663790597826, 52.162774889218937 ], [ 4.806663761370064, 52.162777136104182 ], [ 4.806660107754648, 52.162777118129767 ], [ 4.806660049298746, 52.162781611900336 ], [ 4.806656395682965, 52.162781593925786 ], [ 4.806656366454823, 52.16278384081108 ], [ 4.806652712838864, 52.162783822836438 ], [ 4.806652654382203, 52.162788316606971 ], [ 4.806649000765878, 52.162788298632208 ], [ 4.80664894230884, 52.162792792402769 ], [ 4.80664528869215, 52.162792774427928 ], [ 4.806645201006011, 52.162799515083734 ], [ 4.806641547388773, 52.162799497108708 ], [ 4.806641459702055, 52.162806237764499 ], [ 4.806637806084264, 52.162806219789381 ], [ 4.806637689167855, 52.162815207330468 ], [ 4.806634035549338, 52.162815189355221 ], [ 4.806633918632134, 52.162824176896237 ], [ 4.806630265012885, 52.162824158920905 ], [ 4.806630148094893, 52.162833146461914 ], [ 4.806626494474908, 52.162833128486461 ], [ 4.806626172948129, 52.162857844224185 ], [ 4.806622519326124, 52.16285782624859 ], [ 4.806622460866301, 52.162862320019059 ], [ 4.80661880724393, 52.162862302043344 ], [ 4.806618748783724, 52.162866795813834 ], [ 4.806615095160987, 52.162866777838005 ], [ 4.806615036700397, 52.162871271608473 ], [ 4.806611383077299, 52.162871253632538 ], [ 4.806611353846817, 52.162873500517755 ], [ 4.806607700223537, 52.162873482541706 ], [ 4.806607612531514, 52.162880223197376 ], [ 4.806603958907685, 52.162880205221185 ], [ 4.806603841984204, 52.162889192762123 ], [ 4.806600188359647, 52.162889174785811 ], [ 4.806600100666448, 52.162895915441482 ], [ 4.806596447041337, 52.162895897465091 ], [ 4.806596388578821, 52.162900391235496 ], [ 4.806592734953347, 52.162900373258992 ], [ 4.8065927057219, 52.162902620144202 ], [ 4.806589052096246, 52.16290260216757 ], [ 4.806588935169687, 52.162911589708393 ], [ 4.8065852815433, 52.162911571731648 ], [ 4.80658519384779, 52.162918312387248 ], [ 4.806581540220857, 52.162918294410368 ], [ 4.806581452524767, 52.162925035065996 ], [ 4.806577798897282, 52.162925017089016 ], [ 4.80657768196838, 52.162934004629811 ], [ 4.806574028340164, 52.162933986652703 ], [ 4.806573852945601, 52.162947467963853 ], [ 4.806570199316286, 52.162947449986618 ], [ 4.806570111618408, 52.162954190642203 ], [ 4.806566457988541, 52.162954172664875 ], [ 4.806566399522905, 52.162958666435244 ], [ 4.806562745892675, 52.162958648457739 ], [ 4.806562716659668, 52.16296089534297 ], [ 4.806559063029258, 52.162960877365343 ], [ 4.806559004562866, 52.162965371135741 ], [ 4.80655535093209, 52.162965353158029 ], [ 4.806555292465315, 52.162969846928384 ], [ 4.806551638834176, 52.162969828950594 ], [ 4.80655158036702, 52.162974322720942 ], [ 4.806547926735517, 52.162974304743017 ], [ 4.806547868267979, 52.162978798513358 ], [ 4.806544214636109, 52.162978780535319 ], [ 4.80654415616819, 52.162983274305645 ], [ 4.806540502535959, 52.162983256327522 ], [ 4.806540414833502, 52.162989996983015 ], [ 4.806536761200719, 52.162989979004735 ], [ 4.806536731966378, 52.162992225889894 ], [ 4.806533078333414, 52.162992207911508 ], [ 4.806533019864352, 52.162996701681813 ], [ 4.806529366231024, 52.162996683703312 ], [ 4.806529336996305, 52.162998930588493 ], [ 4.806525683362795, 52.162998912609865 ], [ 4.80652559565806, 52.163005653265344 ], [ 4.806521942024006, 52.163005635286616 ], [ 4.806521795848457, 52.163016869712344 ], [ 4.806518142213486, 52.163016851733481 ], [ 4.806518025272251, 52.163025839274077 ], [ 4.806514371636547, 52.163025821295136 ], [ 4.806514283930035, 52.163032561950551 ], [ 4.806510630293783, 52.163032543971461 ], [ 4.806510571822387, 52.163037037741717 ], [ 4.80650691818577, 52.163037019762541 ], [ 4.806506830478101, 52.163043760417935 ], [ 4.806503176840933, 52.163043742438603 ], [ 4.806503147604854, 52.163045989323749 ], [ 4.806499493967509, 52.163045971344317 ], [ 4.806499435494969, 52.16305046511458 ], [ 4.806495781857256, 52.163050447135028 ], [ 4.806495723384338, 52.163054940905269 ], [ 4.806492069746264, 52.163054922925646 ], [ 4.806492040509612, 52.163057169810735 ], [ 4.806488386871356, 52.163057151830976 ], [ 4.806488357634521, 52.163059398716079 ], [ 4.806484703996083, 52.1630593807362 ], [ 4.806484674759059, 52.163061627621325 ], [ 4.806481021120442, 52.163061609641318 ], [ 4.80648099188323, 52.163063856526406 ], [ 4.80647733824443, 52.163063838546307 ], [ 4.806477279769632, 52.16306833231652 ], [ 4.806473626130467, 52.1630683143363 ], [ 4.80647359689288, 52.163070561221431 ], [ 4.806469943253533, 52.163070543241041 ], [ 4.806469914015759, 52.163072790126144 ], [ 4.806466260376233, 52.163072772145725 ], [ 4.806466201900304, 52.163077265915923 ], [ 4.806462548260415, 52.163077247935377 ], [ 4.806462489784101, 52.163081741705533 ], [ 4.806458836143848, 52.163081723724886 ], [ 4.806458777667153, 52.163086217495071 ], [ 4.806455124026535, 52.16308619951424 ], [ 4.806455065549462, 52.163090693284474 ], [ 4.806451411908477, 52.163090675303508 ], [ 4.806451294953548, 52.163099662843919 ], [ 4.806447641311835, 52.163099644862882 ], [ 4.806447524356116, 52.163108632403201 ], [ 4.806443870713666, 52.163108614422086 ], [ 4.806443812235422, 52.163113108192249 ], [ 4.80644015859261, 52.163113090210956 ], [ 4.806440129353296, 52.163115337096059 ], [ 4.806436475710304, 52.163115319114617 ], [ 4.806436417231303, 52.163119812884837 ], [ 4.806432763587941, 52.163119794903331 ], [ 4.80643267586886, 52.163126535558547 ], [ 4.806429022224956, 52.163126517576906 ], [ 4.806428876025496, 52.163137752002285 ], [ 4.806425222380674, 52.163137734020566 ], [ 4.806424813019161, 52.163169190411452 ], [ 4.806421159371767, 52.163169172429583 ], [ 4.806420925449134, 52.163187147509994 ], [ 4.806417271800272, 52.163187129528005 ], [ 4.806417184078674, 52.163193870183122 ], [ 4.806413530429264, 52.163193852201054 ], [ 4.806413413466352, 52.163202839741203 ], [ 4.806409759816208, 52.163202821759 ], [ 4.806409672093439, 52.163209562414082 ], [ 4.806406018442746, 52.163209544431751 ], [ 4.806405872237141, 52.163220778856925 ], [ 4.806402218585532, 52.163220760874459 ], [ 4.80640210162025, 52.163229748414572 ], [ 4.806398447967909, 52.163229730431986 ], [ 4.806398360243358, 52.163236471087068 ], [ 4.806394706590468, 52.163236453104354 ], [ 4.806394677348762, 52.163238699989407 ], [ 4.80639102369569, 52.163238682006558 ], [ 4.806390994453795, 52.163240928891604 ], [ 4.806387340800542, 52.163240910908655 ], [ 4.806387311558463, 52.163243157793687 ], [ 4.806383657905031, 52.163243139810632 ], [ 4.806383570178213, 52.163249880465656 ], [ 4.806379916524232, 52.163249862482544 ], [ 4.806379858039304, 52.163254356252558 ], [ 4.806376204384959, 52.163254338269283 ], [ 4.806376145899647, 52.163258832039311 ], [ 4.806372492244936, 52.163258814055901 ], [ 4.806372463002094, 52.163261060940918 ], [ 4.806368809347201, 52.163261042957409 ], [ 4.806368750861132, 52.16326553672743 ], [ 4.806365097205879, 52.163265518743799 ], [ 4.80636503871943, 52.163270012513784 ], [ 4.806361385063809, 52.163269994530076 ], [ 4.806361121872968, 52.163290216495007 ], [ 4.806357468215695, 52.163290198511163 ], [ 4.806357409728435, 52.163294692281141 ], [ 4.806353756070798, 52.163294674297177 ], [ 4.806353580607832, 52.163308155607055 ], [ 4.806349926949097, 52.163308137622977 ], [ 4.806349722240862, 52.163323865817802 ], [ 4.806353375900888, 52.163323883801915 ], [ 4.806353346657027, 52.163326130686883 ], [ 4.806357000317238, 52.163326148670883 ], [ 4.806356941829868, 52.163330642440833 ], [ 4.806360595490456, 52.163330660424734 ], [ 4.806360566246949, 52.163332907309659 ], [ 4.806367873568495, 52.163332943277126 ], [ 4.806367844325353, 52.163335190162066 ], [ 4.806371497986317, 52.163335208145654 ], [ 4.806371468743355, 52.163337455030579 ], [ 4.806375122404503, 52.163337473014039 ], [ 4.806375093161726, 52.163339719899014 ], [ 4.80637874682306, 52.163339737882303 ], [ 4.806378717580464, 52.163341984767328 ], [ 4.806382371241988, 52.163342002750511 ], [ 4.80638234199957, 52.163344249635529 ], [ 4.806396956646434, 52.16334432156718 ], [ 4.806396927404752, 52.163346568452198 ], [ 4.80640423472857, 52.163346604417349 ], [ 4.80640420548725, 52.163348851302331 ] ] ] } },
{ "type": "Feature", "properties": { "class": "parcel", "raw_confidence": 0.4031, "source_tile_id": "tile-110000-460000", "was_valid": true, "area_m2": 39.114617741192809 }, "geometry": { "type": "Polygon", "coordinates": [ [ [ 4.807342516475763, 52.162843390173443 ], [ 4.807364438203019, 52.162843497891537 ], [ 4.807364467395554, 52.162841251006064 ], [ 4.807368121016587, 52.16284126895868 ], [ 4.807368150208935, 52.162839022073172 ], [ 4.807371803829789, 52.162839040025659 ], [ 4.80737183302195, 52.162836793140215 ], [ 4.807375486642627, 52.162836811092589 ], [ 4.8073755158346, 52.16283456420711 ], [ 4.807379169455094, 52.162834582159377 ], [ 4.807379198646879, 52.16283233527389 ], [ 4.807382852267193, 52.162832353226072 ], [ 4.807382939841972, 52.162825612569549 ], [ 4.80738659346174, 52.162825630521617 ], [ 4.807386651844541, 52.162821136750608 ], [ 4.807390305463944, 52.162821154702542 ], [ 4.807390363846366, 52.162816660931512 ], [ 4.807394017465403, 52.162816678883324 ], [ 4.807394075847441, 52.162812185112337 ], [ 4.807397729466112, 52.162812203064043 ], [ 4.80739778784777, 52.162807709293027 ], [ 4.807401441466078, 52.162807727244598 ], [ 4.807401499847354, 52.162803233473547 ], [ 4.807405153465298, 52.162803251425018 ], [ 4.807405182655747, 52.16280100453951 ], [ 4.80740883627351, 52.162801022490882 ], [ 4.807409040605271, 52.162785294292227 ], [ 4.807405386988797, 52.16278527634087 ], [ 4.807405445369636, 52.162780782569818 ], [ 4.807401791753534, 52.162780764618375 ], [ 4.807401850134728, 52.162776270847345 ], [ 4.807398196518995, 52.162776252895746 ], [ 4.807398488426609, 52.162753784040461 ], [ 4.8074021420405, 52.162753801992018 ], [ 4.807402200421614, 52.162749308220945 ], [ 4.807405854035143, 52.162749326172403 ], [ 4.807405999986949, 52.162738091744693 ], [ 4.807409653599561, 52.162738109696029 ], [ 4.807409857930654, 52.162722381497169 ], [ 4.807398897096697, 52.162722327642918 ], [ 4.807398867905997, 52.162724574528468 ], [ 4.8073952142945, 52.162724556576798 ], [ 4.807395185103615, 52.162726803462363 ], [ 4.807391531491937, 52.162726785510607 ], [ 4.807391502300865, 52.162729032396136 ], [ 4.807387848689006, 52.162729014444281 ], [ 4.807387790306482, 52.162733508215346 ], [ 4.807384136694256, 52.162733490263321 ], [ 4.807384107502807, 52.162735737148871 ], [ 4.807380453890401, 52.162735719196746 ], [ 4.807380366315477, 52.162742459853362 ], [ 4.807376712702522, 52.162742441901109 ], [ 4.807376654318855, 52.162746935672196 ], [ 4.807373000705536, 52.162746917719836 ], [ 4.807372971513515, 52.162749164605358 ], [ 4.807369317900017, 52.162749146652899 ], [ 4.807369288707807, 52.162751393538421 ], [ 4.807365635094127, 52.162751375585856 ], [ 4.807365547516921, 52.162758116242415 ], [ 4.807361893902697, 52.162758098289729 ], [ 4.807361747939699, 52.162769332717311 ], [ 4.807358094324557, 52.16276931476451 ], [ 4.807358035938967, 52.162773808535547 ], [ 4.807354382323459, 52.162773790582619 ], [ 4.807354294744496, 52.162780531239115 ], [ 4.807350641128441, 52.162780513286066 ], [ 4.807350553548896, 52.162787253942589 ], [ 4.807346899932289, 52.162787235989441 ], [ 4.807346695578613, 52.162802964187946 ], [ 4.807343041960725, 52.162802946234663 ], [ 4.807342954379974, 52.162809686891144 ], [ 4.807339300761534, 52.162809668937712 ], [ 4.807339242373983, 52.162814162708727 ], [ 4.807335588755182, 52.162814144755238 ], [ 4.807335471979301, 52.162823132297184 ], [ 4.807331818359767, 52.162823114343531 ], [ 4.807331730777268, 52.16282985499997 ], [ 4.807335384397358, 52.162829872953644 ], [ 4.807335326009377, 52.162834366724603 ], [ 4.807338979629833, 52.162834384678128 ], [ 4.807338950436023, 52.162836631563614 ], [ 4.807342604056667, 52.162836649517004 ], [ 4.807342516475763, 52.162843390173443 ] ] ] } },
{ "type": "Feature", "properties": { "class": "parcel", "raw_confidence": 0.4018, "source_tile_id": "tile-110000-460000", "was_valid": true, "area_m2": 66.294250832161126 }, "geometry": { "type": "Polygon", "coordinates": [ [ [ 4.787688607456796, 52.180236050558918 ], [ 4.787717847741662, 52.18023619906856 ], [ 4.787718059122253, 52.180220470962517 ], [ 4.787721714156589, 52.180220489525702 ], [ 4.787721744353616, 52.180218242653403 ], [ 4.787725399387771, 52.180218261216481 ], [ 4.787725429584613, 52.180216014344211 ], [ 4.787729084618585, 52.180216032907111 ], [ 4.787729175208536, 52.180209292290215 ], [ 4.787732830241962, 52.180209310853073 ], [ 4.787732951027777, 52.180200323363856 ], [ 4.787729295995088, 52.180200304801019 ], [ 4.787729356388343, 52.180195811056414 ], [ 4.787725701356027, 52.180195792493457 ], [ 4.787725761749636, 52.180191298748873 ], [ 4.787722106717691, 52.180191280185774 ], [ 4.787722136914676, 52.180189033313503 ], [ 4.78771848188292, 52.180189014750304 ], [ 4.787718512080084, 52.180186767878006 ], [ 4.787711202016947, 52.180186730751323 ], [ 4.787711232214475, 52.180184483879053 ], [ 4.787703922151724, 52.180184446751895 ], [ 4.787703952349618, 52.180182199879603 ], [ 4.787685677193718, 52.180182107059814 ], [ 4.787685707392528, 52.180179860187494 ], [ 4.787682052361546, 52.1801798416232 ], [ 4.787682082560536, 52.18017759475093 ], [ 4.787674772498942, 52.180177557621988 ], [ 4.787674802698298, 52.180175310749696 ], [ 4.787671147667695, 52.180175292185105 ], [ 4.787671177867231, 52.180173045312763 ], [ 4.787667522836811, 52.180173026748044 ], [ 4.787667553036528, 52.180170779875731 ], [ 4.787652932915624, 52.180170705615623 ], [ 4.787652963116075, 52.180168458743339 ], [ 4.787645653056012, 52.180168421612613 ], [ 4.787645683256827, 52.180166174740322 ], [ 4.787634718167313, 52.180166119043363 ], [ 4.787634748368679, 52.180163872171086 ], [ 4.787627438309386, 52.180163835039231 ], [ 4.787627468511114, 52.180161588166946 ], [ 4.787616503422757, 52.180161532468318 ], [ 4.787616533625035, 52.180159285596012 ], [ 4.787612878595774, 52.180159267029602 ], [ 4.787612908798231, 52.180157020157296 ], [ 4.787605598740086, 52.180156983024084 ], [ 4.78760562894291, 52.18015473615182 ], [ 4.78759831888515, 52.180154699018161 ], [ 4.787598349088336, 52.180152452145869 ], [ 4.787587384002272, 52.180152396444562 ], [ 4.787587353798531, 52.180154643316833 ], [ 4.787580043740803, 52.180154606182064 ], [ 4.787579983332575, 52.180159099926591 ], [ 4.787576328303349, 52.180159081358987 ], [ 4.787576298099046, 52.180161328231286 ], [ 4.787572643069639, 52.180161309663603 ], [ 4.787572582660652, 52.18016580340813 ], [ 4.787568927630882, 52.18016578484032 ], [ 4.787568837016824, 52.180172525457159 ], [ 4.787572492047148, 52.180172544024899 ], [ 4.787572461842639, 52.180174790897205 ], [ 4.78757611687315, 52.18017480946488 ], [ 4.787576086668824, 52.180177056337179 ], [ 4.787579741699524, 52.180177074904734 ], [ 4.787579288636945, 52.180210777988577 ], [ 4.787582943670409, 52.180210796556096 ], [ 4.787582883262375, 52.180215290300573 ], [ 4.787586538296212, 52.180215308867972 ], [ 4.787586508092371, 52.180217555740235 ], [ 4.787590163126398, 52.180217574307477 ], [ 4.787590132922739, 52.180219821179719 ], [ 4.787612063128067, 52.180219932580918 ], [ 4.78761203292551, 52.180222179453182 ], [ 4.787619342994347, 52.180222216585996 ], [ 4.787619312792154, 52.180224463458231 ], [ 4.787626622861374, 52.180224500590619 ], [ 4.787626592659547, 52.180226747462896 ], [ 4.787637557763957, 52.180226803160608 ], [ 4.787637527562679, 52.180229050032871 ], [ 4.787648492667673, 52.180229105729559 ], [ 4.787648462466943, 52.180231352601865 ], [ 4.787663082607722, 52.180231426862512 ], [ 4.787663052407725, 52.180233673734811 ], [ 4.787688637655508, 52.18023380368669 ], [ 4.787688607456796, 52.180236050558918 ] ] ] } },
{ "type": "Feature", "properties": { "class": "parcel", "raw_confidence": 0.4001, "source_tile_id": "tile-110000-460000", "was_valid": true, "area_m2": 117.40518638800147 }, "geometry": { "type": "Polygon", "coordinates": [ [ [ 4.787711715374462, 52.180148533922022 ], [ 4.78772268045978, 52.180148589611775 ], [ 4.787722710656697, 52.180146342739484 ], [ 4.787726365684961, 52.18014636130254 ], [ 4.787726395881688, 52.180144114430178 ], [ 4.78773005090977, 52.180144132993092 ], [ 4.787730081106313, 52.180141886120765 ], [ 4.787733736134212, 52.180141904683595 ], [ 4.787733796526917, 52.180137410938883 ], [ 4.787737451554453, 52.180137429501642 ], [ 4.787737481750614, 52.180135182629243 ], [ 4.787741136777969, 52.180135201191838 ], [ 4.787741287757814, 52.180123966830145 ], [ 4.787737632731377, 52.180123948267585 ], [ 4.787737662927522, 52.180121701395223 ], [ 4.78773035287503, 52.180121664269755 ], [ 4.787730383071535, 52.180119417397435 ], [ 4.787723073019426, 52.18011938027152 ], [ 4.787723284397453, 52.180103652165144 ], [ 4.787726939422219, 52.180103670728158 ], [ 4.787726999815539, 52.18009917698344 ], [ 4.787730654839938, 52.180099195546362 ], [ 4.787730715232877, 52.180094701801657 ], [ 4.787734370256911, 52.180094720364465 ], [ 4.787734642023311, 52.18007449851325 ], [ 4.787745607090461, 52.1800745542009 ], [ 4.787745637286156, 52.180072307328523 ], [ 4.787752947330574, 52.18007234445308 ], [ 4.787752977525897, 52.180070097580668 ], [ 4.787760287569959, 52.180070134704721 ], [ 4.787760317764912, 52.180067887832386 ], [ 4.787767627808619, 52.180067924955985 ], [ 4.787767658003201, 52.180065678083587 ], [ 4.787771313024875, 52.180065696645229 ], [ 4.78777134321927, 52.180063449772859 ], [ 4.787774998240764, 52.180063468334353 ], [ 4.787775028434967, 52.18006122146199 ], [ 4.7877823384776, 52.180061258584665 ], [ 4.787782368671434, 52.180059011712274 ], [ 4.787786023692571, 52.180059030273448 ], [ 4.787786053886219, 52.180056783401092 ], [ 4.787789708907172, 52.180056801962138 ], [ 4.787789739100632, 52.18005455508974 ], [ 4.787800704162968, 52.180054610772252 ], [ 4.787800734355873, 52.18005236389989 ], [ 4.787808044397077, 52.180052401020966 ], [ 4.78780813497466, 52.180045660403799 ], [ 4.787804479954607, 52.180045641843307 ], [ 4.787804540340013, 52.180041148098503 ], [ 4.787800885320335, 52.180041129537919 ], [ 4.787801066477572, 52.180027648303565 ], [ 4.787804721496148, 52.18002766686417 ], [ 4.787804781881498, 52.180023173119338 ], [ 4.78780843689971, 52.180023191679815 ], [ 4.787808497284677, 52.180018697935004 ], [ 4.787812152302525, 52.180018716495375 ], [ 4.787812212687111, 52.180014222750586 ], [ 4.787815867704594, 52.180014241310815 ], [ 4.787815928088794, 52.180009747565975 ], [ 4.787819583105914, 52.180009766126119 ], [ 4.787819794449223, 52.17999403801921 ], [ 4.787816139433397, 52.179994019459102 ], [ 4.787816199817534, 52.179989525714291 ], [ 4.787812544802081, 52.17998950715404 ], [ 4.787812605186574, 52.17998501340923 ], [ 4.787808950171492, 52.179984994848866 ], [ 4.787808980363916, 52.179982747976439 ], [ 4.787801670334127, 52.179982710855427 ], [ 4.787801700526914, 52.179980463982986 ], [ 4.787798045512212, 52.179980445422345 ], [ 4.787798075705182, 52.179978198549918 ], [ 4.78779076567615, 52.179978161428224 ], [ 4.787790795869487, 52.179975914555833 ], [ 4.787787140855158, 52.179975895994794 ], [ 4.787787171048676, 52.179973649122374 ], [ 4.787783516034539, 52.179973630561264 ], [ 4.787783546228234, 52.179971383688851 ], [ 4.787768926172447, 52.179971309443204 ], [ 4.787768895978015, 52.179973556315623 ], [ 4.787765240963892, 52.179973537753895 ], [ 4.787765180574646, 52.179978031498742 ], [ 4.787761525560159, 52.179978012936914 ], [ 4.787761465170529, 52.17998250668176 ], [ 4.787757810155679, 52.179982488119776 ], [ 4.787757779960673, 52.179984734992217 ], [ 4.787732194855524, 52.179984605055552 ], [ 4.787732225051817, 52.179982358183153 ], [ 4.787728570036993, 52.179982339620331 ], [ 4.787728600233469, 52.179980092747961 ], [ 4.787710325160325, 52.179979999932101 ], [ 4.787710294962931, 52.179982246804485 ], [ 4.787702984933329, 52.179982209677355 ], [ 4.787702954735565, 52.179984456549747 ], [ 4.787699299720583, 52.179984437986001 ], [ 4.78769926952263, 52.179986684858392 ], [ 4.787695614507468, 52.179986666294546 ], [ 4.787695554111183, 52.179991160039286 ], [ 4.787691899095659, 52.179991141475291 ], [ 4.787691838698987, 52.179995635220031 ], [ 4.7876881836831, 52.179995616656001 ], [ 4.787688153484579, 52.179997863528378 ], [ 4.787684498468506, 52.179997844964156 ], [ 4.787684468269793, 52.180000091836511 ], [ 4.787680813253544, 52.180000073272197 ], [ 4.787680783054645, 52.18000232014456 ], [ 4.787677128038212, 52.18000230158016 ], [ 4.787677097839127, 52.180004548452544 ], [ 4.787673442822516, 52.180004529887981 ], [ 4.787673412623241, 52.180006776760344 ], [ 4.787669757606448, 52.180006758195674 ], [ 4.787669727406986, 52.180009005068079 ], [ 4.787666072390014, 52.180008986503275 ], [ 4.787666042190365, 52.180011233375659 ], [ 4.787662387173211, 52.180011214810747 ], [ 4.787662326773531, 52.180015708555452 ], [ 4.787658671756016, 52.180015689990491 ], [ 4.787658550955881, 52.180024677479885 ], [ 4.787665860992393, 52.1800247146098 ], [ 4.787665830792719, 52.180026961482127 ], [ 4.787669485811166, 52.180026980046911 ], [ 4.787669455611672, 52.180029226919245 ], [ 4.787673110630307, 52.180029245483908 ], [ 4.787673080430997, 52.180031492356299 ], [ 4.787676735449814, 52.180031510920813 ], [ 4.787676675051549, 52.180036004665503 ], [ 4.787680330070743, 52.180036023230002 ], [ 4.787680299871789, 52.180038270102322 ], [ 4.787683954891167, 52.18003828866668 ], [ 4.787683924692393, 52.18004053553905 ], [ 4.787691234731534, 52.180040572667359 ], [ 4.78769117433471, 52.180045066412063 ], [ 4.787694829354655, 52.180045084976058 ], [ 4.787694768958187, 52.180049578720762 ], [ 4.787698423978505, 52.180049597284665 ], [ 4.787698333384326, 52.180056337901704 ], [ 4.787694678363461, 52.180056319337808 ], [ 4.787694587768699, 52.18006305995489 ], [ 4.787690932747281, 52.180063041390838 ], [ 4.78769090254884, 52.180065288263215 ], [ 4.787687247527241, 52.180065269699099 ], [ 4.787687217328607, 52.180067516571448 ], [ 4.787683562306827, 52.180067498007205 ], [ 4.787683532108007, 52.180069744879553 ], [ 4.78767987708605, 52.180069726315196 ], [ 4.78767981668803, 52.180074220059886 ], [ 4.787676161665708, 52.180074201495422 ], [ 4.787676101267305, 52.18007869524007 ], [ 4.787672446244619, 52.180078676675507 ], [ 4.787672385845835, 52.180083170420154 ], [ 4.787668730822781, 52.180083151855484 ], [ 4.787668700623201, 52.180085398727812 ], [ 4.787661390576734, 52.18008536159806 ], [ 4.787661360376784, 52.180087608470387 ], [ 4.787654050329963, 52.180087571340195 ], [ 4.787654020129638, 52.180089818212515 ], [ 4.787650365106051, 52.180089799647249 ], [ 4.787650274504505, 52.180096540264252 ], [ 4.787653929528645, 52.180096558829511 ], [ 4.787653899328307, 52.18009880570181 ], [ 4.787657554352634, 52.180098824266977 ], [ 4.787657524152476, 52.180101071139291 ], [ 4.787661179176993, 52.180101089704358 ], [ 4.787661148977016, 52.1801033365767 ], [ 4.787668459026424, 52.180103373706409 ], [ 4.787668428826812, 52.180105620578736 ], [ 4.787672083851709, 52.180105639143441 ], [ 4.787672053652277, 52.18010788601579 ], [ 4.78767570867736, 52.180107904580375 ], [ 4.787675678478107, 52.180110151452702 ], [ 4.787679333503379, 52.180110170017223 ], [ 4.787679303304308, 52.180112416889493 ], [ 4.787704888482585, 52.180112546837726 ], [ 4.787704797889218, 52.180119287454708 ], [ 4.78769748783716, 52.180119250327188 ], [ 4.787697457638997, 52.180121497199536 ], [ 4.787682837534184, 52.180121422943174 ], [ 4.787682777136372, 52.180125916687821 ], [ 4.787679122109811, 52.180125898123428 ], [ 4.787679061711619, 52.180130391868083 ], [ 4.787675406684689, 52.180130373303577 ], [ 4.787675255688224, 52.180141607665142 ], [ 4.787678910716071, 52.180141626229641 ], [ 4.787678880516952, 52.180143873101962 ], [ 4.787689845601069, 52.18014392879477 ], [ 4.787689815402498, 52.180146175667076 ], [ 4.787711745571934, 52.180146287049688 ], [ 4.787711715374462, 52.180148533922022 ] ] ] } },
{ "type": "Feature", "properties": { "class": "parcel", "raw_confidence": 0.3992, "source_tile_id": "tile-110000-460000", "was_valid": true, "area_m2": 44.550745216595395 }, "geometry": { "type": "Polygon", "coordinates": [ [ [ 4.810761050943413, 52.166352019809231 ], [ 4.810772012674398, 52.166352073352435 ], [ 4.810772070722209, 52.166347579581974 ], [ 4.810775724632175, 52.16634759742945 ], [ 4.810775782679603, 52.166343103659017 ], [ 4.810779436589205, 52.166343121506394 ], [ 4.81077946561273, 52.166340874621184 ], [ 4.81078311952215, 52.166340892468455 ], [ 4.810783177568823, 52.166336398697979 ], [ 4.810786831477879, 52.166336416545121 ], [ 4.810786860501026, 52.166334169659855 ], [ 4.810790514409904, 52.166334187506934 ], [ 4.810790543432862, 52.166331940621681 ], [ 4.810794197341558, 52.166331958468604 ], [ 4.81079422636433, 52.166329711583373 ], [ 4.810797880272844, 52.166329729430181 ], [ 4.810797909295429, 52.166327482544943 ], [ 4.810801563203765, 52.166327500391638 ], [ 4.810801592226163, 52.166325253506386 ], [ 4.810805246134318, 52.166325271352996 ], [ 4.810805304178731, 52.166320777582477 ], [ 4.810808958086521, 52.166320795428959 ], [ 4.810809045152568, 52.166314054773203 ], [ 4.810805391245332, 52.166314036926757 ], [ 4.810805507334083, 52.16630504938572 ], [ 4.810809161240585, 52.166305067232159 ], [ 4.81080919026258, 52.166302820346928 ], [ 4.810812844168901, 52.166302838193268 ], [ 4.810812873190709, 52.166300591308008 ], [ 4.810816527096847, 52.166300609154256 ], [ 4.810816730248123, 52.166284880957406 ], [ 4.810820384152978, 52.166284898803504 ], [ 4.810820442195801, 52.166280405032992 ], [ 4.810824096100291, 52.16628042287897 ], [ 4.810824125121513, 52.166278175993703 ], [ 4.810827779025823, 52.16627819383956 ], [ 4.810827837067891, 52.16627370006902 ], [ 4.810831490971835, 52.166273717914777 ], [ 4.810831519992679, 52.166271471029532 ], [ 4.810835173896447, 52.166271488875161 ], [ 4.810835260958407, 52.166264748219319 ], [ 4.810816991442376, 52.166264658989974 ], [ 4.810817020463942, 52.1662624121047 ], [ 4.81081336656093, 52.166262394258482 ], [ 4.81081339558268, 52.166260147373215 ], [ 4.810809741679856, 52.166260129526862 ], [ 4.810809857767546, 52.166251141985768 ], [ 4.810813511669636, 52.166251159832072 ], [ 4.810813743843388, 52.166233184749821 ], [ 4.810817397744005, 52.166233202596011 ], [ 4.810817513830068, 52.166224215054875 ], [ 4.810813859930183, 52.166224197208692 ], [ 4.810813888951873, 52.166221950323383 ], [ 4.810810235052173, 52.166221932477036 ], [ 4.810810351139642, 52.1662129449359 ], [ 4.810799389442781, 52.166212891396306 ], [ 4.810799360420368, 52.166215138281622 ], [ 4.810792052622109, 52.166215102587991 ], [ 4.810792023599324, 52.166217349473285 ], [ 4.810770100203527, 52.166217242389671 ], [ 4.810770071179636, 52.166219489274937 ], [ 4.810762763380693, 52.166219453579551 ], [ 4.810762734356435, 52.16622170046481 ], [ 4.810759080456783, 52.1662216826169 ], [ 4.810759022407878, 52.166226176387454 ], [ 4.810755368507865, 52.166226158539452 ], [ 4.810755078261299, 52.166248627392093 ], [ 4.810758732163156, 52.166248645240124 ], [ 4.810758616065171, 52.166257632781168 ], [ 4.810762269967766, 52.166257650629092 ], [ 4.810762182894792, 52.166264391284827 ], [ 4.810765836797943, 52.166264409132637 ], [ 4.810765749725492, 52.166271149788429 ], [ 4.810769403629196, 52.166271167636111 ], [ 4.810769316557269, 52.166277908291868 ], [ 4.810772970461527, 52.166277926139479 ], [ 4.810772796318686, 52.166291407450984 ], [ 4.810791065845554, 52.166291496687215 ], [ 4.810791036822656, 52.166293743572467 ], [ 4.810794690728224, 52.166293761419404 ], [ 4.810794516591867, 52.16630724273088 ], [ 4.810790862685193, 52.166307224883994 ], [ 4.810790804639344, 52.166311718654498 ], [ 4.81078715073231, 52.166311700807462 ], [ 4.810787121709194, 52.166313947692672 ], [ 4.810783467801979, 52.166313929845558 ], [ 4.810783438778677, 52.166316176730795 ], [ 4.810779784871281, 52.166316158883518 ], [ 4.810779755847791, 52.166318405768763 ], [ 4.810776101940216, 52.166318387921407 ], [ 4.81077607291654, 52.166320634806645 ], [ 4.810768765101026, 52.166320599111565 ], [ 4.810768736076978, 52.166322845996795 ], [ 4.810761428261109, 52.16632281030126 ], [ 4.810761399236692, 52.166325057186498 ], [ 4.810739475788062, 52.166324950097106 ], [ 4.810739417737007, 52.166329443867575 ], [ 4.810735763828546, 52.166329426018955 ], [ 4.810735676751387, 52.166336166674625 ], [ 4.810757600205516, 52.166336273764657 ], [ 4.810757571180897, 52.166338520649923 ], [ 4.810761225090113, 52.166338538497875 ], [ 4.810761050943413, 52.166352019809231 ] ] ] } },
{ "type": "Feature", "properties": { "class": "parcel", "raw_confidence": 0.3988, "source_tile_id": "tile-110000-460000", "was_valid": true, "area_m2": 80.853734599503625 }, "geometry": { "type": "Polygon", "coordinates": [ [ [ 4.813041525336809, 52.175133275199876 ], [ 4.81305979849123, 52.175133364090001 ], [ 4.813059914155606, 52.175124376559772 ], [ 4.813056259525452, 52.175124358782028 ], [ 4.813056317357985, 52.175119865016896 ], [ 4.813052662728202, 52.17511984723901 ], [ 4.813052749477532, 52.175113106591347 ], [ 4.813049094848304, 52.17511308881334 ], [ 4.813049123764926, 52.175110841930767 ], [ 4.813038159877813, 52.175110788596051 ], [ 4.813038188794983, 52.17510854171352 ], [ 4.813027224908457, 52.175108488377802 ], [ 4.813027253826173, 52.175106241495229 ], [ 4.812990707539809, 52.17510606370211 ], [ 4.812990736459365, 52.175103816819579 ], [ 4.812976117945647, 52.175103745699154 ], [ 4.812976175786222, 52.175099251934085 ], [ 4.812972521158168, 52.17509923415372 ], [ 4.8129725789991, 52.175094740388651 ], [ 4.812968924371418, 52.175094722608165 ], [ 4.812968953292061, 52.175092475725613 ], [ 4.81296529866457, 52.175092457945013 ], [ 4.812965356506215, 52.175087964179916 ], [ 4.812961701879092, 52.175087946399209 ], [ 4.812961759721094, 52.175083452634162 ], [ 4.81295810509434, 52.175083434853335 ], [ 4.812958191857872, 52.175076694205707 ], [ 4.812954537231675, 52.175076676424766 ], [ 4.81295459507438, 52.175072182659733 ], [ 4.812950940448556, 52.175072164878657 ], [ 4.812950969370085, 52.175069917996098 ], [ 4.812947314744449, 52.175069900214964 ], [ 4.812947343666159, 52.175067653332412 ], [ 4.812943689040715, 52.175067635551123 ], [ 4.812943746884494, 52.175063141786062 ], [ 4.812940092259416, 52.175063124004694 ], [ 4.812940121181486, 52.175060877122149 ], [ 4.81292550268195, 52.17506080599545 ], [ 4.812925531604751, 52.175058559112948 ], [ 4.81290360385665, 52.175058452419563 ], [ 4.812903632780556, 52.175056205537054 ], [ 4.812892668907102, 52.17505615218883 ], [ 4.812892697831555, 52.175053905306278 ], [ 4.812845187716001, 52.175053674118942 ], [ 4.812845158789157, 52.175055921001473 ], [ 4.812834194915867, 52.175055867647821 ], [ 4.81283416598846, 52.17505811453033 ], [ 4.81282685673925, 52.175058078960618 ], [ 4.812826827811478, 52.175060325843141 ], [ 4.812823173186692, 52.175060308058143 ], [ 4.812823144258728, 52.175062554940659 ], [ 4.812819489633765, 52.175062537155512 ], [ 4.812819460705618, 52.175064784038021 ], [ 4.812815806080472, 52.17506476625281 ], [ 4.812815777152136, 52.175067013135305 ], [ 4.812812122526807, 52.17506699534993 ], [ 4.812812093598285, 52.175069242232453 ], [ 4.812804784347271, 52.175069206661377 ], [ 4.812804726489481, 52.175073700426381 ], [ 4.81280107186361, 52.175073682640665 ], [ 4.812801014005435, 52.175078176405655 ], [ 4.812797359379202, 52.175078158619868 ], [ 4.812797243662078, 52.175087146149799 ], [ 4.81279358903511, 52.175087128363892 ], [ 4.812793502246679, 52.175093869011306 ], [ 4.8127971568742, 52.175093886797242 ], [ 4.812797099015598, 52.175098380562225 ], [ 4.812800753643488, 52.175098398348013 ], [ 4.812800724714366, 52.175100645230486 ], [ 4.812844580251534, 52.175100858651476 ], [ 4.812844551324619, 52.175103105533957 ], [ 4.81285186058123, 52.175103141102575 ], [ 4.812851831654677, 52.175105387985091 ], [ 4.812862795540169, 52.175105441337088 ], [ 4.812862766614168, 52.175107688219548 ], [ 4.812870075871547, 52.175107723787022 ], [ 4.812870046945908, 52.17510997066951 ], [ 4.812877356203671, 52.175110006236508 ], [ 4.812877327278398, 52.175112253119025 ], [ 4.812880981907467, 52.175112270902375 ], [ 4.812880952982374, 52.17511451778487 ], [ 4.812884607611631, 52.175114535568106 ], [ 4.81288457868672, 52.175116782450594 ], [ 4.812888233316166, 52.175116800233731 ], [ 4.812888204391437, 52.175119047116183 ], [ 4.812895513650703, 52.175119082682095 ], [ 4.812895484726336, 52.175121329564575 ], [ 4.812906448615815, 52.175121382912536 ], [ 4.812906419691999, 52.175123629795053 ], [ 4.812924692842118, 52.175123718706075 ], [ 4.812924663919218, 52.175125965588599 ], [ 4.81293562780988, 52.175126018933867 ], [ 4.812935656732231, 52.175123772051386 ], [ 4.812964893772675, 52.175123914300386 ], [ 4.812964922693546, 52.175121667417891 ], [ 4.812986850472917, 52.175121774099914 ], [ 4.812986821553152, 52.175124020982437 ], [ 4.81299047618324, 52.175124038762398 ], [ 4.812990447263656, 52.17512628564495 ], [ 4.813016029675675, 52.175126410101363 ], [ 4.81301605859397, 52.175124163218811 ], [ 4.813027022484333, 52.175124216555602 ], [ 4.813026993566592, 52.175126463438126 ], [ 4.813030648196901, 52.175126481216836 ], [ 4.813030619279337, 52.175128728099367 ], [ 4.813037928540338, 52.175128763656424 ], [ 4.813037899623138, 52.175131010538976 ], [ 4.813041554253829, 52.175131028317352 ], [ 4.813041525336809, 52.175133275199876 ] ] ] } },
{ "type": "Feature", "properties": { "class": "parcel", "raw_confidence": 0.4008, "source_tile_id": "tile-110000-460000", "was_valid": true, "area_m2": 970.93193549333944 }, "geometry": { "type": "Polygon", "coordinates": [ [ [ 4.812687546984883, 52.175091106287745 ], [ 4.812702165493856, 52.175091177443882 ], [ 4.81270222336201, 52.175086683678998 ], [ 4.812705877988894, 52.175086701467755 ], [ 4.812705935856669, 52.17508220770285 ], [ 4.812709590483186, 52.175082225491487 ], [ 4.81270967728427, 52.175075484844108 ], [ 4.81271333191024, 52.175075502632616 ], [ 4.812713389777242, 52.175071008867718 ], [ 4.812717044402848, 52.175071026656113 ], [ 4.812717160136078, 52.17506203912626 ], [ 4.812720814760949, 52.175062056914534 ], [ 4.812720959426492, 52.175050822502193 ], [ 4.812724614050444, 52.175050840290346 ], [ 4.812724700849178, 52.175044099642932 ], [ 4.812728355472585, 52.175044117430971 ], [ 4.81272841333802, 52.175039623666031 ], [ 4.812732067961061, 52.175039641453964 ], [ 4.812732125826115, 52.17503514768898 ], [ 4.812735780448793, 52.175035165476849 ], [ 4.812735838313467, 52.175030671711816 ], [ 4.812739492935779, 52.175030689499565 ], [ 4.81273955080007, 52.175026195734581 ], [ 4.812743205422016, 52.175026213522173 ], [ 4.812743263285928, 52.175021719757218 ], [ 4.812746917907509, 52.175021737544668 ], [ 4.812746946839273, 52.175019490662173 ], [ 4.812750601460676, 52.175019508449509 ], [ 4.812750717186969, 52.175010520919535 ], [ 4.812754371807638, 52.175010538706786 ], [ 4.812754458601771, 52.175003798059272 ], [ 4.812758113221889, 52.175003815846424 ], [ 4.812758171084259, 52.174999322081419 ], [ 4.812761825704015, 52.174999339868414 ], [ 4.812762057151889, 52.174981364808353 ], [ 4.812765711770173, 52.174981382595234 ], [ 4.81276594321636, 52.174963407535095 ], [ 4.81276228859955, 52.1749633897482 ], [ 4.812762462185151, 52.174949908453065 ], [ 4.812766116800862, 52.174949926239968 ], [ 4.812766203593065, 52.174943185592362 ], [ 4.812769858208223, 52.174943203379129 ], [ 4.812769944999846, 52.174936462731537 ], [ 4.812762635770633, 52.174936427157881 ], [ 4.812762664701536, 52.174934180275336 ], [ 4.812759010087119, 52.174934162488377 ], [ 4.812759039018204, 52.174931915605839 ], [ 4.812755384403975, 52.174931897818766 ], [ 4.812755413335241, 52.174929650936257 ], [ 4.812748104107161, 52.174929615361719 ], [ 4.81274813303879, 52.17492736847921 ], [ 4.812729859969572, 52.174927279540917 ], [ 4.812729831037024, 52.174929526423448 ], [ 4.812700594124981, 52.174929384116354 ], [ 4.81270056519095, 52.174931630998856 ], [ 4.812678637505956, 52.174931524263762 ], [ 4.812678666441085, 52.174929277381239 ], [ 4.812675011827114, 52.174929259591686 ], [ 4.812675040762426, 52.174927012709198 ], [ 4.812671386148642, 52.174926994919502 ], [ 4.812671472955103, 52.174920254271974 ], [ 4.812667818341877, 52.174920236482173 ], [ 4.812667847277542, 52.174917989599635 ], [ 4.812664192664502, 52.174917971809748 ], [ 4.812664221600347, 52.174915724927267 ], [ 4.812660566987497, 52.17491570713721 ], [ 4.812660595923521, 52.174913460254729 ], [ 4.812656941310856, 52.174913442464572 ], [ 4.812656970247061, 52.174911195582048 ], [ 4.812635042572247, 52.174911088838861 ], [ 4.812635071509557, 52.174908841956373 ], [ 4.812613143835966, 52.174908735209129 ], [ 4.812613172774377, 52.174906488326627 ], [ 4.812605863550242, 52.174906452743329 ], [ 4.812605892489016, 52.174904205860855 ], [ 4.812594928653392, 52.174904152484984 ], [ 4.812594957592715, 52.174901905602518 ], [ 4.812580339145999, 52.174901834433179 ], [ 4.812580368086055, 52.174899587550669 ], [ 4.812573058863085, 52.174899551965311 ], [ 4.812573087803504, 52.174897305082837 ], [ 4.812569433192208, 52.174897287290008 ], [ 4.812569462132811, 52.174895040407542 ], [ 4.812562152910599, 52.174895004821494 ], [ 4.812562181851563, 52.174892757938998 ], [ 4.812558527240647, 52.174892740145815 ], [ 4.812558556181794, 52.174890493263348 ], [ 4.812554901571064, 52.174890475470043 ], [ 4.812554930512394, 52.174888228587548 ], [ 4.812551275901849, 52.174888210794172 ], [ 4.812551333784863, 52.174883717029168 ], [ 4.812547679174694, 52.174883699235693 ], [ 4.812547765999741, 52.174876958588236 ], [ 4.812544111390126, 52.174876940794604 ], [ 4.812544227157547, 52.174867953264645 ], [ 4.812540572548671, 52.174867935470921 ], [ 4.812540630432729, 52.174863441705924 ], [ 4.812536975824226, 52.174863423912086 ], [ 4.812537004766434, 52.174861177029605 ], [ 4.812533350158119, 52.174861159235661 ], [ 4.812533379100508, 52.174858912353173 ], [ 4.81252606988425, 52.174858876764908 ], [ 4.812526098827001, 52.174856629882449 ], [ 4.81251878961113, 52.174856594293715 ], [ 4.81251881855425, 52.174854347411241 ], [ 4.812515163946503, 52.174854329616721 ], [ 4.8125151928898, 52.17485208273424 ], [ 4.81251153828224, 52.174852064939614 ], [ 4.812511567225719, 52.174849818057133 ], [ 4.812507912618349, 52.1748498002624 ], [ 4.812507999449319, 52.174843059614936 ], [ 4.812493381022071, 52.174842988434818 ], [ 4.812493294188889, 52.174849729082283 ], [ 4.812489639581533, 52.174849711286974 ], [ 4.812489581692362, 52.174854205051929 ], [ 4.81247861786921, 52.174854151665315 ], [ 4.81247855997892, 52.174858645430241 ], [ 4.812467596154692, 52.174858592042597 ], [ 4.812467682991778, 52.174851851395168 ], [ 4.812474992206823, 52.174851886987078 ], [ 4.812475194823998, 52.17483615880974 ], [ 4.812478849430235, 52.174836176605481 ], [ 4.812478878375352, 52.174833929723043 ], [ 4.812482532981409, 52.174833947518692 ], [ 4.812482590871256, 52.174829453753702 ], [ 4.812486245476951, 52.174829471549209 ], [ 4.81248636125587, 52.174820484019278 ], [ 4.812482706650913, 52.174820466223736 ], [ 4.812482735595819, 52.174818219341276 ], [ 4.812479080991051, 52.174818201545627 ], [ 4.812479109936135, 52.17481595466316 ], [ 4.812475455331557, 52.174815936867439 ], [ 4.812475513222087, 52.174811443102435 ], [ 4.812471858617877, 52.174811425306558 ], [ 4.812471887563325, 52.174809178424105 ], [ 4.8124682329593, 52.174809160628122 ], [ 4.812468261904925, 52.174806913745641 ], [ 4.812464607301089, 52.174806895949565 ], [ 4.812464694138496, 52.174800155302115 ], [ 4.812461039535219, 52.174800137505912 ], [ 4.812461068481202, 52.174797890623431 ], [ 4.812457413878106, 52.174797872827114 ], [ 4.812457442824267, 52.174795625944604 ], [ 4.812450133618463, 52.1747955903517 ], [ 4.812450162564988, 52.174793343469219 ], [ 4.812442853359565, 52.174793307875809 ], [ 4.812442882306457, 52.174791060993321 ], [ 4.812439227703933, 52.174791043196464 ], [ 4.812439256651007, 52.174788796313983 ], [ 4.81243560204867, 52.174788778516991 ], [ 4.812435630995919, 52.174786531634524 ], [ 4.812431976393771, 52.174786513837439 ], [ 4.812432063236063, 52.174779773189954 ], [ 4.812439372439256, 52.174779808784045 ], [ 4.81243940138631, 52.174777561901529 ], [ 4.81244671058915, 52.174777597495144 ], [ 4.812446739535833, 52.174775350612627 ], [ 4.812465012542072, 52.17477543959464 ], [ 4.812464983596308, 52.174777686477157 ], [ 4.812494220407936, 52.174777828842529 ], [ 4.812494249352226, 52.174775581959977 ], [ 4.812508867757384, 52.174775653139953 ], [ 4.812508896700934, 52.174773406257444 ], [ 4.812519860504286, 52.174773459641223 ], [ 4.812519831561286, 52.174775706523732 ], [ 4.812523486162596, 52.174775724318117 ], [ 4.81252345721978, 52.174777971200605 ], [ 4.812527111821273, 52.174777988994876 ], [ 4.812527082878638, 52.174780235877371 ], [ 4.812538046683695, 52.174780289259481 ], [ 4.812538017741608, 52.174782536142011 ], [ 4.812556290751026, 52.174782625109877 ], [ 4.812556261809859, 52.174784871992379 ], [ 4.812563571014016, 52.174784907578804 ], [ 4.81256354207321, 52.174787154461292 ], [ 4.812578160482306, 52.174787225632677 ], [ 4.812578131542232, 52.174789472515208 ], [ 4.812581786144699, 52.174789490307774 ], [ 4.812581757204805, 52.174791737190283 ], [ 4.812585411807463, 52.174791754982749 ], [ 4.812585382867752, 52.174794001865251 ], [ 4.812589037470592, 52.174794019657611 ], [ 4.81258900853106, 52.174796266540142 ], [ 4.812596317737121, 52.174796302124484 ], [ 4.812596288797955, 52.174798549007001 ], [ 4.812599943401176, 52.174798566799041 ], [ 4.81259991446219, 52.174800813681536 ], [ 4.812610878272422, 52.174800867056845 ], [ 4.812610849333987, 52.174803113939404 ], [ 4.812621813144797, 52.174803167313698 ], [ 4.81262178420691, 52.174805414196264 ], [ 4.812629093414506, 52.174805449778574 ], [ 4.812629064476982, 52.174807696661098 ], [ 4.812632719080969, 52.174807714452065 ], [ 4.812632690143626, 52.174809961334603 ], [ 4.812647308560339, 52.174810032497447 ], [ 4.812647279623732, 52.174812279379985 ], [ 4.812665552645619, 52.174812368330961 ], [ 4.812665523709931, 52.174814615213521 ], [ 4.812713033569625, 52.174814846472842 ], [ 4.812713062502921, 52.174812599590268 ], [ 4.812716717107353, 52.174812617378649 ], [ 4.812716746040463, 52.174810370496083 ], [ 4.812720400644714, 52.174810388284378 ], [ 4.812720458510558, 52.174805894519224 ], [ 4.812724113114443, 52.17480591230737 ], [ 4.812724142047177, 52.174803665424839 ], [ 4.812727796650881, 52.174803683212858 ], [ 4.812727854515968, 52.174799189447711 ], [ 4.812731509119308, 52.174799207235637 ], [ 4.812731595916359, 52.174792466587938 ], [ 4.81273525051915, 52.174792484375715 ], [ 4.812735337315621, 52.174785743727981 ], [ 4.812731682713382, 52.174785725940197 ], [ 4.812731740578045, 52.174781232174986 ], [ 4.81272808597618, 52.174781214387117 ], [ 4.812728114908691, 52.17477896750453 ], [ 4.81272446030701, 52.174778949716483 ], [ 4.812724489239703, 52.174776702833945 ], [ 4.81272083463821, 52.174776685045771 ], [ 4.812720863571084, 52.174774438163212 ], [ 4.812717208969779, 52.174774420374973 ], [ 4.812717237902832, 52.17477217349235 ], [ 4.812713583301713, 52.174772155704005 ], [ 4.81271361223495, 52.174769908821432 ], [ 4.812709957634017, 52.174769891032931 ], [ 4.812709986567433, 52.174767644150393 ], [ 4.81270267736595, 52.17476760857307 ], [ 4.812702706299731, 52.174765361690483 ], [ 4.812695397098628, 52.174765326112748 ], [ 4.812695426032773, 52.174763079230168 ], [ 4.812688116832055, 52.174763043652 ], [ 4.812688145766565, 52.174760796769434 ], [ 4.812677181966064, 52.174760743401301 ], [ 4.812677210901124, 52.17475849651867 ], [ 4.812666247101204, 52.174758443149543 ], [ 4.812666276036811, 52.174756196266998 ], [ 4.81265896683725, 52.174756160687011 ], [ 4.812658995773223, 52.174753913804402 ], [ 4.812651686574045, 52.174753878223967 ], [ 4.81265171551038, 52.174751631341437 ], [ 4.812640751712191, 52.174751577969914 ], [ 4.812640780649076, 52.174749331087334 ], [ 4.812622507653077, 52.174749242132542 ], [ 4.812622536590879, 52.174746995249976 ], [ 4.812611572793872, 52.17474694187576 ], [ 4.812611601732226, 52.174744694993215 ], [ 4.812600637935803, 52.174744641617963 ], [ 4.812600666874704, 52.174742394735418 ], [ 4.812582393881652, 52.17474230577443 ], [ 4.812582422821469, 52.174740058891899 ], [ 4.81257145902623, 52.174740005513939 ], [ 4.812571487966597, 52.174737758631366 ], [ 4.81256052417194, 52.174737705252426 ], [ 4.812560553112855, 52.174735458369888 ], [ 4.812549589318783, 52.174735404989896 ], [ 4.812549618260249, 52.174733158107344 ], [ 4.812542309064584, 52.174733122520131 ], [ 4.812542338006414, 52.174730875637565 ], [ 4.812535028811132, 52.174730840049939 ], [ 4.812535057753326, 52.174728593167387 ], [ 4.812527748558424, 52.174728557579272 ], [ 4.812527777500982, 52.174726310696734 ], [ 4.812524122903723, 52.174726292902498 ], [ 4.812524151846462, 52.17472404602001 ], [ 4.812520497249391, 52.17472402822564 ], [ 4.812520526192309, 52.174721781343088 ], [ 4.812513216998538, 52.174721745754091 ], [ 4.812513245941823, 52.174719498871561 ], [ 4.812509591345131, 52.174719481076863 ], [ 4.812509620288593, 52.174717234194347 ], [ 4.812505965692084, 52.174717216399543 ], [ 4.812505994635734, 52.174714969517005 ], [ 4.812498685443098, 52.17471493392712 ], [ 4.812498714387107, 52.174712687044568 ], [ 4.812495059790977, 52.174712669249452 ], [ 4.81249508873517, 52.174710422366921 ], [ 4.812484124947352, 52.17471036898084 ], [ 4.812484153892093, 52.174708122098302 ], [ 4.81246953550912, 52.174708050915342 ], [ 4.812469564454594, 52.174705804032811 ], [ 4.812462255263495, 52.174705768440653 ], [ 4.812462284209335, 52.174703521558115 ], [ 4.812447665827914, 52.174703450372441 ], [ 4.812447694774487, 52.174701203489903 ], [ 4.812429421798707, 52.174701114505226 ], [ 4.812429450746199, 52.174698867622745 ], [ 4.812418486961322, 52.174698814230581 ], [ 4.812418515909359, 52.17469656734805 ], [ 4.812403897530312, 52.174696496156962 ], [ 4.812403926479083, 52.174694249274438 ], [ 4.812392962695384, 52.174694195879944 ], [ 4.812392991644701, 52.174691948997435 ], [ 4.812389337050327, 52.174691931199028 ], [ 4.812389365999826, 52.174689684316554 ], [ 4.812385711405642, 52.174689666518006 ], [ 4.812385740355321, 52.174687419635532 ], [ 4.812378431167323, 52.174687384038172 ], [ 4.812378460117369, 52.174685137155642 ], [ 4.812371150929753, 52.174685101557856 ], [ 4.812371179880163, 52.174682854675382 ], [ 4.812367525286544, 52.174682836876265 ], [ 4.812367554237134, 52.174680589993748 ], [ 4.812363899643703, 52.174680572194596 ], [ 4.812363928594476, 52.174678325312058 ], [ 4.812356619407991, 52.17467828971337 ], [ 4.812356648359129, 52.174676042830882 ], [ 4.812345684579977, 52.174675989431961 ], [ 4.812345655628289, 52.174678236314449 ], [ 4.812342001035061, 52.174678218514615 ], [ 4.812341972083182, 52.174680465397103 ], [ 4.812338317489774, 52.174680447597112 ], [ 4.812338288537711, 52.174682694479635 ], [ 4.812334633944124, 52.174682676679545 ], [ 4.812334604991869, 52.174684923562019 ], [ 4.812327295804333, 52.174684887961504 ], [ 4.812327266851709, 52.174687134843971 ], [ 4.812323612257763, 52.174687117043554 ], [ 4.812323554352135, 52.174691610808516 ], [ 4.812319899757825, 52.174691593007971 ], [ 4.812319870804822, 52.174693839890452 ], [ 4.812316216210331, 52.174693822089772 ], [ 4.812316187257142, 52.174696068972274 ], [ 4.812312532662467, 52.174696051171523 ], [ 4.812312474755711, 52.174700544936442 ], [ 4.812308820160671, 52.17470052713557 ], [ 4.812308791207104, 52.174702774018051 ], [ 4.812305136611886, 52.174702756217037 ], [ 4.81230510765813, 52.174705003099504 ], [ 4.812301453062731, 52.174704985298384 ], [ 4.812301424108789, 52.174707232180864 ], [ 4.812297769513209, 52.17470721437963 ], [ 4.81229774055908, 52.174709461262104 ], [ 4.812294085963317, 52.174709443460742 ], [ 4.812294057008999, 52.174711690343216 ], [ 4.812290402413058, 52.174711672541733 ], [ 4.812290315549534, 52.174718413189147 ], [ 4.812293970146029, 52.17471843099063 ], [ 4.812293883283025, 52.174725171638038 ], [ 4.812297537880075, 52.174725189439371 ], [ 4.812297451017597, 52.17473193008675 ], [ 4.812304760212808, 52.174731965689155 ], [ 4.812304731259013, 52.174734212571657 ], [ 4.812312040454607, 52.174734248173579 ], [ 4.812312011501171, 52.17473649505601 ], [ 4.81231566609916, 52.174736512856803 ], [ 4.812315637145906, 52.174738759739284 ], [ 4.812322946342258, 52.174738795340524 ], [ 4.812322917389371, 52.17474104222299 ], [ 4.812333881184475, 52.174741095624036 ], [ 4.812333852232135, 52.174743342506503 ], [ 4.812344816027825, 52.174743395906511 ], [ 4.812344700220644, 52.174752383436413 ], [ 4.812362973217206, 52.174752472434207 ], [ 4.812362944266323, 52.174754719316702 ], [ 4.812377562664369, 52.174754790512914 ], [ 4.812377504764068, 52.174759284277847 ], [ 4.812381159363955, 52.17475930207663 ], [ 4.812381130413983, 52.174761548959076 ], [ 4.81239209421422, 52.174761602354735 ], [ 4.812391978416501, 52.17477058988468 ], [ 4.812366396210842, 52.174770465293221 ], [ 4.812366425161564, 52.174768218410755 ], [ 4.812362770560952, 52.174768200611517 ], [ 4.812362828462758, 52.174763706846583 ], [ 4.812359173862515, 52.174763689047246 ], [ 4.812359202813596, 52.174761442164773 ], [ 4.812344584413407, 52.174761370966252 ], [ 4.81234467126884, 52.174754630318908 ], [ 4.812319089072504, 52.17475450571721 ], [ 4.812319118025595, 52.174752258834744 ], [ 4.812293535830714, 52.174752134227518 ], [ 4.812293448967562, 52.174758874874875 ], [ 4.812297103567372, 52.174758892676252 ], [ 4.812297074613164, 52.174761139558711 ], [ 4.812300729213162, 52.174761157359953 ], [ 4.812300700259136, 52.17476340424242 ], [ 4.812304354859324, 52.174763422043547 ], [ 4.812304325905478, 52.174765668926014 ], [ 4.812311635106226, 52.174765704527971 ], [ 4.812311606152746, 52.174767951410423 ], [ 4.81231526075331, 52.174767969211253 ], [ 4.812315231800011, 52.174770216093705 ], [ 4.812326195602276, 52.174770269495461 ], [ 4.81232602188572, 52.174783750790205 ], [ 4.812322367283857, 52.174783732989681 ], [ 4.812322251472016, 52.174792720519527 ], [ 4.812318596869416, 52.174792702718904 ], [ 4.812318567916265, 52.174794949601349 ], [ 4.812296640299656, 52.17479484279535 ], [ 4.812296611345394, 52.174797089677782 ], [ 4.812292956742453, 52.174797071876391 ], [ 4.812292927788004, 52.174799318758829 ], [ 4.812289273184882, 52.174799300957332 ], [ 4.812289244230248, 52.174801547839756 ], [ 4.812285589626947, 52.174801530038131 ], [ 4.812285560672123, 52.174803776920541 ], [ 4.812281906068638, 52.174803759118788 ], [ 4.81228187711363, 52.174806006001241 ], [ 4.812278222509965, 52.174805988199388 ], [ 4.812278164599564, 52.174810481964222 ], [ 4.812274509995537, 52.174810464162285 ], [ 4.812274452084756, 52.174814957927111 ], [ 4.812270797480363, 52.17481494012501 ], [ 4.812270710613613, 52.174821680772311 ], [ 4.812267056008672, 52.174821662970125 ], [ 4.812266911229768, 52.174832897382167 ], [ 4.81226325662391, 52.174832879579824 ], [ 4.812263169755975, 52.17483962022709 ], [ 4.812259515149567, 52.174839602424655 ], [ 4.812259428281051, 52.17484634307187 ], [ 4.812255773674094, 52.174846325269307 ], [ 4.81225574471773, 52.174848572151696 ], [ 4.812252090110593, 52.174848554349069 ], [ 4.812252032197488, 52.174853048113853 ], [ 4.812248377589988, 52.174853030311077 ], [ 4.8122483196765, 52.174857524075854 ], [ 4.812244665068632, 52.17485750627295 ], [ 4.812244607154763, 52.174862000037784 ], [ 4.812240952546532, 52.174861982234731 ], [ 4.812240923589409, 52.174864229117127 ], [ 4.812237268980994, 52.174864211314009 ], [ 4.812237240023684, 52.174866458196377 ], [ 4.812233585415091, 52.17486644039316 ], [ 4.812233498542586, 52.174873181040333 ], [ 4.812229843933446, 52.174873163236981 ], [ 4.81222975706036, 52.174879903884076 ], [ 4.812226102450668, 52.174879886080646 ], [ 4.812226044534892, 52.174884379845416 ], [ 4.812222389924835, 52.174884362041823 ], [ 4.812222303050595, 52.174891102688932 ], [ 4.812218648439988, 52.174891084885232 ], [ 4.812218561565166, 52.174897825532362 ], [ 4.812214906954011, 52.174897807728534 ], [ 4.81221476216165, 52.174909042140364 ], [ 4.812211107549581, 52.174909024336444 ], [ 4.812211020673574, 52.17491576498351 ], [ 4.812207366060949, 52.174915747179476 ], [ 4.812207279184359, 52.174922487826542 ], [ 4.81220362457119, 52.174922470022345 ], [ 4.812203537694018, 52.174929210669454 ], [ 4.812199883080299, 52.174929192865108 ], [ 4.812199709324757, 52.174942674159247 ], [ 4.812196054709937, 52.174942656354844 ], [ 4.812195967831568, 52.174949397001882 ], [ 4.8121923132162, 52.174949379197344 ], [ 4.812192255296903, 52.174953872962014 ], [ 4.812188600681169, 52.174953855157383 ], [ 4.812188455881946, 52.174965089569064 ], [ 4.812192110498598, 52.17496510737373 ], [ 4.812192081538929, 52.174967354256054 ], [ 4.812195736155771, 52.174967372060593 ], [ 4.812195707196278, 52.174969618942939 ], [ 4.81219936181331, 52.174969636747385 ], [ 4.812199332853999, 52.174971883629702 ], [ 4.812202987471213, 52.174971901434027 ], [ 4.812202958512087, 52.174974148316309 ], [ 4.812210267746894, 52.174974183924625 ], [ 4.812210238788132, 52.174976430806957 ], [ 4.812217548023323, 52.174976466414833 ], [ 4.812217519064924, 52.174978713297165 ], [ 4.812224828300495, 52.174978748904572 ], [ 4.812224799342463, 52.17498099578691 ], [ 4.812232108578421, 52.17498103139387 ], [ 4.81223207962075, 52.174983278276187 ], [ 4.812239388857085, 52.174983313882663 ], [ 4.812239359899781, 52.174985560765045 ], [ 4.812250323754864, 52.174985614173927 ], [ 4.812250294798108, 52.174987861056266 ], [ 4.812257604035214, 52.174987896661627 ], [ 4.812257575078822, 52.174990143543965 ], [ 4.81226488431631, 52.174990179148871 ], [ 4.812264855360285, 52.174992426031231 ], [ 4.812272164598156, 52.174992461635682 ], [ 4.812272135642495, 52.174994708518042 ], [ 4.812275790261618, 52.174994726320136 ], [ 4.812275761306139, 52.174996973202468 ], [ 4.812279415925448, 52.17499699100442 ], [ 4.812279386970149, 52.174999237886794 ], [ 4.812286696209151, 52.174999273490336 ], [ 4.812286667254215, 52.175001520372696 ], [ 4.812293976493597, 52.175001555975811 ], [ 4.812293947539027, 52.175003802858186 ], [ 4.81230491139868, 52.175003856261974 ], [ 4.812304882444657, 52.175006103144334 ], [ 4.812315846304894, 52.17500615654717 ], [ 4.81231581735142, 52.175008403429487 ], [ 4.812326781212239, 52.175008456831321 ], [ 4.812326752259312, 52.175010703713681 ], [ 4.812337716120711, 52.17501075711445 ], [ 4.812337687168337, 52.175013003996817 ], [ 4.812355960271657, 52.175013092995869 ], [ 4.812355931320201, 52.175015339878243 ], [ 4.812370549803648, 52.175015411075435 ], [ 4.812370520852927, 52.175017657957802 ], [ 4.81239244857931, 52.175017764750237 ], [ 4.812392419629687, 52.175020011632625 ], [ 4.81241069273602, 52.175020100623179 ], [ 4.812410663787314, 52.175022347505589 ], [ 4.812425282273177, 52.175022418695974 ], [ 4.812425253325204, 52.17502466557837 ], [ 4.812432562568523, 52.175024701172894 ], [ 4.812432533620913, 52.175026948055333 ], [ 4.812443497486472, 52.17502700144626 ], [ 4.812443468539414, 52.175029248328663 ], [ 4.812450777783502, 52.175029283922051 ], [ 4.812450748836808, 52.175031530804446 ], [ 4.81245805808128, 52.175031566397401 ], [ 4.812458029134951, 52.175033813279818 ], [ 4.812461683757375, 52.175033831076135 ], [ 4.812461654811226, 52.175036077958517 ], [ 4.812472618679073, 52.175036131346793 ], [ 4.812472589733473, 52.175038378229196 ], [ 4.812479898979088, 52.175038413820758 ], [ 4.812479870033854, 52.175040660703161 ], [ 4.812487179279852, 52.17504069629436 ], [ 4.812487150334983, 52.175042943176742 ], [ 4.812494459581361, 52.175042978767451 ], [ 4.812494430636856, 52.17504522564986 ], [ 4.812501739883617, 52.175045261240115 ], [ 4.812501710939476, 52.175047508122518 ], [ 4.812509020186619, 52.175047543712324 ], [ 4.812508991242844, 52.175049790594713 ], [ 4.812519955114134, 52.175049843978599 ], [ 4.812519926170908, 52.175052090861023 ], [ 4.812534544666747, 52.175052162037879 ], [ 4.81253451572425, 52.17505440892031 ], [ 4.812545479596718, 52.175054462301802 ], [ 4.812545450654774, 52.175056709184247 ], [ 4.812563723776537, 52.175056798151132 ], [ 4.812563694835511, 52.175059045033521 ], [ 4.81257465870916, 52.175059098412319 ], [ 4.812574629768683, 52.175061345294729 ], [ 4.812581939018169, 52.17506138088001 ], [ 4.812581910078056, 52.175063627762455 ], [ 4.812592873952859, 52.175063681139534 ], [ 4.812592845013294, 52.175065928021915 ], [ 4.81260015426355, 52.175065963606137 ], [ 4.812600125324351, 52.175068210488568 ], [ 4.812603779949668, 52.175068228280473 ], [ 4.812603751010648, 52.17507047516289 ], [ 4.812607405636154, 52.17507049295471 ], [ 4.812607376697314, 52.175072739837127 ], [ 4.812614685948702, 52.175072775420375 ], [ 4.812614657010229, 52.175075022302813 ], [ 4.812621966261994, 52.175075057885628 ], [ 4.812621937323888, 52.175077304768067 ], [ 4.812629246576038, 52.175077340350427 ], [ 4.812629217638293, 52.175079587232894 ], [ 4.812632872264558, 52.175079605023875 ], [ 4.812632843326994, 52.175081851906299 ], [ 4.81264380720636, 52.175081905278688 ], [ 4.812643778269347, 52.175084152161112 ], [ 4.812662051402607, 52.175084241112778 ], [ 4.812662022466512, 52.175086487995237 ], [ 4.812676640973919, 52.175086559154558 ], [ 4.812676612038554, 52.175088806037031 ], [ 4.812687575919695, 52.175088859405321 ], [ 4.812687546984883, 52.175091106287745 ] ], [ [ 4.812351082971653, 52.174824319274521 ], [ 4.812351111923189, 52.174822072392075 ], [ 4.812347457318173, 52.174822054592362 ], [ 4.812347515221613, 52.174817560827471 ], [ 4.812343860616968, 52.174817543027643 ], [ 4.812343889568867, 52.174815296145212 ], [ 4.812340234964408, 52.174815278345278 ], [ 4.812340379724767, 52.174804043933044 ], [ 4.812344034328304, 52.174804061732978 ], [ 4.812344063280185, 52.174801814850511 ], [ 4.81234771788354, 52.174801832650353 ], [ 4.812347746835228, 52.174799585767907 ], [ 4.812355056041582, 52.174799621367178 ], [ 4.812355084992899, 52.174797374484704 ], [ 4.812377012610939, 52.17479748127986 ], [ 4.812376781009132, 52.174815456339502 ], [ 4.812373126404644, 52.17481543854057 ], [ 4.812373039553356, 52.174822179187935 ], [ 4.81236207573826, 52.174822125790541 ], [ 4.812362046787271, 52.174824372672965 ], [ 4.812351082971653, 52.174824319274521 ] ] ] } },
{ "type": "Feature", "properties": { "class": "parcel", "raw_confidence": 0.399, "source_tile_id": "tile-110000-460000", "was_valid": true, "area_m2": 22.6812937743424 }, "geometry": { "type": "Polygon", "coordinates": [ [ [ 4.790327692108273, 52.163574227246301 ], [ 4.790349614140317, 52.163574338126509 ], [ 4.790349644190334, 52.163572091246884 ], [ 4.790367912549545, 52.163572183643986 ], [ 4.790367882500449, 52.163574430523617 ], [ 4.7904153802372, 52.163574670742832 ], [ 4.790415410283904, 52.163572423863179 ], [ 4.790422717627705, 52.163572460818287 ], [ 4.790422747674036, 52.163570213938591 ], [ 4.790437362360942, 52.16357028784747 ], [ 4.790437452497708, 52.163563547208426 ], [ 4.790426491484181, 52.163563491776962 ], [ 4.790426521530312, 52.163561244897309 ], [ 4.790419214188347, 52.163561207942443 ], [ 4.790419244234844, 52.163558961062776 ], [ 4.790415590564052, 52.163558942585198 ], [ 4.790415620610729, 52.163556695705545 ], [ 4.790411966940122, 52.163556677227788 ], [ 4.790411996986983, 52.163554430348142 ], [ 4.790404689646149, 52.163554393392374 ], [ 4.790404719693371, 52.163552146512707 ], [ 4.790401066023144, 52.163552128034645 ], [ 4.790401126117947, 52.163547634275325 ], [ 4.790379204098861, 52.163547523404667 ], [ 4.79037923414736, 52.163545276525014 ], [ 4.790339043781379, 52.163545073251555 ], [ 4.790339073831902, 52.163542826371909 ], [ 4.790335420162469, 52.163542807891837 ], [ 4.790335450213172, 52.163540561012219 ], [ 4.790331796543931, 52.163540542531969 ], [ 4.790331856645691, 52.163536048772706 ], [ 4.790328202976819, 52.163536030292406 ], [ 4.79032823302788, 52.163533783412738 ], [ 4.790324579359196, 52.163533764932303 ], [ 4.790324609410436, 52.163531518052686 ], [ 4.79031364840496, 52.163531462610727 ], [ 4.790313498145964, 52.163542697008992 ], [ 4.790317151815371, 52.163542715489733 ], [ 4.790317031608851, 52.163551703008267 ], [ 4.790320685278998, 52.163551721488936 ], [ 4.790320474918737, 52.163567449646386 ], [ 4.790324128590173, 52.163567468126949 ], [ 4.790324068487579, 52.163571961886191 ], [ 4.790327722159391, 52.163571980366662 ], [ 4.790327692108273, 52.163574227246301 ] ] ] } },
{ "type": "Feature", "properties": { "class": "parcel", "raw_confidence": 0.4004, "source_tile_id": "tile-110000-460000", "was_valid": true, "area_m2": 214.00389854022228 }, "geometry": { "type": "Polygon", "coordinates": [ [ [ 4.790200324568533, 52.163535383410469 ], [ 4.790244168593752, 52.163535605214207 ], [ 4.790244198649042, 52.163533358334554 ], [ 4.790258813323493, 52.163533432265488 ], [ 4.790258843378044, 52.163531185385871 ], [ 4.790262497046479, 52.163531203868303 ], [ 4.790262527100841, 52.163528956988635 ], [ 4.790266180769099, 52.16352897547101 ], [ 4.790266391148265, 52.163513247313581 ], [ 4.790270044815236, 52.163513265795807 ], [ 4.790270134977133, 52.163506525156883 ], [ 4.790266481310712, 52.163506506674693 ], [ 4.790266541418991, 52.163502012915394 ], [ 4.790259234086898, 52.163501975950652 ], [ 4.790259264141401, 52.163499729070992 ], [ 4.790255610475542, 52.163499710588454 ], [ 4.79025567058491, 52.163495216829169 ], [ 4.79024836325394, 52.163495179863745 ], [ 4.790248393308983, 52.163492932984106 ], [ 4.790241085978399, 52.163492896018241 ], [ 4.790241116033807, 52.163490649138602 ], [ 4.790237462368703, 52.163490630655495 ], [ 4.790237492424291, 52.163488383775871 ], [ 4.790233838759375, 52.163488365292643 ], [ 4.790233868815146, 52.163486118412969 ], [ 4.790230215150413, 52.163486099929656 ], [ 4.790230245206365, 52.163483853050032 ], [ 4.790222937877285, 52.163483816083023 ], [ 4.790222967933602, 52.163481569203384 ], [ 4.790186431290251, 52.163481384361596 ], [ 4.790186461348399, 52.163479137481964 ], [ 4.790175500356016, 52.163479082027237 ], [ 4.79017547029731, 52.163481328906855 ], [ 4.790160855640112, 52.163481254965582 ], [ 4.790160885699549, 52.163479008086007 ], [ 4.790153578371338, 52.163478971114699 ], [ 4.790153608431141, 52.16347672423511 ], [ 4.790138993775495, 52.16347665029113 ], [ 4.790139023836033, 52.163474403411527 ], [ 4.790128062844885, 52.163474347952395 ], [ 4.790128092905971, 52.163472101072777 ], [ 4.790117131915408, 52.163472045612622 ], [ 4.790117161977042, 52.163469798732997 ], [ 4.790091586333805, 52.163469669322041 ], [ 4.790091616396722, 52.163467422442466 ], [ 4.790084309070483, 52.163467385466838 ], [ 4.790084339133764, 52.163465138587242 ], [ 4.79005510983042, 52.163464990680417 ], [ 4.790055079765664, 52.163467237560006 ], [ 4.790033157787198, 52.163467126625086 ], [ 4.790033187853053, 52.163464879745518 ], [ 4.790025880527294, 52.163464842766317 ], [ 4.790025910593518, 52.163462595886763 ], [ 4.790018603268138, 52.163462558907071 ], [ 4.790018633334723, 52.163460312027517 ], [ 4.790014979672225, 52.163460293537511 ], [ 4.790015009738993, 52.163458046657929 ], [ 4.790007702414371, 52.163458009677626 ], [ 4.790007732481501, 52.163455762798066 ], [ 4.790000425157264, 52.163455725817258 ], [ 4.790000455224758, 52.163453478937683 ], [ 4.789996801562828, 52.163453460447109 ], [ 4.789996831630504, 52.163451213567562 ], [ 4.789993177968761, 52.16345119507691 ], [ 4.78999320803662, 52.163448948197335 ], [ 4.789985900713511, 52.163448911215639 ], [ 4.789985930781732, 52.163446664336057 ], [ 4.789978623459007, 52.163446627353956 ], [ 4.789978653527592, 52.163444380474402 ], [ 4.789967692544082, 52.163444325000334 ], [ 4.789967722613217, 52.16344207812076 ], [ 4.789945800647396, 52.163441967169689 ], [ 4.789945830717628, 52.163439720290121 ], [ 4.789927562413792, 52.163439627827742 ], [ 4.789927592484942, 52.163437380948203 ], [ 4.789909324182114, 52.16343728848301 ], [ 4.789909354254181, 52.163435041603485 ], [ 4.789905700593811, 52.163435023110061 ], [ 4.789905730666058, 52.163432776230515 ], [ 4.789902077005872, 52.163432757737041 ], [ 4.789902107078303, 52.163430510857481 ], [ 4.789898453418306, 52.163430492363922 ], [ 4.789898483490915, 52.163428245484354 ], [ 4.789894829831107, 52.163428226990632 ], [ 4.789894859903895, 52.163425980111114 ], [ 4.789891206244273, 52.163425961617278 ], [ 4.789891236317246, 52.163423714737725 ], [ 4.789887582657812, 52.163423696243783 ], [ 4.78988761273096, 52.163421449364229 ], [ 4.789883959071715, 52.163421430870187 ], [ 4.789883989145044, 52.163419183990648 ], [ 4.789880335485987, 52.163419165496478 ], [ 4.789880365559497, 52.163416918616953 ], [ 4.789876711900624, 52.163416900122698 ], [ 4.789876741974316, 52.163414653243102 ], [ 4.789869434656951, 52.163414616254244 ], [ 4.78986946473101, 52.163412369374711 ], [ 4.789862157414025, 52.163412332385356 ], [ 4.789862187488445, 52.163410085505816 ], [ 4.789851226513548, 52.16341003002097 ], [ 4.789851256588517, 52.163407783141473 ], [ 4.789836641956107, 52.163407709160083 ], [ 4.789836672031808, 52.163405462280529 ], [ 4.78982571105809, 52.163405406793366 ], [ 4.789825741134339, 52.163403159913805 ], [ 4.789818433818914, 52.163403122921764 ], [ 4.789818463895528, 52.163400876042239 ], [ 4.78981115658048, 52.16340083904975 ], [ 4.789811186657462, 52.163398592170211 ], [ 4.789796572028147, 52.163398518183918 ], [ 4.789796602105858, 52.163396271304393 ], [ 4.789781987477336, 52.163396197316281 ], [ 4.789782017555781, 52.163393950436699 ], [ 4.789767402928053, 52.163393876446776 ], [ 4.789767433007227, 52.163391629567258 ], [ 4.789745511066842, 52.16339151857899 ], [ 4.789745480986562, 52.163393765458466 ], [ 4.78973817367276, 52.163393728461479 ], [ 4.789738143592108, 52.16339597534099 ], [ 4.789734489935028, 52.163395956842301 ], [ 4.789734459854188, 52.163398203721819 ], [ 4.789723498882417, 52.163398148225113 ], [ 4.78972352896381, 52.163395901345609 ], [ 4.789712567992621, 52.163395845847894 ], [ 4.789712537910677, 52.163398092727391 ], [ 4.789694269624515, 52.163398000228938 ], [ 4.789694299707379, 52.163395753349427 ], [ 4.78969064605034, 52.163395734849381 ], [ 4.789690796465521, 52.163384500451926 ], [ 4.789687142809408, 52.163384481951788 ], [ 4.789687172892618, 52.163382235072312 ], [ 4.789683519236692, 52.16338221657206 ], [ 4.789683549320084, 52.163379969692542 ], [ 4.789665281041418, 52.163379877189627 ], [ 4.789665311125725, 52.16337763031013 ], [ 4.789661657470188, 52.163377611809196 ], [ 4.789661687554672, 52.163375364929685 ], [ 4.789658033899324, 52.163375346428651 ], [ 4.789658063983989, 52.163373099549183 ], [ 4.789654410328829, 52.163373081048015 ], [ 4.789654440413677, 52.163370834168532 ], [ 4.789632518483875, 52.163370723159247 ], [ 4.78963248839792, 52.163372970038736 ], [ 4.789621527432514, 52.163372914532566 ], [ 4.789621497346007, 52.163375161412056 ], [ 4.78961053638008, 52.163375105904876 ], [ 4.789610506293015, 52.163377352784337 ], [ 4.789581277049228, 52.163377204760181 ], [ 4.789581246960688, 52.163379451639649 ], [ 4.789562978682513, 52.163379359120817 ], [ 4.78956294859305, 52.1633816060003 ], [ 4.78954833396984, 52.163381531983234 ], [ 4.789548243699223, 52.163388272621567 ], [ 4.789555551011929, 52.163388309630328 ], [ 4.789555520922085, 52.163390556509789 ], [ 4.789566481891719, 52.163390612022084 ], [ 4.789566451802423, 52.16339285890156 ], [ 4.789581066429387, 52.163392932916373 ], [ 4.78958103634082, 52.163395179795856 ], [ 4.789591997311632, 52.163395235305764 ], [ 4.789591967223618, 52.163397482185204 ], [ 4.789599274537877, 52.163397519191292 ], [ 4.789599244450228, 52.163399766070739 ], [ 4.789606551764869, 52.163399803076338 ], [ 4.789606521677584, 52.16340204995582 ], [ 4.789610175335093, 52.16340206845846 ], [ 4.789610145247988, 52.163404315337907 ], [ 4.789613798905687, 52.163404333840475 ], [ 4.789613768818762, 52.163406580719908 ], [ 4.789621076134533, 52.163406617724632 ], [ 4.789621046047974, 52.163408864604065 ], [ 4.789624699706049, 52.163408883106278 ], [ 4.78962466961967, 52.163411129985732 ], [ 4.789628323277932, 52.163411148487803 ], [ 4.789628293191734, 52.16341339536725 ], [ 4.789631946850183, 52.16341341386925 ], [ 4.789631916764165, 52.163415660748704 ], [ 4.789635570422803, 52.163415679250548 ], [ 4.789635540336966, 52.163417926130016 ], [ 4.789639193995791, 52.163417944631775 ], [ 4.789639133824475, 52.163422438390697 ], [ 4.789642787483668, 52.163422456892313 ], [ 4.789642757398189, 52.163424703771803 ], [ 4.789646411057575, 52.16342472227327 ], [ 4.789646380972273, 52.163426969152752 ], [ 4.789682917568149, 52.163427154161731 ], [ 4.789682887484685, 52.163429401041228 ], [ 4.78971211676311, 52.163429549040238 ], [ 4.789712086681114, 52.163431795919749 ], [ 4.789763237921467, 52.163432054900682 ], [ 4.789763207842046, 52.163434301780171 ], [ 4.789785129803509, 52.163434412765199 ], [ 4.789785099725187, 52.163436659644695 ], [ 4.789817982669275, 52.163436826114605 ], [ 4.789817952592604, 52.163439072994144 ], [ 4.78982525991392, 52.163439109986228 ], [ 4.789825229837613, 52.163441356865725 ], [ 4.789828883498461, 52.163441375361579 ], [ 4.789828853422335, 52.163443622241111 ], [ 4.789832507083369, 52.16344364073688 ], [ 4.789832477007424, 52.163445887616412 ], [ 4.789836130668646, 52.163445906112038 ], [ 4.789836040441342, 52.163452646750606 ], [ 4.789839694103118, 52.16345266524614 ], [ 4.789839664027525, 52.163454912125637 ], [ 4.789843317689492, 52.163454930621079 ], [ 4.789843287614081, 52.16345717750059 ], [ 4.789846941276234, 52.163457195995889 ], [ 4.789846911201003, 52.163459442875407 ], [ 4.789850564863343, 52.163459461370614 ], [ 4.789850534788292, 52.163461708250132 ], [ 4.789861495775884, 52.163461763735086 ], [ 4.789861465701383, 52.163464010614589 ], [ 4.789890695003252, 52.163464158569425 ], [ 4.789890664930217, 52.163466405448951 ], [ 4.789934508885648, 52.163466627367619 ], [ 4.789934478814819, 52.163468874247179 ], [ 4.789956400793826, 52.163468985200417 ], [ 4.7899563707241, 52.163471232079949 ], [ 4.789960024387462, 52.163471250571739 ], [ 4.789959994317914, 52.163473497451314 ], [ 4.789963647981465, 52.163473515943011 ], [ 4.789963617912098, 52.163475762822578 ], [ 4.789967271575837, 52.163475781314155 ], [ 4.789967211437462, 52.163480275073262 ], [ 4.789970865101571, 52.163480293564753 ], [ 4.789970835032561, 52.163482540444299 ], [ 4.789974488696859, 52.163482558935662 ], [ 4.789974428559199, 52.163487052694755 ], [ 4.789981735888539, 52.16348708967714 ], [ 4.78998170582007, 52.163489336556701 ], [ 4.789985359484934, 52.163489355047737 ], [ 4.789985329416643, 52.163491601927291 ], [ 4.789988983081692, 52.16349162041822 ], [ 4.789988953013585, 52.163493867297738 ], [ 4.789992606678818, 52.163493885788554 ], [ 4.789992576610892, 52.163496132668108 ], [ 4.789996230276314, 52.163496151158782 ], [ 4.789996200208569, 52.163498398038321 ], [ 4.790003507539793, 52.163498435019413 ], [ 4.79000347747241, 52.163500681898967 ], [ 4.790018092135635, 52.163500755859694 ], [ 4.790018062068988, 52.163503002739247 ], [ 4.790047291397076, 52.163503150655316 ], [ 4.790047261331895, 52.163505397534891 ], [ 4.79008379799416, 52.163505582419816 ], [ 4.790083767930818, 52.163507829299405 ], [ 4.790098382596555, 52.16350790325022 ], [ 4.790098352533944, 52.163510150129767 ], [ 4.790116620867113, 52.163510242565749 ], [ 4.79011659080542, 52.16351248944531 ], [ 4.790127551805917, 52.163512544905551 ], [ 4.790127521744769, 52.163514791785161 ], [ 4.790134829078819, 52.163514828758096 ], [ 4.790134799018037, 52.163517075637635 ], [ 4.790138452685251, 52.163517094123961 ], [ 4.79013842262465, 52.163519341003543 ], [ 4.790142076292051, 52.163519359489712 ], [ 4.79014204623163, 52.163521606369322 ], [ 4.790145699899218, 52.163521624855385 ], [ 4.790145639778732, 52.163526118614541 ], [ 4.790149293446695, 52.16352613710054 ], [ 4.790149263386629, 52.163528383980122 ], [ 4.790156570722928, 52.163528420951664 ], [ 4.790156540663229, 52.163530667831282 ], [ 4.79017480900496, 52.163530760258261 ], [ 4.790174778946176, 52.163533007137843 ], [ 4.790200354626034, 52.163533136530873 ], [ 4.790200324568533, 52.163535383410469 ] ] ] } },
{ "type": "Feature", "properties": { "class": "parcel", "raw_confidence": 0.3995, "source_tile_id": "tile-110000-460000", "was_valid": true, "area_m2": 63.795096230047122 }, "geometry": { "type": "Polygon", "coordinates": [ [ [ 4.79245465312795, 52.173963994421122 ], [ 4.792476580273152, 52.173964104913701 ], [ 4.792476610225139, 52.173961858037401 ], [ 4.792494882845308, 52.173961950111455 ], [ 4.792494912796375, 52.173959703235148 ], [ 4.792502221844102, 52.173959740063985 ], [ 4.792502251794792, 52.173957493187643 ], [ 4.792509560842162, 52.173957530016018 ], [ 4.792509590792485, 52.173955283139676 ], [ 4.792524208886531, 52.173955356795055 ], [ 4.792524238836111, 52.173953109918756 ], [ 4.792542511452829, 52.17395320198542 ], [ 4.792542541401486, 52.173950955109085 ], [ 4.792546195924654, 52.173950973522075 ], [ 4.79254625582159, 52.173946479769377 ], [ 4.792549910344394, 52.173946498182254 ], [ 4.792549940292673, 52.173944251305912 ], [ 4.792557249337924, 52.173944288131331 ], [ 4.792557279285831, 52.173942041254989 ], [ 4.792564588330731, 52.173942078079925 ], [ 4.792564618278265, 52.17393983120359 ], [ 4.792571927322811, 52.173939868028064 ], [ 4.792571987217131, 52.173935374275374 ], [ 4.792575641739043, 52.173935392687461 ], [ 4.792575731579947, 52.173928652058365 ], [ 4.792579386101306, 52.173928670470325 ], [ 4.792579475941629, 52.173921929841256 ], [ 4.79258313046244, 52.173921948253088 ], [ 4.792583190355603, 52.173917454500327 ], [ 4.792586844876052, 52.173917472912109 ], [ 4.792586934715215, 52.173910732282948 ], [ 4.79258328019532, 52.173910713871216 ], [ 4.792583310141885, 52.17390846699486 ], [ 4.792579655622179, 52.173908448582992 ], [ 4.792579715515666, 52.173903954830273 ], [ 4.792576060996331, 52.173903936418327 ], [ 4.792576120890176, 52.173899442665544 ], [ 4.79256881185225, 52.173899405841311 ], [ 4.792568841799535, 52.173897158964955 ], [ 4.792561532761993, 52.173897122140282 ], [ 4.792561622604929, 52.17389038151115 ], [ 4.792550659050299, 52.173890326273288 ], [ 4.792550629102106, 52.173892573149665 ], [ 4.792532356510205, 52.173892481084252 ], [ 4.792532326561086, 52.173894727960622 ], [ 4.792528672042531, 52.173894709547227 ], [ 4.792528642093226, 52.173896956423569 ], [ 4.792521333055759, 52.173896919596402 ], [ 4.792521303106081, 52.173899166472765 ], [ 4.792495721473771, 52.173899037574074 ], [ 4.792495691522801, 52.173901284450402 ], [ 4.792488382484664, 52.173901247621195 ], [ 4.792488352533321, 52.173903494497516 ], [ 4.792459116379431, 52.173903347176129 ], [ 4.792459086426611, 52.173905594052428 ], [ 4.792451777387806, 52.173905557220962 ], [ 4.792451747434616, 52.173907804097311 ], [ 4.792440783875882, 52.173907748849189 ], [ 4.792440753922136, 52.173909995725531 ], [ 4.79242979036288, 52.17390994047642 ], [ 4.79242976040858, 52.173912187352769 ], [ 4.792422451368724, 52.173912150519442 ], [ 4.792422391459374, 52.17391664427209 ], [ 4.792418736939086, 52.173916625855263 ], [ 4.792418587164736, 52.173927860236823 ], [ 4.792422241685946, 52.17392787865365 ], [ 4.792422091912431, 52.17393911303521 ], [ 4.792425746434565, 52.173939131451924 ], [ 4.792425686525502, 52.173943625204544 ], [ 4.792429341048008, 52.173943643621193 ], [ 4.792429281139301, 52.173948137373777 ], [ 4.79243293566218, 52.173948155790299 ], [ 4.792432905708004, 52.173950402666605 ], [ 4.79243656023107, 52.173950421082978 ], [ 4.792436530277073, 52.173952667959306 ], [ 4.792440184800327, 52.173952686375557 ], [ 4.792440154846513, 52.173954933251899 ], [ 4.792447463893398, 52.173954970084111 ], [ 4.792447403986495, 52.173959463836731 ], [ 4.792451058510313, 52.17395948225267 ], [ 4.792451028557041, 52.173961729128955 ], [ 4.792454683081045, 52.173961747544809 ], [ 4.79245465312795, 52.173963994421122 ] ] ] } },
{ "type": "Feature", "properties": { "class": "parcel", "raw_confidence": 0.3988, "source_tile_id": "tile-110000-460000", "was_valid": true, "area_m2": 92.974627209132763 }, "geometry": { "type": "Polygon", "coordinates": [ [ [ 4.792280224712641, 52.173888963416708 ], [ 4.792331387964253, 52.17388922130197 ], [ 4.792331417923489, 52.173886974425685 ], [ 4.79233872695912, 52.173887011264618 ], [ 4.792338756917984, 52.173884764388291 ], [ 4.792342411435619, 52.17388478280764 ], [ 4.792342441394299, 52.173882535931305 ], [ 4.792346095911756, 52.173882554350477 ], [ 4.792346125870242, 52.173880307474164 ], [ 4.792349780387521, 52.173880325893279 ], [ 4.79234981034582, 52.173878079016951 ], [ 4.792353464862916, 52.173878097435932 ], [ 4.792353524779142, 52.17387360368329 ], [ 4.792357179295871, 52.173873622102143 ], [ 4.792357239211715, 52.173869128349473 ], [ 4.792360893728079, 52.173869146768219 ], [ 4.79236095364354, 52.173864653015599 ], [ 4.792364608159543, 52.173864671434195 ], [ 4.79236466807462, 52.173860177681561 ], [ 4.792368322590256, 52.173860196100058 ], [ 4.792368352547604, 52.173857949223724 ], [ 4.792372007063061, 52.173857967642121 ], [ 4.792372037020225, 52.173855720765779 ], [ 4.792375691535499, 52.173855739184049 ], [ 4.792375721492473, 52.173853492307693 ], [ 4.792379376007568, 52.173853510725884 ], [ 4.792379405964357, 52.173851263849528 ], [ 4.792383060479271, 52.173851282267584 ], [ 4.792383120392465, 52.173846788514908 ], [ 4.792386774907015, 52.173846806932822 ], [ 4.792386984601801, 52.173831078798493 ], [ 4.792383330088541, 52.173831060380579 ], [ 4.792383390001672, 52.173826566627916 ], [ 4.792379735488785, 52.173826548209888 ], [ 4.792379855315746, 52.173817560704514 ], [ 4.792376200803599, 52.173817542286386 ], [ 4.792376260717423, 52.173813048533702 ], [ 4.792372606205646, 52.173813030115447 ], [ 4.79237263616274, 52.173810783239126 ], [ 4.792368981651148, 52.173810764820743 ], [ 4.792369011608423, 52.17380851794443 ], [ 4.792365357097019, 52.17380849952594 ], [ 4.792365387054475, 52.173806252649605 ], [ 4.792358078032046, 52.173806215812327 ], [ 4.792358107989863, 52.173803968936028 ], [ 4.792347144456804, 52.173803913679258 ], [ 4.792347174415172, 52.173801666802937 ], [ 4.792339865393517, 52.173801629964544 ], [ 4.792339895352246, 52.173799383088188 ], [ 4.792332586330972, 52.173799346249353 ], [ 4.792332616290071, 52.17379709937299 ], [ 4.792328961779625, 52.173797080953456 ], [ 4.792328991738899, 52.1737948340771 ], [ 4.792321682718383, 52.173794797237569 ], [ 4.792321712678026, 52.173792550361213 ], [ 4.792318058167956, 52.173792531941338 ], [ 4.79231808812778, 52.173790285065003 ], [ 4.792310779108019, 52.173790248224769 ], [ 4.792310809068208, 52.173788001348449 ], [ 4.79230350004883, 52.173787964507802 ], [ 4.792303530009383, 52.173785717631496 ], [ 4.792274293933484, 52.173785570264407 ], [ 4.792274263971458, 52.173787817140713 ], [ 4.792266954952152, 52.173787780297829 ], [ 4.792266924989756, 52.173790027174114 ], [ 4.792263270479922, 52.173790008752505 ], [ 4.792263240517339, 52.173792255628797 ], [ 4.792259586007325, 52.173792237207081 ], [ 4.792259526081778, 52.173796730959701 ], [ 4.792255871571401, 52.173796712537843 ], [ 4.792255721756552, 52.173807946919382 ], [ 4.792252067245258, 52.173807928497389 ], [ 4.792252007318928, 52.173812422249995 ], [ 4.792248352807267, 52.173812403827903 ], [ 4.792248262917194, 52.173819144456807 ], [ 4.792244608404983, 52.173819126034608 ], [ 4.792244518514325, 52.173825866663499 ], [ 4.792240864001568, 52.173825848241179 ], [ 4.792240804074076, 52.173830341993735 ], [ 4.792237149560956, 52.173830323571302 ], [ 4.79223711959702, 52.17383257044758 ], [ 4.792233465083717, 52.173832552025026 ], [ 4.792233375191341, 52.173839292653916 ], [ 4.792229720677488, 52.173839274231213 ], [ 4.792229301176735, 52.173870730499146 ], [ 4.792232955693165, 52.173870748921807 ], [ 4.792232835836417, 52.17387973642689 ], [ 4.792236490353583, 52.173879754849452 ], [ 4.792236430425556, 52.173884248602 ], [ 4.792247393978189, 52.173884303869066 ], [ 4.79224742394165, 52.173882056992802 ], [ 4.792258387493758, 52.173882112258838 ], [ 4.792258417456669, 52.173879865382567 ], [ 4.792273035525457, 52.173879939069039 ], [ 4.792272975601113, 52.173884432821609 ], [ 4.792276630118686, 52.173884451242927 ], [ 4.792276600156694, 52.173886698119212 ], [ 4.792280254674457, 52.173886716540444 ], [ 4.792280224712641, 52.173888963416708 ] ] ] } },
{ "type": "Feature", "properties": { "class": "parcel", "raw_confidence": 0.3982, "source_tile_id": "tile-110000-460000", "was_valid": true, "area_m2": 161.76800194320782 }, "geometry": { "type": "Polygon", "coordinates": [ [ [ 4.78782233655144, 52.176268481066359 ], [ 4.78788446663071, 52.176268796561963 ], [ 4.787884496816057, 52.176266549688066 ], [ 4.787899115657648, 52.176266623917577 ], [ 4.787899085473039, 52.176268870791453 ], [ 4.787935632579106, 52.17626905635732 ], [ 4.787935662761872, 52.176266809483387 ], [ 4.787942972182759, 52.176266846595219 ], [ 4.787943002365156, 52.176264599721307 ], [ 4.787950311785687, 52.176264636832649 ], [ 4.787950341967714, 52.176262389958723 ], [ 4.7879539966778, 52.176262408514198 ], [ 4.78795405704147, 52.176257914766389 ], [ 4.787957711751193, 52.176257933321779 ], [ 4.787957802296121, 52.176251192700022 ], [ 4.787961457005294, 52.17625121125527 ], [ 4.787961517368193, 52.176246717507432 ], [ 4.787965172077, 52.176246736062595 ], [ 4.787965202258261, 52.17624448918864 ], [ 4.787968856966889, 52.176244507743704 ], [ 4.787968887147962, 52.176242260869778 ], [ 4.787972541856412, 52.176242279424692 ], [ 4.787972602218176, 52.176237785676832 ], [ 4.787976256926262, 52.176237804231633 ], [ 4.787976287106953, 52.176235557357721 ], [ 4.787979941814856, 52.176235575912393 ], [ 4.787980153078326, 52.176219847794798 ], [ 4.787983807784943, 52.176219866349371 ], [ 4.787983898325824, 52.176213125727529 ], [ 4.787987553031893, 52.176213144281974 ], [ 4.787987613392096, 52.176208650534079 ], [ 4.787991268097799, 52.176208669088425 ], [ 4.787991328457619, 52.17620417534053 ], [ 4.787994983162957, 52.176204193894748 ], [ 4.787995043522396, 52.176199700146817 ], [ 4.787998698227371, 52.176199718700943 ], [ 4.787998818945469, 52.176190731205111 ], [ 4.787995164241228, 52.176190712650978 ], [ 4.78799519442093, 52.176188465777017 ], [ 4.787991539716879, 52.17618844722282 ], [ 4.787991569896758, 52.17618620034888 ], [ 4.787987915192897, 52.176186181794499 ], [ 4.787987975553014, 52.176181688046604 ], [ 4.787984320849522, 52.176181669492124 ], [ 4.78798435102976, 52.176179422618219 ], [ 4.787980696326456, 52.176179404063625 ], [ 4.787980726506876, 52.176177157189649 ], [ 4.787977071803759, 52.176177138634998 ], [ 4.787977132164954, 52.176172644887089 ], [ 4.787973477462209, 52.176172626332303 ], [ 4.787973507642985, 52.176170379458348 ], [ 4.78796985294043, 52.176170360903463 ], [ 4.787969913302341, 52.176165867155547 ], [ 4.787966258600153, 52.176165848600512 ], [ 4.787966288781287, 52.176163601726572 ], [ 4.787962634079289, 52.176163583171437 ], [ 4.787962664260607, 52.176161336297504 ], [ 4.787955354856989, 52.176161299186937 ], [ 4.787955385038665, 52.176159052312983 ], [ 4.787948075635432, 52.176159015201932 ], [ 4.787948105817476, 52.176156768327999 ], [ 4.787937141713205, 52.176156712660628 ], [ 4.787937171895797, 52.176154465786688 ], [ 4.787918898389665, 52.176154373005481 ], [ 4.787918868206153, 52.176156619879407 ], [ 4.78788597589368, 52.176156452866124 ], [ 4.787886006078851, 52.176154205992205 ], [ 4.787871387274137, 52.176154131761102 ], [ 4.787871417460038, 52.176151884887183 ], [ 4.787853143955142, 52.176151792095801 ], [ 4.787853174141963, 52.176149545221882 ], [ 4.787831245937308, 52.176149433868503 ], [ 4.787831215749385, 52.176151680742443 ], [ 4.787823906347492, 52.176151643623719 ], [ 4.787823876159196, 52.176153890497645 ], [ 4.787816566756951, 52.176153853378459 ], [ 4.787816536568283, 52.176156100252364 ], [ 4.787809227165684, 52.176156063132787 ], [ 4.787809196976641, 52.17615831000672 ], [ 4.787801887573687, 52.176158272886639 ], [ 4.787801857384277, 52.176160519760543 ], [ 4.787798202682618, 52.176160501200307 ], [ 4.787798172493022, 52.176162748074219 ], [ 4.787794517791187, 52.176162729513933 ], [ 4.787794427221814, 52.176169470135633 ], [ 4.78779077251943, 52.176169451575163 ], [ 4.787790681949476, 52.176176192196863 ], [ 4.787787027246541, 52.176176173636343 ], [ 4.787786966866186, 52.176180667384124 ], [ 4.787783312162888, 52.176180648823468 ], [ 4.78778328197252, 52.176182895697359 ], [ 4.787779627269042, 52.176182877136561 ], [ 4.787779566887926, 52.17618737088435 ], [ 4.787775912184084, 52.176187352323474 ], [ 4.78777585180259, 52.176191846071255 ], [ 4.78777219709838, 52.176191827510259 ], [ 4.787772076334613, 52.176200815005778 ], [ 4.787768421629671, 52.176200796444597 ], [ 4.787768240482809, 52.176214277687919 ], [ 4.787771895188856, 52.176214296249043 ], [ 4.787771834806909, 52.176218789996817 ], [ 4.787775489513326, 52.176218808557813 ], [ 4.787775459322533, 52.176221055431697 ], [ 4.787779114029136, 52.176221073992629 ], [ 4.787779053647907, 52.176225567740381 ], [ 4.787782708354884, 52.176225586301186 ], [ 4.787782647974007, 52.17623008004896 ], [ 4.787786302681355, 52.176230098609636 ], [ 4.787786272491095, 52.176232345483513 ], [ 4.787789927198632, 52.176232364044097 ], [ 4.78778986681847, 52.176236857791835 ], [ 4.787793521526377, 52.17623687635232 ], [ 4.787793491336473, 52.176239123226196 ], [ 4.787797146044571, 52.176239141786567 ], [ 4.787797085665125, 52.17624363553432 ], [ 4.787800740373592, 52.176243654094598 ], [ 4.7878006799945, 52.176248147842315 ], [ 4.78780433470334, 52.17624816640248 ], [ 4.787804304513973, 52.176250413276314 ], [ 4.787807959222999, 52.176250431836372 ], [ 4.787807898844623, 52.176254925584104 ], [ 4.787811553554021, 52.176254944143999 ], [ 4.787811523365012, 52.176257191017903 ], [ 4.787815178074596, 52.176257209577692 ], [ 4.787815117696935, 52.176261703325423 ], [ 4.787818772406894, 52.176261721885126 ], [ 4.787818712029585, 52.176266215632872 ], [ 4.787822366739919, 52.176266234192504 ], [ 4.78782233655144, 52.176268481066359 ] ] ] } },
{ "type": "Feature", "properties": { "class": "parcel", "raw_confidence": 0.401, "source_tile_id": "tile-110000-460000", "was_valid": true, "area_m2": 110.53211745995119 }, "geometry": { "type": "Polygon", "coordinates": [ [ [ 4.788283041261059, 52.176255090550072 ], [ 4.788301314809442, 52.176255183274975 ], [ 4.788301344973776, 52.176252936400893 ], [ 4.788304999683279, 52.176252954945589 ], [ 4.788305029847424, 52.176250708071485 ], [ 4.788308684556749, 52.176250726616033 ], [ 4.788308714720703, 52.176248479741957 ], [ 4.788312369429846, 52.17624849828637 ], [ 4.788312429757381, 52.176244004538255 ], [ 4.788316084466159, 52.176244023082567 ], [ 4.788316114629741, 52.176241776208542 ], [ 4.788319769338337, 52.176241794752713 ], [ 4.788319799501729, 52.176239547878652 ], [ 4.788323454210144, 52.176239566422737 ], [ 4.788323484373349, 52.17623731954864 ], [ 4.788327139081583, 52.176237338092626 ], [ 4.7883271692446, 52.176235091218544 ], [ 4.788330823952655, 52.176235109762366 ], [ 4.788330854115483, 52.176232862888341 ], [ 4.788334508823359, 52.176232881432036 ], [ 4.788334538986, 52.176230634557996 ], [ 4.788338193693691, 52.176230653101541 ], [ 4.788338223856146, 52.176228406227537 ], [ 4.78834187856366, 52.176228424770997 ], [ 4.788341908725926, 52.176226177896964 ], [ 4.788345563433257, 52.17622619644029 ], [ 4.788345593595336, 52.176223949566257 ], [ 4.78834924830249, 52.176223968109497 ], [ 4.788349278464378, 52.176221721235486 ], [ 4.788352933171351, 52.176221739778583 ], [ 4.788352963333051, 52.176219492904487 ], [ 4.788356618039844, 52.17621951144752 ], [ 4.78835664820136, 52.176217264573488 ], [ 4.788360302907968, 52.176217283116401 ], [ 4.788360333069297, 52.176215036242326 ], [ 4.788363987775727, 52.176215054785132 ], [ 4.788364048098004, 52.176210561036982 ], [ 4.788367702804069, 52.176210579579639 ], [ 4.788367732965018, 52.176208332705592 ], [ 4.788371387670902, 52.176208351248128 ], [ 4.788371417831662, 52.176206104374067 ], [ 4.788375072537366, 52.176206122916525 ], [ 4.788375132858513, 52.176201629168339 ], [ 4.788378787563849, 52.176201647710712 ], [ 4.788378817724234, 52.176199400836637 ], [ 4.788382472429392, 52.176199419378818 ], [ 4.788382502589585, 52.176197172504764 ], [ 4.788386157294564, 52.176197191046896 ], [ 4.788386217614576, 52.176192697298696 ], [ 4.788389872319189, 52.176192715840699 ], [ 4.788389902479006, 52.176190468966567 ], [ 4.788393557183437, 52.176190487508478 ], [ 4.788393617502691, 52.176185993760257 ], [ 4.78839727220676, 52.176186012302033 ], [ 4.788397362685066, 52.176179271679757 ], [ 4.78839370798155, 52.176179253137953 ], [ 4.788393768300769, 52.176174759389795 ], [ 4.788390113597626, 52.176174740847912 ], [ 4.788390173917198, 52.176170247099712 ], [ 4.788386519214429, 52.176170228557744 ], [ 4.788386549374394, 52.176167981683626 ], [ 4.78838289467181, 52.176167963141559 ], [ 4.788382924831954, 52.176165716267406 ], [ 4.788379270129559, 52.176165697725231 ], [ 4.788379300289887, 52.176163450851142 ], [ 4.788375645587678, 52.176163432308812 ], [ 4.788375675748185, 52.17616118543468 ], [ 4.788368366344146, 52.176161148349721 ], [ 4.788368396505019, 52.176158901475638 ], [ 4.788364741803189, 52.176158882932974 ], [ 4.788364771964241, 52.176156636058892 ], [ 4.788361117262599, 52.176156617516071 ], [ 4.788361147423832, 52.176154370641974 ], [ 4.788357492722379, 52.176154352099132 ], [ 4.788357522883792, 52.176152105225022 ], [ 4.788350213481261, 52.176152068138968 ], [ 4.788350243643039, 52.176149821264829 ], [ 4.788342934240887, 52.176149784178278 ], [ 4.788342964403031, 52.176147537304182 ], [ 4.788335655001267, 52.176147500217205 ], [ 4.788335685163774, 52.176145253343101 ], [ 4.788328375762388, 52.176145216255613 ], [ 4.788328405925264, 52.176142969381559 ], [ 4.78828820421992, 52.176142765392484 ], [ 4.788288174055023, 52.176145012266574 ], [ 4.788277209953086, 52.176144956630793 ], [ 4.788277179787632, 52.176147203504868 ], [ 4.788269870385993, 52.176147166413813 ], [ 4.788269810054339, 52.176151660161935 ], [ 4.788266155353155, 52.176151641616237 ], [ 4.788266125187137, 52.176153888490262 ], [ 4.788262470485772, 52.176153869944429 ], [ 4.788262440319571, 52.176156116818504 ], [ 4.788258785618024, 52.176156098272557 ], [ 4.788258755451633, 52.176158345146632 ], [ 4.788255100749906, 52.176158326600586 ], [ 4.788255040416746, 52.17616282034875 ], [ 4.788251385714653, 52.176162801802548 ], [ 4.788251355547881, 52.176165048676573 ], [ 4.788247700845615, 52.176165030130321 ], [ 4.788247670678656, 52.17616727700441 ], [ 4.788244015976204, 52.176167258457966 ], [ 4.78824398580906, 52.176169505332005 ], [ 4.788233021701175, 52.176169449692146 ], [ 4.788232991533474, 52.176171696566222 ], [ 4.788229336830668, 52.176171678019365 ], [ 4.788229306662776, 52.176173924893412 ], [ 4.78822565195979, 52.176173906346449 ], [ 4.788225621791714, 52.176176153220482 ], [ 4.788221967088549, 52.176176134673383 ], [ 4.788221936920285, 52.176178381547444 ], [ 4.788218282216937, 52.17617836300024 ], [ 4.788218252048486, 52.176180609874272 ], [ 4.788214597344956, 52.176180591326975 ], [ 4.788214567176317, 52.176182838201015 ], [ 4.788210912472609, 52.176182819653569 ], [ 4.788210852134949, 52.176187313401634 ], [ 4.788207197430878, 52.176187294854081 ], [ 4.788207076754782, 52.176196282350254 ], [ 4.788203422049976, 52.176196263802566 ], [ 4.788203301373089, 52.176205251298668 ], [ 4.788199646667551, 52.176205232750917 ], [ 4.788199525989873, 52.176214220247012 ], [ 4.788195871283603, 52.176214201699104 ], [ 4.788195780774751, 52.176220942321152 ], [ 4.788199435481577, 52.176220960869024 ], [ 4.788199375142695, 52.176225454617082 ], [ 4.78820302984989, 52.176225473164862 ], [ 4.788202999680627, 52.176227720038902 ], [ 4.788206654388012, 52.176227738586576 ], [ 4.78820662421893, 52.176229985460594 ], [ 4.788210278926504, 52.176230004008161 ], [ 4.788210248757603, 52.176232250882187 ], [ 4.788213903465361, 52.176232269429647 ], [ 4.78821387329664, 52.176234516303651 ], [ 4.788221182712536, 52.176234553398203 ], [ 4.788221152544181, 52.176236800272235 ], [ 4.788228461960458, 52.176236837366353 ], [ 4.788228431792469, 52.176239084240351 ], [ 4.788243050625803, 52.176239158427244 ], [ 4.788243020458546, 52.176241405301269 ], [ 4.788257639292673, 52.176241479486357 ], [ 4.788257609126147, 52.176243726360333 ], [ 4.7882649185436, 52.176243763452241 ], [ 4.788264888377438, 52.176246010326246 ], [ 4.788268543086357, 52.176246028871994 ], [ 4.788268512920377, 52.176248275746062 ], [ 4.788275822338587, 52.17624831283721 ], [ 4.78827579217297, 52.176250559711256 ], [ 4.788279446882266, 52.176250578256699 ], [ 4.78827941671683, 52.176252825130724 ], [ 4.788283071426312, 52.176252843676053 ], [ 4.788283041261059, 52.176255090550072 ] ] ] } },
{ "type": "Feature", "properties": { "class": "parcel", "raw_confidence": 0.3983, "source_tile_id": "tile-110000-460000", "was_valid": true, "area_m2": 114.71848557208014 }, "geometry": { "type": "Polygon", "coordinates": [ [ [ 4.788565207691756, 52.17620034634588 ], [ 4.788579826513121, 52.176200420491021 ], [ 4.788579856663375, 52.176198173616882 ], [ 4.78858351136854, 52.176198192152874 ], [ 4.788583541518607, 52.176195945278693 ], [ 4.788590850928583, 52.176195982350357 ], [ 4.788590881078277, 52.176193735476197 ], [ 4.788594535783086, 52.176193754011884 ], [ 4.788594565932594, 52.176191507137695 ], [ 4.788598220637221, 52.176191525673254 ], [ 4.78859825078654, 52.176189278799065 ], [ 4.788601905490987, 52.17618929733451 ], [ 4.78860193564012, 52.176187050460335 ], [ 4.788609245048658, 52.176187087530863 ], [ 4.788609275197417, 52.176184840656703 ], [ 4.788612929901507, 52.176184859191792 ], [ 4.788612990198649, 52.17618036544345 ], [ 4.788616644902374, 52.176180383978433 ], [ 4.788616675050755, 52.176178137104237 ], [ 4.7886203297543, 52.176178155639143 ], [ 4.788620390050684, 52.176173661890779 ], [ 4.788624044753865, 52.176173680425471 ], [ 4.788624074901866, 52.176171433551303 ], [ 4.788627729604866, 52.176171452085931 ], [ 4.788627789900494, 52.176166958337554 ], [ 4.788631444603127, 52.176166976872096 ], [ 4.788631474750752, 52.1761647299979 ], [ 4.788635129453207, 52.176164748532315 ], [ 4.788635159600641, 52.176162501658112 ], [ 4.788638814302916, 52.176162520192406 ], [ 4.788638844450165, 52.176160273318224 ], [ 4.788642499152258, 52.176160291852391 ], [ 4.788642529299318, 52.176158044978195 ], [ 4.78864618400123, 52.176158063512254 ], [ 4.788646244294975, 52.176153569763848 ], [ 4.788649898996521, 52.176153588297815 ], [ 4.788649929143205, 52.176151341423619 ], [ 4.788653583844572, 52.17615135995743 ], [ 4.788653613991069, 52.17614911308322 ], [ 4.788657268692252, 52.176149131616945 ], [ 4.788657298838561, 52.176146884742728 ], [ 4.788660953539567, 52.176146903276361 ], [ 4.7886610138318, 52.176142409527948 ], [ 4.788664668532441, 52.176142428061432 ], [ 4.788664728824295, 52.176137934313033 ], [ 4.788668383524573, 52.176137952846361 ], [ 4.788668443816044, 52.176133459097954 ], [ 4.788672098515956, 52.176133477631218 ], [ 4.788672188952585, 52.176126737008559 ], [ 4.788675843651946, 52.176126755541695 ], [ 4.788675903942647, 52.176122261793267 ], [ 4.788679558641646, 52.176122280326311 ], [ 4.78867967922227, 52.17611329282942 ], [ 4.788683333920533, 52.176113311362307 ], [ 4.788683424355411, 52.176106570739655 ], [ 4.788665150866884, 52.176106478074061 ], [ 4.788665452325458, 52.176084009331859 ], [ 4.788669107021315, 52.176084027865166 ], [ 4.788669137166965, 52.176081780990934 ], [ 4.788672791862643, 52.176081799524148 ], [ 4.788672822008111, 52.176079552649909 ], [ 4.788680131399107, 52.176079589716032 ], [ 4.788680161544202, 52.176077342841793 ], [ 4.788683816239521, 52.176077361374674 ], [ 4.788683846384427, 52.176075114500414 ], [ 4.788687501079568, 52.176075133033201 ], [ 4.788687531224286, 52.176072886158956 ], [ 4.788694840614205, 52.176072923224154 ], [ 4.788694870758555, 52.176070676349909 ], [ 4.788702180148119, 52.176070713414632 ], [ 4.788702210292096, 52.176068466540393 ], [ 4.788705864986698, 52.176068485072591 ], [ 4.788705925274273, 52.176063991324099 ], [ 4.78870957996851, 52.176064009856184 ], [ 4.788709610112108, 52.176061762981917 ], [ 4.788716919500227, 52.176061800045751 ], [ 4.788716979786677, 52.176057306297231 ], [ 4.788720634480373, 52.17605732482896 ], [ 4.78872066462341, 52.176055077954715 ], [ 4.788724319316925, 52.17605509648633 ], [ 4.788724349459772, 52.176052849612098 ], [ 4.788735313539791, 52.176052905206248 ], [ 4.788735102543657, 52.176068633326082 ], [ 4.788749721322219, 52.176068707450092 ], [ 4.788749751463796, 52.176066460575825 ], [ 4.788753406158263, 52.176066479106588 ], [ 4.788753436299656, 52.176064232232292 ], [ 4.788757090993939, 52.176064250762906 ], [ 4.788757151276344, 52.176059757014379 ], [ 4.788760805970263, 52.176059775544857 ], [ 4.788760866252287, 52.17605528179633 ], [ 4.788764520945841, 52.176055300326702 ], [ 4.788764581227481, 52.176050806578139 ], [ 4.788768235920672, 52.176050825108426 ], [ 4.788768266061302, 52.176048578234123 ], [ 4.788771920754316, 52.176048596764318 ], [ 4.788772101596918, 52.17603511551863 ], [ 4.788768446905014, 52.176035096988471 ], [ 4.788768477045621, 52.176032850114233 ], [ 4.788764822353902, 52.176032831583953 ], [ 4.788764852494688, 52.176030584709665 ], [ 4.788761197803159, 52.176030566179314 ], [ 4.78876137864891, 52.176017084933612 ], [ 4.788765033339337, 52.17601710346397 ], [ 4.788765153902366, 52.176008115966837 ], [ 4.788754189833307, 52.176008060375437 ], [ 4.788754159692004, 52.17601030724974 ], [ 4.788750505002138, 52.176010288719041 ], [ 4.788750474860649, 52.176012535593294 ], [ 4.788746820170606, 52.176012517062503 ], [ 4.788746790028926, 52.176014763936813 ], [ 4.7887431353387, 52.176014745405865 ], [ 4.788743105196835, 52.176016992280154 ], [ 4.788739450506432, 52.176016973749121 ], [ 4.788739420364377, 52.176019220623374 ], [ 4.78873211098321, 52.176019183560975 ], [ 4.788732080840783, 52.176021430435263 ], [ 4.788728426150022, 52.176021411903875 ], [ 4.788728396007406, 52.176023658778156 ], [ 4.788721086625523, 52.176023621715025 ], [ 4.788721056482539, 52.176025868589292 ], [ 4.788717401791418, 52.176025850057599 ], [ 4.788717371648245, 52.176028096931859 ], [ 4.788710062265648, 52.176028059868088 ], [ 4.788710032122101, 52.176030306742341 ], [ 4.788706377430625, 52.176030288210271 ], [ 4.788706347286894, 52.176032535084531 ], [ 4.788702692595236, 52.176032516552368 ], [ 4.788702662451312, 52.176034763426621 ], [ 4.788699007759473, 52.176034744894352 ], [ 4.788698977615371, 52.176036991768619 ], [ 4.788695322923348, 52.176036973236194 ], [ 4.788695292779053, 52.176039220110447 ], [ 4.788691638086854, 52.176039201577929 ], [ 4.788691577797883, 52.176043695326413 ], [ 4.788687923105317, 52.176043676793782 ], [ 4.788687862815967, 52.176048170542295 ], [ 4.788684208123037, 52.176048152009528 ], [ 4.788684177978174, 52.176050398883795 ], [ 4.788680523285064, 52.176050380350915 ], [ 4.788680493140011, 52.176052627225147 ], [ 4.788676838446721, 52.176052608692153 ], [ 4.788676808301479, 52.176054855566434 ], [ 4.788669498914538, 52.176054818500134 ], [ 4.788669468768927, 52.176057065374359 ], [ 4.788665814075282, 52.176057046841059 ], [ 4.78866578392948, 52.176059293715277 ], [ 4.788658474541825, 52.176059256648308 ], [ 4.788658444395656, 52.17606150352254 ], [ 4.788654789701647, 52.176061484988864 ], [ 4.788654759555289, 52.176063731863088 ], [ 4.788651104861103, 52.176063713329363 ], [ 4.788651074714555, 52.176065960203545 ], [ 4.788647420020189, 52.17606594166967 ], [ 4.788647389873455, 52.176068188543894 ], [ 4.788643735178909, 52.176068170009884 ], [ 4.788643705031985, 52.17607041688413 ], [ 4.788640050337256, 52.176070398349978 ], [ 4.788639990043035, 52.17607489209842 ], [ 4.788636335347941, 52.176074873564204 ], [ 4.788636305200642, 52.176077120438414 ], [ 4.788632650505368, 52.176077101904063 ], [ 4.78863262035788, 52.176079348778295 ], [ 4.788628965662423, 52.176079330243802 ], [ 4.78862887521939, 52.176086070866475 ], [ 4.788625220523387, 52.176086052331868 ], [ 4.788625190375515, 52.176088299206086 ], [ 4.788621535679331, 52.176088280671372 ], [ 4.788621505531273, 52.176090527545618 ], [ 4.78861785083491, 52.17609050901082 ], [ 4.788617820686663, 52.176092755884973 ], [ 4.788610511293576, 52.176092718815049 ], [ 4.788610481144962, 52.176094965689273 ], [ 4.788603171751519, 52.176094928618852 ], [ 4.788603141602532, 52.17609717549302 ], [ 4.788599486905632, 52.176097156957653 ], [ 4.788599456756455, 52.176099403831863 ], [ 4.788592147362298, 52.176099366760731 ], [ 4.788592117212753, 52.176101613634962 ], [ 4.788588462515494, 52.176101595099226 ], [ 4.788588432365758, 52.176103841973415 ], [ 4.788584777668321, 52.176103823437579 ], [ 4.788584747518399, 52.176106070311775 ], [ 4.788581092820781, 52.176106051775854 ], [ 4.788581032520556, 52.176110545524189 ], [ 4.788577377822573, 52.176110526988104 ], [ 4.788577347672271, 52.176112773862307 ], [ 4.788573692974106, 52.176112755326159 ], [ 4.78857360252263, 52.176119495948697 ], [ 4.788569947823915, 52.176119477412378 ], [ 4.788569887522545, 52.176123971160735 ], [ 4.788566232823467, 52.176123952624351 ], [ 4.788566202672593, 52.176126199498533 ], [ 4.788562547973334, 52.176126180961944 ], [ 4.788562487671205, 52.17613067471035 ], [ 4.788558832971584, 52.176130656173676 ], [ 4.788558802820331, 52.176132903047865 ], [ 4.788555148120525, 52.176132884511119 ], [ 4.788555117969085, 52.176135131385259 ], [ 4.788551463269101, 52.176135112848414 ], [ 4.788551433117474, 52.176137359722567 ], [ 4.788547778417309, 52.176137341185573 ], [ 4.78854771811367, 52.176141834933915 ], [ 4.788544063413146, 52.176141816396829 ], [ 4.788544033261133, 52.176144063270968 ], [ 4.788540378560424, 52.176144044733768 ], [ 4.788540348408231, 52.176146291607949 ], [ 4.788536693707341, 52.176146273070572 ], [ 4.78853663340257, 52.1761507668189 ], [ 4.788532978701317, 52.176150748281458 ], [ 4.788532918396165, 52.176155242029786 ], [ 4.788529263694548, 52.176155223492238 ], [ 4.788529203389011, 52.176159717240523 ], [ 4.788525548687028, 52.176159698702826 ], [ 4.788525488381112, 52.176164192451125 ], [ 4.788521833678764, 52.176164173913335 ], [ 4.788521682912993, 52.176175408284081 ], [ 4.788518028209729, 52.176175389746184 ], [ 4.788517967903028, 52.17617988349442 ], [ 4.788514313199395, 52.176179864956403 ], [ 4.788514192585215, 52.176188852452952 ], [ 4.788517847289584, 52.176188870991005 ], [ 4.788517786982839, 52.176193364739262 ], [ 4.788536060506568, 52.176193457427736 ], [ 4.78853609065902, 52.176191210553611 ], [ 4.788539745363592, 52.176191229090968 ], [ 4.788539775515858, 52.176188982216821 ], [ 4.788558049037849, 52.176189074901885 ], [ 4.788557958583805, 52.176195815524352 ], [ 4.788561613288768, 52.176195834060998 ], [ 4.788561583137594, 52.176198080935123 ], [ 4.788565237842745, 52.176198099471733 ], [ 4.788565207691756, 52.17620034634588 ] ] ] } },
{ "type": "Feature", "properties": { "class": "parcel", "raw_confidence": 0.3991, "source_tile_id": "tile-110000-460000", "was_valid": true, "area_m2": 32.616032234625514 }, "geometry": { "type": "Polygon", "coordinates": [ [ [ 4.788108973031641, 52.176153090917644 ], [ 4.788127246537763, 52.176153183669371 ], [ 4.788127276710775, 52.176150936795345 ], [ 4.788134586112879, 52.176150973895261 ], [ 4.788134616285518, 52.176148727021229 ], [ 4.788152889789924, 52.176148819769026 ], [ 4.788152919961641, 52.176146572895007 ], [ 4.788156574662346, 52.176146591444223 ], [ 4.788156604833875, 52.17614434457019 ], [ 4.788160259534401, 52.176144363119306 ], [ 4.788160350048416, 52.176137622497158 ], [ 4.788164004748395, 52.176137641046161 ], [ 4.788164065090683, 52.176133147298053 ], [ 4.788171374489912, 52.176133184395688 ], [ 4.788171404660684, 52.176130937521677 ], [ 4.788186023458446, 52.17613101171554 ], [ 4.788186083798508, 52.176126517967447 ], [ 4.788189738497588, 52.176126536515646 ], [ 4.788189829007101, 52.176119795893491 ], [ 4.788186174308573, 52.176119777345292 ], [ 4.788186204478587, 52.176117530471252 ], [ 4.788175240383572, 52.176117474826 ], [ 4.788175270554136, 52.176115227951932 ], [ 4.788164306459706, 52.176115172305735 ], [ 4.788164427144131, 52.176106184809512 ], [ 4.788160772446732, 52.176106166260581 ], [ 4.788160862960567, 52.176099425638405 ], [ 4.788164517657416, 52.176099444187379 ], [ 4.788164577999589, 52.176094950439293 ], [ 4.78816823269607, 52.176094968988139 ], [ 4.78816829303786, 52.176090475239974 ], [ 4.788175602430099, 52.176090512337353 ], [ 4.788175692941653, 52.17608377171517 ], [ 4.788157419463841, 52.176083678970933 ], [ 4.788157389292405, 52.176085925845015 ], [ 4.788150079900937, 52.176085888746528 ], [ 4.788150049729132, 52.17608813562056 ], [ 4.788139085641403, 52.176088079972004 ], [ 4.788139055469039, 52.176090326846037 ], [ 4.788128091380789, 52.176090271196479 ], [ 4.788128061207871, 52.176092518070497 ], [ 4.788120751815354, 52.176092480970169 ], [ 4.788120691468771, 52.176096974718277 ], [ 4.788117036772149, 52.176096956167953 ], [ 4.788116946251696, 52.176103696790079 ], [ 4.788113291554526, 52.176103678239635 ], [ 4.788113261380851, 52.176105925113667 ], [ 4.788109606683498, 52.176105906563109 ], [ 4.788109576509638, 52.176108153437134 ], [ 4.788105921812103, 52.176108134886441 ], [ 4.788105891638054, 52.176110381760502 ], [ 4.788102236940341, 52.176110363209709 ], [ 4.788102176591863, 52.17611485695781 ], [ 4.788098521893787, 52.176114838406903 ], [ 4.788098491719353, 52.176117085280907 ], [ 4.788094837021098, 52.176117066729923 ], [ 4.788094776671861, 52.176121560477938 ], [ 4.788091121973241, 52.176121541926818 ], [ 4.788091061623619, 52.176126035674862 ], [ 4.788087406924632, 52.176126017123622 ], [ 4.788087195699563, 52.176141745241715 ], [ 4.788090850399842, 52.176141763792927 ], [ 4.788090820225, 52.17614401066696 ], [ 4.788094474925466, 52.176144029218136 ], [ 4.788094444750804, 52.176146276092112 ], [ 4.788098099451458, 52.176146294643146 ], [ 4.788098069276979, 52.176148541517172 ], [ 4.788105378678661, 52.1761485786189 ], [ 4.788105348504543, 52.176150825492918 ], [ 4.788109003205574, 52.176150844043569 ], [ 4.788108973031641, 52.176153090917644 ] ] ] } },
{ "type": "Feature", "properties": { "class": "parcel", "raw_confidence": 0.3985, "source_tile_id": "tile-110000-460000", "was_valid": true, "area_m2": 85.289062957235132 }, "geometry": { "type": "Polygon", "coordinates": [ [ [ 4.788413067209839, 52.176098458377311 ], [ 4.788427685997481, 52.176098532541232 ], [ 4.788427716155307, 52.176096285667121 ], [ 4.788435025548782, 52.176096322748393 ], [ 4.788435055706241, 52.176094075874239 ], [ 4.788438710402796, 52.176094094414722 ], [ 4.788438740560068, 52.176091847540576 ], [ 4.788442395256443, 52.176091866080952 ], [ 4.788442425413526, 52.176089619206806 ], [ 4.788446080109721, 52.176089637747033 ], [ 4.788446110266615, 52.176087390872894 ], [ 4.788449764962635, 52.176087409413029 ], [ 4.78844979511934, 52.176085162538861 ], [ 4.788453449815176, 52.176085181078882 ], [ 4.788453479971693, 52.176082934204707 ], [ 4.788457134667348, 52.176082952744608 ], [ 4.788457164823681, 52.17608070587049 ], [ 4.788460819519156, 52.176080724410248 ], [ 4.788460849675299, 52.176078477536109 ], [ 4.788468159065889, 52.176078514615334 ], [ 4.788468189221662, 52.176076267741166 ], [ 4.788471843916778, 52.17607628628059 ], [ 4.788471874072364, 52.176074039406437 ], [ 4.788475528767298, 52.176074057945783 ], [ 4.788475589078089, 52.176069564197427 ], [ 4.78847924377266, 52.176069582736623 ], [ 4.788479273927868, 52.176067335862477 ], [ 4.788482928622258, 52.176067354401553 ], [ 4.788483019087302, 52.176060613779036 ], [ 4.788486673781145, 52.176060632318048 ], [ 4.788486764245605, 52.176053891695481 ], [ 4.788490418938898, 52.176053910234394 ], [ 4.788490479248153, 52.176049416486002 ], [ 4.788494133941079, 52.176049435024758 ], [ 4.788494194249953, 52.17604494127638 ], [ 4.788497848942517, 52.176044959814995 ], [ 4.788497879096764, 52.176042712940806 ], [ 4.788505188481535, 52.176042750017764 ], [ 4.788505218635409, 52.176040503143568 ], [ 4.788523492096473, 52.176040595833904 ], [ 4.788523522249425, 52.176038348959693 ], [ 4.788527176941464, 52.176038367497419 ], [ 4.788527237246988, 52.176033873749027 ], [ 4.788530891938665, 52.176033892286654 ], [ 4.788530922091236, 52.176031645412451 ], [ 4.788534576782729, 52.176031663949914 ], [ 4.788534637087498, 52.176027170201529 ], [ 4.788538291778626, 52.176027188738928 ], [ 4.788538382235196, 52.176020448116304 ], [ 4.788542036925777, 52.176020466653533 ], [ 4.788542067077778, 52.176018219779344 ], [ 4.788545721768178, 52.176018238316466 ], [ 4.78854575191999, 52.17601599144227 ], [ 4.788549406610207, 52.176016009979307 ], [ 4.78854943676183, 52.176013763105111 ], [ 4.788553091451872, 52.176013781642006 ], [ 4.788553121603309, 52.176011534767788 ], [ 4.788556776293165, 52.176011553304591 ], [ 4.788556866746901, 52.176004812681903 ], [ 4.788553212057597, 52.17600479414515 ], [ 4.788553242209017, 52.176002547270897 ], [ 4.788545932830786, 52.176002510196966 ], [ 4.788545962982574, 52.176000263322763 ], [ 4.788534998915803, 52.176000207711006 ], [ 4.788535029068139, 52.175997960836817 ], [ 4.788527719690677, 52.17599792376172 ], [ 4.788527749843379, 52.175995676887489 ], [ 4.788502167023662, 52.175995547121204 ], [ 4.788502197177645, 52.175993300246986 ], [ 4.788483923736018, 52.175993207553397 ], [ 4.788483953890918, 52.175990960679179 ], [ 4.788472989826538, 52.175990905061688 ], [ 4.788473019981989, 52.175988658187478 ], [ 4.788454746542339, 52.175988565489362 ], [ 4.78845471638597, 52.17599081236358 ], [ 4.788451061697867, 52.175990793823594 ], [ 4.788451001384743, 52.175995287571958 ], [ 4.788447346696273, 52.175995269031908 ], [ 4.788447286382767, 52.175999762780258 ], [ 4.788443631693937, 52.175999744240059 ], [ 4.788443601536994, 52.176001991114276 ], [ 4.788439946847981, 52.176001972573964 ], [ 4.788439916690851, 52.176004219448131 ], [ 4.788436262001659, 52.176004200907734 ], [ 4.788436231844341, 52.176006447781909 ], [ 4.788432577154965, 52.176006429241347 ], [ 4.788432516839953, 52.176010922989697 ], [ 4.788428862150213, 52.176010904449065 ], [ 4.788428831992519, 52.176013151323254 ], [ 4.788425177302598, 52.176013132782472 ], [ 4.788425147144712, 52.17601537965664 ], [ 4.788414183074423, 52.176015324033649 ], [ 4.788414152915983, 52.176017570907838 ], [ 4.788395879464646, 52.176017478200542 ], [ 4.788395849305284, 52.176019725074731 ], [ 4.788392194614845, 52.176019706532962 ], [ 4.788392104136181, 52.176026447155415 ], [ 4.788388449445192, 52.176026428613511 ], [ 4.788388389125697, 52.176030922361853 ], [ 4.788384734434346, 52.1760309038198 ], [ 4.788384553474672, 52.176044385064714 ], [ 4.788380898782218, 52.176044366522575 ], [ 4.78838080830178, 52.176051107144986 ], [ 4.788377153608777, 52.17605108860274 ], [ 4.7883770932881, 52.176055582351026 ], [ 4.788373438594732, 52.17605556380861 ], [ 4.788373197310414, 52.176073538801759 ], [ 4.788376852005258, 52.176073557344139 ], [ 4.788376821844885, 52.176075804218243 ], [ 4.788380476539913, 52.176075822760552 ], [ 4.78838041621953, 52.176080316508795 ], [ 4.78838407091493, 52.17608033505099 ], [ 4.788384040754919, 52.176082581925101 ], [ 4.788387695450504, 52.17608260046714 ], [ 4.788387635130836, 52.176087094215404 ], [ 4.788391289826795, 52.17608711275733 ], [ 4.78839125966714, 52.176089359631504 ], [ 4.788394914363289, 52.176089378173323 ], [ 4.788394884203812, 52.176091625047441 ], [ 4.788402193596487, 52.176091662130794 ], [ 4.788402163437377, 52.176093909004912 ], [ 4.788405818133903, 52.176093927546383 ], [ 4.788405787974973, 52.176096174420543 ], [ 4.788413097368404, 52.176096211503193 ], [ 4.788413067209839, 52.176098458377311 ] ] ] } },
{ "type": "Feature", "properties": { "class": "parcel", "raw_confidence": 0.399, "source_tile_id": "tile-110000-460000", "was_valid": true, "area_m2": 80.040492494986935 }, "geometry": { "type": "Polygon", "coordinates": [ [ [ 4.7880995478223, 52.17603844468951 ], [ 4.788114166589589, 52.176038518892241 ], [ 4.788114196763162, 52.176036272018173 ], [ 4.788117851454809, 52.176036290568589 ], [ 4.788117881628191, 52.17603404369455 ], [ 4.788121536319658, 52.176034062244817 ], [ 4.788121566492855, 52.176031815370727 ], [ 4.788125221184139, 52.176031833920895 ], [ 4.788125251357146, 52.176029587046841 ], [ 4.788128906048253, 52.176029605596916 ], [ 4.788128936221072, 52.176027358722848 ], [ 4.788132590911998, 52.176027377272788 ], [ 4.788132651257259, 52.176022883524631 ], [ 4.788136305947819, 52.176022902074472 ], [ 4.788136366292698, 52.176018408326321 ], [ 4.788140020982896, 52.17601842687602 ], [ 4.788140051155144, 52.176016180001959 ], [ 4.788143705845159, 52.176016198551551 ], [ 4.788143736017221, 52.176013951677461 ], [ 4.788147390707057, 52.176013970226961 ], [ 4.788147420878933, 52.176011723352858 ], [ 4.788151075568584, 52.176011741902258 ], [ 4.788151105740273, 52.176009495028168 ], [ 4.788154760429747, 52.176009513577419 ], [ 4.788154790601245, 52.176007266703323 ], [ 4.788162099979834, 52.176007303801512 ], [ 4.788162130150964, 52.176005056927444 ], [ 4.788169439529198, 52.176005094025129 ], [ 4.788169469699955, 52.176002847151025 ], [ 4.78818408845573, 52.17600292134513 ], [ 4.788184118625743, 52.176000674471027 ], [ 4.788191428003286, 52.176000711567355 ], [ 4.788191488342571, 52.175996217819169 ], [ 4.788195143030978, 52.175996236367162 ], [ 4.788195233539328, 52.175989495744858 ], [ 4.788198888227188, 52.175989514292759 ], [ 4.788198918396446, 52.175987267418598 ], [ 4.788202573084126, 52.175987285966421 ], [ 4.788202603253194, 52.175985039092296 ], [ 4.788206257940693, 52.175985057639956 ], [ 4.788206438953945, 52.175971576395234 ], [ 4.788202784267552, 52.17597155784761 ], [ 4.788202844605643, 52.175967064099375 ], [ 4.788199189919621, 52.175967045551602 ], [ 4.788199220088847, 52.175964798677505 ], [ 4.788195565403014, 52.175964780129604 ], [ 4.788195595572418, 52.175962533255515 ], [ 4.788191940886771, 52.175962514707528 ], [ 4.788191971056357, 52.175960267833418 ], [ 4.788188316370899, 52.175960249285318 ], [ 4.788188346540664, 52.175958002411171 ], [ 4.788184691855395, 52.175957983863 ], [ 4.78818472202534, 52.175955736988875 ], [ 4.788181067340257, 52.175955718440541 ], [ 4.788181097510386, 52.175953471566402 ], [ 4.788177442825489, 52.175953453017968 ], [ 4.788177472995798, 52.175951206143893 ], [ 4.788170163626384, 52.175951169046662 ], [ 4.788170193797058, 52.175948922172559 ], [ 4.788162884428028, 52.175948885074888 ], [ 4.788162914599065, 52.175946638200784 ], [ 4.788155605230418, 52.175946601102694 ], [ 4.78815563540182, 52.175944354228562 ], [ 4.788148326033554, 52.175944317130011 ], [ 4.788148356205319, 52.175942070255886 ], [ 4.788137392153502, 52.175942014607216 ], [ 4.788137422325816, 52.175939767733134 ], [ 4.788119148907106, 52.175939674983084 ], [ 4.788119118733872, 52.175941921857138 ], [ 4.788111809366046, 52.175941884756341 ], [ 4.788111779192437, 52.175944131630438 ], [ 4.788104469824257, 52.175944094529179 ], [ 4.788104439650279, 52.175946341403261 ], [ 4.788097130281742, 52.175946304301569 ], [ 4.78809710010739, 52.175948551175601 ], [ 4.788093445422944, 52.175948532624602 ], [ 4.788093415248407, 52.175950779498663 ], [ 4.78808976056378, 52.175950760947565 ], [ 4.788089730389053, 52.175953007821633 ], [ 4.788086075704244, 52.17595298927035 ], [ 4.788086045529331, 52.175955236144461 ], [ 4.788082390844341, 52.175955217593035 ], [ 4.78808236066924, 52.175957464467139 ], [ 4.788078705984072, 52.175957445915643 ], [ 4.788078645633489, 52.175961939663836 ], [ 4.788071336262428, 52.175961902560474 ], [ 4.788071306086762, 52.175964149434563 ], [ 4.788067651401052, 52.175964130882761 ], [ 4.7880676212252, 52.175966377756794 ], [ 4.788063966539311, 52.175966359204828 ], [ 4.78806393636327, 52.175968606078918 ], [ 4.788060281677199, 52.175968587526874 ], [ 4.788060221324739, 52.175973081274982 ], [ 4.788056566638305, 52.175973062722804 ], [ 4.788056536461887, 52.175975309596879 ], [ 4.788052881775267, 52.175975291044608 ], [ 4.788052821422053, 52.175979784792709 ], [ 4.788049166735074, 52.175979766240296 ], [ 4.788049106381475, 52.175984259988439 ], [ 4.78804545169413, 52.175984241435899 ], [ 4.78804539134015, 52.175988735184028 ], [ 4.788041736652437, 52.175988716631366 ], [ 4.788041676298077, 52.17599321037946 ], [ 4.788038021610001, 52.175993191826734 ], [ 4.788037870723115, 52.176004426196961 ], [ 4.788041525412114, 52.176004444749772 ], [ 4.788041434880492, 52.176011185371891 ], [ 4.788045089570046, 52.17601120392456 ], [ 4.788045059393014, 52.176013450798571 ], [ 4.788048714082754, 52.176013469351147 ], [ 4.788048653729053, 52.176017963099255 ], [ 4.788052308419164, 52.176017981651668 ], [ 4.788052278242493, 52.176020228525715 ], [ 4.788055932932793, 52.176020247078029 ], [ 4.788055902756302, 52.176022493952068 ], [ 4.788063212137277, 52.176022531056375 ], [ 4.78806318196115, 52.176024777930422 ], [ 4.788066836651828, 52.176024796482402 ], [ 4.788066806475882, 52.176027043356441 ], [ 4.788074115857617, 52.176027080460074 ], [ 4.788074085682034, 52.176029327334135 ], [ 4.788077740373094, 52.17602934588578 ], [ 4.788077710197689, 52.176031592759799 ], [ 4.788085019580181, 52.17603162986277 ], [ 4.788084989405148, 52.176033876736838 ], [ 4.788092298788021, 52.176033913839333 ], [ 4.788092268613351, 52.176036160713402 ], [ 4.788099577996604, 52.176036197815421 ], [ 4.7880995478223, 52.17603844468951 ] ] ] } },
{ "type": "Feature", "properties": { "class": "parcel", "raw_confidence": 0.3991, "source_tile_id": "tile-110000-460000", "was_valid": true, "area_m2": 92.413096937840422 }, "geometry": { "type": "Polygon", "coordinates": [ [ [ 4.810823609735119, 52.179614263513635 ], [ 4.810834574725938, 52.179614317055702 ], [ 4.810834690853904, 52.17960532953537 ], [ 4.810838345850113, 52.179605347382477 ], [ 4.8108384329455, 52.179598606742225 ], [ 4.810842087941162, 52.179598624589225 ], [ 4.810842146004367, 52.179594130829024 ], [ 4.810845800999662, 52.179594148675925 ], [ 4.810845859062487, 52.179589654915731 ], [ 4.810849514057417, 52.179589672762511 ], [ 4.810849659213497, 52.179578438361972 ], [ 4.810853314207513, 52.179578456208645 ], [ 4.810853401300566, 52.179571715568287 ], [ 4.81085705629403, 52.179571733414861 ], [ 4.81085708532486, 52.179569486534731 ], [ 4.810860740318142, 52.179569504381163 ], [ 4.810860769348783, 52.179567257501049 ], [ 4.810864424341883, 52.17956727534736 ], [ 4.810864511433232, 52.179560534707008 ], [ 4.810868166425785, 52.179560552553234 ], [ 4.810868253516551, 52.179553811912882 ], [ 4.810871908508555, 52.179553829758952 ], [ 4.810871937538621, 52.179551582878801 ], [ 4.810875592530444, 52.179551600724785 ], [ 4.810875621560322, 52.179549353844671 ], [ 4.810879276551963, 52.179549371690548 ], [ 4.810879334611338, 52.179544877930248 ], [ 4.810882989602617, 52.17954489577599 ], [ 4.810883047661608, 52.17954040201576 ], [ 4.810886702652525, 52.179540419861361 ], [ 4.810886789740435, 52.179533679220945 ], [ 4.8108904447308, 52.179533697066447 ], [ 4.810890531818129, 52.179526956426059 ], [ 4.810894186807944, 52.179526974271397 ], [ 4.810894244865782, 52.179522480511174 ], [ 4.810897899855232, 52.179522498356427 ], [ 4.810898044998837, 52.17951126395571 ], [ 4.810901699987371, 52.179511281800835 ], [ 4.810901787072941, 52.179504541160412 ], [ 4.810905442060925, 52.179504559005444 ], [ 4.810905500117587, 52.179500065245136 ], [ 4.810909155105206, 52.179500083090041 ], [ 4.810909213161487, 52.179495589329747 ], [ 4.810912868148741, 52.17949560717453 ], [ 4.810913013288464, 52.179484372773757 ], [ 4.810916668274801, 52.179484390618427 ], [ 4.810916784385781, 52.179475403097769 ], [ 4.810920439371383, 52.179475420942325 ], [ 4.810920468398939, 52.179473174062167 ], [ 4.81092412338436, 52.179473191906609 ], [ 4.810924181439088, 52.179468698146273 ], [ 4.810927836424146, 52.179468715990637 ], [ 4.810927894478491, 52.17946422223028 ], [ 4.810931549463185, 52.179464240074502 ], [ 4.810931607517147, 52.179459746314137 ], [ 4.810935262501473, 52.179459764158238 ], [ 4.810935291528267, 52.179457517278045 ], [ 4.810938946512413, 52.179457535122069 ], [ 4.810939004565621, 52.179453041361647 ], [ 4.810942659549402, 52.179453059205578 ], [ 4.810942688575817, 52.179450812325378 ], [ 4.810946343559419, 52.179450830169124 ], [ 4.81094651771673, 52.179437348888015 ], [ 4.810950172699227, 52.179437366731648 ], [ 4.81095023075127, 52.179432872971248 ], [ 4.810953885733405, 52.17943289081478 ], [ 4.810953943785064, 52.179428397054402 ], [ 4.810957598766834, 52.179428414897828 ], [ 4.810957656818112, 52.179423921137413 ], [ 4.810961311799519, 52.179423938980698 ], [ 4.810961369850417, 52.179419445220304 ], [ 4.810965024831455, 52.179419463063468 ], [ 4.810965053856714, 52.179417216183282 ], [ 4.810968708837573, 52.179417234026367 ], [ 4.810968766887712, 52.179412740265903 ], [ 4.810972421868208, 52.179412758108896 ], [ 4.810972450893089, 52.179410511228667 ], [ 4.810976105873403, 52.179410529071518 ], [ 4.810976134898096, 52.179408282191268 ], [ 4.810990754818647, 52.179408353561492 ], [ 4.810990841890498, 52.17940161292082 ], [ 4.810994496870092, 52.179401630763117 ], [ 4.810994583941357, 52.179394890122452 ], [ 4.810998238920404, 52.179394907964564 ], [ 4.810998267943967, 52.179392661084385 ], [ 4.811001922922834, 52.179392678926419 ], [ 4.811001951946211, 52.179390432046198 ], [ 4.811005606924894, 52.179390449888089 ], [ 4.811005693994455, 52.179383709247418 ], [ 4.811009348972588, 52.179383727089196 ], [ 4.811009581156457, 52.179365752047318 ], [ 4.811013236133122, 52.179365769889017 ], [ 4.811013352224239, 52.179356782368025 ], [ 4.81101700720017, 52.179356800209582 ], [ 4.811017152313072, 52.179345565808362 ], [ 4.811013497338061, 52.179345547966768 ], [ 4.811013584406313, 52.179338807326012 ], [ 4.811009929431858, 52.179338789484376 ], [ 4.811010132592283, 52.17932306132257 ], [ 4.811006477619118, 52.179323043480778 ], [ 4.811006535665294, 52.179318549720264 ], [ 4.810991915774149, 52.17931847835208 ], [ 4.810991886750326, 52.179320725232344 ], [ 4.810988231777366, 52.179320707389991 ], [ 4.810988202753355, 52.179322954270233 ], [ 4.810984547780213, 52.179322936427795 ], [ 4.810984518756016, 52.179325183308045 ], [ 4.810980863782691, 52.179325165465499 ], [ 4.810980834758307, 52.179327412345721 ], [ 4.810977179784803, 52.179327394503048 ], [ 4.810977121735653, 52.179331888263512 ], [ 4.810973466761785, 52.179331870420761 ], [ 4.810973408712258, 52.179336364181225 ], [ 4.810962443789565, 52.17933631065214 ], [ 4.810962414764244, 52.179338557532368 ], [ 4.810944139892236, 52.17933846831496 ], [ 4.810944110865988, 52.179340715195217 ], [ 4.810936800916841, 52.179340679507447 ], [ 4.810936307463886, 52.179378876471191 ], [ 4.810932652486188, 52.179378858627096 ], [ 4.810932275136758, 52.179408068069812 ], [ 4.81092862015667, 52.179408050225597 ], [ 4.810928416966991, 52.179423778386941 ], [ 4.810924761985616, 52.179423760542647 ], [ 4.810924674903722, 52.179430501183191 ], [ 4.810921019921798, 52.179430483338805 ], [ 4.810920932839321, 52.17943722397932 ], [ 4.810917277856851, 52.179437206134779 ], [ 4.810917190773791, 52.179443946775336 ], [ 4.810913535790767, 52.17944392893066 ], [ 4.810913477735009, 52.17944842269101 ], [ 4.810909822751624, 52.179448404846241 ], [ 4.810909764695483, 52.179452898606577 ], [ 4.810906109711731, 52.179452880761694 ], [ 4.810906080683474, 52.179455127641852 ], [ 4.81090242569954, 52.179455109796862 ], [ 4.810902396671095, 52.17945735667702 ], [ 4.810898741686983, 52.179457338831895 ], [ 4.810898712658348, 52.179459585712081 ], [ 4.810895057674053, 52.179459567866843 ], [ 4.810895028645231, 52.179461814747008 ], [ 4.810891373660756, 52.179461796901649 ], [ 4.810891286573719, 52.179468537542114 ], [ 4.810887631588693, 52.179468519696641 ], [ 4.810887544501075, 52.179475260337107 ], [ 4.810883889515502, 52.179475242491534 ], [ 4.810883831456705, 52.179479736251842 ], [ 4.810880176470767, 52.179479718406135 ], [ 4.810880089381991, 52.179486459046636 ], [ 4.810876434395505, 52.179486441200787 ], [ 4.810876289246557, 52.179497675601532 ], [ 4.810872634259153, 52.17949765775559 ], [ 4.810872489109202, 52.179508892156278 ], [ 4.81086883412088, 52.179508874310244 ], [ 4.810868718000123, 52.179517861830796 ], [ 4.810865063011069, 52.179517843984627 ], [ 4.810864946889519, 52.179526831505171 ], [ 4.810861291899731, 52.179526813658846 ], [ 4.810861175777394, 52.179535801179391 ], [ 4.810857520786873, 52.179535783332987 ], [ 4.810857433694531, 52.17954252397336 ], [ 4.81085377870346, 52.179542506126808 ], [ 4.810853720641512, 52.179546999887044 ], [ 4.810850065650078, 52.179546982040414 ], [ 4.810850036618914, 52.179549228920521 ], [ 4.810846381627303, 52.179549211073777 ], [ 4.810846323564598, 52.179553704834021 ], [ 4.810842668572618, 52.179553686987134 ], [ 4.810842639541074, 52.179555933867249 ], [ 4.810835329556754, 52.179555898173149 ], [ 4.810835300524847, 52.179558145053242 ], [ 4.810831645532504, 52.179558127206008 ], [ 4.810831587468299, 52.179562620966237 ], [ 4.810827932475599, 52.179562603118924 ], [ 4.810827874411013, 52.179567096879147 ], [ 4.810824219417944, 52.179567079031671 ], [ 4.810824161352975, 52.179571572791893 ], [ 4.810820506359543, 52.17957155494431 ], [ 4.810820390228833, 52.179580542464741 ], [ 4.810816735234665, 52.179580524617037 ], [ 4.810816444905813, 52.179602993417909 ], [ 4.810820099901821, 52.179603011265591 ], [ 4.810820012803651, 52.179609751905893 ], [ 4.810823667800218, 52.179609769753476 ], [ 4.810823609735119, 52.179614263513635 ] ] ] } },
{ "type": "Feature", "properties": { "class": "parcel", "raw_confidence": 0.3998, "source_tile_id": "tile-110000-460000", "was_valid": true, "area_m2": 30.179538870969015 }, "geometry": { "type": "Polygon", "coordinates": [ [ [ 4.811443332675235, 52.178893746976676 ], [ 4.811465262304529, 52.178893853944125 ], [ 4.81146529130414, 52.178891607063569 ], [ 4.811468946242181, 52.178891624891065 ], [ 4.811468975241603, 52.178889378010481 ], [ 4.811476285117331, 52.178889413665182 ], [ 4.811476314116383, 52.178887166784605 ], [ 4.811479969054072, 52.178887184611781 ], [ 4.81147999805293, 52.178884937731191 ], [ 4.811483652990436, 52.178884955558253 ], [ 4.811483913978402, 52.178864733632992 ], [ 4.811487568914253, 52.178864751459898 ], [ 4.811487597912715, 52.178862504579349 ], [ 4.811491252848384, 52.17886252240617 ], [ 4.811491281846656, 52.178860275525565 ], [ 4.811494936782148, 52.178860293352258 ], [ 4.811494965780234, 52.178858046471674 ], [ 4.811498620715542, 52.178858064298268 ], [ 4.811498678711339, 52.178853570537093 ], [ 4.811502333646279, 52.178853588363538 ], [ 4.811502449637095, 52.17884460084111 ], [ 4.811498794702888, 52.178844583014666 ], [ 4.811498968690113, 52.178831101731042 ], [ 4.811495313757014, 52.178831083904448 ], [ 4.811495371753097, 52.178826590143238 ], [ 4.811491716820369, 52.178826572316559 ], [ 4.811491745818593, 52.178824325435961 ], [ 4.811488090886052, 52.178824307609155 ], [ 4.811488177881243, 52.178817566967339 ], [ 4.81148452294926, 52.17881754914044 ], [ 4.811484580946408, 52.178813055379223 ], [ 4.811480926014794, 52.178813037552217 ], [ 4.811480984012296, 52.178808543791007 ], [ 4.811477329081057, 52.178808525963852 ], [ 4.811477416077839, 52.178801785322037 ], [ 4.811466451285793, 52.178801731839975 ], [ 4.811466393286837, 52.178806225601207 ], [ 4.811462738355795, 52.17880620777359 ], [ 4.811462651356787, 52.178812948415427 ], [ 4.811458996425196, 52.178812930587711 ], [ 4.811458880425729, 52.178821918110124 ], [ 4.811455225493406, 52.178821900282308 ], [ 4.811454935492669, 52.178844369088218 ], [ 4.811447625624345, 52.178844333432231 ], [ 4.811447596623885, 52.178846580312815 ], [ 4.81144028675521, 52.178846544656366 ], [ 4.811440257754375, 52.178848791536907 ], [ 4.811436602819861, 52.17884877370853 ], [ 4.811436573818841, 52.178851020589136 ], [ 4.811432918884139, 52.178851002760602 ], [ 4.811432860881722, 52.178855496521749 ], [ 4.811429205946659, 52.178855478693151 ], [ 4.811428973935384, 52.178873453737722 ], [ 4.811432628871918, 52.178873471566334 ], [ 4.811432541868189, 52.178880212208036 ], [ 4.811436196805278, 52.178880230036576 ], [ 4.811436138803144, 52.178884723797694 ], [ 4.811439793740609, 52.178884741626128 ], [ 4.81143970673793, 52.178891482267815 ], [ 4.811443361675949, 52.178891500096121 ], [ 4.811443332675235, 52.178893746976676 ] ] ] } },
{ "type": "Feature", "properties": { "class": "parcel", "raw_confidence": 0.3991, "source_tile_id": "tile-110000-460000", "was_valid": true, "area_m2": 82.728311538373148 }, "geometry": { "type": "Polygon", "coordinates": [ [ [ 4.814099113890245, 52.163364002599003 ], [ 4.814117382227046, 52.163364091318442 ], [ 4.814117411079952, 52.163361844430987 ], [ 4.814124718414326, 52.163361879917979 ], [ 4.814124747266858, 52.163359633030517 ], [ 4.81413205460088, 52.163359668517032 ], [ 4.814132112305199, 52.163355174742122 ], [ 4.814135765971848, 52.16335519248522 ], [ 4.814135823675787, 52.16335069871031 ], [ 4.814139477342066, 52.163350716453287 ], [ 4.814139535045626, 52.163346222678328 ], [ 4.814143188711544, 52.163346240421241 ], [ 4.814143275266302, 52.163339499758827 ], [ 4.814146928931671, 52.163339517501555 ], [ 4.814147015485846, 52.163332776839169 ], [ 4.814150669150667, 52.163332794581741 ], [ 4.814150726853065, 52.163328300806796 ], [ 4.814154380517524, 52.163328318549333 ], [ 4.814154438219539, 52.16332382477443 ], [ 4.814158091883632, 52.163323842516789 ], [ 4.814158149585267, 52.163319348741808 ], [ 4.814161803248994, 52.163319366484117 ], [ 4.814161832099625, 52.163317119596613 ], [ 4.814165485763174, 52.163317137338794 ], [ 4.814165514613615, 52.163314890451325 ], [ 4.814172821940348, 52.163314925935282 ], [ 4.81417285079042, 52.16331267904782 ], [ 4.814176504453608, 52.163312696789625 ], [ 4.814176533303491, 52.163310449902134 ], [ 4.814180186966499, 52.163310467643846 ], [ 4.814180215816195, 52.163308220756363 ], [ 4.814183869479024, 52.163308238497962 ], [ 4.814183927178037, 52.163303744722974 ], [ 4.814187580840499, 52.163303762464452 ], [ 4.814187638539133, 52.163299268689443 ], [ 4.814191292201232, 52.163299286430842 ], [ 4.814191321050358, 52.16329703954333 ], [ 4.814194974712275, 52.163297057284581 ], [ 4.814195003561215, 52.163294810397097 ], [ 4.814198657222952, 52.163294828138206 ], [ 4.814198686071705, 52.163292581250708 ], [ 4.814202339733262, 52.163292598991717 ], [ 4.814202368581827, 52.163290352104241 ], [ 4.814206022243203, 52.163290369845143 ], [ 4.814206051091579, 52.163288122957624 ], [ 4.814209704752773, 52.163288140698434 ], [ 4.814209762449153, 52.163283646923411 ], [ 4.814213416109983, 52.163283664664078 ], [ 4.814213473805983, 52.163279170889076 ], [ 4.814217127466446, 52.163279188629623 ], [ 4.814217214009862, 52.163272447967053 ], [ 4.814220867669781, 52.163272465707543 ], [ 4.814221011907822, 52.163261231269921 ], [ 4.814224665566823, 52.163261249010247 ], [ 4.814224752109057, 52.163254508347649 ], [ 4.814228405767511, 52.163254526087876 ], [ 4.814228463461946, 52.163250032312824 ], [ 4.814232117120036, 52.163250050052902 ], [ 4.814232203661117, 52.163243309390332 ], [ 4.81422855000358, 52.163243291650225 ], [ 4.814228665392373, 52.163234304100094 ], [ 4.814225011735577, 52.163234286359909 ], [ 4.814225127125054, 52.163225298809756 ], [ 4.814221473468998, 52.16322528106943 ], [ 4.814221588859158, 52.163216293519277 ], [ 4.814217935203839, 52.163216275778858 ], [ 4.814218021746975, 52.163209535116266 ], [ 4.814214368092214, 52.163209517375734 ], [ 4.814214454635872, 52.163202776713092 ], [ 4.814210800981664, 52.163202758972446 ], [ 4.814210887525845, 52.163196018309854 ], [ 4.814207233872194, 52.163196000569073 ], [ 4.814207262720433, 52.163193753681547 ], [ 4.814203609066965, 52.163193735940652 ], [ 4.814203666763799, 52.163189242165622 ], [ 4.814189052151445, 52.163189171201019 ], [ 4.814189023302294, 52.163191418088559 ], [ 4.81418536964903, 52.163191400347159 ], [ 4.814185340799693, 52.163193647234664 ], [ 4.814178033492807, 52.163193611751502 ], [ 4.814178004643097, 52.163195858639043 ], [ 4.814174350989474, 52.163195840897259 ], [ 4.814174293289678, 52.163200334672332 ], [ 4.814170639635693, 52.163200316930443 ], [ 4.814170581935517, 52.163204810705508 ], [ 4.814166928281165, 52.163204792963533 ], [ 4.814166841730322, 52.163211533626082 ], [ 4.814163188075422, 52.16321151588398 ], [ 4.814162841869537, 52.163238478534211 ], [ 4.814159188212433, 52.163238460791952 ], [ 4.814159072809628, 52.163247448342013 ], [ 4.814155419151792, 52.163247430599654 ], [ 4.8141553325991, 52.163254171262182 ], [ 4.814151678940718, 52.163254153519688 ], [ 4.814151592387445, 52.163260894182223 ], [ 4.814147938728511, 52.163260876439601 ], [ 4.814147881025945, 52.163265370214596 ], [ 4.814144227366645, 52.16326535247191 ], [ 4.814144198515172, 52.163267599359394 ], [ 4.814140544855695, 52.163267581616566 ], [ 4.814140516004036, 52.163269828504049 ], [ 4.814136862344374, 52.163269810761136 ], [ 4.814136804640677, 52.163274304536117 ], [ 4.814133150980654, 52.163274286793076 ], [ 4.814133122128619, 52.16327653368058 ], [ 4.814129468468412, 52.163276515937397 ], [ 4.814129439616187, 52.163278762824909 ], [ 4.814125785955802, 52.163278745081598 ], [ 4.814125757103389, 52.163280991969067 ], [ 4.814122103442823, 52.163280974225707 ], [ 4.814122045737621, 52.163285468000673 ], [ 4.814118392076691, 52.16328545025717 ], [ 4.814118334371109, 52.16328994403213 ], [ 4.81411468070981, 52.163289926288499 ], [ 4.814114594150859, 52.16329666695092 ], [ 4.814110940489013, 52.163296649207162 ], [ 4.81411085392948, 52.163303389869604 ], [ 4.814107200267089, 52.16330337212576 ], [ 4.814107113706973, 52.16331011278816 ], [ 4.814103460044028, 52.16331009504416 ], [ 4.814103373483329, 52.163316835706553 ], [ 4.814099719819842, 52.163316817962489 ], [ 4.814099604404793, 52.163325805512301 ], [ 4.814095950740573, 52.163325787768137 ], [ 4.814095748762822, 52.163341515980299 ], [ 4.814092095097315, 52.163341498235972 ], [ 4.814091835409743, 52.163361720222987 ], [ 4.814099142744069, 52.163361755711534 ], [ 4.814099113890245, 52.163364002599003 ] ] ] } },
{ "type": "Feature", "properties": { "class": "parcel", "raw_confidence": 0.4001, "source_tile_id": "tile-110000-460000", "was_valid": true, "area_m2": 54.110840128209546 }, "geometry": { "type": "Polygon", "coordinates": [ [ [ 4.815154599906977, 52.162832084312548 ], [ 4.815172868028722, 52.162832172868228 ], [ 4.815172896828025, 52.162829925980269 ], [ 4.815176550452199, 52.162829943691044 ], [ 4.815176579251315, 52.162827696803049 ], [ 4.815183886499304, 52.162827732224308 ], [ 4.815183915298051, 52.162825485336306 ], [ 4.815187568921868, 52.162825503046768 ], [ 4.815187597720424, 52.162823256158767 ], [ 4.815191251344062, 52.162823273869073 ], [ 4.815191280142431, 52.162821026981135 ], [ 4.815194933765886, 52.162821044691341 ], [ 4.815194991362246, 52.162816550915309 ], [ 4.815198644985338, 52.162816568625438 ], [ 4.81519881777324, 52.16280308729737 ], [ 4.815195164151254, 52.162803069587284 ], [ 4.815195279343855, 52.162794082035276 ], [ 4.815191625722606, 52.162794064325034 ], [ 4.815192028898874, 52.162762607892795 ], [ 4.815195682517542, 52.162762625602973 ], [ 4.815195768911821, 52.162755884938896 ], [ 4.8151921152937, 52.162755867228682 ], [ 4.815192144091968, 52.162753620340645 ], [ 4.815188490474037, 52.162753602630367 ], [ 4.815188519272487, 52.162751355742358 ], [ 4.81518486565474, 52.162751338031924 ], [ 4.815184894453372, 52.16274909114388 ], [ 4.815173933600708, 52.162749038011967 ], [ 4.815173904801525, 52.162751284899954 ], [ 4.815159290330618, 52.162751214055831 ], [ 4.815159261530695, 52.162753460943826 ], [ 4.815148300676998, 52.162753407809539 ], [ 4.81514827187652, 52.162755654697534 ], [ 4.815133657404234, 52.162755583850199 ], [ 4.815133628603018, 52.162757830738194 ], [ 4.815129974984769, 52.162757813026111 ], [ 4.815129946183365, 52.162760059914106 ], [ 4.815126292564936, 52.162760042201867 ], [ 4.815126263763345, 52.162762289089869 ], [ 4.815122610144735, 52.162762271377524 ], [ 4.81512258134296, 52.162764518265519 ], [ 4.815118927724169, 52.16276450055306 ], [ 4.815118898922204, 52.162766747441069 ], [ 4.815115245303235, 52.162766729728489 ], [ 4.815115216501083, 52.162768976616519 ], [ 4.815107909262784, 52.162768941191004 ], [ 4.81510788046026, 52.16277118807902 ], [ 4.815100573221606, 52.162771152653043 ], [ 4.815100544418711, 52.162773399541017 ], [ 4.815096890799206, 52.162773381827897 ], [ 4.815096861996123, 52.162775628715906 ], [ 4.81509320837644, 52.162775611002651 ], [ 4.815093179573168, 52.162777857890617 ], [ 4.815089525953303, 52.162777840177256 ], [ 4.815089497149845, 52.162780087065215 ], [ 4.815085843529799, 52.162780069351747 ], [ 4.815085814726151, 52.162782316239749 ], [ 4.815082161105924, 52.162782298526103 ], [ 4.815082132302093, 52.162784545414105 ], [ 4.815074825061279, 52.162784509986565 ], [ 4.815074796257075, 52.162786756874532 ], [ 4.815071142636492, 52.16278673916058 ], [ 4.815071027418905, 52.162795726712488 ], [ 4.815074681040226, 52.162795744426425 ], [ 4.815074652236006, 52.162797991314392 ], [ 4.815078305857517, 52.162798009028236 ], [ 4.815078277053478, 52.162800255916203 ], [ 4.815081930675171, 52.162800273629934 ], [ 4.815081901871313, 52.162802520517914 ], [ 4.815085555493197, 52.162802538231517 ], [ 4.815085526689519, 52.162804785119491 ], [ 4.815089180311589, 52.162804802833023 ], [ 4.815089151508092, 52.162807049720996 ], [ 4.815092805130347, 52.162807067434379 ], [ 4.815092776327032, 52.162809314322338 ], [ 4.815100083571929, 52.162809349748777 ], [ 4.815100054768974, 52.162811596636772 ], [ 4.815103708391608, 52.162811614349771 ], [ 4.815103679588838, 52.162813861237801 ], [ 4.815107333211661, 52.162813878950701 ], [ 4.815107304409071, 52.16281612583871 ], [ 4.815110958032081, 52.162816143551545 ], [ 4.815110929229672, 52.162818390439497 ], [ 4.815114582852868, 52.162818408152205 ], [ 4.815114554050639, 52.162820655040207 ], [ 4.815118207674024, 52.162820672752787 ], [ 4.815118178871975, 52.162822919640803 ], [ 4.815121832495546, 52.16282293735329 ], [ 4.815121803693676, 52.162825184241228 ], [ 4.8151291109412, 52.162825219665876 ], [ 4.815129082139697, 52.162827466553885 ], [ 4.81514369663552, 52.162827537401803 ], [ 4.815143667834748, 52.162829784289784 ], [ 4.815154628707202, 52.162829837424553 ], [ 4.815154599906977, 52.162832084312548 ] ] ] } },
{ "type": "Feature", "properties": { "class": "parcel", "raw_confidence": 0.4, "source_tile_id": "tile-110000-460000", "was_valid": true, "area_m2": 3274.6389969121601 }, "geometry": { "type": "Polygon", "coordinates": [ [ [ 4.812822721771455, 52.16373979156041 ], [ 4.812844643956297, 52.163739898260857 ], [ 4.812844672873611, 52.163737651373928 ], [ 4.812848326570913, 52.163737669156944 ], [ 4.812848355488041, 52.163735422270065 ], [ 4.812852009185161, 52.163735440052939 ], [ 4.812852038102102, 52.163733193166038 ], [ 4.812855691799043, 52.163733210948848 ], [ 4.812855749632544, 52.163728717175019 ], [ 4.81285940332912, 52.163728734957651 ], [ 4.812859432245681, 52.163726488070793 ], [ 4.812863085942076, 52.16372650585334 ], [ 4.812863143774823, 52.163722012079454 ], [ 4.812866797470854, 52.163722029861916 ], [ 4.812866942051745, 52.163710795427335 ], [ 4.812863288356634, 52.163710777644937 ], [ 4.812863346189334, 52.163706283871072 ], [ 4.812859692494594, 52.163706266088539 ], [ 4.812859808160692, 52.163697278540852 ], [ 4.812856154466693, 52.163697260758234 ], [ 4.812856183383391, 52.163695013871283 ], [ 4.81285252968958, 52.163694996088559 ], [ 4.812852558606463, 52.163692749201623 ], [ 4.812848904912837, 52.163692731418728 ], [ 4.812848933829898, 52.163690484531827 ], [ 4.812841626443024, 52.16369044896576 ], [ 4.812841655360451, 52.163688202078831 ], [ 4.812830694280722, 52.163688148728887 ], [ 4.812830723198696, 52.163685901841951 ], [ 4.812823415812593, 52.16368586627474 ], [ 4.812823444730933, 52.163683619387818 ], [ 4.812812483652356, 52.163683566036163 ], [ 4.812812512571244, 52.163681319149283 ], [ 4.812808858878578, 52.163681301365152 ], [ 4.812808887797644, 52.163679054478237 ], [ 4.81280523410516, 52.16367903669402 ], [ 4.812805263024411, 52.163676789807091 ], [ 4.812801609332119, 52.163676772022797 ], [ 4.812801638251545, 52.16367452513586 ], [ 4.81279798455944, 52.163674507351416 ], [ 4.812798013479052, 52.163672260464523 ], [ 4.812787052403307, 52.163672207110523 ], [ 4.812787081323465, 52.163669960223572 ], [ 4.81278342763174, 52.163669942438688 ], [ 4.812783456552078, 52.163667695551787 ], [ 4.812776149169007, 52.163667659981655 ], [ 4.812776178089712, 52.163665413094733 ], [ 4.812768870707021, 52.163665377524183 ], [ 4.812768899628089, 52.163663130637246 ], [ 4.812765245936934, 52.163663112851808 ], [ 4.81276527485818, 52.163660865964893 ], [ 4.812761621167213, 52.163660848179333 ], [ 4.812761679010071, 52.163656354405568 ], [ 4.812758025319471, 52.163656336619844 ], [ 4.81275805424108, 52.163654089732937 ], [ 4.81275440055067, 52.163654071947128 ], [ 4.812754545159573, 52.163642837512583 ], [ 4.812750891470087, 52.163642819726732 ], [ 4.812750949313992, 52.163638325952903 ], [ 4.81274729562488, 52.163638308166902 ], [ 4.81274732454701, 52.163636061279973 ], [ 4.812743670858086, 52.163636043493902 ], [ 4.812743699780395, 52.163633796606952 ], [ 4.812740046091657, 52.163633778820717 ], [ 4.812740103936641, 52.16362928504693 ], [ 4.812736450248269, 52.163629267260561 ], [ 4.812736479170939, 52.163627020373625 ], [ 4.812732825482755, 52.163627002587155 ], [ 4.81273285440561, 52.163624755700297 ], [ 4.812729200717611, 52.163624737913707 ], [ 4.812729229640647, 52.163622491026793 ], [ 4.812725575952838, 52.163622473240125 ], [ 4.812725604876051, 52.163620226353238 ], [ 4.812721951188431, 52.163620208566421 ], [ 4.812722153652113, 52.163604480358032 ], [ 4.812725807338444, 52.163604498144849 ], [ 4.81272589410799, 52.163597757484098 ], [ 4.812729547793775, 52.163597775270759 ], [ 4.812729605639753, 52.163593281496901 ], [ 4.812733259325174, 52.163593299283498 ], [ 4.812733288247973, 52.163591052396576 ], [ 4.812736941933212, 52.163591070182996 ], [ 4.812736970855825, 52.163588823296081 ], [ 4.812740624540884, 52.163588841082394 ], [ 4.81274065346331, 52.163586594195486 ], [ 4.812744307148186, 52.1635866119817 ], [ 4.812744336070426, 52.163584365094763 ], [ 4.812747989755122, 52.163584382880885 ], [ 4.812748018677172, 52.163582135993941 ], [ 4.812751672361689, 52.16358215377992 ], [ 4.812751730205414, 52.163577660006048 ], [ 4.812755383889564, 52.16357767779192 ], [ 4.81275549957624, 52.16356869024419 ], [ 4.812751845892825, 52.163568672458318 ], [ 4.812752135111115, 52.163546203588957 ], [ 4.812755788792687, 52.163546221374773 ], [ 4.812755962322398, 52.1635327400531 ], [ 4.812759616002874, 52.163532757838809 ], [ 4.812759702767131, 52.163526017177972 ], [ 4.812763356447056, 52.163526034963581 ], [ 4.812763385368283, 52.163523788076617 ], [ 4.812767039048031, 52.163523805862148 ], [ 4.812767096890108, 52.163519312088205 ], [ 4.81277075056949, 52.163519329873594 ], [ 4.81277077949034, 52.16351708298663 ], [ 4.812774433169541, 52.16351710077187 ], [ 4.812774462090201, 52.163514853884912 ], [ 4.812778115769223, 52.163514871670074 ], [ 4.812778144689699, 52.16351262478311 ], [ 4.812781798368535, 52.163512642568151 ], [ 4.812781827288827, 52.1635103956812 ], [ 4.812785480967483, 52.163510413466113 ], [ 4.812785509887585, 52.163508166579135 ], [ 4.812789163566063, 52.163508184363963 ], [ 4.812789192485975, 52.16350593747697 ], [ 4.812792846164273, 52.163505955261705 ], [ 4.812792875084003, 52.163503708374719 ], [ 4.812796528762118, 52.163503726159298 ], [ 4.812796557681655, 52.16350147927232 ], [ 4.812800211359591, 52.163501497056806 ], [ 4.812800240278944, 52.163499250169821 ], [ 4.812803893956698, 52.163499267954172 ], [ 4.812803922875864, 52.163497021067201 ], [ 4.812807576553435, 52.163497038851446 ], [ 4.812807663310358, 52.16349029819051 ], [ 4.812804009633337, 52.163490280406243 ], [ 4.812804183148191, 52.163476799084336 ], [ 4.812800529472276, 52.163476781300005 ], [ 4.812800674068817, 52.163465546865048 ], [ 4.812804327743811, 52.163465564649378 ], [ 4.812804443420248, 52.163456577101421 ], [ 4.812808097094512, 52.163456594885616 ], [ 4.812808386283526, 52.163434126015609 ], [ 4.812812039955952, 52.163434143799726 ], [ 4.812812155630728, 52.163425156251691 ], [ 4.812815809302423, 52.163425174035659 ], [ 4.812815838220923, 52.163422927148638 ], [ 4.812819491892437, 52.163422944932513 ], [ 4.812819520810752, 52.163420698045471 ], [ 4.812826828153423, 52.163420733612888 ], [ 4.812826857071365, 52.163418486725881 ], [ 4.81283051074252, 52.16341850450938 ], [ 4.812830539660276, 52.163416257622387 ], [ 4.812837847002227, 52.163416293189044 ], [ 4.812837875919612, 52.163414046302023 ], [ 4.812841529590409, 52.163414064085252 ], [ 4.812841558507605, 52.163411817198217 ], [ 4.812848865848843, 52.163411852764234 ], [ 4.812848894765668, 52.163409605877192 ], [ 4.812852548436108, 52.163409623660051 ], [ 4.812852577352747, 52.163407376773009 ], [ 4.812856231023008, 52.163407394555705 ], [ 4.812856259939459, 52.163405147668719 ], [ 4.812859913609538, 52.163405165451294 ], [ 4.812859942525799, 52.163402918564252 ], [ 4.812867249865601, 52.163402954129161 ], [ 4.812867278781491, 52.163400707242111 ], [ 4.81287093245121, 52.16340072502436 ], [ 4.812870990282617, 52.163396231250303 ], [ 4.812874643951974, 52.163396249032459 ], [ 4.812874759614013, 52.163387261484274 ], [ 4.81287110594539, 52.16338724370214 ], [ 4.812871163776757, 52.16338274992804 ], [ 4.81286751010851, 52.163382732145799 ], [ 4.812867539024372, 52.163380485258713 ], [ 4.812863885356311, 52.163380467476387 ], [ 4.812863914272354, 52.163378220589316 ], [ 4.812860260604481, 52.163378202806832 ], [ 4.812860289520705, 52.163375955919797 ], [ 4.812852982185334, 52.163375920354511 ], [ 4.812853011101923, 52.163373673467461 ], [ 4.812849357434425, 52.16337365568463 ], [ 4.812849386351195, 52.163371408797595 ], [ 4.812838425349281, 52.163371355448447 ], [ 4.812838454266597, 52.163369108561412 ], [ 4.812812878596866, 52.163368984076143 ], [ 4.812812907515468, 52.163366737189122 ], [ 4.812794639180966, 52.163366648267697 ], [ 4.812794668100485, 52.163364401380683 ], [ 4.812783707100375, 52.16336434802642 ], [ 4.812783736020445, 52.163362101139398 ], [ 4.812776428687424, 52.163362065569373 ], [ 4.812776457607857, 52.163359818682366 ], [ 4.812772803941533, 52.163359800897176 ], [ 4.812772832862145, 52.163357554010105 ], [ 4.81276917919601, 52.163357536224858 ], [ 4.812769208116803, 52.163355289337822 ], [ 4.812765554450857, 52.163355271552412 ], [ 4.81276558337183, 52.16335302466539 ], [ 4.81276192970607, 52.163353006879838 ], [ 4.812761958627225, 52.163350759992817 ], [ 4.812758304961651, 52.163350742207179 ], [ 4.812758333882987, 52.163348495320179 ], [ 4.8127546802176, 52.16334847753442 ], [ 4.812754709139118, 52.163346230647377 ], [ 4.812747401808725, 52.163346195075555 ], [ 4.812747430730606, 52.163343948188547 ], [ 4.812740123400595, 52.163343912616256 ], [ 4.812740152322839, 52.163341665729234 ], [ 4.812732844993211, 52.163341630156495 ], [ 4.812732873915822, 52.163339383269474 ], [ 4.812721912921955, 52.163339329909526 ], [ 4.812721941845112, 52.163337083022533 ], [ 4.812714634516253, 52.163337047448628 ], [ 4.812714663439774, 52.163334800561664 ], [ 4.812707356111297, 52.163334764987333 ], [ 4.812707385035182, 52.163332518100319 ], [ 4.812696424043045, 52.163332464738026 ], [ 4.81269645296748, 52.163330217851005 ], [ 4.812685491975921, 52.163330164487661 ], [ 4.812685520900907, 52.163327917600697 ], [ 4.812674559909931, 52.163327864236329 ], [ 4.812674588835464, 52.163325617349301 ], [ 4.812667281508531, 52.163325581772533 ], [ 4.81266731043443, 52.163323334885526 ], [ 4.812663656771153, 52.163323317096982 ], [ 4.812663685697229, 52.163321070209967 ], [ 4.812656378371051, 52.163321034632531 ], [ 4.812656407297495, 52.163318787745496 ], [ 4.812652753634594, 52.163318769956589 ], [ 4.812652840414456, 52.163312029295575 ], [ 4.812641879427431, 52.163311975928195 ], [ 4.812641966208922, 52.163305235267195 ], [ 4.812656580856082, 52.163305306423453 ], [ 4.812656551929656, 52.163307553310474 ], [ 4.812700395873672, 52.163307766768412 ], [ 4.812700424797886, 52.163305519881384 ], [ 4.812726000430828, 52.163305644390967 ], [ 4.812726029353752, 52.163303397503938 ], [ 4.81274429766218, 52.16330348643595 ], [ 4.81274432658418, 52.16330123954895 ], [ 4.812751633907203, 52.163301275120951 ], [ 4.812751662828831, 52.163299028233901 ], [ 4.812755316490168, 52.163299046019716 ], [ 4.812755345411608, 52.163296799132716 ], [ 4.812758999072763, 52.163296816918411 ], [ 4.812759143678999, 52.163285582483191 ], [ 4.812755490018765, 52.163285564697468 ], [ 4.812755605704431, 52.163276577149276 ], [ 4.812751952044938, 52.163276559363446 ], [ 4.812752125574439, 52.163263078041147 ], [ 4.812755779232829, 52.163263095826977 ], [ 4.812755923839735, 52.163251861391679 ], [ 4.81275957749721, 52.163251879177352 ], [ 4.812759606418397, 52.163249632290352 ], [ 4.812763260075692, 52.163249650075898 ], [ 4.812763288996691, 52.163247403188834 ], [ 4.812766942653803, 52.163247420974329 ], [ 4.812766971574616, 52.163245174087251 ], [ 4.812774278888484, 52.163245209657845 ], [ 4.812774307808925, 52.163242962770809 ], [ 4.812777961465679, 52.163242980555914 ], [ 4.812777990385932, 52.163240733668843 ], [ 4.812781644042508, 52.163240751453863 ], [ 4.812781672962574, 52.163238504566806 ], [ 4.812785326618966, 52.163238522351683 ], [ 4.81278550013819, 52.163225041029214 ], [ 4.8127818464829, 52.16322502324433 ], [ 4.812781904322985, 52.163220529470173 ], [ 4.812778250668068, 52.163220511685175 ], [ 4.812778308508507, 52.163216017911019 ], [ 4.812774654853958, 52.163216000125892 ], [ 4.812774799455912, 52.163204765690487 ], [ 4.812778453109537, 52.163204783475592 ], [ 4.812778482029736, 52.163202536588514 ], [ 4.812785789336631, 52.16320257215839 ], [ 4.812785818256456, 52.163200325271305 ], [ 4.812789471909727, 52.163200343056069 ], [ 4.812789529748998, 52.163195849281891 ], [ 4.812796837054811, 52.163195884851071 ], [ 4.812796865974075, 52.163193637963992 ], [ 4.812800519626802, 52.163193655748401 ], [ 4.812800577464952, 52.163189161974209 ], [ 4.812804231117314, 52.163189179758518 ], [ 4.81280431787396, 52.163182439097248 ], [ 4.812807971525775, 52.163182456881415 ], [ 4.81280805828184, 52.163175716220096 ], [ 4.812811711933103, 52.163175734004191 ], [ 4.812811798688588, 52.163168993342872 ], [ 4.812815452339304, 52.163169011126811 ], [ 4.812815625849074, 52.163155529804129 ], [ 4.812819279498691, 52.163155547587948 ], [ 4.812819424089152, 52.163144313152387 ], [ 4.812815770440455, 52.163144295368525 ], [ 4.812816001786496, 52.163126320271566 ], [ 4.812819655433719, 52.163126338055406 ], [ 4.812819771105923, 52.163117350506866 ], [ 4.812823424752413, 52.163117368290585 ], [ 4.81282351150598, 52.163110627629202 ], [ 4.812827165151924, 52.163110645412758 ], [ 4.812827338657859, 52.16309716408994 ], [ 4.812830992302703, 52.163097181873397 ], [ 4.812831050137619, 52.163092688099141 ], [ 4.812834703782096, 52.163092705882455 ], [ 4.812834732699367, 52.163090458995335 ], [ 4.812838386343664, 52.163090476778557 ], [ 4.812838415260746, 52.163088229891407 ], [ 4.812845722548984, 52.16308826545756 ], [ 4.812845751465694, 52.163086018570375 ], [ 4.812853058753577, 52.163086054136066 ], [ 4.812853087669917, 52.163083807248924 ], [ 4.812860394957443, 52.163083842814153 ], [ 4.812860423873411, 52.16308159592699 ], [ 4.812864077516999, 52.163081613709423 ], [ 4.812864106432779, 52.163079366822274 ], [ 4.812875067363003, 52.163079420168941 ], [ 4.81287509627823, 52.163077173281735 ], [ 4.812897018137663, 52.163077279972001 ], [ 4.812897075965896, 52.163072786197631 ], [ 4.81290072960878, 52.163072803978963 ], [ 4.812900758522707, 52.163070557091785 ], [ 4.812904412165408, 52.163070574872975 ], [ 4.812904469992886, 52.163066081098599 ], [ 4.812908123635225, 52.163066098879675 ], [ 4.812908152548775, 52.163063851992518 ], [ 4.812911806190931, 52.163063869773467 ], [ 4.812911835104294, 52.163061622886296 ], [ 4.812919142388247, 52.163061658447852 ], [ 4.812919171301241, 52.163059411560667 ], [ 4.81292282494304, 52.163059429341317 ], [ 4.812922853855843, 52.163057182454097 ], [ 4.81293016113908, 52.163057218014991 ], [ 4.812930190051514, 52.163054971127814 ], [ 4.812937497334402, 52.163055006688253 ], [ 4.81293752624646, 52.163052759801083 ], [ 4.812944833528994, 52.163052795361068 ], [ 4.812944862440684, 52.163050548473898 ], [ 4.81294851608177, 52.163050566253688 ], [ 4.812948544993272, 52.163048319366496 ], [ 4.812952198634179, 52.163048337146215 ], [ 4.812952227545492, 52.163046090258995 ], [ 4.812955881186217, 52.163046108038593 ], [ 4.812955910097348, 52.163043861151401 ], [ 4.812959563737891, 52.163043878930864 ], [ 4.812959621559767, 52.163039385156488 ], [ 4.812963275199949, 52.163039402935823 ], [ 4.812963333021445, 52.163034909161418 ], [ 4.81296698666126, 52.163034926940668 ], [ 4.81296701557182, 52.163032680053462 ], [ 4.812970669211453, 52.163032697832584 ], [ 4.812970698121825, 52.163030450945392 ], [ 4.812974351761281, 52.163030468724379 ], [ 4.812974380671466, 52.163028221837223 ], [ 4.812981687950016, 52.163028257394878 ], [ 4.812981745769638, 52.163023763620458 ], [ 4.812985399408549, 52.163023781399154 ], [ 4.812985428318171, 52.163021534511891 ], [ 4.812996389234379, 52.163021587847261 ], [ 4.812996360325307, 52.163023834734453 ], [ 4.813000013964234, 52.163023852512744 ], [ 4.812999985055344, 52.163026099399957 ], [ 4.813003638694458, 52.16302611717807 ], [ 4.813003523059599, 52.163035104726944 ], [ 4.813014483979168, 52.163035158060644 ], [ 4.813014599611816, 52.163026170511685 ], [ 4.813032867807482, 52.16302625939889 ], [ 4.813032896714716, 52.163024012511656 ], [ 4.813036550353676, 52.163024030288753 ], [ 4.813036579260725, 52.16302178340149 ], [ 4.813040232899501, 52.163021801178502 ], [ 4.813040261806362, 52.163019554291253 ], [ 4.813043915444958, 52.163019572068144 ], [ 4.813043944351631, 52.163017325180896 ], [ 4.813047597990051, 52.16301734295763 ], [ 4.813047655803016, 52.163012849183168 ], [ 4.813051309441068, 52.163012866959768 ], [ 4.813051367253654, 52.163008373185299 ], [ 4.813055020891341, 52.163008390961807 ], [ 4.813055049797443, 52.163006144074572 ], [ 4.813058703434954, 52.163006161851001 ], [ 4.813058732340869, 52.163003914963696 ], [ 4.813062385978194, 52.163003932740011 ], [ 4.813062443789649, 52.162999438965521 ], [ 4.813066097426611, 52.162999456741687 ], [ 4.813066155237683, 52.162994962967169 ], [ 4.813069808874282, 52.1629949807432 ], [ 4.813069924495651, 52.162985993194198 ], [ 4.813073578131516, 52.162986010970158 ], [ 4.813073664846956, 52.162979270308327 ], [ 4.813077318482274, 52.16297928808418 ], [ 4.813077405197132, 52.16297254742237 ], [ 4.8130810588319, 52.162972565198054 ], [ 4.813081405688823, 52.162945602550771 ], [ 4.813085059321386, 52.162945620326354 ], [ 4.813085088225924, 52.162943373439063 ], [ 4.813088741858308, 52.162943391214526 ], [ 4.813088770762657, 52.16294114432722 ], [ 4.81309242439486, 52.162941162102577 ], [ 4.813092482203182, 52.162936668328037 ], [ 4.813096135835019, 52.162936686103258 ], [ 4.813096164738995, 52.162934439215945 ], [ 4.813099818370651, 52.162934456991103 ], [ 4.813099847274434, 52.162932210103797 ], [ 4.813103500905909, 52.162932227878798 ], [ 4.813103529809507, 52.162929980991493 ], [ 4.813107183440808, 52.162929998766444 ], [ 4.813107212344215, 52.162927751879124 ], [ 4.813110865975331, 52.162927769653905 ], [ 4.813110952684989, 52.162921028992002 ], [ 4.813103645423866, 52.162920993442306 ], [ 4.813103674327448, 52.162918746555022 ], [ 4.813085406175618, 52.162918657678915 ], [ 4.813085377271118, 52.162920904566192 ], [ 4.81307807001004, 52.162920869014911 ], [ 4.813078041105171, 52.162923115902196 ], [ 4.813074387474452, 52.16292309812642 ], [ 4.813074271854195, 52.162932085675543 ], [ 4.813070618222743, 52.162932067899654 ], [ 4.813070358075311, 52.162952289885176 ], [ 4.813066704442208, 52.162952272109102 ], [ 4.813066675536736, 52.162954518996393 ], [ 4.813063021903455, 52.162954501220213 ], [ 4.813062992997795, 52.162956748107483 ], [ 4.813059339364335, 52.162956730331274 ], [ 4.813059310458487, 52.162958977218523 ], [ 4.813052003191202, 52.162958941665636 ], [ 4.813051974284985, 52.16296118855287 ], [ 4.813044667017346, 52.162961152999557 ], [ 4.813044638110756, 52.162963399886813 ], [ 4.813026369940796, 52.162963311001491 ], [ 4.813026398848304, 52.162961064114256 ], [ 4.813022745214506, 52.162961046336846 ], [ 4.813022774122196, 52.162958799449569 ], [ 4.813019120488584, 52.162958781672074 ], [ 4.813019149396457, 52.162956534784826 ], [ 4.813015495763032, 52.162956517007196 ], [ 4.813015582487173, 52.162949776345414 ], [ 4.813011928854307, 52.162949758567713 ], [ 4.813012015578967, 52.162943017905931 ], [ 4.813008361946654, 52.162943000128067 ], [ 4.813008390855053, 52.162940753240839 ], [ 4.813004737222928, 52.162940735462854 ], [ 4.813004766131506, 52.162938488575612 ], [ 4.813001112499568, 52.162938470797528 ], [ 4.813001141408326, 52.162936223910286 ], [ 4.812993834144828, 52.162936188353804 ], [ 4.812993863053952, 52.162933941466534 ], [ 4.812990209422395, 52.162933923688158 ], [ 4.812990238331697, 52.162931676800888 ], [ 4.812982931068956, 52.16293164124373 ], [ 4.812982959978624, 52.162929394356475 ], [ 4.812979306347444, 52.162929376577758 ], [ 4.812979335257291, 52.162927129690452 ], [ 4.812975681626296, 52.162927111911607 ], [ 4.812975710536328, 52.162924865024372 ], [ 4.812968403274716, 52.162924829466341 ], [ 4.812968432185112, 52.162922582579071 ], [ 4.812953817662664, 52.162922511461616 ], [ 4.812953846573792, 52.162920264574382 ], [ 4.812946539312958, 52.162920229014965 ], [ 4.812946568224453, 52.16291798212773 ], [ 4.812939260963995, 52.16291794656788 ], [ 4.812939289875852, 52.162915699680617 ], [ 4.812935636245814, 52.162915681900522 ], [ 4.812935665157855, 52.162913435013259 ], [ 4.81292470426831, 52.162913381672332 ], [ 4.812924733180897, 52.162911134785084 ], [ 4.812910118662291, 52.162911063662243 ], [ 4.812910147575606, 52.16290881677498 ], [ 4.812899186687241, 52.162908763431624 ], [ 4.812899215601108, 52.16290651654441 ], [ 4.812884601084071, 52.162906445418407 ], [ 4.81288462999867, 52.162904198531187 ], [ 4.812866361853363, 52.16290410962111 ], [ 4.812866390768879, 52.162901862733897 ], [ 4.812848122624578, 52.16290177382097 ], [ 4.812848151541009, 52.162899526933792 ], [ 4.812833537026365, 52.162899455801451 ], [ 4.812833565943532, 52.162897208914202 ], [ 4.812818951429674, 52.162897137780078 ], [ 4.812818980347575, 52.162894890892879 ], [ 4.81280801946277, 52.162894837541074 ], [ 4.812808048381215, 52.162892590653833 ], [ 4.812793433868927, 52.162892519516546 ], [ 4.812793462788106, 52.162890272629348 ], [ 4.812782501904475, 52.162890219275198 ], [ 4.812782530824203, 52.162887972387971 ], [ 4.812775223568836, 52.162887936817974 ], [ 4.812775252488928, 52.162885689930761 ], [ 4.812767945233937, 52.162885654360309 ], [ 4.812767974154395, 52.16288340747311 ], [ 4.812760666899789, 52.162883371902204 ], [ 4.812760695820611, 52.162881125015012 ], [ 4.812757042193498, 52.162881107229381 ], [ 4.812757071114499, 52.162878860342175 ], [ 4.812749763860647, 52.162878824770601 ], [ 4.812749792782014, 52.162876577883395 ], [ 4.812742485528545, 52.162876542311373 ], [ 4.812742514450278, 52.162874295424196 ], [ 4.812731553570653, 52.162874242065286 ], [ 4.812731582492934, 52.162871995178079 ], [ 4.812720621613888, 52.162871941818175 ], [ 4.812720650536717, 52.162869694930976 ], [ 4.81271699691056, 52.162869677144108 ], [ 4.812717025833569, 52.162867430256945 ], [ 4.812709718581632, 52.162867394682884 ], [ 4.812709747505004, 52.162865147795671 ], [ 4.812698786627679, 52.162865094433762 ], [ 4.8126988155516, 52.162862847546563 ], [ 4.81267689379814, 52.162862740819655 ], [ 4.812676922723162, 52.162860493932449 ], [ 4.812669615472403, 52.162860458355944 ], [ 4.812669644397791, 52.16285821146878 ], [ 4.812662337147414, 52.162858175891763 ], [ 4.812662366073167, 52.16285592900455 ], [ 4.812651405198177, 52.162855875638272 ], [ 4.812651434124477, 52.162853628751073 ], [ 4.812644126874868, 52.162853593172947 ], [ 4.812644155801532, 52.16285134628577 ], [ 4.812636848552306, 52.162851310707232 ], [ 4.812636877479339, 52.162849063820055 ], [ 4.812633223854913, 52.162849046030566 ], [ 4.812633252782123, 52.162846799143423 ], [ 4.812629599157886, 52.162846781353842 ], [ 4.812629628085276, 52.162844534466672 ], [ 4.812625974461229, 52.162844516677012 ], [ 4.812626032316366, 52.162840022902657 ], [ 4.812622378692688, 52.162840005112827 ], [ 4.812622436548181, 52.162835511338507 ], [ 4.812618782924877, 52.162835493548585 ], [ 4.812618811852801, 52.162833246661428 ], [ 4.812604197360344, 52.162833175500708 ], [ 4.812604226289002, 52.162830928613552 ], [ 4.812593265420243, 52.162830875241802 ], [ 4.81259329434945, 52.162828628354653 ], [ 4.812582333481276, 52.162828574981894 ], [ 4.812582304551518, 52.162830821869079 ], [ 4.812571343682821, 52.162830768495333 ], [ 4.812571314752506, 52.162833015382482 ], [ 4.812564007506358, 52.162832979799418 ], [ 4.812563978575676, 52.16283522668656 ], [ 4.812520135096858, 52.162835013178622 ], [ 4.81252010616396, 52.16283726006575 ], [ 4.812512798917169, 52.162837224479503 ], [ 4.8125127699839, 52.162839471366638 ], [ 4.812509116360328, 52.162839453573341 ], [ 4.812509029559952, 52.16284619423476 ], [ 4.812505375935829, 52.162846176441349 ], [ 4.812504970864436, 52.162877632861196 ], [ 4.812508624491131, 52.162877650654593 ], [ 4.812508450890007, 52.162891131977325 ], [ 4.812504797262203, 52.162891114183928 ], [ 4.812504710461047, 52.162897854845262 ], [ 4.812501056832696, 52.162897837051716 ], [ 4.812501027898785, 52.162900083938851 ], [ 4.812497374270253, 52.162900066145149 ], [ 4.812497345336156, 52.162902313032248 ], [ 4.812486384450029, 52.162902259650579 ], [ 4.812486355515376, 52.162904506537707 ], [ 4.81248270188649, 52.162904488743578 ], [ 4.81248267295165, 52.162906735630685 ], [ 4.81245344391921, 52.162906593273647 ], [ 4.812453414982894, 52.162908840160739 ], [ 4.812449761353673, 52.162908822365601 ], [ 4.812449732417168, 52.162911069252679 ], [ 4.812446078787765, 52.162911051457449 ], [ 4.812446049851073, 52.162913298344534 ], [ 4.812442396221488, 52.162913280549191 ], [ 4.812442367284611, 52.162915527436205 ], [ 4.812438713654847, 52.162915509640747 ], [ 4.812438684717781, 52.162917756527854 ], [ 4.812435031087834, 52.16291773873224 ], [ 4.812435002150584, 52.162919985619354 ], [ 4.812427694890333, 52.162919950027828 ], [ 4.812427665952708, 52.162922196914863 ], [ 4.812416705061807, 52.162922143526714 ], [ 4.812416676123625, 52.162924390413799 ], [ 4.812413022493149, 52.162924372617546 ], [ 4.812412993554782, 52.162926619504589 ], [ 4.812409339924125, 52.162926601708179 ], [ 4.812409224169889, 52.162935589256477 ], [ 4.812412877801283, 52.16293560705288 ], [ 4.812412704170939, 52.162949088375335 ], [ 4.812409050538439, 52.162949070578897 ], [ 4.812409021599851, 52.162951317465946 ], [ 4.812398060701826, 52.162951264076042 ], [ 4.812398031762681, 52.162953510963149 ], [ 4.81239072449698, 52.162953475369278 ], [ 4.812390666617951, 52.162957969143378 ], [ 4.812387012984733, 52.162957951346314 ], [ 4.812386897225896, 52.16296693889452 ], [ 4.812394204493801, 52.162966974488597 ], [ 4.812394175554453, 52.16296922137564 ], [ 4.812401482822737, 52.162969256969276 ], [ 4.812401453883752, 52.162971503856298 ], [ 4.812408761152418, 52.162971539449536 ], [ 4.812408732213799, 52.162973786336558 ], [ 4.812412385848319, 52.162973804132967 ], [ 4.812412356909878, 52.162976051020017 ], [ 4.812416010544591, 52.162976068816349 ], [ 4.812415750100135, 52.162996290799825 ], [ 4.812419403736504, 52.162996308596021 ], [ 4.812419287984062, 52.163005296144213 ], [ 4.812422941621169, 52.16300531394031 ], [ 4.812422854807354, 52.163012054601445 ], [ 4.812419201169694, 52.163012036805341 ], [ 4.812419143293433, 52.163016530579434 ], [ 4.812415489655407, 52.163016512783194 ], [ 4.812415402840442, 52.163023253444337 ], [ 4.812411749201866, 52.163023235648012 ], [ 4.8124115466322, 52.163038963857268 ], [ 4.812407892992341, 52.163038946060801 ], [ 4.812407777237436, 52.163047933608922 ], [ 4.812404123596846, 52.163047915812349 ], [ 4.812404036780081, 52.163054656473427 ], [ 4.812400383138939, 52.163054638676726 ], [ 4.812400238443344, 52.163065873111833 ], [ 4.812396584801292, 52.163065855315004 ], [ 4.812396469044018, 52.163074842863089 ], [ 4.812392815401227, 52.163074825066133 ], [ 4.812392728582687, 52.163081565727204 ], [ 4.812389074939348, 52.16308154793014 ], [ 4.812388901301068, 52.163095029252197 ], [ 4.812385247656633, 52.163095011455027 ], [ 4.812385160836896, 52.163101752116013 ], [ 4.81238150719191, 52.163101734318751 ], [ 4.81238142037159, 52.163108474979737 ], [ 4.812377766726059, 52.163108457182325 ], [ 4.812377708845459, 52.163112950956318 ], [ 4.81237405519956, 52.163112933158828 ], [ 4.812374026259073, 52.163115180045821 ], [ 4.812370372612995, 52.163115162248197 ], [ 4.812370314731639, 52.163119656022154 ], [ 4.812366661085197, 52.163119638224423 ], [ 4.812366574262589, 52.163126378885359 ], [ 4.812362920615596, 52.163126361087507 ], [ 4.812362862733473, 52.163130854861485 ], [ 4.812359209086117, 52.163130837063505 ], [ 4.812359151203615, 52.163135330837477 ], [ 4.81235549755589, 52.16313531303939 ], [ 4.812355381790105, 52.163144300587298 ], [ 4.812351728141651, 52.163144282789041 ], [ 4.81235155449177, 52.163157764110899 ], [ 4.812347900842214, 52.16315774631255 ], [ 4.812347814016674, 52.163164486973443 ], [ 4.812344160366571, 52.163164469175008 ], [ 4.812344073540454, 52.163171209835895 ], [ 4.812340419889802, 52.163171192037325 ], [ 4.812340246236366, 52.163184673359076 ], [ 4.812336592584613, 52.163184655560379 ], [ 4.812336505757297, 52.163191396221229 ], [ 4.812332852104996, 52.163191378422418 ], [ 4.812332736334461, 52.163200365970248 ], [ 4.812329082681429, 52.16320034817133 ], [ 4.812328995852938, 52.163207088832117 ], [ 4.812332649506525, 52.163207106631035 ], [ 4.812332562678557, 52.163213847291878 ], [ 4.812336216332698, 52.16321386509069 ], [ 4.812336158447737, 52.16321835886454 ], [ 4.812339812102247, 52.163218376663281 ], [ 4.812339725275334, 52.163225117324068 ], [ 4.812343378930402, 52.16322513512263 ], [ 4.812343321046143, 52.163229628896516 ], [ 4.812346974701582, 52.163229646694958 ], [ 4.812346945759632, 52.16323189358193 ], [ 4.812354253070887, 52.163231929178586 ], [ 4.812354224129302, 52.163234176065494 ], [ 4.812361531440939, 52.163234211661617 ], [ 4.812361502499717, 52.163236458548603 ], [ 4.812368809811736, 52.163236494144286 ], [ 4.812368780870877, 52.163238741031279 ], [ 4.812383395495696, 52.163238812221287 ], [ 4.81238336655557, 52.163241059108252 ], [ 4.812390673868364, 52.16324109470262 ], [ 4.812390558109304, 52.163250082250372 ], [ 4.812379597137913, 52.163250028858663 ], [ 4.812379568197588, 52.16325227574562 ], [ 4.812364953568372, 52.163252204555079 ], [ 4.812364982509435, 52.163249957668157 ], [ 4.812350367881007, 52.163249886475775 ], [ 4.812350396822802, 52.163247639588846 ], [ 4.812343089508976, 52.163247603991991 ], [ 4.812343118451133, 52.163245357105055 ], [ 4.812332157480974, 52.163245303708912 ], [ 4.812332128538264, 52.163247550595834 ], [ 4.812321167567584, 52.163247497198711 ], [ 4.812321138624319, 52.163249744085633 ], [ 4.812313831310182, 52.163249708486966 ], [ 4.812313773422903, 52.163254202260795 ], [ 4.812310119765471, 52.16325418446128 ], [ 4.812310090821645, 52.163256431348188 ], [ 4.812306437164031, 52.163256413548581 ], [ 4.812306379276, 52.163260907322432 ], [ 4.812302725618021, 52.163260889522675 ], [ 4.812302667729608, 52.163265383296526 ], [ 4.812299014071267, 52.163265365496649 ], [ 4.812298927238071, 52.163272106157365 ], [ 4.81229527357918, 52.163272088357388 ], [ 4.812295186745401, 52.163278829018104 ], [ 4.812291533085961, 52.163278811218021 ], [ 4.8122914462516, 52.163285551878715 ], [ 4.812287792591611, 52.163285534078497 ], [ 4.812287676811681, 52.163294521626071 ], [ 4.812284023150959, 52.163294503825774 ], [ 4.812283878425051, 52.163305738260235 ], [ 4.812280224763415, 52.163305720459782 ], [ 4.812280022145715, 52.163321448667979 ], [ 4.81227636848279, 52.163321430867434 ], [ 4.812276281646031, 52.163328171528029 ], [ 4.812272627982565, 52.163328153727392 ], [ 4.812272570091003, 52.163332647501122 ], [ 4.812268916427167, 52.163332629700356 ], [ 4.812268858535229, 52.163337123474058 ], [ 4.812265204871029, 52.163337105673179 ], [ 4.81226517592487, 52.163339352560023 ], [ 4.812261522260489, 52.163339334759023 ], [ 4.812261464367794, 52.16334382853276 ], [ 4.812257810703051, 52.163343810731632 ], [ 4.812257752809974, 52.163348304505348 ], [ 4.812254099144864, 52.163348286704121 ], [ 4.812254041251406, 52.163352780477837 ], [ 4.812250387585931, 52.163352762676439 ], [ 4.812250329692092, 52.163357256450162 ], [ 4.812246676026253, 52.163357238648658 ], [ 4.812246589184917, 52.163363979309224 ], [ 4.81224293551853, 52.163363961507656 ], [ 4.812242819729296, 52.163372949055031 ], [ 4.812239166062177, 52.163372931253342 ], [ 4.812239021324642, 52.16338416568756 ], [ 4.812235367656606, 52.163384147885743 ], [ 4.812235107127177, 52.163404369867273 ], [ 4.812231453457488, 52.163404352065307 ], [ 4.812231250822011, 52.163420080273113 ], [ 4.812227597151035, 52.163420062471026 ], [ 4.812227481358526, 52.163429050018316 ], [ 4.81222382768682, 52.163429032216122 ], [ 4.812223711893517, 52.163438019763412 ], [ 4.812220058221079, 52.163438001961069 ], [ 4.812219913478457, 52.163449236395138 ], [ 4.812216259805103, 52.163449218592731 ], [ 4.812216201907666, 52.163453712366362 ], [ 4.812212548233944, 52.163453694563799 ], [ 4.812212490336122, 52.163458188337422 ], [ 4.812208836662039, 52.163458170534739 ], [ 4.812208778763837, 52.163462664308348 ], [ 4.812205125089386, 52.163462646505565 ], [ 4.812205096140096, 52.163464893392373 ], [ 4.812201442465467, 52.16346487558949 ], [ 4.812201413515989, 52.163467122476277 ], [ 4.812197759841179, 52.163467104673238 ], [ 4.812197730891516, 52.163469351560053 ], [ 4.812194077216524, 52.163469333756943 ], [ 4.812194048266671, 52.16347158064373 ], [ 4.812190394591499, 52.163471562840492 ], [ 4.812190336691418, 52.163476056614066 ], [ 4.812186683015883, 52.163476038810714 ], [ 4.812186625115419, 52.16348053258433 ], [ 4.812182971439517, 52.163480514780844 ], [ 4.812182884588241, 52.163487255441169 ], [ 4.812179230911797, 52.163487237637604 ], [ 4.812179144059939, 52.163493978297915 ], [ 4.812175490382941, 52.163493960494257 ], [ 4.812175374579682, 52.163502948041348 ], [ 4.812171720901953, 52.163502930237534 ], [ 4.812171605097905, 52.163511917784625 ], [ 4.812167951419443, 52.163511899980691 ], [ 4.812167748760944, 52.163527628188049 ], [ 4.812164095081196, 52.163527610384008 ], [ 4.812163921372679, 52.163541091704595 ], [ 4.81216026769183, 52.16354107390039 ], [ 4.812159949223871, 52.163565789654662 ], [ 4.812156295541003, 52.163565771850365 ], [ 4.812156179733637, 52.163574759397385 ], [ 4.81215983341724, 52.16357477720166 ], [ 4.812159804465574, 52.163577024088404 ], [ 4.812163458149366, 52.163577041892601 ], [ 4.812163429197879, 52.16357928877936 ], [ 4.812167082881857, 52.163579306583415 ], [ 4.812167053930554, 52.163581553470159 ], [ 4.812170707614722, 52.16358157127415 ], [ 4.812170678663598, 52.163583818160909 ], [ 4.812174332347948, 52.163583835964758 ], [ 4.812174303397004, 52.163586082851481 ], [ 4.812177957081546, 52.163586100655252 ], [ 4.812177928130782, 52.163588347541989 ], [ 4.812185235500243, 52.163588383149118 ], [ 4.812185206549843, 52.163590630035898 ], [ 4.812192513919689, 52.163590665642637 ], [ 4.812192484969652, 52.16359291252936 ], [ 4.812196138654761, 52.163592930332555 ], [ 4.812196109704908, 52.163595177219328 ], [ 4.812203417075508, 52.163595212825342 ], [ 4.812203388126018, 52.163597459712072 ], [ 4.812210695496995, 52.163597495317681 ], [ 4.812210666547871, 52.163599742204433 ], [ 4.812217973919232, 52.163599777809566 ], [ 4.812217944970472, 52.163602024696324 ], [ 4.812225252342214, 52.163602060301038 ], [ 4.812225223393818, 52.163604307187789 ], [ 4.812232530765942, 52.163604342791992 ], [ 4.812232501817912, 52.163606589678757 ], [ 4.81223615550416, 52.163606607480723 ], [ 4.81223612655631, 52.16360885436746 ], [ 4.812239780242749, 52.163608872169291 ], [ 4.812239751295079, 52.163611119056078 ], [ 4.812243404981706, 52.163611136857824 ], [ 4.812243376034218, 52.163613383744547 ], [ 4.812247029721031, 52.163613401546201 ], [ 4.812247000773723, 52.163615648432923 ], [ 4.812250654460723, 52.163615666234449 ], [ 4.812250625513595, 52.163617913121179 ], [ 4.812257932887975, 52.163617948723839 ], [ 4.812257903941211, 52.163620195610605 ], [ 4.812261557628587, 52.163620213411768 ], [ 4.812261528682006, 52.163622460298534 ], [ 4.812272489744715, 52.163622513701362 ], [ 4.812272460798679, 52.163624760588114 ], [ 4.812276114486437, 52.163624778388808 ], [ 4.812276085540584, 52.163627025275595 ], [ 4.812279739228532, 52.163627043076211 ], [ 4.812279710282859, 52.163629289962962 ], [ 4.81228701765913, 52.163629325563818 ], [ 4.812286988713823, 52.163631572450598 ], [ 4.812294296090476, 52.163631608051041 ], [ 4.812294267145534, 52.163633854937778 ], [ 4.812301574522568, 52.163633890537753 ], [ 4.81230154557799, 52.163636137424518 ], [ 4.812312506644117, 52.16363619082361 ], [ 4.812312477700089, 52.163638437710397 ], [ 4.812334399833537, 52.163638544505559 ], [ 4.812334370890611, 52.163640791392332 ], [ 4.81234167826882, 52.16364082698982 ], [ 4.812341649326255, 52.163643073876607 ], [ 4.812348956704849, 52.163643109473618 ], [ 4.812348927762649, 52.163645356360412 ], [ 4.812356235141626, 52.163645391956983 ], [ 4.812356206199787, 52.163647638843763 ], [ 4.812374474648204, 52.163647727833251 ], [ 4.812374445707285, 52.163649974720045 ], [ 4.812381753087043, 52.163650010315052 ], [ 4.812381724146488, 52.163652257201818 ], [ 4.812389031526627, 52.163652292796378 ], [ 4.812389002586436, 52.163654539683201 ], [ 4.812396309966958, 52.163654575277299 ], [ 4.812396281027133, 52.163656822164107 ], [ 4.812407242098491, 52.163656875554373 ], [ 4.812407213159214, 52.163659122441196 ], [ 4.812418174231152, 52.163659175830503 ], [ 4.812418145292426, 52.163661422717276 ], [ 4.812429106364947, 52.163661476105553 ], [ 4.812429077426768, 52.163663722992361 ], [ 4.812443692190914, 52.163663794175172 ], [ 4.812443663253466, 52.163666041061973 ], [ 4.812461931709642, 52.163666130037889 ], [ 4.812461902773112, 52.16366837692469 ], [ 4.812472863847413, 52.163668430308952 ], [ 4.812472834911431, 52.163670677195739 ], [ 4.812483795986311, 52.163670730578957 ], [ 4.812483767050879, 52.163672977465758 ], [ 4.812494728126341, 52.163673030847953 ], [ 4.812494699191454, 52.163675277734768 ], [ 4.812505660267499, 52.163675331115954 ], [ 4.812505631333164, 52.163677578002741 ], [ 4.812516592409793, 52.163677631382939 ], [ 4.812516563476006, 52.16367987826974 ], [ 4.812523870860807, 52.163679913855958 ], [ 4.812523841927387, 52.163682160742773 ], [ 4.812534803005168, 52.163682214121224 ], [ 4.812534774072295, 52.16368446100806 ], [ 4.812545735150656, 52.163684514385515 ], [ 4.812545706218333, 52.163686761272366 ], [ 4.812553013604294, 52.163686796856766 ], [ 4.812552984672332, 52.163689043743581 ], [ 4.812560292058674, 52.163689079327561 ], [ 4.812560263127077, 52.163691326214355 ], [ 4.812574877900537, 52.16369139738093 ], [ 4.812574848969673, 52.163693644267767 ], [ 4.812585810050356, 52.16369369764152 ], [ 4.812585781120042, 52.163695944528349 ], [ 4.812600395895065, 52.163696015691748 ], [ 4.812600366965484, 52.163698262578585 ], [ 4.812614981741297, 52.163698333740165 ], [ 4.81261495281245, 52.163700580627001 ], [ 4.812633221283212, 52.16370066957645 ], [ 4.81263319235528, 52.163702916463293 ], [ 4.812644153438331, 52.163702969831625 ], [ 4.812644124510947, 52.163705216718483 ], [ 4.812655085594578, 52.163705270085771 ], [ 4.812655056667742, 52.163707516972629 ], [ 4.812666017751958, 52.163707570338936 ], [ 4.812665988825669, 52.163709817225765 ], [ 4.812680603605407, 52.163709888379245 ], [ 4.812680574679853, 52.163712135266124 ], [ 4.812691535765242, 52.163712188630029 ], [ 4.812691506840236, 52.163714435516916 ], [ 4.812695160535556, 52.163714453304635 ], [ 4.812695131610731, 52.163716700191472 ], [ 4.81269878530624, 52.163716717979142 ], [ 4.812698756381595, 52.163718964866021 ], [ 4.812702410077289, 52.163718982653528 ], [ 4.812702381152827, 52.163721229540371 ], [ 4.812713342240483, 52.163721282902301 ], [ 4.812713313316567, 52.163723529789145 ], [ 4.812720620708723, 52.163723565363163 ], [ 4.812720591785173, 52.163725812250057 ], [ 4.812727899177711, 52.163725847823599 ], [ 4.812727870254525, 52.163728094710514 ], [ 4.812735177647444, 52.163728130283616 ], [ 4.812735148724621, 52.163730377170474 ], [ 4.812760724601231, 52.163730501672923 ], [ 4.812760695679696, 52.163732748559788 ], [ 4.812775310467139, 52.163732819701529 ], [ 4.812775281546337, 52.163735066588416 ], [ 4.812808164819938, 52.163735226650729 ], [ 4.812808135900785, 52.16373747353763 ], [ 4.812822750689874, 52.163737544673509 ], [ 4.812822721771455, 52.16373979156041 ] ], [ [ 4.812554104737585, 52.163318289613478 ], [ 4.812554133669175, 52.163316042726507 ], [ 4.812550480006557, 52.16331602493441 ], [ 4.812550508938326, 52.163313778047453 ], [ 4.81254320161346, 52.163313742462975 ], [ 4.812543259477731, 52.163309248689032 ], [ 4.812539605815672, 52.163309230896644 ], [ 4.812539953003208, 52.163282268252964 ], [ 4.812543606663062, 52.163282286045352 ], [ 4.81254363559515, 52.163280039158387 ], [ 4.812550942914494, 52.163280074742815 ], [ 4.812550971846213, 52.163277827855808 ], [ 4.812576547462739, 52.163277952397785 ], [ 4.812576518532309, 52.163280199284785 ], [ 4.812583825851712, 52.163280234867173 ], [ 4.81258379692165, 52.163282481754202 ], [ 4.812587450581539, 52.163282499545197 ], [ 4.812587392721766, 52.163286993319211 ], [ 4.812591046382031, 52.16328701111015 ], [ 4.812590988522611, 52.163291504884079 ], [ 4.812594642183248, 52.163291522674903 ], [ 4.812594613253719, 52.163293769561932 ], [ 4.812598266914539, 52.163293787352607 ], [ 4.812598122267757, 52.163305021787565 ], [ 4.812594468606017, 52.163305003996861 ], [ 4.812594410746914, 52.163309497770861 ], [ 4.812590757084807, 52.163309479980022 ], [ 4.812590728155064, 52.163311726866986 ], [ 4.81258707449278, 52.163311709076055 ], [ 4.812587045562848, 52.163313955963019 ], [ 4.812583391900382, 52.163313938171996 ], [ 4.812583362970267, 52.16331618505896 ], [ 4.812572401982333, 52.163316131685164 ], [ 4.812572373051662, 52.163318378572107 ], [ 4.812554104737585, 52.163318289613478 ] ] ] } },
{ "type": "Feature", "properties": { "class": "parcel", "raw_confidence": 0.4004, "source_tile_id": "tile-110000-460000", "was_valid": true, "area_m2": 79.729046687242132 }, "geometry": { "type": "Polygon", "coordinates": [ [ [ 4.812827532195715, 52.163649933867653 ], [ 4.812842146956172, 52.163650005001095 ], [ 4.812842320460313, 52.163636523679493 ], [ 4.812845974149331, 52.16363654146253 ], [ 4.81284603198365, 52.163632047688658 ], [ 4.81285333936096, 52.163632083254463 ], [ 4.812853368277749, 52.163629836367505 ], [ 4.812867983031675, 52.163629907497764 ], [ 4.812867954115625, 52.163632154384707 ], [ 4.812871607804299, 52.163632172166956 ], [ 4.812871578888427, 52.163634419053921 ], [ 4.812889847332767, 52.163634507963586 ], [ 4.812889876247717, 52.16363226107665 ], [ 4.812893529936411, 52.163632278858223 ], [ 4.812893558851173, 52.163630031971266 ], [ 4.812897212539689, 52.163630049752776 ], [ 4.812897241454262, 52.16362780286579 ], [ 4.812900895142596, 52.163627820647172 ], [ 4.81290095297137, 52.163623326873228 ], [ 4.812904606659336, 52.163623344654518 ], [ 4.812904635573533, 52.163621097767532 ], [ 4.812908289261322, 52.163621115548651 ], [ 4.81290834708934, 52.163616621774729 ], [ 4.812912000776762, 52.163616639555777 ], [ 4.812912058604397, 52.163612145781819 ], [ 4.812915712291455, 52.163612163562732 ], [ 4.812915914686783, 52.163596435353917 ], [ 4.812919568372559, 52.163596453134694 ], [ 4.812919886420006, 52.163571737377893 ], [ 4.812901618001287, 52.163571648472889 ], [ 4.812901675829894, 52.163567154698924 ], [ 4.812898022146529, 52.163567136917578 ], [ 4.812898079975488, 52.163562643143614 ], [ 4.812894426292495, 52.163562625362168 ], [ 4.812894455207153, 52.163560378475182 ], [ 4.812887147841542, 52.163560342911957 ], [ 4.812887176756567, 52.163558096024985 ], [ 4.812879869391336, 52.16355806046127 ], [ 4.812879898306726, 52.16355581357432 ], [ 4.812876244624301, 52.163555795792334 ], [ 4.812876273539866, 52.163553548905327 ], [ 4.812872619857631, 52.163553531123199 ], [ 4.81287264877338, 52.163551284236213 ], [ 4.812868995091329, 52.163551266453979 ], [ 4.812869024007258, 52.163549019567007 ], [ 4.812861716643537, 52.163548984002212 ], [ 4.81286174555983, 52.163546737115247 ], [ 4.812858091878156, 52.163546719332658 ], [ 4.812858149711104, 52.163542225558693 ], [ 4.812854496029806, 52.163542207776011 ], [ 4.812854553863105, 52.16353771400204 ], [ 4.812850900182175, 52.163537696219258 ], [ 4.812850929099006, 52.163535449332301 ], [ 4.812847275418262, 52.163535431549384 ], [ 4.812847304335271, 52.163533184662413 ], [ 4.812832689613072, 52.163533113529674 ], [ 4.812832631777574, 52.163537607303603 ], [ 4.812828978096665, 52.163537589520132 ], [ 4.812828920260788, 52.163542083294075 ], [ 4.812825266579513, 52.163542065510491 ], [ 4.812825237661387, 52.163544312397491 ], [ 4.812821583979931, 52.163544294613779 ], [ 4.812821497224977, 52.163551035274665 ], [ 4.812817843542972, 52.163551017490853 ], [ 4.812817785705953, 52.163555511264782 ], [ 4.812814132023585, 52.163555493480835 ], [ 4.812814045267476, 52.163562234141722 ], [ 4.812810391584558, 52.163562216357654 ], [ 4.812810333746769, 52.163566710131597 ], [ 4.812806680063485, 52.163566692347409 ], [ 4.812806651144403, 52.163568939234359 ], [ 4.812802997460941, 52.163568921450107 ], [ 4.812802939622394, 52.163573415224 ], [ 4.812799285938569, 52.163573397439578 ], [ 4.812799257019104, 52.163575644326542 ], [ 4.812795603335096, 52.16357562654202 ], [ 4.812795574415446, 52.163577873428977 ], [ 4.81279192073126, 52.163577855644355 ], [ 4.812791891811424, 52.163580102531348 ], [ 4.812788238127053, 52.163580084746599 ], [ 4.812788180287002, 52.163584578520485 ], [ 4.812784526602267, 52.163584560735607 ], [ 4.812784439841614, 52.163591301396423 ], [ 4.812780786156331, 52.16359128361146 ], [ 4.812780699395094, 52.163598024272247 ], [ 4.812777045709263, 52.163598006487156 ], [ 4.812777016788662, 52.163600253374113 ], [ 4.812773363102647, 52.163600235588923 ], [ 4.812773218498664, 52.163611470023547 ], [ 4.812776872185593, 52.163611487808751 ], [ 4.81277684326497, 52.163613734695687 ], [ 4.812780496952091, 52.163613752480799 ], [ 4.812780439111202, 52.163618246254636 ], [ 4.812784092798691, 52.163618264039584 ], [ 4.812784063878427, 52.163620510926556 ], [ 4.812787717566104, 52.163620528711412 ], [ 4.812787688646018, 52.163622775598327 ], [ 4.812794996021748, 52.163622811167734 ], [ 4.812794967102028, 52.163625058054656 ], [ 4.812802274478139, 52.163625093623601 ], [ 4.812802245558788, 52.16362734051053 ], [ 4.812805899247032, 52.163627358294853 ], [ 4.81280566789354, 52.163645333390264 ], [ 4.812809321583261, 52.163645351174466 ], [ 4.812809292664242, 52.163647598061409 ], [ 4.812827561113817, 52.163647686980738 ], [ 4.812827532195715, 52.163649933867653 ] ] ] } },
{ "type": "Feature", "properties": { "class": "parcel", "raw_confidence": 0.3988, "source_tile_id": "tile-110000-460000", "was_valid": true, "area_m2": 43.488554409128412 }, "geometry": { "type": "Polygon", "coordinates": [ [ [ 4.812068230721633, 52.163594554040351 ], [ 4.812086499147563, 52.163594643074397 ], [ 4.81208667287975, 52.163581161754109 ], [ 4.81209032656384, 52.163581179560587 ], [ 4.812090500294802, 52.163567698240207 ], [ 4.812094153977794, 52.163567716046579 ], [ 4.812094298752581, 52.163556481612964 ], [ 4.812097952434655, 52.163556499419123 ], [ 4.812098763166769, 52.163493586590327 ], [ 4.812095109489847, 52.163493568784141 ], [ 4.81209516739955, 52.163489075010617 ], [ 4.812084206369905, 52.163489021591381 ], [ 4.8120841774145, 52.163491268478175 ], [ 4.812080523737774, 52.163491250671491 ], [ 4.812080494782183, 52.163493497558242 ], [ 4.812076841105278, 52.163493479751523 ], [ 4.812076783193722, 52.163497973524983 ], [ 4.812073129516452, 52.163497955718114 ], [ 4.812073071604513, 52.163502449491631 ], [ 4.812069417926875, 52.163502431684634 ], [ 4.812069360014554, 52.163506925458094 ], [ 4.812065706336552, 52.163506907650998 ], [ 4.812065619467499, 52.163513648311195 ], [ 4.812054658431861, 52.163513594889224 ], [ 4.812054629474948, 52.163515841775926 ], [ 4.812047322117505, 52.163515806160682 ], [ 4.812047264202937, 52.16352029993417 ], [ 4.812043610523851, 52.163520282126399 ], [ 4.81204358156638, 52.163522529013086 ], [ 4.812039927887115, 52.163522511205223 ], [ 4.812039898929456, 52.163524758091938 ], [ 4.812036245250009, 52.163524740283883 ], [ 4.81203621629216, 52.163526987170627 ], [ 4.812032562612536, 52.163526969362472 ], [ 4.8120325336545, 52.163529216249223 ], [ 4.812028879974693, 52.163529198440962 ], [ 4.812028851016471, 52.163531445327678 ], [ 4.812025197336481, 52.163531427519317 ], [ 4.812025139419661, 52.16353592129277 ], [ 4.812021485739307, 52.163535903484288 ], [ 4.812021196153154, 52.163558372351361 ], [ 4.812017542470965, 52.163558354542801 ], [ 4.812017339759169, 52.163574082749676 ], [ 4.812020993442645, 52.163574100558321 ], [ 4.812020964483987, 52.163576347444994 ], [ 4.812028271851318, 52.163576383061915 ], [ 4.812028242893025, 52.163578629948596 ], [ 4.812035550260737, 52.163578665564991 ], [ 4.812035521302809, 52.163580912451749 ], [ 4.812042828670904, 52.163580948067704 ], [ 4.81204279971334, 52.163583194954406 ], [ 4.812050107081816, 52.163583230569934 ], [ 4.812050078124614, 52.163585477456621 ], [ 4.812053731809043, 52.163585495264265 ], [ 4.812053702852025, 52.163587742150973 ], [ 4.812057356536637, 52.163587759958418 ], [ 4.8120573275798, 52.163590006845133 ], [ 4.812060981264601, 52.163590024652535 ], [ 4.812060952307943, 52.163592271539237 ], [ 4.812068259677925, 52.163592307153621 ], [ 4.812068230721633, 52.163594554040351 ] ] ] } },
{ "type": "Feature", "properties": { "class": "parcel", "raw_confidence": 0.4, "source_tile_id": "tile-110000-460000", "was_valid": true, "area_m2": 96.537134230743533 }, "geometry": { "type": "Polygon", "coordinates": [ [ [ 4.812920320120413, 52.163538034072943 ], [ 4.812934934844409, 52.163538105194853 ], [ 4.812934963757008, 52.163535858307824 ], [ 4.812938617437832, 52.163535876088041 ], [ 4.812938646350242, 52.163533629201019 ], [ 4.812942300030884, 52.163533646981065 ], [ 4.812942328943108, 52.163531400094072 ], [ 4.81294598262357, 52.16353141787404 ], [ 4.812946011535606, 52.16352917098704 ], [ 4.812949665215888, 52.16352918876688 ], [ 4.812949694127735, 52.163526941879859 ], [ 4.812953347807835, 52.163526959659563 ], [ 4.812953405631153, 52.163522465885563 ], [ 4.81295705931089, 52.163522483665169 ], [ 4.812957117133829, 52.163517989891126 ], [ 4.812960770813199, 52.163518007670632 ], [ 4.812960828635756, 52.163513513896589 ], [ 4.812964482314761, 52.163513531675967 ], [ 4.812964511225853, 52.163511284788939 ], [ 4.812968164904679, 52.163511302568224 ], [ 4.812968222726479, 52.163506808794139 ], [ 4.812971876404942, 52.163506826573318 ], [ 4.812971963137064, 52.163500085912219 ], [ 4.812975616814978, 52.163500103691256 ], [ 4.812975761367528, 52.163488869256049 ], [ 4.812979415044528, 52.163488887034973 ], [ 4.812979530685769, 52.163479899486823 ], [ 4.812983184362034, 52.16347991726564 ], [ 4.812983357822699, 52.163466435943327 ], [ 4.812987011497864, 52.16346645372203 ], [ 4.812987098227596, 52.163459713060874 ], [ 4.812990751902211, 52.163459730839456 ], [ 4.812990780811932, 52.163457483952392 ], [ 4.812994434486365, 52.163457501730811 ], [ 4.812994492305427, 52.163453007956704 ], [ 4.812998145979502, 52.163453025735059 ], [ 4.81299820379818, 52.163448531960917 ], [ 4.813001857471885, 52.163448549739165 ], [ 4.813001886381037, 52.163446302852066 ], [ 4.813005540054561, 52.163446320630214 ], [ 4.813005568963526, 52.16344407374315 ], [ 4.813012876310219, 52.163444109298993 ], [ 4.813012934127402, 52.163439615524858 ], [ 4.813016587800384, 52.163439633302637 ], [ 4.813016616708787, 52.16343738641558 ], [ 4.813020270381588, 52.163437404193211 ], [ 4.813020299289803, 52.163435157306118 ], [ 4.813023952962424, 52.163435175083649 ], [ 4.813023981870454, 52.163432928196599 ], [ 4.813027635542893, 52.163432945974002 ], [ 4.813027693358571, 52.163428452199874 ], [ 4.813031347030646, 52.163428469977134 ], [ 4.813031404845943, 52.163423976202985 ], [ 4.813035058517655, 52.163423993980196 ], [ 4.813035145240023, 52.163417253318933 ], [ 4.813038798911188, 52.163417271095994 ], [ 4.813038914540227, 52.163408283547689 ], [ 4.813035260869799, 52.16340826577057 ], [ 4.813035318684669, 52.163403771996393 ], [ 4.813031665014615, 52.163403754219246 ], [ 4.813031693922228, 52.163401507332125 ], [ 4.813028040252358, 52.16340148955485 ], [ 4.813028069160152, 52.163399242667772 ], [ 4.813024415490474, 52.16339922489037 ], [ 4.813024444398447, 52.16339697800327 ], [ 4.812998868712066, 52.163396853558325 ], [ 4.812998839802804, 52.163399100445403 ], [ 4.812991532463498, 52.163399064888658 ], [ 4.812991503553865, 52.163401311775736 ], [ 4.812987849884034, 52.163401293997197 ], [ 4.812987820974215, 52.163403540884289 ], [ 4.812984167304201, 52.163403523105643 ], [ 4.812984138394193, 52.163405769992721 ], [ 4.812973177383627, 52.163405716656072 ], [ 4.812973148473063, 52.163407963543172 ], [ 4.812962187461973, 52.163407910205478 ], [ 4.812962042906343, 52.163419144640805 ], [ 4.812958389235069, 52.163419126861378 ], [ 4.812958360323749, 52.16342137374842 ], [ 4.812896247909442, 52.163421071480485 ], [ 4.812896190080536, 52.163425565254535 ], [ 4.812892536408771, 52.163425547473061 ], [ 4.812892478579482, 52.163430041247125 ], [ 4.812888824907352, 52.163430023465544 ], [ 4.812888738162845, 52.163436764126629 ], [ 4.812885084490165, 52.163436746344907 ], [ 4.812884795339749, 52.163459215215134 ], [ 4.812888449014272, 52.163459232996892 ], [ 4.812888188780269, 52.163479454980049 ], [ 4.812884535104092, 52.163479437198284 ], [ 4.812884477273909, 52.163483930972312 ], [ 4.812880823597367, 52.163483913190468 ], [ 4.812880765766802, 52.163488406964468 ], [ 4.812877112089897, 52.163488389182518 ], [ 4.812877025343473, 52.163495129843525 ], [ 4.812873371666019, 52.163495112061405 ], [ 4.812873227087659, 52.16350634649644 ], [ 4.812876880766033, 52.163506364278518 ], [ 4.812876851850534, 52.163508611165511 ], [ 4.812880505529097, 52.163508628947469 ], [ 4.812880476613778, 52.163510875834525 ], [ 4.812884130292528, 52.163510893616383 ], [ 4.812884101377392, 52.163513140503376 ], [ 4.812887755056328, 52.163513158285156 ], [ 4.812887697226413, 52.16351765205917 ], [ 4.812891350905721, 52.163517669840807 ], [ 4.81289132199094, 52.163519916727779 ], [ 4.812894975670432, 52.163519934509331 ], [ 4.812894946755837, 52.163522181396331 ], [ 4.81289860043552, 52.163522199177763 ], [ 4.8128985715211, 52.163524446064748 ], [ 4.812902225200972, 52.163524463846066 ], [ 4.812902196286736, 52.163526710733073 ], [ 4.81290584996679, 52.163526728514263 ], [ 4.812905821052736, 52.16352897540127 ], [ 4.812909474732979, 52.163528993182339 ], [ 4.812909445819101, 52.163531240069346 ], [ 4.812913099499535, 52.16353125785033 ], [ 4.812913041672142, 52.16353575162433 ], [ 4.81292034903375, 52.163535787185943 ], [ 4.812920320120413, 52.163538034072943 ] ] ] } },
{ "type": "Feature", "properties": { "class": "parcel", "raw_confidence": 0.3991, "source_tile_id": "tile-110000-460000", "was_valid": true, "area_m2": 54.423215983191724 }, "geometry": { "type": "Polygon", "coordinates": [ [ [ 4.813523379710472, 52.163525238137488 ], [ 4.813537994431528, 52.163525309184656 ], [ 4.813538023313743, 52.16352306229745 ], [ 4.813548984354018, 52.16352311558164 ], [ 4.813549013235678, 52.163520868694405 ], [ 4.813552666915595, 52.163520886455622 ], [ 4.813552695797068, 52.163518639568373 ], [ 4.813556349476803, 52.163518657329462 ], [ 4.813556378358091, 52.163516410442249 ], [ 4.813560032037643, 52.163516428203167 ], [ 4.813560060918742, 52.163514181315954 ], [ 4.813563714598115, 52.163514199076758 ], [ 4.813563772359936, 52.16350970530236 ], [ 4.813567426038944, 52.163509723063051 ], [ 4.813567454919669, 52.163507476175866 ], [ 4.813571108598493, 52.163507493936443 ], [ 4.813571166359559, 52.163503000162017 ], [ 4.813574820038023, 52.16350301792248 ], [ 4.813574935559379, 52.163494030373606 ], [ 4.813578589237109, 52.163494048133941 ], [ 4.813578646997398, 52.163489554359479 ], [ 4.813582300674762, 52.16348957211973 ], [ 4.813582329554718, 52.163487325232531 ], [ 4.813585983231905, 52.163487342992646 ], [ 4.813586012111672, 52.16348509610539 ], [ 4.813589665788673, 52.163485113865434 ], [ 4.813589723547836, 52.163480620090944 ], [ 4.813593377224476, 52.163480637850846 ], [ 4.813593406103864, 52.163478390963625 ], [ 4.813600713456786, 52.163478426483074 ], [ 4.813600742335805, 52.163476179595818 ], [ 4.813604396012084, 52.163476197355372 ], [ 4.813604424890917, 52.163473950468152 ], [ 4.813608078567019, 52.163473968227606 ], [ 4.813608107445664, 52.163471721340343 ], [ 4.813611761121585, 52.16347173909967 ], [ 4.813611790000041, 52.163469492212457 ], [ 4.813619097351523, 52.163469527730754 ], [ 4.81361912622961, 52.163467280843513 ], [ 4.813622779905172, 52.163467298602519 ], [ 4.81362280878307, 52.163465051715278 ], [ 4.813626462458452, 52.163465069474135 ], [ 4.813626577969277, 52.163456081925091 ], [ 4.813622924294631, 52.163456064166205 ], [ 4.813622953172514, 52.163453817278977 ], [ 4.813619299498056, 52.163453799519992 ], [ 4.813619328376117, 52.163451552632736 ], [ 4.813615674701845, 52.163451534873644 ], [ 4.81361570358009, 52.163449287986374 ], [ 4.813612049906008, 52.163449270227183 ], [ 4.813612078784431, 52.16344702333992 ], [ 4.813608425110535, 52.163447005580586 ], [ 4.813608453989138, 52.163444758693345 ], [ 4.813604800315428, 52.163444740933954 ], [ 4.813604829194214, 52.163442494046649 ], [ 4.813601175520692, 52.163442476287116 ], [ 4.81360120439966, 52.163440229399875 ], [ 4.813597550726325, 52.163440211640207 ], [ 4.813597579605471, 52.163437964752944 ], [ 4.813586618586038, 52.163437911473316 ], [ 4.813586647465736, 52.163435664586039 ], [ 4.813582993792782, 52.163435646825924 ], [ 4.813583022672656, 52.163433399938711 ], [ 4.813575715327131, 52.163433364418154 ], [ 4.813575744207371, 52.163431117530891 ], [ 4.813568436862225, 52.163431082009879 ], [ 4.813568465742828, 52.16342883512263 ], [ 4.813561158398062, 52.163428799601164 ], [ 4.813561187279035, 52.163426552713943 ], [ 4.813553879934651, 52.163426517192043 ], [ 4.813553908815983, 52.163424270304816 ], [ 4.813546601471979, 52.163424234782418 ], [ 4.813546630353682, 52.163421987895198 ], [ 4.813539323010058, 52.163421952372381 ], [ 4.813539351892122, 52.163419705485111 ], [ 4.813521083534047, 52.163419616676158 ], [ 4.813521025768079, 52.163424110450627 ], [ 4.813517372096106, 52.163424092688494 ], [ 4.813517314329754, 52.163428586462963 ], [ 4.813513660657416, 52.163428568700738 ], [ 4.813513574007313, 52.163435309362406 ], [ 4.813517227680203, 52.163435327124631 ], [ 4.813516996614584, 52.1634533022225 ], [ 4.813520650288947, 52.163453319984633 ], [ 4.813520534756796, 52.163462307533557 ], [ 4.813524188431899, 52.163462325295583 ], [ 4.813523928486014, 52.163482547280559 ], [ 4.813520274809254, 52.163482529518511 ], [ 4.813520130393836, 52.163493763954584 ], [ 4.813516476716157, 52.163493746192387 ], [ 4.813516361183027, 52.163502733741211 ], [ 4.813512707504619, 52.163502715978922 ], [ 4.813512563087207, 52.163513950414902 ], [ 4.813516216766538, 52.163513968177213 ], [ 4.813516158999917, 52.163518461951632 ], [ 4.813519812679619, 52.163518479713815 ], [ 4.813519754913353, 52.163522973488206 ], [ 4.813523408593426, 52.163522991250296 ], [ 4.813523379710472, 52.163525238137488 ] ] ] } },
{ "type": "Feature", "properties": { "class": "parcel", "raw_confidence": 0.4015, "source_tile_id": "tile-110000-460000", "was_valid": true, "area_m2": 150.64792879668781 }, "geometry": { "type": "Polygon", "coordinates": [ [ [ 4.813042972909305, 52.163376844905258 ], [ 4.813083163255922, 52.163377040444111 ], [ 4.813083192160918, 52.163374793556983 ], [ 4.813086845828631, 52.163374811332588 ], [ 4.81308687473344, 52.163372564445453 ], [ 4.813090528400971, 52.163372582220902 ], [ 4.813090557305592, 52.163370335333795 ], [ 4.813097864640294, 52.163370370884344 ], [ 4.813097893544543, 52.163368123997252 ], [ 4.813101547211716, 52.163368141772366 ], [ 4.81310157611578, 52.163365894885231 ], [ 4.813108883449765, 52.163365930435155 ], [ 4.813108912353459, 52.163363683548035 ], [ 4.813112566020273, 52.163363701322815 ], [ 4.813112594923778, 52.163361454435659 ], [ 4.813116248590411, 52.163361472210312 ], [ 4.813116277493729, 52.163359225323212 ], [ 4.813119931160183, 52.16335924309778 ], [ 4.813119988966443, 52.163354749323489 ], [ 4.813123642632529, 52.163354767097907 ], [ 4.813123671535468, 52.163352520210793 ], [ 4.813127325201376, 52.163352537985105 ], [ 4.813127411909624, 52.163345797323664 ], [ 4.813131065574986, 52.163345815097877 ], [ 4.813131094477543, 52.163343568210763 ], [ 4.81313474814272, 52.16334358598484 ], [ 4.813134777045091, 52.163341339097691 ], [ 4.813138430710088, 52.163341356871683 ], [ 4.813138459612274, 52.163339109984541 ], [ 4.813149420606735, 52.163339163305757 ], [ 4.813149449508363, 52.163336916418636 ], [ 4.813171371496273, 52.163337023058062 ], [ 4.813171342595747, 52.163339269945205 ], [ 4.813178649925445, 52.163339305490815 ], [ 4.813178621025285, 52.163341552377958 ], [ 4.813189582020406, 52.163341605695472 ], [ 4.813189553120796, 52.163343852582614 ], [ 4.81322974343853, 52.16334404807148 ], [ 4.813229830131284, 52.163337307409961 ], [ 4.813218869137152, 52.163337254096184 ], [ 4.813218898035283, 52.163335007209007 ], [ 4.813204283377226, 52.163334936122382 ], [ 4.813204312276089, 52.163332689235226 ], [ 4.813197004947448, 52.163332653691235 ], [ 4.813197033846675, 52.163330406804079 ], [ 4.813189726518416, 52.163330371259633 ], [ 4.813189755418007, 52.163328124372477 ], [ 4.813182448090129, 52.163328088827626 ], [ 4.813182476990086, 52.163325841940413 ], [ 4.813167862335106, 52.163325770849298 ], [ 4.813167833434415, 52.16332801773649 ], [ 4.81315321877875, 52.163327946643534 ], [ 4.813153247680178, 52.163325699756356 ], [ 4.813149594016455, 52.163325681982847 ], [ 4.813149622918066, 52.163323435095691 ], [ 4.81314596925453, 52.163323417322054 ], [ 4.813145998156318, 52.163321170434919 ], [ 4.81314234449297, 52.163321152661183 ], [ 4.81314237339494, 52.163318905774027 ], [ 4.813138719731779, 52.163318888000148 ], [ 4.813139008753132, 52.163296419128571 ], [ 4.813142662414453, 52.163296436902399 ], [ 4.813142691316387, 52.16329419001525 ], [ 4.813146344977528, 52.163294207788951 ], [ 4.813146402781014, 52.16328971401461 ], [ 4.813150056441791, 52.163289731788225 ], [ 4.813150172047989, 52.163280744239565 ], [ 4.813153825708035, 52.163280762013024 ], [ 4.813153883510745, 52.163276268238697 ], [ 4.813157537170424, 52.163276286012064 ], [ 4.813157566071593, 52.163274039124893 ], [ 4.813161219731091, 52.163274056898118 ], [ 4.813161277533045, 52.163269563123777 ], [ 4.813168584851317, 52.163269598669956 ], [ 4.813168613751921, 52.163267351782828 ], [ 4.813172267410876, 52.163267369555697 ], [ 4.813172296311295, 52.163265122668548 ], [ 4.813179603628849, 52.163265158214003 ], [ 4.813179719229014, 52.163256170665242 ], [ 4.813183372887061, 52.163256188437813 ], [ 4.813183488486438, 52.163247200889039 ], [ 4.813179834829127, 52.163247183116475 ], [ 4.813179892629162, 52.163242689342091 ], [ 4.813176238972224, 52.163242671569414 ], [ 4.81317626787242, 52.163240424682208 ], [ 4.813168960558923, 52.163240389136512 ], [ 4.813168989459482, 52.163238142249305 ], [ 4.813165335802919, 52.163238124476329 ], [ 4.813165364703663, 52.163235877589088 ], [ 4.813161711047288, 52.163235859815941 ], [ 4.813161739948209, 52.163233612928771 ], [ 4.813158086292021, 52.163233595155496 ], [ 4.813158144094228, 52.163229101381134 ], [ 4.813154490438412, 52.163229083607803 ], [ 4.813154663846044, 52.163215602284609 ], [ 4.813158317500752, 52.163215620057962 ], [ 4.813158346401832, 52.163213373170727 ], [ 4.813162000056361, 52.163213390943952 ], [ 4.813162115659899, 52.16320440339517 ], [ 4.813165769313699, 52.163204421168281 ], [ 4.813165798214388, 52.163202174281047 ], [ 4.813169451868005, 52.163202192054065 ], [ 4.813169480768512, 52.163199945166845 ], [ 4.813173134421948, 52.163199962939728 ], [ 4.81317322112289, 52.163193222278103 ], [ 4.813176874775778, 52.163193240050873 ], [ 4.813177048176466, 52.163179758727523 ], [ 4.813180701828254, 52.163179776500208 ], [ 4.813180730728171, 52.16317752961298 ], [ 4.813184384379779, 52.16317754738548 ], [ 4.813184644477243, 52.163157325400462 ], [ 4.813180990827291, 52.163157307627948 ], [ 4.813181019727173, 52.163155060740678 ], [ 4.813170058777895, 52.163155007422468 ], [ 4.813170087678328, 52.163152760535226 ], [ 4.813151819430511, 52.163152671669216 ], [ 4.813151848331863, 52.16315042478201 ], [ 4.813140887383764, 52.163150371460986 ], [ 4.813140858481861, 52.163152618348263 ], [ 4.813137204832318, 52.163152600574406 ], [ 4.813137175930229, 52.163154847461605 ], [ 4.813133522280503, 52.163154829687585 ], [ 4.813133464475947, 52.163159323462033 ], [ 4.813129810825861, 52.163159305687934 ], [ 4.81312978192339, 52.16316155257514 ], [ 4.813126128273119, 52.163161534800921 ], [ 4.813126070467805, 52.16316602857534 ], [ 4.813122416817174, 52.163166010801014 ], [ 4.813122387914329, 52.16316825768822 ], [ 4.813118734263512, 52.163168239913766 ], [ 4.813118676457445, 52.163172733688164 ], [ 4.813115022806266, 52.163172715913596 ], [ 4.813114878290111, 52.163183950349605 ], [ 4.813111224638016, 52.16318393257491 ], [ 4.813110993410526, 52.163201907672509 ], [ 4.813107339756962, 52.163201889897664 ], [ 4.813107281949687, 52.163206383672048 ], [ 4.813103628295759, 52.163206365897103 ], [ 4.813103570488104, 52.163210859671494 ], [ 4.813099916833811, 52.163210841896493 ], [ 4.813099859025775, 52.163215335670827 ], [ 4.813096205371116, 52.16321531789567 ], [ 4.813096147562697, 52.163219811670032 ], [ 4.813092493907676, 52.163219793894775 ], [ 4.813092436098874, 52.163224287669138 ], [ 4.813088782443487, 52.163224269893725 ], [ 4.813088695729714, 52.163231010555258 ], [ 4.813085042073777, 52.163230992779752 ], [ 4.813084868645029, 52.163244474102761 ], [ 4.813081214987996, 52.163244456327156 ], [ 4.813081128273022, 52.163251196988647 ], [ 4.813077474615437, 52.163251179212878 ], [ 4.813077387899885, 52.163257919874383 ], [ 4.81307373424175, 52.163257902098508 ], [ 4.813073618620232, 52.163266889647147 ], [ 4.813069964961368, 52.163266871871166 ], [ 4.813069849339056, 52.163275859419777 ], [ 4.813066195679457, 52.163275841643674 ], [ 4.81306610896214, 52.163282582305129 ], [ 4.813062455301991, 52.163282564528906 ], [ 4.81306231077214, 52.163293798964638 ], [ 4.813058657111076, 52.163293781188308 ], [ 4.813058599298745, 52.163298274962607 ], [ 4.813054945637314, 52.163298257186128 ], [ 4.813054887824602, 52.163302750960412 ], [ 4.813051234162807, 52.163302733183876 ], [ 4.813051205256262, 52.16330498007099 ], [ 4.81304755159429, 52.163304962294326 ], [ 4.81304749378082, 52.163309456068575 ], [ 4.81304384011848, 52.163309438291776 ], [ 4.813043782304631, 52.163313932066039 ], [ 4.813040128641926, 52.16331391428912 ], [ 4.813040070827695, 52.163318408063404 ], [ 4.813036417164627, 52.163318390286356 ], [ 4.813036388257323, 52.16332063717352 ], [ 4.813032734594074, 52.163320619396359 ], [ 4.813032676779083, 52.163325113170593 ], [ 4.813029023115473, 52.163325095393333 ], [ 4.813028936392412, 52.163331836054702 ], [ 4.813025282728252, 52.163331818277349 ], [ 4.813025167096723, 52.163340805825754 ], [ 4.813021513431828, 52.163340788048295 ], [ 4.813021426707595, 52.163347528709615 ], [ 4.813017773042153, 52.16334751093202 ], [ 4.813017715225612, 52.163352004706248 ], [ 4.813014061559804, 52.163351986928518 ], [ 4.813013974834416, 52.163358727589802 ], [ 4.813010321168062, 52.163358709812016 ], [ 4.813010205533427, 52.163367697360378 ], [ 4.813013859200517, 52.163367715138193 ], [ 4.813013830292036, 52.163369962025286 ], [ 4.813017483959314, 52.163369979803036 ], [ 4.813017455051012, 52.16337222669015 ], [ 4.81302841605342, 52.163372280022642 ], [ 4.813028387145664, 52.16337452690972 ], [ 4.813043001816327, 52.163374598018137 ], [ 4.813042972909305, 52.163376844905258 ] ] ] } },
{ "type": "Feature", "properties": { "class": "parcel", "raw_confidence": 0.398, "source_tile_id": "tile-110000-460000", "was_valid": true, "area_m2": 24.681019350331553 }, "geometry": { "type": "Polygon", "coordinates": [ [ [ 4.813273847480276, 52.163324039331727 ], [ 4.813310384116957, 52.163324217023295 ], [ 4.813310413010468, 52.163321970136089 ], [ 4.813317720337476, 52.163322005673059 ], [ 4.813317749230616, 52.163319758785832 ], [ 4.813332363883936, 52.163319829858366 ], [ 4.813332392776337, 52.16331758297116 ], [ 4.813336046439491, 52.163317600739042 ], [ 4.813336075331704, 52.163315353851821 ], [ 4.813343382657655, 52.163315389387186 ], [ 4.813343411549493, 52.163313142499938 ], [ 4.813354372537896, 52.163313195802139 ], [ 4.813354401429182, 52.163310948914933 ], [ 4.813358055091803, 52.163310966682118 ], [ 4.813358228438345, 52.163297485358704 ], [ 4.813361882099866, 52.163297503125776 ], [ 4.813361968772539, 52.163290762464015 ], [ 4.813358315111567, 52.163290744697022 ], [ 4.813358344002637, 52.163288497809738 ], [ 4.813354690341854, 52.163288480042588 ], [ 4.813354719233102, 52.163286233155361 ], [ 4.813332797269577, 52.163286126550041 ], [ 4.813332883946615, 52.163279385888366 ], [ 4.813329230286592, 52.163279368120399 ], [ 4.813329259179115, 52.163277121233165 ], [ 4.813318298199616, 52.163277067928654 ], [ 4.813318327092686, 52.163274821041412 ], [ 4.813289097815641, 52.163274678891092 ], [ 4.813289040026551, 52.163279172665476 ], [ 4.81328538636657, 52.163279154896202 ], [ 4.813285155208598, 52.1632971299939 ], [ 4.813281501547148, 52.163297112224484 ], [ 4.813281443757253, 52.163301605998903 ], [ 4.813277790095439, 52.163301588229373 ], [ 4.813277761200302, 52.163303835116565 ], [ 4.813274107538303, 52.163303817346886 ], [ 4.813274049747655, 52.16330831112132 ], [ 4.813270396085292, 52.163308293351555 ], [ 4.813270222712161, 52.163321774674742 ], [ 4.813273876375625, 52.163321792444506 ], [ 4.813273847480276, 52.163324039331727 ] ] ] } },
{ "type": "Feature", "properties": { "class": "parcel", "raw_confidence": 0.3986, "source_tile_id": "tile-110000-460000", "was_valid": true, "area_m2": 118.59383679078437 }, "geometry": { "type": "Polygon", "coordinates": [ [ [ 4.812883310298956, 52.163290680904396 ], [ 4.812897924941851, 52.163290752030747 ], [ 4.812897953856103, 52.16328850514364 ], [ 4.812901607516651, 52.163288522924958 ], [ 4.812901636430717, 52.163286276037852 ], [ 4.812905290091085, 52.16328629381907 ], [ 4.81290537683271, 52.1632795531578 ], [ 4.812909030492529, 52.163279570938833 ], [ 4.812909088319897, 52.163275077164641 ], [ 4.812912741979347, 52.163275094945618 ], [ 4.812912770892841, 52.163272848058511 ], [ 4.812927385529956, 52.163272919181217 ], [ 4.812927414442711, 52.16327067229409 ], [ 4.81293837542003, 52.163270725634916 ], [ 4.812938433244425, 52.163266231860717 ], [ 4.812942086903172, 52.16326624964077 ], [ 4.812942173639187, 52.163259508979401 ], [ 4.812945827297384, 52.163259526759362 ], [ 4.812945885121007, 52.163255032985127 ], [ 4.812949538778841, 52.163255050764953 ], [ 4.812949770071737, 52.163237075667951 ], [ 4.812946116415376, 52.163237057888118 ], [ 4.812946145327157, 52.163234811001004 ], [ 4.812942491670983, 52.163234793221115 ], [ 4.812942520582944, 52.163232546333958 ], [ 4.812938866926959, 52.163232528553934 ], [ 4.812938895839101, 52.163230281666813 ], [ 4.812935242183301, 52.163230263886661 ], [ 4.812935300007944, 52.163225770112426 ], [ 4.812931646352517, 52.16322575233216 ], [ 4.812931790914982, 52.163214517896527 ], [ 4.812935444569491, 52.163214535676751 ], [ 4.812935473481788, 52.163212288789616 ], [ 4.812939127136116, 52.163212306569754 ], [ 4.812939156048226, 52.163210059682633 ], [ 4.812942809702373, 52.163210077462665 ], [ 4.812942838614297, 52.163207830575487 ], [ 4.812946492268264, 52.16320784835542 ], [ 4.812946521180001, 52.163205601468299 ], [ 4.812950174833783, 52.163205619248103 ], [ 4.812950232656881, 52.163201125473812 ], [ 4.812953886310299, 52.163201143253481 ], [ 4.812953915221659, 52.163198896366339 ], [ 4.812957568874899, 52.163198914145909 ], [ 4.812957597786073, 52.163196667258759 ], [ 4.81296125143913, 52.163196685038187 ], [ 4.812961280350113, 52.163194438151052 ], [ 4.812964934002992, 52.163194455930373 ], [ 4.81296496291379, 52.163192209043217 ], [ 4.8129795775246, 52.163192280159443 ], [ 4.812979548614537, 52.163194527046592 ], [ 4.812990509573233, 52.16319458038253 ], [ 4.812990538482743, 52.163192333495395 ], [ 4.812994192135461, 52.163192351273828 ], [ 4.812994221044783, 52.163190104386636 ], [ 4.812997874697324, 52.163190122164977 ], [ 4.81299790360646, 52.163187875277799 ], [ 4.813005210911181, 52.163187910834118 ], [ 4.813005239819946, 52.163185663946948 ], [ 4.813008893472126, 52.16318568172489 ], [ 4.813009009106412, 52.163176694176229 ], [ 4.812998048152083, 52.163176640841989 ], [ 4.812998077061198, 52.163174393954812 ], [ 4.812994423409941, 52.163174376176507 ], [ 4.812994539047105, 52.163165388627831 ], [ 4.812990885396591, 52.163165370849441 ], [ 4.812990914306058, 52.163163123962292 ], [ 4.812987260655733, 52.163163106183774 ], [ 4.812987318475021, 52.163158612409404 ], [ 4.812983664825066, 52.163158594630779 ], [ 4.812983693734891, 52.163156347743616 ], [ 4.812976386435361, 52.163156312186004 ], [ 4.812976444255734, 52.163151818411649 ], [ 4.812972790606341, 52.163151800632704 ], [ 4.812972819516705, 52.163149553745519 ], [ 4.812969165867501, 52.16314953596644 ], [ 4.812969194778046, 52.163147289079276 ], [ 4.812965541129029, 52.163147271300105 ], [ 4.812965570039755, 52.163145024412955 ], [ 4.812961916390925, 52.163145006633606 ], [ 4.812961945301833, 52.163142759746428 ], [ 4.812950984355913, 52.163142706407847 ], [ 4.812951013267371, 52.163140459520676 ], [ 4.812943705970476, 52.163140423961046 ], [ 4.812943734882296, 52.16313817707389 ], [ 4.812940081234037, 52.163138159293915 ], [ 4.812940110146037, 52.163135912406752 ], [ 4.812936456497966, 52.163135894626663 ], [ 4.812936485410148, 52.1631336477395 ], [ 4.812932831762266, 52.163133629959297 ], [ 4.812932860674626, 52.16313138307212 ], [ 4.812929207026931, 52.16313136529179 ], [ 4.812929235939473, 52.163129118404662 ], [ 4.812900006759498, 52.163128976158042 ], [ 4.812899977845481, 52.163131223045191 ], [ 4.812896324197813, 52.16313120526388 ], [ 4.812896266369407, 52.163135699038143 ], [ 4.812892612721376, 52.163135681256733 ], [ 4.812892525978186, 52.163142421918138 ], [ 4.812888872329609, 52.163142404136565 ], [ 4.812888785585838, 52.163149144797998 ], [ 4.812885131936709, 52.163149127016332 ], [ 4.812885074107143, 52.163153620790595 ], [ 4.81288142045765, 52.163153603008787 ], [ 4.812881362627704, 52.16315809678305 ], [ 4.812877708977847, 52.163158079001136 ], [ 4.812877651147518, 52.16316257277542 ], [ 4.812873997497297, 52.163162554993363 ], [ 4.812873939666583, 52.163167048767626 ], [ 4.812870286015999, 52.163167030985505 ], [ 4.81287019926936, 52.163173771646889 ], [ 4.812866545618225, 52.163173753864612 ], [ 4.812866458871001, 52.163180494525996 ], [ 4.812862805219317, 52.163180476743612 ], [ 4.812862602807723, 52.163196204953437 ], [ 4.812858949154757, 52.163196187170932 ], [ 4.812858891322471, 52.163200680945138 ], [ 4.812855237669141, 52.16320066316252 ], [ 4.812855208752811, 52.163202910049655 ], [ 4.812851555099299, 52.163202892266909 ], [ 4.81285152618278, 52.163205139154002 ], [ 4.812847872529085, 52.163205121371192 ], [ 4.812847843612382, 52.163207368258291 ], [ 4.812844189958508, 52.163207350475311 ], [ 4.812844161041616, 52.163209597362425 ], [ 4.812840507387561, 52.163209579579345 ], [ 4.812840478470481, 52.163211826466437 ], [ 4.812836824816245, 52.163211808683243 ], [ 4.81283679589898, 52.163214055570357 ], [ 4.812833142244562, 52.163214037787071 ], [ 4.812833113327108, 52.163216284674156 ], [ 4.812829459672511, 52.163216266890736 ], [ 4.812829430754868, 52.163218513777842 ], [ 4.81282577710009, 52.163218495994336 ], [ 4.812825748182264, 52.163220742881407 ], [ 4.812822094527304, 52.163220725097744 ], [ 4.81282203669127, 52.163225218871936 ], [ 4.812818383035946, 52.163225201088153 ], [ 4.812818354117738, 52.16322744797526 ], [ 4.812814700462237, 52.163227430191377 ], [ 4.812814642625447, 52.163231923965554 ], [ 4.812810988969578, 52.163231906181572 ], [ 4.812810931132405, 52.163236399955721 ], [ 4.81280727747617, 52.16323638217164 ], [ 4.812807219638619, 52.163240875945796 ], [ 4.812803565982021, 52.163240858161565 ], [ 4.812803363549188, 52.163256586371077 ], [ 4.812807017207072, 52.16325660415535 ], [ 4.812806988288267, 52.163258851042393 ], [ 4.81281064194634, 52.163258868826553 ], [ 4.812810613027715, 52.163261115713595 ], [ 4.812814266685974, 52.163261133497592 ], [ 4.81281423776753, 52.163263380384677 ], [ 4.812821545084428, 52.163263415952358 ], [ 4.812821516166351, 52.163265662839443 ], [ 4.812825169824988, 52.163265680623091 ], [ 4.812825140907087, 52.163267927510162 ], [ 4.812828794565912, 52.163267945293711 ], [ 4.812828765648193, 52.163270192180796 ], [ 4.812832419307208, 52.163270209964224 ], [ 4.812832390389669, 52.163272456851317 ], [ 4.81284700502649, 52.163272527983963 ], [ 4.812847033943292, 52.163270281096892 ], [ 4.81285068760232, 52.163270298879752 ], [ 4.812850716518932, 52.163268051992659 ], [ 4.812854370177783, 52.163268069775441 ], [ 4.812854399094213, 52.163265822888377 ], [ 4.812858052752881, 52.163265840671031 ], [ 4.812858139501589, 52.163259100009782 ], [ 4.812861793159706, 52.163259117792322 ], [ 4.812861850991795, 52.163254624018116 ], [ 4.812865504649552, 52.163254641800549 ], [ 4.812865562481258, 52.163250148026314 ], [ 4.812891138083061, 52.163250272500115 ], [ 4.812891109168496, 52.163252519387171 ], [ 4.812894762826094, 52.163252537168688 ], [ 4.812894704997324, 52.163257030942901 ], [ 4.812898358655294, 52.163257048724304 ], [ 4.812898329741087, 52.163259295611425 ], [ 4.812901983399244, 52.1632593133927 ], [ 4.812901867743122, 52.163268300941084 ], [ 4.812890906766457, 52.163268247596868 ], [ 4.812890877851866, 52.163270494483989 ], [ 4.812879916874676, 52.163270441138735 ], [ 4.812879685553415, 52.163288416235446 ], [ 4.812883339213945, 52.163288434017304 ], [ 4.812883310298956, 52.163290680904396 ] ] ] } },
{ "type": "Feature", "properties": { "class": "parcel", "raw_confidence": 0.399, "source_tile_id": "tile-110000-460000", "was_valid": true, "area_m2": 124.09240495092712 }, "geometry": { "type": "Polygon", "coordinates": [ [ [ 4.813162953783935, 52.163139243665803 ], [ 4.813181222026281, 52.163139332530058 ], [ 4.813181250926138, 52.163137085642816 ], [ 4.813206826464278, 52.163137210048021 ], [ 4.813206855362848, 52.1631349631608 ], [ 4.81321416265912, 52.163134998704109 ], [ 4.813214191557318, 52.163132751816825 ], [ 4.813217845205274, 52.163132769588316 ], [ 4.813217903001288, 52.163128275813847 ], [ 4.813221556648879, 52.163128293585189 ], [ 4.8132215855467, 52.163126046697954 ], [ 4.813225239194112, 52.163126064469196 ], [ 4.813225268091743, 52.163123817581983 ], [ 4.813228921738975, 52.163123835353083 ], [ 4.813228950636418, 52.163121588465842 ], [ 4.813232604283471, 52.163121606236892 ], [ 4.81323295105032, 52.163094643589673 ], [ 4.813236604695169, 52.163094661360589 ], [ 4.813236691386255, 52.163087920698771 ], [ 4.813240345030552, 52.163087938469573 ], [ 4.81324057620516, 52.163069963371335 ], [ 4.813236922562336, 52.163069945600512 ], [ 4.813236980356321, 52.16306545182595 ], [ 4.813233326713865, 52.163065434055078 ], [ 4.813233355611037, 52.163063187167801 ], [ 4.813229701968769, 52.1630631693968 ], [ 4.813229759763472, 52.163058675622231 ], [ 4.813226106121577, 52.16305865785111 ], [ 4.813226135019108, 52.163056410963847 ], [ 4.813218827735692, 52.16305637542127 ], [ 4.813218856633586, 52.163054128533972 ], [ 4.81316770565263, 52.163053879723329 ], [ 4.813167734553097, 52.163051632836059 ], [ 4.813138505422891, 52.163051490648627 ], [ 4.813138534324827, 52.163049243761364 ], [ 4.813123919760541, 52.163049172664927 ], [ 4.813123890857868, 52.163051419552197 ], [ 4.813116583575376, 52.163051384003296 ], [ 4.813116554672333, 52.163053630890538 ], [ 4.813112901030907, 52.163053613115927 ], [ 4.813112872127678, 52.16305586000319 ], [ 4.813109218486073, 52.163055842228452 ], [ 4.813109160679234, 52.163060336002921 ], [ 4.813105507037264, 52.163060318228048 ], [ 4.813105478133656, 52.163062565115304 ], [ 4.813101824491507, 52.163062547340381 ], [ 4.813101795587707, 52.163064794227623 ], [ 4.813098141945376, 52.163064776452501 ], [ 4.813098084137408, 52.163069270227012 ], [ 4.813094430494714, 52.163069252451805 ], [ 4.813094372686364, 52.163073746226274 ], [ 4.813090719043299, 52.163073728450961 ], [ 4.813090690138937, 52.163075975338224 ], [ 4.813087036495698, 52.163075957562803 ], [ 4.813087007591148, 52.163078204449988 ], [ 4.813083353947725, 52.163078186674468 ], [ 4.813083325042983, 52.163080433561689 ], [ 4.81305774953784, 52.163080309129725 ], [ 4.813057778443866, 52.163078062242548 ], [ 4.813054124800471, 52.163078044466083 ], [ 4.813054211519084, 52.16307130380445 ], [ 4.813050557876244, 52.163071286027872 ], [ 4.813050586782625, 52.163069039140673 ], [ 4.813046933139972, 52.163069021363953 ], [ 4.813046962046536, 52.163066774476754 ], [ 4.813039654761607, 52.163066738923099 ], [ 4.813039683668534, 52.163064492035865 ], [ 4.813032376383989, 52.163064456481735 ], [ 4.813032405291281, 52.163062209594564 ], [ 4.813021444365042, 52.163062156262491 ], [ 4.813021415457197, 52.163064403149733 ], [ 4.813014108172684, 52.163064367594494 ], [ 4.813014079264471, 52.163066614481686 ], [ 4.813006771979606, 52.163066578925985 ], [ 4.813006743071018, 52.163068825813191 ], [ 4.813003089428406, 52.163068808035206 ], [ 4.813003060519633, 52.163071054922383 ], [ 4.812999406876842, 52.163071037144242 ], [ 4.812999377967882, 52.163073284031434 ], [ 4.812995724324908, 52.163073266253193 ], [ 4.812995666506611, 52.163077760027619 ], [ 4.812992012863272, 52.163077742249229 ], [ 4.812991955044591, 52.163082236023662 ], [ 4.812988301400888, 52.163082218245187 ], [ 4.81298827249136, 52.16308446513235 ], [ 4.812984618847476, 52.163084447353789 ], [ 4.812984561028041, 52.163088941128152 ], [ 4.812980907383793, 52.163088923349434 ], [ 4.812980820654062, 52.163095664011031 ], [ 4.812977167009265, 52.163095646232172 ], [ 4.812977138099162, 52.163097893119371 ], [ 4.812973484454186, 52.163097875340419 ], [ 4.812973426633608, 52.163102369114796 ], [ 4.812969772988266, 52.163102351335752 ], [ 4.812969744077786, 52.163104598222915 ], [ 4.812966090432265, 52.163104580443751 ], [ 4.812966032610931, 52.163109074218141 ], [ 4.812962378965041, 52.163109056438834 ], [ 4.812962234410723, 52.16312029087473 ], [ 4.812965888057529, 52.163120308654008 ], [ 4.812965830236145, 52.163124802428399 ], [ 4.812973137530505, 52.163124837986636 ], [ 4.812973108620176, 52.163127084873835 ], [ 4.812980415914916, 52.163127120431618 ], [ 4.812980387004953, 52.163129367318795 ], [ 4.812987694300074, 52.163129402876145 ], [ 4.812987665390475, 52.163131649763294 ], [ 4.812994972685979, 52.163131685320224 ], [ 4.812994943776745, 52.163133932207415 ], [ 4.813038787552254, 52.163134145539367 ], [ 4.813038816459281, 52.163131898652146 ], [ 4.813042470107079, 52.163131916429073 ], [ 4.813042499013918, 52.16312966954186 ], [ 4.813046152661535, 52.16312968731868 ], [ 4.813046210474835, 52.163125193544275 ], [ 4.813049864122088, 52.163125211320967 ], [ 4.813049950841465, 52.16311847065937 ], [ 4.813053604488165, 52.163118488435927 ], [ 4.813053720113215, 52.163109500887103 ], [ 4.813057373759186, 52.163109518663539 ], [ 4.813057402665256, 52.163107271776333 ], [ 4.813061056311049, 52.163107289552734 ], [ 4.81306108521693, 52.163105042665471 ], [ 4.81306473886254, 52.163105060441744 ], [ 4.813064796673928, 52.163100566667296 ], [ 4.813068450319172, 52.163100584443406 ], [ 4.813068565941172, 52.163091596894567 ], [ 4.813079526874718, 52.163091650222171 ], [ 4.813079497969775, 52.163093897109398 ], [ 4.813083151614482, 52.163093914885053 ], [ 4.813083035995411, 52.163102902433948 ], [ 4.813086689640858, 52.163102920209504 ], [ 4.813086660736267, 52.163105167096724 ], [ 4.813093968027536, 52.163105202647507 ], [ 4.813093939123308, 52.163107449534706 ], [ 4.813097592769132, 52.163107467309914 ], [ 4.813097563865083, 52.163109714197141 ], [ 4.813101217511096, 52.163109731972263 ], [ 4.81310118860723, 52.163111978859483 ], [ 4.813104842253425, 52.163111996634449 ], [ 4.813104813349741, 52.163114243521669 ], [ 4.813108466996126, 52.163114261296585 ], [ 4.813108438092621, 52.163116508183762 ], [ 4.813112091739196, 52.163116525958579 ], [ 4.813112062835875, 52.163118772845799 ], [ 4.813119370129393, 52.16311880839497 ], [ 4.813119341226435, 52.163121055282225 ], [ 4.813122994873386, 52.163121073056608 ], [ 4.813122965970607, 52.163123319943836 ], [ 4.813130273264889, 52.163123355492395 ], [ 4.813130244362474, 52.163125602379587 ], [ 4.813137551657134, 52.163125637927678 ], [ 4.813137522755084, 52.163127884814919 ], [ 4.813144830050126, 52.163127920362527 ], [ 4.81314480114844, 52.163130167249754 ], [ 4.813152108443866, 52.163130202796921 ], [ 4.813152079542546, 52.163132449684184 ], [ 4.813155733190446, 52.163132467457579 ], [ 4.813155704289308, 52.163134714344814 ], [ 4.813159357937396, 52.16313473211811 ], [ 4.813159329036435, 52.16313697900533 ], [ 4.813162982684712, 52.163136996778533 ], [ 4.813162953783935, 52.163139243665803 ] ] ] } },
{ "type": "Feature", "properties": { "class": "parcel", "raw_confidence": 0.4007, "source_tile_id": "tile-110000-460000", "was_valid": true, "area_m2": 27.430197701657342 }, "geometry": { "type": "Polygon", "coordinates": [ [ [ 4.806282036168086, 52.175821494160893 ], [ 4.80629300021932, 52.175821548123629 ], [ 4.806293029476894, 52.175819301243493 ], [ 4.80630033884403, 52.175819337218073 ], [ 4.806300368101232, 52.175817090337944 ], [ 4.806304022784623, 52.175817108325091 ], [ 4.806304081298651, 52.175812614564848 ], [ 4.806307735981674, 52.175812632551839 ], [ 4.8063077652385, 52.175810385671745 ], [ 4.806311419921345, 52.175810403658616 ], [ 4.806311449177982, 52.175808156778523 ], [ 4.806315103860648, 52.175808174765272 ], [ 4.806315133117096, 52.175805927885165 ], [ 4.806318787799579, 52.175805945871801 ], [ 4.806318904824606, 52.175796958351334 ], [ 4.806322559506357, 52.175796976337871 ], [ 4.80632285206685, 52.175774507536566 ], [ 4.806326506746761, 52.175774525522939 ], [ 4.806326682281789, 52.175761044242115 ], [ 4.806323027602982, 52.175761026255714 ], [ 4.806323086115002, 52.175756532495434 ], [ 4.806319431436563, 52.175756514508883 ], [ 4.80631966548597, 52.175738539467751 ], [ 4.80631601080901, 52.175738521481151 ], [ 4.806316040065355, 52.175736274600972 ], [ 4.806312385388584, 52.175736256614243 ], [ 4.80631244390163, 52.175731762853935 ], [ 4.806301479872439, 52.175731708893075 ], [ 4.80630142135829, 52.175736202653361 ], [ 4.806297766681529, 52.175736184666171 ], [ 4.806297737424265, 52.1757384315463 ], [ 4.806294082747324, 52.175738413559003 ], [ 4.806294053489873, 52.17574066043916 ], [ 4.806290398812753, 52.175740642451714 ], [ 4.806290135493867, 52.175760864372926 ], [ 4.806286480815097, 52.175760846385408 ], [ 4.806286393041519, 52.175767587025767 ], [ 4.806282738362198, 52.175767569038122 ], [ 4.806282679846097, 52.17577206279838 ], [ 4.806279025166411, 52.175772044810614 ], [ 4.80627893739168, 52.17577878545098 ], [ 4.806275282711445, 52.1757787674631 ], [ 4.806275224194573, 52.17578326122333 ], [ 4.806271569513973, 52.175783243235337 ], [ 4.806271510996717, 52.175787736995531 ], [ 4.806267856315753, 52.17578771900741 ], [ 4.806267827056938, 52.175789965887525 ], [ 4.806264172375791, 52.175789947899297 ], [ 4.806264084598769, 52.175796688539627 ], [ 4.806260429917074, 52.175796670551286 ], [ 4.806260342139471, 52.175803411191566 ], [ 4.806256687457226, 52.175803393203125 ], [ 4.806256599679041, 52.175810133843441 ], [ 4.806263909044636, 52.175810169820259 ], [ 4.806263879785602, 52.175812416700353 ], [ 4.806267534468589, 52.175812434688623 ], [ 4.806267505209738, 52.175814681568689 ], [ 4.806271159892911, 52.175814699556859 ], [ 4.806271130634239, 52.175816946436946 ], [ 4.806278440000968, 52.175816982412904 ], [ 4.806278410742659, 52.175819229292941 ], [ 4.806282065426214, 52.175819247280785 ], [ 4.806282036168086, 52.175821494160893 ] ] ] } },
{ "type": "Feature", "properties": { "class": "parcel", "raw_confidence": 0.4007, "source_tile_id": "tile-110000-460000", "was_valid": true, "area_m2": 37.615039702101086 }, "geometry": { "type": "Polygon", "coordinates": [ [ [ 4.809469817946728, 52.178025741350552 ], [ 4.809480782544864, 52.178025795017845 ], [ 4.809480869841417, 52.178019054377074 ], [ 4.809477214975921, 52.178019036488017 ], [ 4.809477360471031, 52.178007802086647 ], [ 4.809470050741891, 52.178007766308355 ], [ 4.809470079841272, 52.178005519428069 ], [ 4.809462770112512, 52.178005483649351 ], [ 4.809462799212255, 52.178003236769051 ], [ 4.809448179755517, 52.178003165210193 ], [ 4.809448208855994, 52.178000918329957 ], [ 4.809415315080181, 52.178000757315928 ], [ 4.809415344182312, 52.177998510435643 ], [ 4.80940072472722, 52.177998438870922 ], [ 4.809400753830084, 52.177996191990651 ], [ 4.809382479512213, 52.177996102532234 ], [ 4.809382508615997, 52.177993855651984 ], [ 4.809375198889239, 52.177993819867808 ], [ 4.809375227993385, 52.177991572987544 ], [ 4.809364263403828, 52.177991519310432 ], [ 4.809364292508525, 52.177989272430203 ], [ 4.809353327919554, 52.177989218752074 ], [ 4.809353298814302, 52.177991465632324 ], [ 4.809338679361648, 52.177991394059937 ], [ 4.809338766679593, 52.177984653419188 ], [ 4.809335111816993, 52.177984635525853 ], [ 4.809335140923151, 52.177982388645567 ], [ 4.809331486060735, 52.177982370752062 ], [ 4.809331660698724, 52.177968889470606 ], [ 4.809320696114812, 52.177968835789443 ], [ 4.809320725221682, 52.177966588909221 ], [ 4.809247628000064, 52.177966231008952 ], [ 4.809247657110619, 52.177963984128738 ], [ 4.809229382806343, 52.177963894646581 ], [ 4.809229411917814, 52.177961647766374 ], [ 4.809222102196495, 52.177961611972727 ], [ 4.809222131308326, 52.177959365092491 ], [ 4.809214821587394, 52.177959329298396 ], [ 4.809214850699592, 52.177957082418196 ], [ 4.809200231258496, 52.177957010828642 ], [ 4.809200202145562, 52.177959257708871 ], [ 4.809196547285114, 52.177959239811173 ], [ 4.809196430832607, 52.177968227332052 ], [ 4.809203740554982, 52.177968263127255 ], [ 4.809203711442212, 52.177970510007448 ], [ 4.80921102116497, 52.177970545802225 ], [ 4.809210992052568, 52.177972792682453 ], [ 4.809214646914134, 52.177972810579675 ], [ 4.809214617801915, 52.177975057459903 ], [ 4.809221927525427, 52.177975093254013 ], [ 4.809221898413569, 52.17797734013422 ], [ 4.809229208137467, 52.17797737592786 ], [ 4.809229179025974, 52.177979622808081 ], [ 4.809258417923162, 52.177979765978201 ], [ 4.80925838881314, 52.177982012858436 ], [ 4.809269353400192, 52.17798206654539 ], [ 4.80926932429072, 52.17798431342559 ], [ 4.809283943740908, 52.177984385006575 ], [ 4.809283914632168, 52.177986631886824 ], [ 4.809305843808655, 52.177986739254905 ], [ 4.809305814701015, 52.177988986135148 ], [ 4.809316779289858, 52.177989039817675 ], [ 4.809316750182769, 52.177991286697903 ], [ 4.809327714772195, 52.177991340379428 ], [ 4.809327685665654, 52.177993587259657 ], [ 4.809345959982351, 52.177993676726622 ], [ 4.809345872665469, 52.178000417367294 ], [ 4.809349527529371, 52.17800043526038 ], [ 4.809349498423923, 52.178002682140615 ], [ 4.80935315328801, 52.178002700033524 ], [ 4.809353124182742, 52.178004946913788 ], [ 4.809360433911296, 52.178004982699306 ], [ 4.809360404806395, 52.17800722957957 ], [ 4.809364059670862, 52.178007247472188 ], [ 4.809364030566138, 52.178009494352416 ], [ 4.80937134029545, 52.178009530137274 ], [ 4.809371311191095, 52.178011777017517 ], [ 4.809374966055938, 52.178011794909793 ], [ 4.809374936951761, 52.178014041790043 ], [ 4.809382246681833, 52.178014077574211 ], [ 4.809382217578019, 52.178016324454461 ], [ 4.809411456499909, 52.178016467586708 ], [ 4.809411427397563, 52.178018714466944 ], [ 4.809426046859329, 52.178018786030378 ], [ 4.809426017757715, 52.178021032910621 ], [ 4.809440637220272, 52.178021104472258 ], [ 4.809440608119393, 52.1780233513525 ], [ 4.809469847046135, 52.17802349447026 ], [ 4.809469817946728, 52.178025741350552 ] ] ] } },
{ "type": "Feature", "properties": { "class": "parcel", "raw_confidence": 0.3979, "source_tile_id": "tile-110000-460000", "was_valid": true, "area_m2": 26.867934993660285 }, "geometry": { "type": "Polygon", "coordinates": [ [ [ 4.812582797665238, 52.164778997254651 ], [ 4.81260106657749, 52.164779086209698 ], [ 4.812601095507953, 52.164776839323281 ], [ 4.812604749290229, 52.164776857113985 ], [ 4.812604778220499, 52.164774610227511 ], [ 4.812608432002595, 52.164774628018094 ], [ 4.812608460932681, 52.164772381131634 ], [ 4.812612114714597, 52.164772398922118 ], [ 4.812612172574389, 52.16476790514924 ], [ 4.812615826355939, 52.164767922939582 ], [ 4.81261588421535, 52.164763429166719 ], [ 4.812619537996537, 52.164763446956933 ], [ 4.812620087656771, 52.164720756114548 ], [ 4.81261643387908, 52.164720738324377 ], [ 4.81261652066798, 52.164713997665061 ], [ 4.812612866890842, 52.164713979874726 ], [ 4.812612895820653, 52.164711732988309 ], [ 4.812609242043706, 52.164711715197868 ], [ 4.812609270973698, 52.164709468311429 ], [ 4.812605617196938, 52.164709450520903 ], [ 4.81260564612711, 52.164707203634435 ], [ 4.812587377244276, 52.164707114680141 ], [ 4.812587319382088, 52.164711608453025 ], [ 4.812583665605167, 52.164711590661817 ], [ 4.812583549880014, 52.16472057820755 ], [ 4.812579896102357, 52.164720560416256 ], [ 4.812579867170879, 52.164722807302674 ], [ 4.812565252059549, 52.164722736136255 ], [ 4.81256510739842, 52.164733970568392 ], [ 4.812561453619677, 52.164733952776473 ], [ 4.812561280025107, 52.164747434095048 ], [ 4.812557626245262, 52.164747416303037 ], [ 4.812557307986213, 52.164772132053571 ], [ 4.812575576895591, 52.164772221012605 ], [ 4.81257554796385, 52.164774467898951 ], [ 4.812579201745919, 52.164774485690458 ], [ 4.812579172814359, 52.164776732576847 ], [ 4.812582826596617, 52.164776750368219 ], [ 4.812582797665238, 52.164778997254651 ] ] ] } },
{ "type": "Feature", "properties": { "class": "parcel", "raw_confidence": 0.3991, "source_tile_id": "tile-110000-460000", "was_valid": true, "area_m2": 25.993218362357123 }, "geometry": { "type": "Polygon", "coordinates": [ [ [ 4.816874133757854, 52.166374980323702 ], [ 4.816888749419372, 52.16637505095715 ], [ 4.816888778135236, 52.166372804069987 ], [ 4.816892432050439, 52.166372821728046 ], [ 4.816892460766115, 52.16637057484089 ], [ 4.816896114681139, 52.166370592498836 ], [ 4.816896143396628, 52.16636834561168 ], [ 4.816899797311469, 52.16636836326952 ], [ 4.816899826026772, 52.166366116382321 ], [ 4.816903479941432, 52.166366134040075 ], [ 4.816903508656548, 52.166363887152897 ], [ 4.816907162571026, 52.166363904810467 ], [ 4.8169072487158, 52.166357164148948 ], [ 4.816910902629731, 52.166357181806461 ], [ 4.81691107491808, 52.166343700483367 ], [ 4.816914728830911, 52.166343718140752 ], [ 4.816914786259963, 52.166339224366382 ], [ 4.816918440172435, 52.166339242023618 ], [ 4.816918526315437, 52.166332501362021 ], [ 4.816922180227358, 52.166332519019157 ], [ 4.816922237655642, 52.166328025244795 ], [ 4.816925891567196, 52.166328042901846 ], [ 4.816926035136929, 52.166316808465822 ], [ 4.816922381226297, 52.166316790808771 ], [ 4.81692278322369, 52.166285334387879 ], [ 4.816926437131748, 52.166285352044888 ], [ 4.816926523273407, 52.166278611383206 ], [ 4.816911907643409, 52.166278540754554 ], [ 4.816911878928788, 52.166280787641753 ], [ 4.816908225021113, 52.166280769984319 ], [ 4.816908167591495, 52.166285263758745 ], [ 4.816904513683456, 52.166285246101161 ], [ 4.816904484968455, 52.166287492988396 ], [ 4.816900831060236, 52.166287475330698 ], [ 4.816900802345049, 52.166289722217876 ], [ 4.816897148436648, 52.166289704560086 ], [ 4.816897119721276, 52.166291951447292 ], [ 4.816893465812695, 52.16629193378936 ], [ 4.816893437097134, 52.166294180676559 ], [ 4.816889783188372, 52.166294163018541 ], [ 4.816889725756873, 52.166298656792947 ], [ 4.816886071847743, 52.16629863913478 ], [ 4.816885985699921, 52.166305379796356 ], [ 4.816882331790245, 52.16630536213809 ], [ 4.816882274357978, 52.166309855912473 ], [ 4.816878620447938, 52.166309838254101 ], [ 4.816878505582627, 52.166318825802826 ], [ 4.816874851671852, 52.166318808144368 ], [ 4.816874133757854, 52.166374980323702 ] ] ] } },
{ "type": "Feature", "properties": { "class": "parcel", "raw_confidence": 0.4004, "source_tile_id": "tile-110000-460000", "was_valid": true, "area_m2": 352.59051400595587 }, "geometry": { "type": "Polygon", "coordinates": [ [ [ 4.788292463390531, 52.179636913157069 ], [ 4.788343633206304, 52.179637172781277 ], [ 4.788343663371482, 52.179634925908537 ], [ 4.788354628331545, 52.179634981539436 ], [ 4.788354658496167, 52.179632734666676 ], [ 4.788358313482679, 52.179632753210079 ], [ 4.788358343647115, 52.179630506337332 ], [ 4.788361998633444, 52.179630524880615 ], [ 4.788362058961939, 52.179626031135129 ], [ 4.788365713947904, 52.179626049678305 ], [ 4.788365834604113, 52.179617062187312 ], [ 4.788369489589344, 52.179617080730374 ], [ 4.788369580080913, 52.179610340112099 ], [ 4.788373235065595, 52.179610358655069 ], [ 4.788373325556581, 52.179603618036808 ], [ 4.788376980540716, 52.179603636579628 ], [ 4.788377040867651, 52.179599142834093 ], [ 4.788380695851422, 52.179599161376778 ], [ 4.788380967320814, 52.179578939521939 ], [ 4.7883773123387, 52.17957892097926 ], [ 4.788377402828987, 52.179572180360935 ], [ 4.788373747847433, 52.179572161818164 ], [ 4.788373838338239, 52.179565421199875 ], [ 4.788370183357242, 52.179565402656941 ], [ 4.788370213521018, 52.179563155784187 ], [ 4.788366558540209, 52.179563137241168 ], [ 4.788366588704168, 52.179560890368386 ], [ 4.788362933723544, 52.179560871825245 ], [ 4.788362963887684, 52.179558624952492 ], [ 4.788359308907247, 52.17955860640923 ], [ 4.788359339071567, 52.179556359536498 ], [ 4.788355684091321, 52.179556340993116 ], [ 4.788355714255825, 52.17955409412037 ], [ 4.788348404295703, 52.179554057033329 ], [ 4.788348434460573, 52.17955181016054 ], [ 4.788344779480703, 52.179551791616866 ], [ 4.788344809645747, 52.179549544744077 ], [ 4.788333844706712, 52.179549489112347 ], [ 4.788333874872307, 52.179547242239579 ], [ 4.788326564913335, 52.179547205151209 ], [ 4.788326595079297, 52.179544958278413 ], [ 4.788308320182849, 52.179544865555457 ], [ 4.788308350349727, 52.179542618682703 ], [ 4.788213320894394, 52.17954213647765 ], [ 4.788213351066055, 52.179539889604932 ], [ 4.788206041108418, 52.179539852509087 ], [ 4.788206071280444, 52.179537605636334 ], [ 4.788195106344568, 52.179537549991728 ], [ 4.788195136517144, 52.179535303118989 ], [ 4.78816589668977, 52.179535154728313 ], [ 4.788165926863815, 52.179532907855574 ], [ 4.788158616907373, 52.179532870756809 ], [ 4.788158647081787, 52.179530623884112 ], [ 4.788154992103753, 52.179530605334556 ], [ 4.788155022278343, 52.179528358461823 ], [ 4.788147712322662, 52.179528321362334 ], [ 4.788147742497618, 52.179526074489644 ], [ 4.788144087519965, 52.179526055939711 ], [ 4.788144117695102, 52.179523809067028 ], [ 4.788140462717634, 52.179523790517017 ], [ 4.788140492892955, 52.179521543644299 ], [ 4.788129527961134, 52.179521487993561 ], [ 4.788129497785265, 52.179523734866265 ], [ 4.788118532852923, 52.179523679214519 ], [ 4.788118502676499, 52.179525926087244 ], [ 4.788107537743636, 52.17952587043446 ], [ 4.788107507566656, 52.179528117307157 ], [ 4.788067302811071, 52.179527913238275 ], [ 4.788067272632063, 52.179530160110943 ], [ 4.788063617654119, 52.179530141558551 ], [ 4.788063587474922, 52.179532388431241 ], [ 4.788059932496797, 52.179532369878729 ], [ 4.788059872138023, 52.179536863624072 ], [ 4.788045252224089, 52.17953678941285 ], [ 4.78804540312468, 52.179525555049494 ], [ 4.788041748147125, 52.179525536496435 ], [ 4.788041808507707, 52.179521042751105 ], [ 4.788038153530525, 52.179521024197889 ], [ 4.788038304432836, 52.179509789834519 ], [ 4.788034649456576, 52.179509771281211 ], [ 4.788034739998473, 52.179503030663184 ], [ 4.788031085022771, 52.179503012109805 ], [ 4.788031145384386, 52.179498518364433 ], [ 4.788027490409055, 52.179498499810919 ], [ 4.788027580952005, 52.17949175919285 ], [ 4.788023925977231, 52.179491740639264 ], [ 4.788023986339546, 52.179487246893885 ], [ 4.788020331365144, 52.17948722834015 ], [ 4.788020391727816, 52.179482734594799 ], [ 4.788013081779757, 52.179482697486961 ], [ 4.788013111961456, 52.179480450614307 ], [ 4.788009456987614, 52.179480432060224 ], [ 4.788009487169494, 52.179478185187577 ], [ 4.787998522248547, 52.179478129524675 ], [ 4.787998552430972, 52.179475882651985 ], [ 4.787991242484063, 52.179475845542825 ], [ 4.787991272666855, 52.179473598670171 ], [ 4.787983962720328, 52.179473561560563 ], [ 4.787983992903483, 52.179471314687902 ], [ 4.787976682957336, 52.179471277577854 ], [ 4.787976713140859, 52.179469030705178 ], [ 4.787965748222216, 52.179468975039221 ], [ 4.787965778406286, 52.179466728166567 ], [ 4.787954813488228, 52.179466672499601 ], [ 4.78795484367285, 52.179464425626939 ], [ 4.787947533727863, 52.179464388515107 ], [ 4.787947563912848, 52.179462141642404 ], [ 4.787918324134516, 52.1794619931905 ], [ 4.787918354320968, 52.179459746317818 ], [ 4.787903734432622, 52.179459672089131 ], [ 4.78790376461981, 52.179457425216484 ], [ 4.787900109647918, 52.179457406659033 ], [ 4.787900139835286, 52.179455159786414 ], [ 4.787896484863579, 52.179455141228829 ], [ 4.787896515051127, 52.17945289435616 ], [ 4.787889205108095, 52.179452857240726 ], [ 4.787889235296006, 52.17945061036805 ], [ 4.787881925353355, 52.179450573252112 ], [ 4.787881955541633, 52.179448326379479 ], [ 4.787874645599365, 52.179448289263107 ], [ 4.787874675788008, 52.179446042390431 ], [ 4.787867365846123, 52.179446005273654 ], [ 4.78786739603513, 52.179443758401 ], [ 4.787860086093629, 52.179443721283711 ], [ 4.787860116282999, 52.179441474411085 ], [ 4.787852806341877, 52.179441437293356 ], [ 4.787852836531614, 52.179439190420709 ], [ 4.78783456167979, 52.179439097624467 ], [ 4.787834531489133, 52.179441344497093 ], [ 4.787827221548059, 52.179441307377765 ], [ 4.787827191357032, 52.179443554250419 ], [ 4.787816226444895, 52.179443498570599 ], [ 4.78781619625331, 52.179445745443225 ], [ 4.787812541282422, 52.179445726883053 ], [ 4.787812511090647, 52.179447973755693 ], [ 4.787801546177446, 52.179447918074523 ], [ 4.787801576369775, 52.179445671201911 ], [ 4.7877979213989, 52.179445652641292 ], [ 4.78779798178391, 52.179441158896005 ], [ 4.787794326813406, 52.179441140335314 ], [ 4.787794357006089, 52.179438893462674 ], [ 4.787790702035772, 52.179438874901848 ], [ 4.787790732228637, 52.179436628029194 ], [ 4.78778707725851, 52.179436609468262 ], [ 4.787787107451554, 52.179434362595643 ], [ 4.787779797511677, 52.179434325473387 ], [ 4.787779827705088, 52.17943207860079 ], [ 4.787776172735338, 52.179432060039488 ], [ 4.787776233122515, 52.179427566294208 ], [ 4.787772578153136, 52.179427547732836 ], [ 4.787772608346904, 52.179425300860203 ], [ 4.787765298408526, 52.17942526373708 ], [ 4.78776532860266, 52.179423016864448 ], [ 4.78776167363366, 52.179422998302719 ], [ 4.787761703827973, 52.179420751430087 ], [ 4.787758048859163, 52.179420732868252 ], [ 4.787758079053654, 52.179418485995626 ], [ 4.787754424085032, 52.179418467433663 ], [ 4.787754454279705, 52.179416220561031 ], [ 4.78775079931127, 52.179416201998976 ], [ 4.787750859700976, 52.179411708253738 ], [ 4.787747204732911, 52.179411689691541 ], [ 4.787747234927943, 52.179409442818937 ], [ 4.78774357996007, 52.179409424256647 ], [ 4.787743640350488, 52.179404930511424 ], [ 4.787732675447987, 52.179404874823831 ], [ 4.787732645252222, 52.17940712169645 ], [ 4.787728990284545, 52.179407103133713 ], [ 4.787728960088595, 52.17940935000636 ], [ 4.787725305120739, 52.179409331443459 ], [ 4.787725274924601, 52.179411578316035 ], [ 4.787721619956563, 52.179411559753099 ], [ 4.787721589760237, 52.17941380662571 ], [ 4.787714279823802, 52.179413769499426 ], [ 4.787714249627104, 52.179416016372031 ], [ 4.787706939690314, 52.17941597924527 ], [ 4.787706909493247, 52.179418226117924 ], [ 4.787692289618972, 52.179418151863018 ], [ 4.787692259421166, 52.179420398735637 ], [ 4.787688604452421, 52.179420380171642 ], [ 4.787688544056426, 52.179424873916808 ], [ 4.787684889087318, 52.179424855352735 ], [ 4.787684858889132, 52.179427102225304 ], [ 4.787681203919841, 52.179427083661061 ], [ 4.787681173721468, 52.179429330533694 ], [ 4.787677518751998, 52.179429311969322 ], [ 4.787677488553435, 52.179431558841912 ], [ 4.787670178614137, 52.179431521712871 ], [ 4.787670148415205, 52.179433768585476 ], [ 4.787662838475552, 52.179433731455994 ], [ 4.787662808276245, 52.179435978328527 ], [ 4.787659153306241, 52.179435959763666 ], [ 4.78765912310675, 52.179438206636213 ], [ 4.787655468136562, 52.179438188071217 ], [ 4.787655437936882, 52.179440434943785 ], [ 4.787651782966516, 52.179440416378647 ], [ 4.787651662167023, 52.179449403868915 ], [ 4.787658972109231, 52.179449440999122 ], [ 4.787658941909717, 52.179451687871705 ], [ 4.787669906823611, 52.179451743566155 ], [ 4.787669876624649, 52.179453990438738 ], [ 4.787677186567628, 52.179454027567779 ], [ 4.787677156369027, 52.179456274440319 ], [ 4.78768446631239, 52.179456311568934 ], [ 4.787684436114155, 52.17945855844151 ], [ 4.787691746057902, 52.17945859556967 ], [ 4.787691715860031, 52.179460842442261 ], [ 4.787695370832095, 52.179460861006177 ], [ 4.787695340634404, 52.179463107878782 ], [ 4.787706305551163, 52.179463163569785 ], [ 4.787706275354023, 52.179465410442383 ], [ 4.787709930326466, 52.179465429005838 ], [ 4.787709900129506, 52.179467675878406 ], [ 4.787717210074773, 52.17946771300501 ], [ 4.78771717987818, 52.179469959877594 ], [ 4.78772814479666, 52.179470015566629 ], [ 4.787728114600612, 52.179472262439234 ], [ 4.787753699411811, 52.179472392376297 ], [ 4.78775366921705, 52.179474639248902 ], [ 4.787757324190275, 52.179474657810864 ], [ 4.787757293995697, 52.179476904683476 ], [ 4.787768258915951, 52.179476960368788 ], [ 4.787768289109978, 52.179474713496177 ], [ 4.78777194408322, 52.17947473205772 ], [ 4.787771974277057, 52.17947248518513 ], [ 4.787775629250119, 52.179472503746531 ], [ 4.787775659443771, 52.17947025687392 ], [ 4.787779314416651, 52.179470275435236 ], [ 4.787779404997036, 52.179463534817422 ], [ 4.787783059969368, 52.179463553378618 ], [ 4.787783150549169, 52.179456812760741 ], [ 4.787797770436316, 52.179456887004378 ], [ 4.78779774024379, 52.179459133876996 ], [ 4.787801395215769, 52.179459152437637 ], [ 4.7878011536769, 52.179477127418551 ], [ 4.787797498703444, 52.179477108857931 ], [ 4.787797438318325, 52.179481602603126 ], [ 4.787793783344508, 52.179481584042385 ], [ 4.787793662573487, 52.17949057153281 ], [ 4.787797317548041, 52.179490590093593 ], [ 4.787797287355461, 52.179492836966183 ], [ 4.787800942330203, 52.179492855526831 ], [ 4.787800912137804, 52.17949510239945 ], [ 4.787804567112731, 52.17949512095997 ], [ 4.787804536920515, 52.179497367832575 ], [ 4.787808191895631, 52.179497386393003 ], [ 4.787808161703593, 52.1794996332656 ], [ 4.787819126629516, 52.179499688946159 ], [ 4.787819096438029, 52.179501935818806 ], [ 4.787826406389031, 52.179501972938624 ], [ 4.787826376197907, 52.179504219811228 ], [ 4.78783368614929, 52.179504256930592 ], [ 4.787833655958532, 52.179506503803204 ], [ 4.787837310934412, 52.17950652236275 ], [ 4.787837280743834, 52.179508769235333 ], [ 4.787840935719904, 52.179508787794767 ], [ 4.787840905529504, 52.179511034667343 ], [ 4.787844560505762, 52.179511053226655 ], [ 4.787844530315542, 52.179513300099266 ], [ 4.787848185291987, 52.179513318658437 ], [ 4.787848155101951, 52.179515565531055 ], [ 4.787851810078583, 52.179515584090097 ], [ 4.787851779888727, 52.179517830962759 ], [ 4.787859089842371, 52.179517868080559 ], [ 4.787859059652878, 52.179520114953171 ], [ 4.78786271462989, 52.179520133511886 ], [ 4.787862684440577, 52.179522380384462 ], [ 4.787866339417775, 52.179522398943114 ], [ 4.787866309228646, 52.179524645815746 ], [ 4.78787361918342, 52.179524682932637 ], [ 4.787873588994658, 52.179526929805277 ], [ 4.787880898949815, 52.179526966921706 ], [ 4.787880868761412, 52.179529213794346 ], [ 4.787895488672507, 52.179529288025876 ], [ 4.78789545848484, 52.179531534898516 ], [ 4.787913733374705, 52.179531627685385 ], [ 4.787913703187957, 52.179533874558047 ], [ 4.787921013144296, 52.179533911672031 ], [ 4.787920982957909, 52.179536158544607 ], [ 4.787942912828119, 52.179536269883826 ], [ 4.787942882642833, 52.179538516756487 ], [ 4.787957502557112, 52.17953859098035 ], [ 4.78795747237256, 52.179540837852969 ], [ 4.787968437308859, 52.179540893519722 ], [ 4.787968407124857, 52.179543140392347 ], [ 4.78797937206174, 52.179543196058056 ], [ 4.787979341878286, 52.179545442930689 ], [ 4.787982996857436, 52.179545461485695 ], [ 4.787982966674163, 52.179547708358371 ], [ 4.787986621653503, 52.17954772691327 ], [ 4.78798659147041, 52.17954997378591 ], [ 4.787993901429465, 52.179550010895355 ], [ 4.787993871246741, 52.179552257768009 ], [ 4.788004836185906, 52.179552313431351 ], [ 4.788004806003728, 52.179554560304005 ], [ 4.788015770943474, 52.179554615966332 ], [ 4.788015740761844, 52.179556862838979 ], [ 4.788026705702178, 52.179556918500282 ], [ 4.788026675521098, 52.179559165372943 ], [ 4.788033985481706, 52.179559202479901 ], [ 4.788033955300988, 52.179561449352576 ], [ 4.788041265261979, 52.1795614864591 ], [ 4.788041235081627, 52.179563733331776 ], [ 4.788052200023693, 52.179563788990727 ], [ 4.788052169843887, 52.179566035863409 ], [ 4.788074099729215, 52.179566147178228 ], [ 4.788074069550513, 52.179568394050882 ], [ 4.788077724531598, 52.179568412602954 ], [ 4.788077694353076, 52.17957065947563 ], [ 4.788085004315623, 52.179570696579468 ], [ 4.788084974137469, 52.179572943452129 ], [ 4.788099594063342, 52.179573017658427 ], [ 4.788099563885919, 52.179575264531067 ], [ 4.78811052883091, 52.179575320184611 ], [ 4.788110498654037, 52.179577567057279 ], [ 4.788117808617753, 52.179577604159093 ], [ 4.788117778441245, 52.179579851031754 ], [ 4.78812143342329, 52.179579869582476 ], [ 4.788121403246961, 52.179582116455144 ], [ 4.788125058229196, 52.179582135005781 ], [ 4.788125028053049, 52.179584381878456 ], [ 4.788128683035471, 52.179584400428951 ], [ 4.788128652859504, 52.179586647301655 ], [ 4.788132307842114, 52.179586665852035 ], [ 4.788132247490537, 52.179591159597415 ], [ 4.788135902473519, 52.179591178147646 ], [ 4.788135872297909, 52.17959342502035 ], [ 4.788139527281076, 52.179593443570511 ], [ 4.788139466930216, 52.179597937315862 ], [ 4.788146776897301, 52.179597974415884 ], [ 4.788146746722233, 52.179600221288524 ], [ 4.788157711673442, 52.179600276937698 ], [ 4.788157681498921, 52.179602523810424 ], [ 4.788179611402533, 52.17960263510566 ], [ 4.788179581229117, 52.179604881978335 ], [ 4.788194201165664, 52.179604956172916 ], [ 4.788194170992978, 52.179607203045599 ], [ 4.78820513594598, 52.179607258690382 ], [ 4.788205105773844, 52.17960950556305 ], [ 4.788216070727429, 52.179609561206796 ], [ 4.788216040555842, 52.179611808079486 ], [ 4.788223350525284, 52.179611845174776 ], [ 4.788223320354061, 52.179614092047494 ], [ 4.788226975338973, 52.179614110594933 ], [ 4.788226945167931, 52.17961635746763 ], [ 4.788230600153031, 52.179616376014977 ], [ 4.788230569982169, 52.179618622887673 ], [ 4.788234224967454, 52.179618641434899 ], [ 4.788234194796774, 52.179620888307596 ], [ 4.78823784978225, 52.179620906854744 ], [ 4.788237819611746, 52.179623153727412 ], [ 4.788245129583073, 52.179623190821346 ], [ 4.788245099412939, 52.179625437694042 ], [ 4.788248754398792, 52.179625456240835 ], [ 4.788248724228837, 52.179627703113532 ], [ 4.788259689186967, 52.179627758753234 ], [ 4.788259659017561, 52.179630005625953 ], [ 4.788270623976275, 52.179630061264653 ], [ 4.788270593807418, 52.179632308137357 ], [ 4.788281558766714, 52.179632363774978 ], [ 4.788281528598409, 52.179634610647703 ], [ 4.788292493558288, 52.179634666284393 ], [ 4.788292463390531, 52.179636913157069 ] ] ] } },
{ "type": "Feature", "properties": { "class": "parcel", "raw_confidence": 0.4, "source_tile_id": "tile-110000-460000", "was_valid": true, "area_m2": 118.8423253559876 }, "geometry": { "type": "Polygon", "coordinates": [ [ [ 4.788403892562438, 52.179504903973658 ], [ 4.788418512466697, 52.179504978140436 ], [ 4.788418542627984, 52.17950273126759 ], [ 4.788425852579769, 52.179502768350311 ], [ 4.788425882740687, 52.179500521477479 ], [ 4.788429537716401, 52.179500540018665 ], [ 4.788429567877131, 52.179498293145869 ], [ 4.788433222852662, 52.179498311686906 ], [ 4.788433283173749, 52.179493817941285 ], [ 4.788436938148913, 52.179493836482237 ], [ 4.788437119110983, 52.179480355245303 ], [ 4.78843346413692, 52.179480336704366 ], [ 4.788433494297434, 52.179478089831541 ], [ 4.788429839323561, 52.179478071290504 ], [ 4.788429869484258, 52.179475824417658 ], [ 4.788426214510573, 52.179475805876486 ], [ 4.788426274832322, 52.17947131213085 ], [ 4.788422619859009, 52.179471293589607 ], [ 4.788422650020062, 52.179469046716747 ], [ 4.788418995046937, 52.17946902817539 ], [ 4.788419025208171, 52.179466781302573 ], [ 4.788415370235233, 52.179466762761066 ], [ 4.788415400396649, 52.179464515888249 ], [ 4.788411745423897, 52.179464497346636 ], [ 4.788411805747086, 52.179460003600987 ], [ 4.788408150774706, 52.179459985059268 ], [ 4.788408180936479, 52.179457738186429 ], [ 4.788404525964286, 52.179457719644638 ], [ 4.788404556126243, 52.179455472771799 ], [ 4.788400901154235, 52.179455454229881 ], [ 4.788400931316371, 52.179453207357042 ], [ 4.788397276344556, 52.179453188814996 ], [ 4.788397336669183, 52.179448695069318 ], [ 4.788393681697736, 52.179448676527159 ], [ 4.78839371186023, 52.179446429654369 ], [ 4.788386401917719, 52.179446392569687 ], [ 4.788386432080575, 52.179444145696884 ], [ 4.788379122138445, 52.179444108611754 ], [ 4.788379152301667, 52.17944186173893 ], [ 4.788371842359919, 52.179441824653352 ], [ 4.788371872523506, 52.179439577780549 ], [ 4.788368217552821, 52.179439559237579 ], [ 4.788368247716589, 52.17943731236479 ], [ 4.7883609377756, 52.179437275278524 ], [ 4.788360967939732, 52.179435028405734 ], [ 4.788357312969426, 52.179435009862424 ], [ 4.788357343133739, 52.179432762989627 ], [ 4.788353688163623, 52.17943274444621 ], [ 4.788353718328115, 52.179430497573385 ], [ 4.788346408388257, 52.179430460486266 ], [ 4.788346438553116, 52.179428213613484 ], [ 4.788342783583376, 52.17942819506969 ], [ 4.788342813748413, 52.179425948196915 ], [ 4.788339158778865, 52.179425929653029 ], [ 4.788339188944084, 52.179423682780239 ], [ 4.78833553397472, 52.179423664236268 ], [ 4.78833556414012, 52.179421417363464 ], [ 4.788331909170944, 52.179421398819386 ], [ 4.788331939336524, 52.17941915194659 ], [ 4.788328284367537, 52.179419133402384 ], [ 4.788328344699057, 52.179414639656763 ], [ 4.788324689730439, 52.179414621112457 ], [ 4.788324719896378, 52.179412374239639 ], [ 4.788321064927947, 52.179412355695263 ], [ 4.788321095094067, 52.179410108822417 ], [ 4.788313785157588, 52.17941007173328 ], [ 4.788313815324071, 52.179407824860441 ], [ 4.788306505387975, 52.179407787770856 ], [ 4.788306535554823, 52.179405540898031 ], [ 4.788295570651256, 52.179405485262805 ], [ 4.788295600818651, 52.179403238389988 ], [ 4.788284635915669, 52.179403182753738 ], [ 4.788284666083616, 52.179400935880928 ], [ 4.788270046213754, 52.179400861697644 ], [ 4.788270076382435, 52.179398614824848 ], [ 4.788237181677111, 52.179398447905875 ], [ 4.788237151506776, 52.179400694778671 ], [ 4.788233496539351, 52.179400676231523 ], [ 4.788233466368825, 52.179402923104306 ], [ 4.788226156433619, 52.179402886009733 ], [ 4.788226126262721, 52.179405132882515 ], [ 4.788222471294937, 52.179405114335054 ], [ 4.788222410952768, 52.17940960808064 ], [ 4.788218755984622, 52.179409589533044 ], [ 4.788218725813346, 52.179411836405805 ], [ 4.788215070845018, 52.179411817858181 ], [ 4.788215040673556, 52.179414064730878 ], [ 4.788211385705048, 52.179414046183119 ], [ 4.788211325361742, 52.179418539928626 ], [ 4.788207670392867, 52.179418521380747 ], [ 4.788207549705484, 52.179427508871804 ], [ 4.788203894735872, 52.179427490323782 ], [ 4.788203804219745, 52.17943423094205 ], [ 4.788200149249591, 52.179434212393915 ], [ 4.788199968216131, 52.179447693630451 ], [ 4.788203623187393, 52.179447712178636 ], [ 4.78820353267117, 52.179454452796904 ], [ 4.788207187642985, 52.17945447134494 ], [ 4.788207127299186, 52.179458965090454 ], [ 4.788210782271372, 52.179458983638384 ], [ 4.788210752099652, 52.179461230511173 ], [ 4.788214407072027, 52.179461249058988 ], [ 4.788214376900488, 52.179463495931756 ], [ 4.788218031873051, 52.179463514479458 ], [ 4.788217971530331, 52.17946800822498 ], [ 4.788221626503264, 52.179468026772597 ], [ 4.788221596332082, 52.17947027364535 ], [ 4.788225251305206, 52.179470292192846 ], [ 4.788225221134202, 52.1794725390656 ], [ 4.788228876107514, 52.179472557613018 ], [ 4.788228845936694, 52.179474804485757 ], [ 4.788232500910191, 52.179474823033011 ], [ 4.78823247073955, 52.179477069905786 ], [ 4.788239780686924, 52.179477106999983 ], [ 4.788239750516648, 52.17947935387275 ], [ 4.788247060464405, 52.179479390966506 ], [ 4.788247030294494, 52.17948163783926 ], [ 4.788257995216707, 52.179481693479048 ], [ 4.788257965047347, 52.179483940351808 ], [ 4.788265274995872, 52.179483977444448 ], [ 4.788265244826874, 52.179486224317223 ], [ 4.788276209750248, 52.17948627995532 ], [ 4.788276179581799, 52.179488526828095 ], [ 4.788283489531099, 52.179488563919598 ], [ 4.788283459363015, 52.179490810792366 ], [ 4.788294424287543, 52.179490866428793 ], [ 4.788294394120006, 52.179493113301525 ], [ 4.78830535904512, 52.179493168936901 ], [ 4.788305328878135, 52.179495415809704 ], [ 4.788323603754311, 52.179495508533108 ], [ 4.788323573588245, 52.179497755405883 ], [ 4.788345503440873, 52.179497866670246 ], [ 4.788345473275908, 52.179500113543007 ], [ 4.78836740312977, 52.17950022480332 ], [ 4.788367372965905, 52.179502471676102 ], [ 4.788381992869286, 52.179502545847363 ], [ 4.788382023032415, 52.179500298974567 ], [ 4.788392987959435, 52.179500354601821 ], [ 4.78839295779686, 52.179502601474631 ], [ 4.788403922724464, 52.179502657100834 ], [ 4.788403892562438, 52.179504903973658 ] ] ] } },
{ "type": "Feature", "properties": { "class": "parcel", "raw_confidence": 0.4009, "source_tile_id": "tile-110000-460000", "was_valid": true, "area_m2": 157.3941987769511 }, "geometry": { "type": "Polygon", "coordinates": [ [ [ 4.788061109490091, 52.179444741843582 ], [ 4.788086694286766, 52.179444871708505 ], [ 4.788086724464724, 52.179442624835765 ], [ 4.788090379435506, 52.179442643387432 ], [ 4.788090409613273, 52.179440396514693 ], [ 4.788094064583877, 52.179440415066267 ], [ 4.788094124939036, 52.179435921320817 ], [ 4.788097779909276, 52.179435939872256 ], [ 4.788097810086665, 52.179433692999496 ], [ 4.788105120026783, 52.17943373010209 ], [ 4.788105150203802, 52.179431483229322 ], [ 4.788108805173681, 52.179431501780478 ], [ 4.788108835350509, 52.179429254907681 ], [ 4.788112490320209, 52.179429273458695 ], [ 4.788112520496854, 52.179427026585962 ], [ 4.788116175466373, 52.179427045136826 ], [ 4.788116296172173, 52.179418057645876 ], [ 4.788108986234612, 52.17941802054402 ], [ 4.788109076765029, 52.179411279925823 ], [ 4.788105421796805, 52.179411261374725 ], [ 4.788105512327745, 52.179404520756528 ], [ 4.788101857360079, 52.179404502205308 ], [ 4.788101978068684, 52.179395514714329 ], [ 4.788098323101757, 52.179395496162982 ], [ 4.788098383456408, 52.179391002417553 ], [ 4.788094728489853, 52.179390983866142 ], [ 4.788094788844857, 52.179386490120656 ], [ 4.788091133878673, 52.17938647156911 ], [ 4.788091164056354, 52.179384224696321 ], [ 4.788087509090357, 52.179384206144704 ], [ 4.78808753926822, 52.179381959271943 ], [ 4.788076574370805, 52.179381903616367 ], [ 4.788076604549216, 52.179379656743635 ], [ 4.788072949583603, 52.179379638191527 ], [ 4.788072979762194, 52.179377391318766 ], [ 4.788069324796771, 52.179377372766588 ], [ 4.788069354975542, 52.179375125893841 ], [ 4.788058390079837, 52.179375070236574 ], [ 4.788058420259158, 52.179372823363828 ], [ 4.788043800399004, 52.179372749152527 ], [ 4.788043830579058, 52.179370502279795 ], [ 4.788032865684532, 52.179370446620169 ], [ 4.788032895865134, 52.179368199747415 ], [ 4.788021930971192, 52.179368144086737 ], [ 4.788021961152344, 52.179365897214012 ], [ 4.788000031365659, 52.179365785889665 ], [ 4.788000061547908, 52.179363539016911 ], [ 4.78799275161941, 52.179363501907872 ], [ 4.78799278180203, 52.179361255035182 ], [ 4.787985471873913, 52.179361217925674 ], [ 4.787985532239873, 52.179356724180217 ], [ 4.78798187727619, 52.179356705625324 ], [ 4.787981907459351, 52.179354458752641 ], [ 4.787974597532358, 52.179354421642451 ], [ 4.787974627715882, 52.179352174769733 ], [ 4.787963662825974, 52.179352119103655 ], [ 4.787963693010049, 52.179349872230958 ], [ 4.787960038046938, 52.179349853675383 ], [ 4.787960068231192, 52.179347606802651 ], [ 4.787956413268268, 52.179347588246955 ], [ 4.787956443452702, 52.179345341374223 ], [ 4.787952788489966, 52.179345322818413 ], [ 4.787952818674579, 52.179343075945759 ], [ 4.787949163712034, 52.179343057389779 ], [ 4.787949193896827, 52.179340810517076 ], [ 4.787945538934469, 52.179340791961046 ], [ 4.787945569119443, 52.179338545088356 ], [ 4.787938259195102, 52.179338507975956 ], [ 4.787938289380443, 52.179336261103202 ], [ 4.787930979456481, 52.179336223990347 ], [ 4.787931009642188, 52.179333977117679 ], [ 4.787923699718609, 52.179333940004355 ], [ 4.78792372990468, 52.179331693131637 ], [ 4.787912765019888, 52.179331637460834 ], [ 4.787912795206509, 52.179329390588158 ], [ 4.787905485283703, 52.179329353473726 ], [ 4.787905515470689, 52.179327106601001 ], [ 4.787883585703456, 52.179326995255032 ], [ 4.787883615891541, 52.179324748382328 ], [ 4.787872651008525, 52.179324692707802 ], [ 4.787872681197162, 52.179322445835083 ], [ 4.787865371275534, 52.179322408718164 ], [ 4.787865401464535, 52.179320161845496 ], [ 4.787861746503911, 52.17932014328688 ], [ 4.787861776693089, 52.179317896414183 ], [ 4.787850811811794, 52.179317840737632 ], [ 4.787850842001522, 52.179315593864899 ], [ 4.787843532081046, 52.179315556746687 ], [ 4.787843562271139, 52.179313309873976 ], [ 4.787839907311088, 52.179313291314656 ], [ 4.787839937501361, 52.179311044442002 ], [ 4.787836282541502, 52.179311025882583 ], [ 4.787836312731956, 52.17930877900988 ], [ 4.787821692893281, 52.179308704771096 ], [ 4.787821602319695, 52.179315445389179 ], [ 4.787825257279912, 52.179315463949017 ], [ 4.787825106324787, 52.17932669831243 ], [ 4.787828761285928, 52.179326716872183 ], [ 4.787828731095076, 52.179328963744858 ], [ 4.787832386056407, 52.179328982304575 ], [ 4.787832114340244, 52.179349204158633 ], [ 4.78782845937726, 52.179349185598937 ], [ 4.787828429186374, 52.179351432471627 ], [ 4.787824774223208, 52.17935141391186 ], [ 4.787824744032135, 52.179353660784535 ], [ 4.787817434105444, 52.179353623664618 ], [ 4.787817403914, 52.1793558705373 ], [ 4.787813748950476, 52.179355851977206 ], [ 4.787813718758843, 52.179358098849875 ], [ 4.787806408831437, 52.179358061729296 ], [ 4.787806378639432, 52.179360308601971 ], [ 4.787784448856197, 52.179360197237514 ], [ 4.787784418663084, 52.179362444110176 ], [ 4.787758833914845, 52.179362314179819 ], [ 4.787758743331618, 52.17936905479776 ], [ 4.787755088367044, 52.179369036235812 ], [ 4.787754967588625, 52.17937802372635 ], [ 4.787758622553934, 52.179378042288292 ], [ 4.787758562165068, 52.179382536033565 ], [ 4.787765872096434, 52.179382573157142 ], [ 4.787765841902365, 52.179384820029739 ], [ 4.787809701493059, 52.179385042761538 ], [ 4.787809671301197, 52.179387289634185 ], [ 4.787827946131721, 52.179387382434292 ], [ 4.787827915940776, 52.179389629306904 ], [ 4.787846190772309, 52.179389722104176 ], [ 4.787846160582279, 52.179391968976873 ], [ 4.787860780448306, 52.179392043212616 ], [ 4.787860750259009, 52.179394290085291 ], [ 4.787893644959432, 52.179394457109204 ], [ 4.78789361477179, 52.179396703981901 ], [ 4.787904579672546, 52.17939675965448 ], [ 4.787904549485456, 52.17939900652717 ], [ 4.787919169353913, 52.179399080755694 ], [ 4.787919139167553, 52.179401327628398 ], [ 4.787922794134861, 52.179401346185273 ], [ 4.78792276394868, 52.179403593057913 ], [ 4.787926418916176, 52.179403611614681 ], [ 4.787926388730178, 52.179405858487357 ], [ 4.787933698665547, 52.17940589560051 ], [ 4.787933668479917, 52.1794081424732 ], [ 4.787940978415667, 52.179408179585913 ], [ 4.787940948230397, 52.179410426458581 ], [ 4.787944603198461, 52.179410445014788 ], [ 4.787944573013376, 52.179412691887471 ], [ 4.787951882949886, 52.179412728999495 ], [ 4.787951852765159, 52.17941497587217 ], [ 4.787955507733606, 52.179414994428015 ], [ 4.78795547754906, 52.179417241300676 ], [ 4.78796278748633, 52.179417278412046 ], [ 4.787962757302148, 52.17941952528475 ], [ 4.787970067239801, 52.179419562395658 ], [ 4.787970037055986, 52.179421809268334 ], [ 4.787977346994019, 52.179421846378801 ], [ 4.787977316810569, 52.179424093251498 ], [ 4.787988281718194, 52.179424148916333 ], [ 4.787988251535296, 52.179426395789008 ], [ 4.787995561474099, 52.179426432898332 ], [ 4.787995531291562, 52.179428679771028 ], [ 4.788006496200346, 52.179428735434193 ], [ 4.788006466018359, 52.17943098230689 ], [ 4.788013775957935, 52.179431019415077 ], [ 4.788013745776313, 52.179433266287766 ], [ 4.78802836565624, 52.179433340502818 ], [ 4.788028335475354, 52.179435587375536 ], [ 4.788039300385889, 52.179435643035617 ], [ 4.78803927020555, 52.179437889908314 ], [ 4.788050235116667, 52.179437945567429 ], [ 4.788050204936878, 52.179440192440111 ], [ 4.788057514878008, 52.179440229545619 ], [ 4.788057484698582, 52.179442476418316 ], [ 4.788061139669336, 52.1794424949709 ], [ 4.788061109490091, 52.179444741843582 ] ] ] } },
{ "type": "Feature", "properties": { "class": "parcel", "raw_confidence": 0.3997, "source_tile_id": "tile-110000-460000", "was_valid": true, "area_m2": 805.77839209353397 }, "geometry": { "type": "Polygon", "coordinates": [ [ [ 4.788460134685408, 52.179399579066036 ], [ 4.788489374425168, 52.179399727383668 ], [ 4.788489404582797, 52.179397480510815 ], [ 4.788493059550097, 52.17939749905004 ], [ 4.788493119864976, 52.17939300530427 ], [ 4.788496774831912, 52.179393023843346 ], [ 4.788496835146407, 52.179388530097597 ], [ 4.78850049011298, 52.179388548636567 ], [ 4.788500580584146, 52.179381808017901 ], [ 4.788504235550168, 52.179381826556742 ], [ 4.788504356177604, 52.179372839065202 ], [ 4.788500701212318, 52.179372820526353 ], [ 4.788500791683409, 52.179366079907687 ], [ 4.788497136718679, 52.179366061368746 ], [ 4.788497166875886, 52.179363814495872 ], [ 4.788493511911342, 52.179363795956789 ], [ 4.788493542068731, 52.179361549083914 ], [ 4.788489887104373, 52.179361530544739 ], [ 4.788489917261946, 52.179359283671864 ], [ 4.788486262297778, 52.179359265132582 ], [ 4.788486322613272, 52.179354771386784 ], [ 4.788482667649477, 52.179354752847395 ], [ 4.788482727965326, 52.179350259101618 ], [ 4.788479073001902, 52.179350240562101 ], [ 4.788479103160007, 52.17934799368922 ], [ 4.78847544819677, 52.179347975149582 ], [ 4.788475478355052, 52.179345728276701 ], [ 4.788471823392005, 52.179345709736985 ], [ 4.78847185355047, 52.179343462864061 ], [ 4.788464543624751, 52.179343425784282 ], [ 4.78846457378358, 52.1793411789114 ], [ 4.788460918820909, 52.179341160371351 ], [ 4.788460948979922, 52.179338913498412 ], [ 4.788453639054959, 52.179338876417958 ], [ 4.788453669214335, 52.179336629545098 ], [ 4.788446359289754, 52.179336592464146 ], [ 4.788446389449497, 52.179334345591272 ], [ 4.788435424563205, 52.179334289969013 ], [ 4.788435454723493, 52.179332043096188 ], [ 4.788424489837786, 52.179331987472899 ], [ 4.788424519998626, 52.179329740600018 ], [ 4.788417210075205, 52.179329703517297 ], [ 4.788417240236411, 52.179327456644437 ], [ 4.788406275351861, 52.179327401019492 ], [ 4.788406245190105, 52.179329647892366 ], [ 4.788369695573326, 52.179329462468537 ], [ 4.788369665409728, 52.179331709341355 ], [ 4.788358700524209, 52.179331653712005 ], [ 4.78835873068836, 52.179329406839138 ], [ 4.788351420765068, 52.179329369752374 ], [ 4.788351450929585, 52.179327122879492 ], [ 4.788344141006675, 52.179327085792245 ], [ 4.788344201336435, 52.179322592046553 ], [ 4.788340546375353, 52.179322573502731 ], [ 4.788340576540411, 52.179320326629899 ], [ 4.788336921579517, 52.179320308085984 ], [ 4.788336951744757, 52.179318061213138 ], [ 4.78833329678405, 52.179318042669117 ], [ 4.788333326949472, 52.179315795796228 ], [ 4.788329671988953, 52.1793157772521 ], [ 4.788329702154551, 52.179313530379282 ], [ 4.788326047194221, 52.179313511835041 ], [ 4.788326077360002, 52.179311264962188 ], [ 4.788322422399859, 52.179311246417832 ], [ 4.788322452565821, 52.179308999544979 ], [ 4.788311487685963, 52.179308943911245 ], [ 4.788311517852474, 52.179306697038392 ], [ 4.78828958809396, 52.179306585767876 ], [ 4.788289618261572, 52.179304338895001 ], [ 4.788267688504286, 52.17930422762042 ], [ 4.788267718673001, 52.179301980747574 ], [ 4.788264063713648, 52.179301962201464 ], [ 4.788264093882545, 52.179299715328597 ], [ 4.788256783964221, 52.179299678235942 ], [ 4.788256814133478, 52.179297431363068 ], [ 4.788249504215539, 52.179297394269973 ], [ 4.788249534385161, 52.179295147397148 ], [ 4.788242224467602, 52.17929511030357 ], [ 4.788242254637592, 52.179292863430753 ], [ 4.788238599678999, 52.17929284488379 ], [ 4.788238660019336, 52.17928835113814 ], [ 4.788235005061118, 52.179288332591092 ], [ 4.788235065401806, 52.179283838845407 ], [ 4.788231410443959, 52.179283820298224 ], [ 4.788231440614481, 52.179281573425435 ], [ 4.788227785656822, 52.179281554878116 ], [ 4.788227815827529, 52.179279308005306 ], [ 4.788224160870055, 52.179279289457902 ], [ 4.788224191040939, 52.179277042585063 ], [ 4.788220536083656, 52.179277024037539 ], [ 4.788220596425783, 52.179272530291911 ], [ 4.788216941468873, 52.179272511744294 ], [ 4.788216971640115, 52.179270264871462 ], [ 4.78821331668339, 52.179270246323725 ], [ 4.788213346854814, 52.1792679994509 ], [ 4.788209691898277, 52.179267980903063 ], [ 4.788209782413076, 52.179261240284539 ], [ 4.788206127457098, 52.179261221736596 ], [ 4.788206187800647, 52.179256727990932 ], [ 4.788202532845037, 52.179256709442868 ], [ 4.78820262336089, 52.179249968824401 ], [ 4.788198968405836, 52.179249950276194 ], [ 4.788198998577964, 52.179247703403362 ], [ 4.788191688668238, 52.179247666306715 ], [ 4.788191718840729, 52.179245419433876 ], [ 4.788188063886056, 52.179245400885357 ], [ 4.788188094058729, 52.179243154012532 ], [ 4.788184439104244, 52.179243135463906 ], [ 4.788184589968475, 52.179231901099691 ], [ 4.788188244922043, 52.179231919648323 ], [ 4.788188275094694, 52.179229672775506 ], [ 4.788195585001469, 52.179229709872367 ], [ 4.78819561517375, 52.179227462999535 ], [ 4.788210234986605, 52.179227537191963 ], [ 4.78821020481506, 52.179229784064795 ], [ 4.788213859768465, 52.179229802612618 ], [ 4.788213829597102, 52.179232049485435 ], [ 4.788217484550698, 52.17923206803318 ], [ 4.788217454379512, 52.179234314906033 ], [ 4.788221109333296, 52.179234333453628 ], [ 4.788221048991288, 52.179238827199299 ], [ 4.788228358899599, 52.179238864294199 ], [ 4.788228328728956, 52.179241111167023 ], [ 4.788239293592002, 52.179241166808481 ], [ 4.788239263421912, 52.179243413681313 ], [ 4.788246573330992, 52.179243450775047 ], [ 4.788246543161264, 52.179245697647907 ], [ 4.788264817934952, 52.17924579038025 ], [ 4.788264787766142, 52.179248037253082 ], [ 4.788275752630947, 52.179248092891164 ], [ 4.788275722462685, 52.179250339764017 ], [ 4.788290342283211, 52.179250413946491 ], [ 4.788290312115685, 52.179252660819373 ], [ 4.788304931937007, 52.179252735000091 ], [ 4.788304962103797, 52.179250488127217 ], [ 4.78831592696927, 52.179250543761512 ], [ 4.788315957135508, 52.179248296888652 ], [ 4.788319612090486, 52.179248315433206 ], [ 4.788319642256536, 52.17924606856031 ], [ 4.788323297211334, 52.179246087104744 ], [ 4.788323327377197, 52.179243840231877 ], [ 4.788326982331815, 52.179243858776182 ], [ 4.788327012497489, 52.179241611903343 ], [ 4.788330667451927, 52.179241630447514 ], [ 4.788330727782894, 52.179237136701737 ], [ 4.788334382736968, 52.179237155245858 ], [ 4.788334473232841, 52.17923041462722 ], [ 4.788338128186366, 52.179230433171142 ], [ 4.788338188516562, 52.179225939425386 ], [ 4.788341843469723, 52.179225957969244 ], [ 4.78834187363463, 52.179223711096377 ], [ 4.788345528587611, 52.179223729640078 ], [ 4.788345588917049, 52.179219235894301 ], [ 4.788349243869662, 52.179219254437946 ], [ 4.788349274034195, 52.179217007565036 ], [ 4.788352928986628, 52.179217026108518 ], [ 4.788352959150972, 52.179214779235679 ], [ 4.788356614103222, 52.179214797779046 ], [ 4.78835667443153, 52.179210304033248 ], [ 4.788360329383418, 52.179210322576537 ], [ 4.788360359547383, 52.179208075703613 ], [ 4.788367669450802, 52.179208112789823 ], [ 4.788367699614394, 52.179205865916948 ], [ 4.788375009517461, 52.179205903002703 ], [ 4.78837503968068, 52.179203656129786 ], [ 4.788378694632035, 52.1792036746725 ], [ 4.788378754958095, 52.179199180926695 ], [ 4.788382409909087, 52.179199199469302 ], [ 4.788382862351332, 52.179165496375447 ], [ 4.788379207403105, 52.179165477832861 ], [ 4.788379267729045, 52.179160984087012 ], [ 4.788375612781191, 52.179160965544327 ], [ 4.788375642944341, 52.179158718671374 ], [ 4.788371987996672, 52.179158700128596 ], [ 4.788372018160001, 52.179156453255665 ], [ 4.788364708265043, 52.179156416169732 ], [ 4.788364738428739, 52.17915416929678 ], [ 4.788357428534163, 52.179154132210407 ], [ 4.788357458698223, 52.17915188533749 ], [ 4.78834649385694, 52.179151829707052 ], [ 4.788346524021546, 52.179149582834128 ], [ 4.788339214127745, 52.179149545746611 ], [ 4.788339244292716, 52.17914729887368 ], [ 4.788331934399296, 52.179147261785708 ], [ 4.788331964564633, 52.179145014912791 ], [ 4.788324654671595, 52.179144977824357 ], [ 4.788324684837296, 52.179142730951476 ], [ 4.788321029890968, 52.179142712407106 ], [ 4.788321060056851, 52.179140465534154 ], [ 4.788317405110706, 52.17914044698967 ], [ 4.788317435276772, 52.179138200116746 ], [ 4.788313780330817, 52.179138181572171 ], [ 4.788313810497061, 52.179135934699289 ], [ 4.78830650060553, 52.179135897609697 ], [ 4.78830653077214, 52.179133650736809 ], [ 4.78829922088099, 52.179133613646805 ], [ 4.788299251047965, 52.179131366773895 ], [ 4.788291941157199, 52.17913132968345 ], [ 4.788291971324536, 52.179129082810562 ], [ 4.788251766927592, 52.179128878805024 ], [ 4.788251797096957, 52.179126631932114 ], [ 4.788248142151987, 52.17912661338552 ], [ 4.788248172321527, 52.179124366512589 ], [ 4.788237207487186, 52.179124310872005 ], [ 4.788237237657275, 52.179122063999159 ], [ 4.788226272823518, 52.17912200835751 ], [ 4.788226302994159, 52.179119761484642 ], [ 4.788215338160983, 52.179119705842012 ], [ 4.788215368332173, 52.179117458969138 ], [ 4.788200748555394, 52.179117384777442 ], [ 4.788200778727315, 52.179115137904553 ], [ 4.788193468839316, 52.179115100808019 ], [ 4.788193499011602, 52.179112853935102 ], [ 4.788186189123983, 52.179112816838128 ], [ 4.788186219296635, 52.179110569965246 ], [ 4.788171599522176, 52.179110495769912 ], [ 4.788171629695561, 52.179108248897037 ], [ 4.788160664865305, 52.179108193249363 ], [ 4.788160695039237, 52.179105946376481 ], [ 4.788146075266354, 52.179105872177978 ], [ 4.788146105441018, 52.179103625305117 ], [ 4.788131485668927, 52.179103551104838 ], [ 4.788131515844326, 52.179101304231956 ], [ 4.788120551015843, 52.17910124858053 ], [ 4.78812058119179, 52.179099001707677 ], [ 4.78808037682299, 52.179098797643846 ], [ 4.788080407000957, 52.179096550770971 ], [ 4.788076752058544, 52.17909653221902 ], [ 4.788076782236693, 52.17909428534621 ], [ 4.788069472352244, 52.179094248241952 ], [ 4.78806950253076, 52.179092001369114 ], [ 4.788065847588727, 52.17909198281685 ], [ 4.788065877767425, 52.179089735943982 ], [ 4.788062222825576, 52.179089717391605 ], [ 4.788062253004452, 52.179087470518759 ], [ 4.788058598062792, 52.179087451966254 ], [ 4.788058628241849, 52.179085205093386 ], [ 4.788051318358908, 52.179085167988092 ], [ 4.78805134853833, 52.17908292111521 ], [ 4.7880403837145, 52.179082865456337 ], [ 4.788040413894471, 52.179080618583505 ], [ 4.788033104012301, 52.179080581477066 ], [ 4.788033134192639, 52.17907833460422 ], [ 4.788022169369961, 52.179078278943692 ], [ 4.788022199550848, 52.179076032070832 ], [ 4.788011234728757, 52.179075976409266 ], [ 4.788011264910188, 52.179073729536448 ], [ 4.787974715505292, 52.179073543990555 ], [ 4.787974745688566, 52.179071297117773 ], [ 4.787967435807994, 52.179071260007227 ], [ 4.787967496175263, 52.179066766261556 ], [ 4.78796384123535, 52.179066747706116 ], [ 4.787963931786778, 52.179060007087671 ], [ 4.787960276847423, 52.179059988532103 ], [ 4.787960669238973, 52.179030779185268 ], [ 4.787957014302013, 52.17903076062963 ], [ 4.78795707467026, 52.179026266883945 ], [ 4.787953419733673, 52.179026248328192 ], [ 4.787953449917977, 52.179024001455339 ], [ 4.787935175236018, 52.179023908674893 ], [ 4.787935205421237, 52.179021661802089 ], [ 4.787931550485039, 52.179021643245662 ], [ 4.787931580670441, 52.179019396372802 ], [ 4.787927925734428, 52.179019377816296 ], [ 4.787927986105588, 52.179014884070575 ], [ 4.787924331169951, 52.17901486551397 ], [ 4.787924361355707, 52.179012618641124 ], [ 4.787920706420256, 52.179012600084363 ], [ 4.787920736606194, 52.179010353211503 ], [ 4.787917081670934, 52.179010334654677 ], [ 4.787917111857051, 52.17900808778181 ], [ 4.787902492116775, 52.179008013553194 ], [ 4.787902461929917, 52.179010260426047 ], [ 4.787898806994674, 52.179010241868582 ], [ 4.787898746620584, 52.179014735614246 ], [ 4.787895091684975, 52.179014717056681 ], [ 4.787894940748767, 52.179025951420769 ], [ 4.7878985956853, 52.179025969978355 ], [ 4.787898474937008, 52.179034957469653 ], [ 4.787894819999742, 52.179034938912075 ], [ 4.787894729437935, 52.179041679530535 ], [ 4.787891074500116, 52.17904166097285 ], [ 4.787890893375304, 52.17905514220972 ], [ 4.787887238436389, 52.179055123651899 ], [ 4.787886966747274, 52.179075345507137 ], [ 4.787890621687847, 52.179075364064943 ], [ 4.787890591500335, 52.179077610937732 ], [ 4.78790155632263, 52.17907766661051 ], [ 4.78790158650959, 52.179075419737721 ], [ 4.787905241450179, 52.179075438295087 ], [ 4.787905271636952, 52.179073191422276 ], [ 4.787908926577359, 52.179073209979521 ], [ 4.787908956763943, 52.179070963106724 ], [ 4.787930886405358, 52.179071074447791 ], [ 4.787930856219877, 52.179073321320622 ], [ 4.787934511160309, 52.179073339877071 ], [ 4.787934239492485, 52.179093561732358 ], [ 4.78791961972415, 52.179093487505853 ], [ 4.787919649910216, 52.179091240633021 ], [ 4.787908685084551, 52.179091184961941 ], [ 4.787908715271166, 52.17908893808913 ], [ 4.7878940955044, 52.179088863859448 ], [ 4.78789400494234, 52.179095604477837 ], [ 4.787890350000107, 52.179095585920138 ], [ 4.787890289625016, 52.179100079665709 ], [ 4.787886634682415, 52.179100061107874 ], [ 4.787886604494682, 52.179102307980656 ], [ 4.787879294609121, 52.179102270864661 ], [ 4.787879083292298, 52.179117998974128 ], [ 4.787875428348238, 52.17911798041596 ], [ 4.787875398159922, 52.179120227288756 ], [ 4.787871743215678, 52.179120208730431 ], [ 4.787871682838669, 52.179124702476003 ], [ 4.787868027894061, 52.179124683917607 ], [ 4.787867937327967, 52.179131424535896 ], [ 4.787864282382811, 52.179131405977394 ], [ 4.787864252193922, 52.179133652850155 ], [ 4.787860597248584, 52.179133634291553 ], [ 4.787860567059507, 52.179135881164285 ], [ 4.787856912113991, 52.179135862605555 ], [ 4.787856881924724, 52.179138109478302 ], [ 4.787853226979028, 52.179138090919452 ], [ 4.787853166600119, 52.179142584665001 ], [ 4.787849511654057, 52.179142566105966 ], [ 4.787849451274767, 52.179147059851488 ], [ 4.787845796328339, 52.179147041292381 ], [ 4.787845766138504, 52.179149288165121 ], [ 4.787842111191899, 52.179149269605936 ], [ 4.787842020621821, 52.179156010224219 ], [ 4.787838365674663, 52.179155991664871 ], [ 4.787838275104003, 52.179162732283103 ], [ 4.787834620156296, 52.179162713723663 ], [ 4.787834076728358, 52.179203157432994 ], [ 4.787837731679378, 52.179203175992455 ], [ 4.787837610918197, 52.179212163483371 ], [ 4.787841265869957, 52.179212182042733 ], [ 4.787840933778445, 52.179236897642696 ], [ 4.787844588732235, 52.179236916201958 ], [ 4.787844317022338, 52.179257138056414 ], [ 4.787855281888698, 52.179257193733555 ], [ 4.787855342267595, 52.179252699988098 ], [ 4.787858997222688, 52.179252718546934 ], [ 4.7878590576012, 52.179248224801498 ], [ 4.78786271255593, 52.179248243360185 ], [ 4.787862742744997, 52.179245996487445 ], [ 4.787866397699545, 52.179246015046076 ], [ 4.787866458077302, 52.179241521300618 ], [ 4.787870113031481, 52.179241539859063 ], [ 4.787870505484167, 52.179212330513543 ], [ 4.78787416043596, 52.179212349071875 ], [ 4.787874251001327, 52.179205608453628 ], [ 4.787870596050086, 52.179205589895282 ], [ 4.787870656427349, 52.179201096149811 ], [ 4.78786334652562, 52.179201059032792 ], [ 4.78786337671461, 52.179198812160081 ], [ 4.787859721763936, 52.179198793601408 ], [ 4.787859782142282, 52.179194299855908 ], [ 4.787856127191975, 52.17919428129715 ], [ 4.787856217760021, 52.179187540678889 ], [ 4.787859872709774, 52.17918755923769 ], [ 4.787859902898931, 52.17918531236495 ], [ 4.787863557848504, 52.179185330923616 ], [ 4.78786361822644, 52.179180837178087 ], [ 4.787867273175646, 52.179180855736654 ], [ 4.787867333553201, 52.179176361991161 ], [ 4.787870988502042, 52.179176380549599 ], [ 4.787871048879213, 52.179171886804049 ], [ 4.787874703827693, 52.179171905362395 ], [ 4.787874824581255, 52.179162917871381 ], [ 4.787878479529002, 52.179162936429535 ], [ 4.787878509717198, 52.179160689556788 ], [ 4.787882164664762, 52.179160708114864 ], [ 4.787882194852773, 52.179158461242096 ], [ 4.787904124537125, 52.179158572588229 ], [ 4.787904154724029, 52.179156325715482 ], [ 4.787915119565699, 52.179156381386989 ], [ 4.787915089379349, 52.179158628259785 ], [ 4.787918744326766, 52.179158646816738 ], [ 4.787918653768245, 52.179165387435056 ], [ 4.787922308716217, 52.179165405991903 ], [ 4.787922248344224, 52.179169899737431 ], [ 4.787925903292567, 52.179169918294178 ], [ 4.787925842920924, 52.1791744120397 ], [ 4.787929497869638, 52.179174430596319 ], [ 4.78792943749835, 52.179178924341883 ], [ 4.787933092447439, 52.179178942898439 ], [ 4.787933062261974, 52.179181189771199 ], [ 4.787936717211247, 52.179181208327556 ], [ 4.787936687025963, 52.179183455200373 ], [ 4.787943996924888, 52.179183492312823 ], [ 4.787943966739971, 52.179185739185591 ], [ 4.787947621689623, 52.179185757741649 ], [ 4.787947591504885, 52.17918800461441 ], [ 4.787951246454726, 52.179188023170376 ], [ 4.787951216270166, 52.179190270043151 ], [ 4.787954871220194, 52.179190288598967 ], [ 4.787954690113879, 52.179203769835645 ], [ 4.787943725260493, 52.179203714167748 ], [ 4.787943695075543, 52.17920596104053 ], [ 4.787932730221637, 52.179205905371596 ], [ 4.787932700036127, 52.179208152244364 ], [ 4.78792904508465, 52.179208133687851 ], [ 4.787929014898955, 52.179210380560612 ], [ 4.787921704995639, 52.179210343447224 ], [ 4.787921674809572, 52.179212590319985 ], [ 4.787914364905903, 52.179212553206128 ], [ 4.787914334719464, 52.17921480007891 ], [ 4.787910679767447, 52.179214781521821 ], [ 4.787910649580826, 52.179217028394561 ], [ 4.787906994628628, 52.179217009837302 ], [ 4.787906904068178, 52.179223750455598 ], [ 4.787903249115436, 52.179223731898276 ], [ 4.787903188741419, 52.179228225643755 ], [ 4.787899533788308, 52.179228207086297 ], [ 4.787899503601111, 52.179230453959065 ], [ 4.787895848647821, 52.1792304354015 ], [ 4.787895788273045, 52.179234929146944 ], [ 4.787892133319394, 52.179234910589301 ], [ 4.787891952193876, 52.179248391825688 ], [ 4.787895607148632, 52.179248410383344 ], [ 4.787895426024098, 52.179261891619774 ], [ 4.787891771068234, 52.179261873062075 ], [ 4.787891620130102, 52.179273107425686 ], [ 4.787895275086885, 52.1792731259834 ], [ 4.787895244899434, 52.179275372856104 ], [ 4.78790255481338, 52.179275409971162 ], [ 4.787902524626293, 52.17927765684388 ], [ 4.787913489497792, 52.179277712515606 ], [ 4.787913459311254, 52.179279959388339 ], [ 4.787920769225972, 52.17927999650226 ], [ 4.7879207390398, 52.179282243375013 ], [ 4.787931703912456, 52.179282299045042 ], [ 4.787931673726831, 52.179284545917767 ], [ 4.787946293557826, 52.179284620142916 ], [ 4.787946263372935, 52.179286867015627 ], [ 4.787964538162678, 52.179286959794517 ], [ 4.787964507978701, 52.179289206667278 ], [ 4.787975472853143, 52.179289262333263 ], [ 4.787975442669716, 52.179291509206003 ], [ 4.787982752586399, 52.179291546316108 ], [ 4.787982722403335, 52.179293793188805 ], [ 4.787986377361864, 52.179293811743676 ], [ 4.787986347178981, 52.179296058616437 ], [ 4.7879900021377, 52.179296077171209 ], [ 4.787989971954998, 52.179298324043948 ], [ 4.787993626913904, 52.179298342598614 ], [ 4.787993596731383, 52.179300589471332 ], [ 4.788000906649571, 52.179300626580329 ], [ 4.788000876467416, 52.17930287345304 ], [ 4.7880045314267, 52.179302892007364 ], [ 4.788004501244725, 52.179305138880117 ], [ 4.788011811163668, 52.179305175988382 ], [ 4.788011780982061, 52.179307422861193 ], [ 4.788015435941724, 52.179307441415155 ], [ 4.788015405760293, 52.179309688287866 ], [ 4.788022715679998, 52.179309725395498 ], [ 4.788022685498934, 52.179311972268245 ], [ 4.788033650379064, 52.179312027928823 ], [ 4.78803362019855, 52.179314274801598 ], [ 4.788044585079266, 52.179314330461146 ], [ 4.788044554899301, 52.179316577333921 ], [ 4.78805917474104, 52.179316651545065 ], [ 4.788059144561807, 52.179318898417833 ], [ 4.788110314010918, 52.17931915814269 ], [ 4.788110283834261, 52.179321405015479 ], [ 4.788128558638603, 52.179321497768953 ], [ 4.78812852846286, 52.179323744641728 ], [ 4.788139493346058, 52.179323800292487 ], [ 4.788139463170864, 52.179326047165254 ], [ 4.788194287590094, 52.179326325403729 ], [ 4.788194257417661, 52.179328572276546 ], [ 4.788205222302153, 52.179328627921187 ], [ 4.788205192130268, 52.179330874793962 ], [ 4.788208847091957, 52.179330893341969 ], [ 4.788208816920251, 52.179333140214794 ], [ 4.788216126844009, 52.179333177310419 ], [ 4.788216096672668, 52.179335424183208 ], [ 4.788219751634734, 52.179335442730867 ], [ 4.788219721463576, 52.179337689603685 ], [ 4.788230686350351, 52.179337745245967 ], [ 4.788230656179742, 52.17933999211877 ], [ 4.788234311142189, 52.179340010665946 ], [ 4.788234280971762, 52.179342257538785 ], [ 4.788237935934397, 52.179342276085826 ], [ 4.78823790576415, 52.179344522958665 ], [ 4.788241560726974, 52.179344541505671 ], [ 4.788241530556904, 52.179346788378467 ], [ 4.788248840482932, 52.179346825472066 ], [ 4.788248810313229, 52.179349072344898 ], [ 4.788256120239641, 52.179349109438057 ], [ 4.788256090070302, 52.179351356310875 ], [ 4.788267054960496, 52.179351411949774 ], [ 4.788267024791706, 52.179353658822599 ], [ 4.788281644646085, 52.179353733006224 ], [ 4.788281614478027, 52.17935597987902 ], [ 4.788292579369402, 52.179356035515561 ], [ 4.788292549201893, 52.179358282388392 ], [ 4.788340063733935, 52.179358523468281 ], [ 4.788340033568819, 52.17936077034112 ], [ 4.788343688533028, 52.179360788884921 ], [ 4.788343658368092, 52.179363035757795 ], [ 4.78834731333249, 52.179363054301469 ], [ 4.788347253002974, 52.179367548047175 ], [ 4.788350907967743, 52.179367566590727 ], [ 4.788350847638581, 52.179372060336419 ], [ 4.788354502603723, 52.179372078879886 ], [ 4.788354442274915, 52.179376572625578 ], [ 4.788358097240431, 52.179376591168946 ], [ 4.788358067076207, 52.179378838041778 ], [ 4.788361722041908, 52.179378856585053 ], [ 4.788361691877862, 52.179381103457885 ], [ 4.788365346843754, 52.179381122001047 ], [ 4.788365316679887, 52.179383368873886 ], [ 4.788368971645967, 52.179383387416927 ], [ 4.788368941482282, 52.179385634289744 ], [ 4.788376251414819, 52.179385671375499 ], [ 4.788376221251498, 52.179387918248288 ], [ 4.788383531184414, 52.17938795533361 ], [ 4.788383501021459, 52.179390202206427 ], [ 4.788390810954759, 52.17939023929128 ], [ 4.788390780792169, 52.179392486164133 ], [ 4.788409055626396, 52.179392578874214 ], [ 4.788409025464726, 52.179394825747075 ], [ 4.788427300299964, 52.179394918454328 ], [ 4.788427270139206, 52.179397165327217 ], [ 4.78846016484451, 52.179397332193183 ], [ 4.788460134685408, 52.179399579066036 ] ], [ [ 4.787963086638894, 52.179122919526556 ], [ 4.787963116822796, 52.179120672653752 ], [ 4.787926567379687, 52.179120487092916 ], [ 4.787926808865492, 52.179102512110546 ], [ 4.787956048408167, 52.179102660560048 ], [ 4.787956018223928, 52.179104907432844 ], [ 4.787977947882187, 52.179105018765199 ], [ 4.787977917699047, 52.179107265638009 ], [ 4.787988882528774, 52.179107321302666 ], [ 4.787988701433179, 52.1791208025396 ], [ 4.787985046488829, 52.1791207839848 ], [ 4.787985016306031, 52.17912303085761 ], [ 4.787963086638894, 52.179122919526556 ] ] ] } },
{ "type": "Feature", "properties": { "class": "parcel", "raw_confidence": 0.3996, "source_tile_id": "tile-110000-460000", "was_valid": true, "area_m2": 160.89320044817813 }, "geometry": { "type": "Polygon", "coordinates": [ [ [ 4.787488789498894, 52.179329484075375 ], [ 4.787499754382463, 52.17932953978557 ], [ 4.787499814797309, 52.179325046040418 ], [ 4.787503469758142, 52.179325064610282 ], [ 4.787503530172605, 52.179320570865123 ], [ 4.787507185133071, 52.179320589434845 ], [ 4.787507245547157, 52.1793160956897 ], [ 4.787510900507256, 52.179316114259272 ], [ 4.787510930714109, 52.179313867386718 ], [ 4.787514585674026, 52.179313885956198 ], [ 4.787514646087354, 52.179309392211024 ], [ 4.787518301046907, 52.17930941078037 ], [ 4.787518391666319, 52.179302670162649 ], [ 4.787522046625325, 52.179302688731916 ], [ 4.78752213724415, 52.179295948114152 ], [ 4.787525792202608, 52.17929596668327 ], [ 4.787525852614775, 52.179291472938104 ], [ 4.787529507572864, 52.179291491507108 ], [ 4.787529598190535, 52.179284750889337 ], [ 4.787525943232995, 52.179284732320312 ], [ 4.787526003645127, 52.179280238575089 ], [ 4.787522348687962, 52.179280220006007 ], [ 4.787522378894206, 52.179277973133374 ], [ 4.787518723937223, 52.179277954564128 ], [ 4.787518754143651, 52.179275707691545 ], [ 4.787515099186857, 52.179275689122193 ], [ 4.787515129393465, 52.179273442249617 ], [ 4.78750781948026, 52.179273405110528 ], [ 4.787507879894196, 52.179268911365348 ], [ 4.787504224937968, 52.179268892795676 ], [ 4.78750437597367, 52.179257658432661 ], [ 4.787508030928976, 52.179257677002383 ], [ 4.787508061135925, 52.179255430129786 ], [ 4.787511716091053, 52.179255448699344 ], [ 4.787511746297811, 52.179253201826704 ], [ 4.787515401252756, 52.179253220396212 ], [ 4.787515431459327, 52.179250973523573 ], [ 4.787522741368863, 52.179251010662121 ], [ 4.787522771575062, 52.179248763789523 ], [ 4.787526426529652, 52.179248782358648 ], [ 4.787526456735662, 52.179246535486037 ], [ 4.78753011169007, 52.179246554055034 ], [ 4.787530141895895, 52.179244307182408 ], [ 4.787533796850123, 52.179244325751313 ], [ 4.787533827055759, 52.179242078878708 ], [ 4.787552101826032, 52.17924217172142 ], [ 4.78755228305425, 52.179228690485708 ], [ 4.78755593800721, 52.179228709053859 ], [ 4.787556119234197, 52.179215227818077 ], [ 4.787559774186056, 52.179215246386136 ], [ 4.787559804390358, 52.179212999513538 ], [ 4.787563459342034, 52.179213018081469 ], [ 4.787563489546149, 52.179210771208851 ], [ 4.787567144497647, 52.17921078977669 ], [ 4.787567355925056, 52.179195061668217 ], [ 4.787571010875269, 52.179195080235935 ], [ 4.787571041078984, 52.179192833363295 ], [ 4.787574696029019, 52.179192851930914 ], [ 4.787574726232549, 52.179190605058274 ], [ 4.787578381182399, 52.179190623625757 ], [ 4.787578411385741, 52.179188376753096 ], [ 4.787582066335412, 52.179188395320473 ], [ 4.787582096538565, 52.179186148447812 ], [ 4.787585751488056, 52.179186167015125 ], [ 4.787585811893986, 52.179181673269774 ], [ 4.787589466843114, 52.179181691836959 ], [ 4.787589527248661, 52.179177198091587 ], [ 4.787593182197421, 52.17917721665863 ], [ 4.787593242602585, 52.179172722913314 ], [ 4.787596897550983, 52.179172741480272 ], [ 4.787596988158151, 52.179166000862274 ], [ 4.787593333210309, 52.179165982295359 ], [ 4.787593363412878, 52.179163735422662 ], [ 4.787586053517569, 52.179163698288505 ], [ 4.787586083720502, 52.179161451415851 ], [ 4.787582428773036, 52.179161432848588 ], [ 4.78758245897615, 52.179159185975891 ], [ 4.787578804028874, 52.179159167408535 ], [ 4.787578834232166, 52.179156920535888 ], [ 4.787575179285076, 52.179156901968419 ], [ 4.787575209488552, 52.179154655095765 ], [ 4.787564244647857, 52.179154599392625 ], [ 4.787564274851877, 52.179152352519949 ], [ 4.787560619905172, 52.179152333952025 ], [ 4.787560650109376, 52.179150087079378 ], [ 4.787556995162857, 52.179150068511326 ], [ 4.787557055571622, 52.179145574766025 ], [ 4.787542435787051, 52.179145500492716 ], [ 4.787542405581936, 52.179147747365377 ], [ 4.787538750635618, 52.179147728796757 ], [ 4.787538690225006, 52.179152222542079 ], [ 4.787535035278323, 52.179152203973366 ], [ 4.787534974867328, 52.179156697718646 ], [ 4.787531319920283, 52.179156679149834 ], [ 4.787531289714593, 52.179158926022438 ], [ 4.787527634767367, 52.179158907453527 ], [ 4.787527604561492, 52.179161154326145 ], [ 4.787523949614084, 52.179161135757099 ], [ 4.787523919408021, 52.179163382629717 ], [ 4.787520264460432, 52.179163364060571 ], [ 4.78752020404793, 52.179167857805851 ], [ 4.787516549099975, 52.179167839236555 ], [ 4.787516518893534, 52.179170086109195 ], [ 4.787512863945402, 52.179170067539737 ], [ 4.787512833738773, 52.179172314412412 ], [ 4.787509178790456, 52.179172295842889 ], [ 4.787509148583641, 52.179174542715486 ], [ 4.787505493635146, 52.179174524145886 ], [ 4.787505463428142, 52.179176771018497 ], [ 4.787501808479464, 52.179176752448726 ], [ 4.787501778272274, 52.179178999321401 ], [ 4.787498123323417, 52.179178980751502 ], [ 4.787498093116039, 52.179181227624113 ], [ 4.787494438166998, 52.179181209054164 ], [ 4.787494407959432, 52.179183455926776 ], [ 4.787490753010217, 52.179183437356706 ], [ 4.787490722802462, 52.179185684229324 ], [ 4.787483412903667, 52.179185647088765 ], [ 4.78748338269554, 52.179187893961355 ], [ 4.787479727745963, 52.179187875390944 ], [ 4.787479697537651, 52.179190122263556 ], [ 4.787465077738648, 52.179190047980669 ], [ 4.787465258992897, 52.17917656674495 ], [ 4.787461604044261, 52.179176548173984 ], [ 4.787461845717868, 52.179158573193 ], [ 4.787465500665031, 52.179158591764001 ], [ 4.787465651710004, 52.179147357400851 ], [ 4.78746199676376, 52.179147338829864 ], [ 4.787462057182091, 52.179142845084606 ], [ 4.787458402236219, 52.179142826513512 ], [ 4.787458583492236, 52.17912934527773 ], [ 4.787454928547472, 52.179129326706509 ], [ 4.787454958756982, 52.179127079833897 ], [ 4.78744764886783, 52.179127042691135 ], [ 4.787447679077705, 52.179124795818538 ], [ 4.787440369188938, 52.179124758675329 ], [ 4.787440399399175, 52.179122511802674 ], [ 4.787425779622418, 52.17912243751497 ], [ 4.787425749411446, 52.179124684387602 ], [ 4.787422094467081, 52.17912466581538 ], [ 4.787422064255918, 52.17912691268797 ], [ 4.787418409311374, 52.179126894115662 ], [ 4.787418379100023, 52.179129140988273 ], [ 4.7874147241553, 52.179129122415823 ], [ 4.787414693943764, 52.179131369288456 ], [ 4.787411038998857, 52.179131350715892 ], [ 4.787410948363673, 52.179138091333733 ], [ 4.787407293418218, 52.179138072761106 ], [ 4.787407232994375, 52.179142566506293 ], [ 4.787403578048558, 52.179142547933516 ], [ 4.787403517624333, 52.179147041678725 ], [ 4.787399862678148, 52.179147023105834 ], [ 4.787399802253542, 52.179151516851036 ], [ 4.787396147306993, 52.17915149827801 ], [ 4.787396026457, 52.179160485768413 ], [ 4.787392371509719, 52.179160467195253 ], [ 4.787392280871634, 52.179167207813094 ], [ 4.787388625923803, 52.179167189239799 ], [ 4.787388384220624, 52.17918516422057 ], [ 4.787384729271323, 52.179185145647196 ], [ 4.78738460841891, 52.179194133137543 ], [ 4.787380953468876, 52.179194114564034 ], [ 4.78738086282898, 52.179200855181762 ], [ 4.787377207878396, 52.17920083660816 ], [ 4.787377177664906, 52.179203083480708 ], [ 4.787373522714143, 52.179203064907 ], [ 4.787373462286783, 52.179207558652131 ], [ 4.787369807335654, 52.179207540078288 ], [ 4.787369746907914, 52.179212033823461 ], [ 4.787366091956422, 52.17921201524949 ], [ 4.787366031528296, 52.179216508994607 ], [ 4.787362376576441, 52.179216490420572 ], [ 4.787362285933676, 52.179223231038236 ], [ 4.787358630981269, 52.179223212464052 ], [ 4.78735854033792, 52.179229953081752 ], [ 4.787362195290878, 52.179229971655971 ], [ 4.787362134862331, 52.179234465401102 ], [ 4.787365789815661, 52.179234483975115 ], [ 4.787365729387466, 52.179238977720296 ], [ 4.78736938434117, 52.179238996294281 ], [ 4.787369354127249, 52.179241243166842 ], [ 4.787383973942831, 52.17924131746161 ], [ 4.787384004156012, 52.179239070589041 ], [ 4.787391314063456, 52.179239107735732 ], [ 4.787391374489073, 52.179234613990616 ], [ 4.78739502944243, 52.179234632563762 ], [ 4.787395059655048, 52.179232385691222 ], [ 4.787402369561407, 52.179232422837273 ], [ 4.787402399773655, 52.179230175964662 ], [ 4.787413364632666, 52.17923023168288 ], [ 4.787413394844359, 52.179227984810311 ], [ 4.787420704750015, 52.179228021955161 ], [ 4.787420734961334, 52.179225775082578 ], [ 4.787424389913986, 52.179225793654837 ], [ 4.787424420125117, 52.179223546782261 ], [ 4.787428075077586, 52.179223565354413 ], [ 4.787428135499472, 52.179219071609218 ], [ 4.787431790451576, 52.179219090181256 ], [ 4.787431820662329, 52.17921684330868 ], [ 4.787435475614255, 52.179216861880626 ], [ 4.78743553603538, 52.179212368135452 ], [ 4.787446500890066, 52.179212423850501 ], [ 4.787446531100075, 52.179210176977946 ], [ 4.787461150905637, 52.179210251263108 ], [ 4.787460848812785, 52.179232719989116 ], [ 4.787457193859549, 52.17923270141798 ], [ 4.787456982393054, 52.179248429526098 ], [ 4.787453327438532, 52.179248410954862 ], [ 4.787453297228833, 52.179250657827446 ], [ 4.787449642274132, 52.179250639256061 ], [ 4.787449581854356, 52.17925513300127 ], [ 4.787445926899289, 52.179255114429736 ], [ 4.787445896689213, 52.179257361302327 ], [ 4.787442241733964, 52.179257342730708 ], [ 4.787442151103162, 52.17926408334845 ], [ 4.787438496147365, 52.179264064776703 ], [ 4.787438345095039, 52.179275299139576 ], [ 4.787434690138324, 52.179275280567722 ], [ 4.787434388031567, 52.179297749293383 ], [ 4.787438042990121, 52.179297767865251 ], [ 4.787438012779611, 52.179300014737834 ], [ 4.787441667738353, 52.179300033309524 ], [ 4.787441637528024, 52.179302280182121 ], [ 4.787459912322717, 52.179302373039157 ], [ 4.787459942532127, 52.179300126166574 ], [ 4.787478217325987, 52.179300219020774 ], [ 4.787478187117495, 52.179302465893365 ], [ 4.787481842076462, 52.179302484463875 ], [ 4.787481721243209, 52.179311471954158 ], [ 4.787478066283505, 52.17931145338364 ], [ 4.787478036074998, 52.179313700256216 ], [ 4.787474381115116, 52.179313681685578 ], [ 4.787474260280316, 52.179322669175868 ], [ 4.787477915240938, 52.179322687746478 ], [ 4.787477885032414, 52.179324934619075 ], [ 4.787481539993222, 52.179324953189564 ], [ 4.787481509784874, 52.179327200062119 ], [ 4.787488819706871, 52.17932723720282 ], [ 4.787488789498894, 52.179329484075375 ] ] ] } },
{ "type": "Feature", "properties": { "class": "parcel", "raw_confidence": 0.3994, "source_tile_id": "tile-110000-460000", "was_valid": true, "area_m2": 27.679882008884153 }, "geometry": { "type": "Polygon", "coordinates": [ [ [ 4.787734819338064, 52.179245346865699 ], [ 4.78774943915578, 52.179245421115198 ], [ 4.787749680713859, 52.179227446133687 ], [ 4.787753335666827, 52.179227464695742 ], [ 4.787753426250497, 52.179220724077673 ], [ 4.787757081202915, 52.179220742639636 ], [ 4.787757171786001, 52.179214002021546 ], [ 4.787753516834135, 52.179213983459597 ], [ 4.787753698001318, 52.179200502223367 ], [ 4.787757352952076, 52.179200520785329 ], [ 4.787757443535069, 52.179193780167182 ], [ 4.78775378858486, 52.179193761605234 ], [ 4.787753848973873, 52.179189267859847 ], [ 4.787750194024038, 52.179189249297757 ], [ 4.787750254413403, 52.179184755552342 ], [ 4.787746599463941, 52.179184736990173 ], [ 4.787746629658804, 52.179182490117469 ], [ 4.787742974709527, 52.179182471555187 ], [ 4.787743035099608, 52.179177977809751 ], [ 4.787739380150701, 52.179177959247355 ], [ 4.787739410345925, 52.179175712374636 ], [ 4.787735755397208, 52.179175693812127 ], [ 4.787735785592607, 52.179173446939423 ], [ 4.787732130644081, 52.179173428376821 ], [ 4.787732160839662, 52.179171181504088 ], [ 4.787728505891319, 52.179171162941365 ], [ 4.787728536087082, 52.17916891606864 ], [ 4.78771757124263, 52.179168860379789 ], [ 4.787717601438942, 52.179166613507057 ], [ 4.787713946490983, 52.179166594943872 ], [ 4.787714067276926, 52.179157607453043 ], [ 4.787706757382492, 52.179157570326389 ], [ 4.787706787579338, 52.179155323453664 ], [ 4.787699477685285, 52.179155286326484 ], [ 4.787699507882496, 52.17915303945383 ], [ 4.787695852935658, 52.17915302089007 ], [ 4.787695883133051, 52.179150774017359 ], [ 4.787688573239757, 52.179150736889532 ], [ 4.78768860343751, 52.179148490016843 ], [ 4.787659363865947, 52.179148341501062 ], [ 4.787659273268251, 52.179155082119138 ], [ 4.787662928215237, 52.179155100683978 ], [ 4.787662898016183, 52.179157347556682 ], [ 4.787670207910532, 52.179157384686093 ], [ 4.787670177711841, 52.179159631558782 ], [ 4.787673832659206, 52.179159650123331 ], [ 4.787673802460699, 52.179161896996028 ], [ 4.787677457408248, 52.179161915560449 ], [ 4.787677397011588, 52.179166409305822 ], [ 4.78768470690744, 52.179166446434358 ], [ 4.787684676709471, 52.179168693307055 ], [ 4.787688331657585, 52.179168711871128 ], [ 4.7876883014598, 52.17917095874386 ], [ 4.787691956408101, 52.179170977307813 ], [ 4.787691896012885, 52.179175471053185 ], [ 4.78769555096156, 52.17917548961708 ], [ 4.787695430171822, 52.179184477107846 ], [ 4.787699085121237, 52.179184495671599 ], [ 4.787699024726714, 52.179188989416978 ], [ 4.787702679676502, 52.179189007980618 ], [ 4.787702528691058, 52.179200242344088 ], [ 4.787706183641768, 52.179200260907649 ], [ 4.787706153444851, 52.179202507780332 ], [ 4.787709808395748, 52.179202526343765 ], [ 4.787709748002277, 52.17920702008913 ], [ 4.787713402953545, 52.17920703865245 ], [ 4.787713342560428, 52.179211532397808 ], [ 4.787716997512068, 52.179211550961035 ], [ 4.787716967315689, 52.179213797833704 ], [ 4.787720622267518, 52.179213816396818 ], [ 4.787720561875115, 52.179218310142176 ], [ 4.787724216827314, 52.179218328705169 ], [ 4.787724096043205, 52.179227316195934 ], [ 4.787727750996144, 52.179227334758792 ], [ 4.787727660408576, 52.179234075376847 ], [ 4.787731315362073, 52.179234093939606 ], [ 4.787731224775026, 52.179240834557682 ], [ 4.787734879729079, 52.179240853120319 ], [ 4.787734819338064, 52.179245346865699 ] ] ] } },
{ "type": "Feature", "properties": { "class": "parcel", "raw_confidence": 0.3985, "source_tile_id": "tile-110000-460000", "was_valid": true, "area_m2": 22.618784600262938 }, "geometry": { "type": "Polygon", "coordinates": [ [ [ 4.788606387078812, 52.179123936671459 ], [ 4.788621006858617, 52.179124010812934 ], [ 4.788621097310869, 52.179117270193842 ], [ 4.788617442366463, 52.179117251658624 ], [ 4.788617894630003, 52.179083548563163 ], [ 4.788621549571649, 52.179083567098331 ], [ 4.788621609873025, 52.179079073352298 ], [ 4.788625264814304, 52.179079091887303 ], [ 4.788625355265792, 52.179072351268204 ], [ 4.788629010206519, 52.179072369803102 ], [ 4.788629100657423, 52.179065629183974 ], [ 4.788632755597605, 52.179065647718829 ], [ 4.788632815897822, 52.179061153972704 ], [ 4.788636470837637, 52.179061172507396 ], [ 4.788636500987557, 52.179058925634351 ], [ 4.788640155927191, 52.179058944169 ], [ 4.78864036697524, 52.179043216057558 ], [ 4.788633057098552, 52.179043178988245 ], [ 4.788633087248626, 52.179040932115207 ], [ 4.78861481255789, 52.179040839439985 ], [ 4.788614782406893, 52.179043086313072 ], [ 4.788603817591941, 52.17904303070658 ], [ 4.788603787440388, 52.179045277579633 ], [ 4.788596477563402, 52.179045240508053 ], [ 4.788596447411478, 52.179047487381112 ], [ 4.788592792472809, 52.179047468845155 ], [ 4.788592762320696, 52.179049715718229 ], [ 4.788589107381844, 52.179049697182158 ], [ 4.788589077229544, 52.179051944055182 ], [ 4.788585422290512, 52.179051925519012 ], [ 4.788585000155382, 52.179083381741478 ], [ 4.788588655096993, 52.179083400277698 ], [ 4.788588474182832, 52.179096881515839 ], [ 4.788584819240118, 52.179096862979634 ], [ 4.788584698629871, 52.179105850471721 ], [ 4.788588353573323, 52.179105869007948 ], [ 4.788588293268546, 52.179110362753981 ], [ 4.788591948212369, 52.17911038129008 ], [ 4.788591918060161, 52.179112628163089 ], [ 4.788595573004173, 52.179112646699075 ], [ 4.78859551270011, 52.179117140445094 ], [ 4.788599167644496, 52.179117158980986 ], [ 4.788599137492644, 52.179119405854003 ], [ 4.788602792437215, 52.179119424389761 ], [ 4.788602762285543, 52.179121671262799 ], [ 4.788606417230303, 52.179121689798457 ], [ 4.788606387078812, 52.179123936671459 ] ] ] } },
{ "type": "Feature", "properties": { "class": "parcel", "raw_confidence": 0.4002, "source_tile_id": "tile-110000-460000", "was_valid": true, "area_m2": 442.44082727107366 }, "geometry": { "type": "Polygon", "coordinates": [ [ [ 4.788314775815049, 52.179064034765418 ], [ 4.788325740634697, 52.179064090398761 ], [ 4.788325770800275, 52.179061843525858 ], [ 4.788336735619402, 52.179061899158164 ], [ 4.788336765784421, 52.179059652285197 ], [ 4.788340420723954, 52.179059670829076 ], [ 4.788340450888786, 52.179057423956145 ], [ 4.788347760767493, 52.179057461043534 ], [ 4.788347821096413, 52.179052967297601 ], [ 4.788351476035402, 52.17905298584116 ], [ 4.788351506199674, 52.179050738968222 ], [ 4.788355161138484, 52.179050757511625 ], [ 4.788355281794792, 52.179041770019751 ], [ 4.78835893673287, 52.179041788563069 ], [ 4.788359087552259, 52.179030554198171 ], [ 4.78836274248942, 52.179030572741425 ], [ 4.78836313461703, 52.179001363392629 ], [ 4.788359479682263, 52.179001344849461 ], [ 4.788359509846087, 52.178999097976487 ], [ 4.788355854911507, 52.178999079433247 ], [ 4.788355915239508, 52.178994585687221 ], [ 4.788352260305303, 52.178994567143867 ], [ 4.788352290469482, 52.178992320270844 ], [ 4.788348635535465, 52.178992301727334 ], [ 4.788348665699826, 52.178990054854374 ], [ 4.788345010765995, 52.178990036310758 ], [ 4.788345191753186, 52.17897655507285 ], [ 4.788352501618644, 52.178976592159962 ], [ 4.788352531782795, 52.178974345286939 ], [ 4.788367151513012, 52.178974419459777 ], [ 4.788367181676424, 52.178972172586811 ], [ 4.788370836608804, 52.178972191129702 ], [ 4.788370866772027, 52.178969944256721 ], [ 4.788378176636425, 52.178969981342235 ], [ 4.788378206799277, 52.178967734469225 ], [ 4.788381861731301, 52.178967753011811 ], [ 4.788381891893962, 52.178965506138802 ], [ 4.788385546825805, 52.178965524681281 ], [ 4.78838557698828, 52.178963277808265 ], [ 4.788389231919939, 52.178963296350631 ], [ 4.788389292244516, 52.178958802604633 ], [ 4.78839294717581, 52.178958821146843 ], [ 4.788392977337907, 52.178956574273812 ], [ 4.788396632269023, 52.178956592815915 ], [ 4.788396662430935, 52.178954345942962 ], [ 4.788400317361865, 52.178954364484952 ], [ 4.78840043800874, 52.178945376992907 ], [ 4.788396783078539, 52.178945358450846 ], [ 4.788396813240435, 52.178943111577844 ], [ 4.78838950338042, 52.178943074493496 ], [ 4.788389533542677, 52.178940827620501 ], [ 4.78837125889362, 52.178940734907627 ], [ 4.788371289056796, 52.178938488034603 ], [ 4.788353014408746, 52.178938395318937 ], [ 4.788353044572839, 52.178936148445914 ], [ 4.788342079784604, 52.178936092815157 ], [ 4.788342109949244, 52.178933845942147 ], [ 4.788338455020025, 52.178933827398382 ], [ 4.788338485184846, 52.178931580525351 ], [ 4.788331175326784, 52.178931543437422 ], [ 4.788331205491969, 52.178929296564363 ], [ 4.78832389563429, 52.178929259475964 ], [ 4.788323925799843, 52.178927012602976 ], [ 4.7883129610139, 52.178926956969484 ], [ 4.788312991179999, 52.178924710096517 ], [ 4.788294716537754, 52.178924617371848 ], [ 4.788294746704771, 52.178922370498796 ], [ 4.788283781920019, 52.178922314862639 ], [ 4.788283812087586, 52.178920067989637 ], [ 4.788276502231468, 52.178920030898304 ], [ 4.7882765323994, 52.178917784025323 ], [ 4.788269222543667, 52.178917746933507 ], [ 4.788269252711962, 52.178915500060526 ], [ 4.78826194285661, 52.178915462968298 ], [ 4.788261973025272, 52.178913216095317 ], [ 4.788251008242821, 52.178913160456091 ], [ 4.788251038412032, 52.178910913583103 ], [ 4.788240073630167, 52.178910857942903 ], [ 4.788240103799923, 52.178908611069879 ], [ 4.788236448872828, 52.178908592522909 ], [ 4.788236479042765, 52.178906345649928 ], [ 4.788218204408254, 52.178906252913428 ], [ 4.788218234579109, 52.178904006040426 ], [ 4.788210924725697, 52.178903968945058 ], [ 4.788210954896917, 52.178901722072062 ], [ 4.7882072999704, 52.178901703524197 ], [ 4.788207330141803, 52.178899456651223 ], [ 4.788200020289148, 52.178899419555137 ], [ 4.788200050460912, 52.178897172682149 ], [ 4.788189085682508, 52.178897117037188 ], [ 4.788189115854825, 52.178894870164243 ], [ 4.788185460928881, 52.178894851615702 ], [ 4.788185491101376, 52.1788926047427 ], [ 4.788174526324121, 52.178892549096403 ], [ 4.788174556497163, 52.178890302223422 ], [ 4.788170901571602, 52.178890283674448 ], [ 4.788170931744827, 52.17888803680146 ], [ 4.788163621894085, 52.178887999703136 ], [ 4.788163652067674, 52.178885752830176 ], [ 4.788156342217313, 52.178885715731383 ], [ 4.788156372391268, 52.178883468858437 ], [ 4.78814906254129, 52.178883431759218 ], [ 4.788149092715607, 52.178881184886265 ], [ 4.788145437790808, 52.178881166336446 ], [ 4.788145467965307, 52.178878919463486 ], [ 4.788134503191481, 52.178878863813473 ], [ 4.788134533366531, 52.178876616940514 ], [ 4.788123568593286, 52.178876561289492 ], [ 4.788123598768883, 52.178874314416497 ], [ 4.78811628892044, 52.178874277315273 ], [ 4.788116319096404, 52.178872030442292 ], [ 4.788098044476278, 52.178871937687184 ], [ 4.788098074653155, 52.17886969081421 ], [ 4.788072490186418, 52.178869560952322 ], [ 4.788072520364579, 52.178867314079376 ], [ 4.788065210517339, 52.178867276974934 ], [ 4.788065240695873, 52.178865030101996 ], [ 4.788057930849014, 52.178864992997141 ], [ 4.788057961027906, 52.17886274612421 ], [ 4.788050651181432, 52.178862709018887 ], [ 4.788050681360693, 52.178860462145892 ], [ 4.788039716591556, 52.178860406487125 ], [ 4.788039686411745, 52.178862653360063 ], [ 4.788032376565305, 52.17886261625361 ], [ 4.788032346385119, 52.17886486312652 ], [ 4.788017726691545, 52.178864788912243 ], [ 4.788017696510622, 52.17886703578521 ], [ 4.788010386663486, 52.178866998677385 ], [ 4.788010356482191, 52.178869245550281 ], [ 4.788006701558444, 52.178869226996198 ], [ 4.788006641195476, 52.178873720742018 ], [ 4.788002986271364, 52.178873702187836 ], [ 4.788002956089691, 52.178875949060775 ], [ 4.787999301165399, 52.178875930506436 ], [ 4.787999150256057, 52.178887164871014 ], [ 4.788002805181268, 52.17888718342531 ], [ 4.788002744817875, 52.178891677171151 ], [ 4.788006399743461, 52.178891695725355 ], [ 4.788006309198897, 52.178898436344078 ], [ 4.788009964125035, 52.178898454898189 ], [ 4.788009722674186, 52.178916429881411 ], [ 4.787954898760356, 52.178916151557956 ], [ 4.787954928944486, 52.178913904685075 ], [ 4.787947619089737, 52.178913867573371 ], [ 4.787947649274234, 52.178911620700489 ], [ 4.787943994347049, 52.178911602144424 ], [ 4.787944024531726, 52.178909355271578 ], [ 4.787940369604726, 52.178909336715421 ], [ 4.787940460159284, 52.17890259609679 ], [ 4.787936805232841, 52.178902577540519 ], [ 4.787936865602899, 52.178898083794756 ], [ 4.787925900824699, 52.178898028125346 ], [ 4.787925931010276, 52.1788957812525 ], [ 4.787904001455074, 52.178895669910595 ], [ 4.787903971268392, 52.178897916783463 ], [ 4.787900316342355, 52.178897898226083 ], [ 4.787900165407981, 52.178909132590398 ], [ 4.787896510481026, 52.178909114032912 ], [ 4.787896450106881, 52.178913607778661 ], [ 4.787892795179564, 52.178913589221068 ], [ 4.787892764992302, 52.1789158360939 ], [ 4.7878891100648, 52.178915817536186 ], [ 4.78788889875259, 52.178931545646194 ], [ 4.787892553681381, 52.178931564203943 ], [ 4.78789252349409, 52.178933811076767 ], [ 4.787896178423067, 52.178933829634403 ], [ 4.787896118048851, 52.178938323380123 ], [ 4.787899772978198, 52.178938341937645 ], [ 4.787899712604333, 52.178942835683351 ], [ 4.787903367534055, 52.178942854240759 ], [ 4.787903307160544, 52.178947347986458 ], [ 4.787906962090636, 52.17894736654376 ], [ 4.787906901717479, 52.178951860289459 ], [ 4.787910556647945, 52.178951878846632 ], [ 4.787910466088734, 52.178958619465192 ], [ 4.787914121019756, 52.178958638022259 ], [ 4.78791409083353, 52.178960884895147 ], [ 4.787917745764737, 52.178960903452086 ], [ 4.787917685392642, 52.178965397197786 ], [ 4.787921340324223, 52.178965415754639 ], [ 4.787921310138356, 52.178967662627521 ], [ 4.787924965070122, 52.17896768118424 ], [ 4.787924934884435, 52.1789699280571 ], [ 4.78792858981639, 52.178969946613712 ], [ 4.787928559630884, 52.178972193486565 ], [ 4.787932214563027, 52.178972212043085 ], [ 4.787932184377702, 52.178974458915903 ], [ 4.787943149174702, 52.178974514584766 ], [ 4.787943118989926, 52.178976761457655 ], [ 4.787950428854978, 52.178976798569636 ], [ 4.787950398670567, 52.178979045442482 ], [ 4.787954053603282, 52.178979063998327 ], [ 4.78795402341905, 52.178981310871237 ], [ 4.787957678351952, 52.178981329426939 ], [ 4.787957648167901, 52.178983576299764 ], [ 4.787972267900288, 52.178983650521573 ], [ 4.787972237716971, 52.178985897394412 ], [ 4.787983202516849, 52.178985953059588 ], [ 4.787983172334079, 52.178988199932462 ], [ 4.787994137134543, 52.178988255596558 ], [ 4.787994106952321, 52.178990502469425 ], [ 4.787997761886001, 52.178990521023891 ], [ 4.787997731703961, 52.178992767896752 ], [ 4.788034281042783, 52.178992953435433 ], [ 4.78803431122298, 52.178990706562523 ], [ 4.788048930957872, 52.178990780774832 ], [ 4.78804896113733, 52.178988533901943 ], [ 4.788067235805102, 52.178988626664726 ], [ 4.788067205626563, 52.1789908735376 ], [ 4.788081825361578, 52.178990947745802 ], [ 4.788081795183775, 52.178993194618712 ], [ 4.788089105051673, 52.178993231722146 ], [ 4.788089074874232, 52.178995478595027 ], [ 4.788092729808369, 52.178995497146559 ], [ 4.788092669453847, 52.178999990892365 ], [ 4.788096324388357, 52.17900000944379 ], [ 4.78809626403419, 52.179004503189603 ], [ 4.788099918969069, 52.179004521740907 ], [ 4.788099858615254, 52.179009015486713 ], [ 4.788103513550509, 52.179009034037939 ], [ 4.788103423020313, 52.179015774656627 ], [ 4.788107077956123, 52.179015793207704 ], [ 4.788106987426445, 52.179022533826384 ], [ 4.788110642362811, 52.179022552377376 ], [ 4.788110551833659, 52.179029292996042 ], [ 4.78811420677058, 52.179029311546962 ], [ 4.788114146418163, 52.179033805292732 ], [ 4.788117801355453, 52.179033823843483 ], [ 4.788117771179424, 52.179036070716371 ], [ 4.788121426116906, 52.179036089267058 ], [ 4.788121395941055, 52.179038336139932 ], [ 4.788125050878723, 52.179038354690505 ], [ 4.788125020703055, 52.179040601563379 ], [ 4.78812867564091, 52.179040620113824 ], [ 4.78812864546542, 52.179042866986713 ], [ 4.78813595534151, 52.179042904087233 ], [ 4.788135925166387, 52.17904515096015 ], [ 4.788143235042861, 52.179045188060208 ], [ 4.788143204868099, 52.179047434933111 ], [ 4.788146859806528, 52.179047453482987 ], [ 4.788146799457365, 52.1790519472288 ], [ 4.788260102561708, 52.179052522218804 ], [ 4.788260072392831, 52.179054769091714 ], [ 4.788271037210112, 52.17905482473013 ], [ 4.788271007041784, 52.179057071603076 ], [ 4.788278316920357, 52.179057108694813 ], [ 4.788278286752392, 52.17905935556773 ], [ 4.788292906510315, 52.179059429749827 ], [ 4.788292876343085, 52.179061676622773 ], [ 4.788314805981181, 52.179061787892486 ], [ 4.788314775815049, 52.179064034765418 ] ] ] } },
{ "type": "Feature", "properties": { "class": "parcel", "raw_confidence": 0.4002, "source_tile_id": "tile-110000-460000", "was_valid": true, "area_m2": 93.849207481594831 }, "geometry": { "type": "Polygon", "coordinates": [ [ [ 4.788499844886123, 52.178891952630757 ], [ 4.788547358922783, 52.178892193626432 ], [ 4.788547389077044, 52.178889946753337 ], [ 4.788551044002781, 52.178889965290672 ], [ 4.788551074156854, 52.178887718417563 ], [ 4.78855838400797, 52.178887755491914 ], [ 4.788558414161671, 52.178885508618791 ], [ 4.788562069087052, 52.178885527155828 ], [ 4.788562129394073, 52.178881033409596 ], [ 4.788565784319089, 52.178881051946462 ], [ 4.788565965238969, 52.178867570707887 ], [ 4.788562310315059, 52.178867552170978 ], [ 4.788562370622024, 52.178863058424795 ], [ 4.788558715698486, 52.178863039887823 ], [ 4.788558776005807, 52.178858546141569 ], [ 4.78855512108264, 52.178858527604469 ], [ 4.788555271851803, 52.17884729323896 ], [ 4.788558926774048, 52.17884731177606 ], [ 4.788559017234951, 52.178840571156705 ], [ 4.788562672156649, 52.178840589693685 ], [ 4.788562702310093, 52.178838342820534 ], [ 4.788570012153126, 52.17883837989416 ], [ 4.788570042306201, 52.178836133021072 ], [ 4.788573697227537, 52.178836151557661 ], [ 4.788573727380422, 52.178833904684517 ], [ 4.788581037222743, 52.178833941757453 ], [ 4.788581067375254, 52.178831694884316 ], [ 4.788584722296235, 52.1788317134206 ], [ 4.788584752448561, 52.178829466547477 ], [ 4.788588407369364, 52.178829485083661 ], [ 4.7885884375215, 52.178827238210516 ], [ 4.788592092442119, 52.17882725674658 ], [ 4.788592243201829, 52.178816022380936 ], [ 4.788595898121533, 52.178816040916871 ], [ 4.788595958425023, 52.178811547170568 ], [ 4.788599613344362, 52.178811565706383 ], [ 4.788599643495922, 52.178809318833238 ], [ 4.788603298415079, 52.178809337368975 ], [ 4.788603419020531, 52.178800349876376 ], [ 4.78859976410211, 52.178800331340717 ], [ 4.788599794253651, 52.178798084467545 ], [ 4.788596139335415, 52.178798065931744 ], [ 4.788596169487136, 52.1787958190586 ], [ 4.788592514569087, 52.178795800522671 ], [ 4.788592544720989, 52.178793553649541 ], [ 4.788588889803131, 52.178793535113485 ], [ 4.788588919955211, 52.178791288240362 ], [ 4.788577955202209, 52.178791232631553 ], [ 4.788577985354837, 52.178788985758416 ], [ 4.78856702060242, 52.178788930148592 ], [ 4.788567050755599, 52.178786683275462 ], [ 4.788563395838319, 52.178786664738638 ], [ 4.788563425991675, 52.178784417865501 ], [ 4.788556116157492, 52.178784380791527 ], [ 4.788556146311216, 52.178782133918347 ], [ 4.788537871726735, 52.178782041231422 ], [ 4.788537841572093, 52.178784288104531 ], [ 4.788534186655021, 52.178784269566833 ], [ 4.78853415650019, 52.178786516439963 ], [ 4.788526846665691, 52.178786479364135 ], [ 4.788526816510489, 52.178788726237272 ], [ 4.788523161593063, 52.178788707699177 ], [ 4.788523131437669, 52.178790954572335 ], [ 4.788515821602457, 52.178790917495824 ], [ 4.788515791446692, 52.17879316436894 ], [ 4.788493861940037, 52.178793053136779 ], [ 4.788493831783164, 52.178795300009881 ], [ 4.788486521947271, 52.178795262931565 ], [ 4.788486491790028, 52.178797509804632 ], [ 4.788482836871902, 52.178797491265328 ], [ 4.788482806714475, 52.178799738138451 ], [ 4.788479151796168, 52.178799719599006 ], [ 4.788479091480925, 52.178804213345195 ], [ 4.788475436562255, 52.17880419480565 ], [ 4.788475225457515, 52.178819922917342 ], [ 4.788478880377474, 52.178819941456922 ], [ 4.788478820062169, 52.17882443520309 ], [ 4.788482474982502, 52.178824453742557 ], [ 4.788482263880119, 52.178840181854184 ], [ 4.788453024507254, 52.178840033535359 ], [ 4.788452994348283, 52.178842280408425 ], [ 4.788434719739439, 52.17884218770547 ], [ 4.788434749899329, 52.178839940832368 ], [ 4.788431094977756, 52.178839922291445 ], [ 4.788431125137826, 52.178837675418393 ], [ 4.78842747021644, 52.178837656877334 ], [ 4.788427500376691, 52.178835410004297 ], [ 4.78840191592837, 52.178835280213832 ], [ 4.788401885766825, 52.178837527086856 ], [ 4.78839457592411, 52.178837490002842 ], [ 4.788394545762199, 52.178839736875922 ], [ 4.788390890840666, 52.178839718333755 ], [ 4.78839080035435, 52.178846458952911 ], [ 4.788394455276439, 52.1788464774951 ], [ 4.788394425114514, 52.178848724368144 ], [ 4.788398080036788, 52.178848742910226 ], [ 4.788398049875042, 52.178850989783278 ], [ 4.788416324487398, 52.178851082491924 ], [ 4.788416354648223, 52.178848835618858 ], [ 4.788434629259744, 52.178848928324662 ], [ 4.788434478460185, 52.17886016269 ], [ 4.788430823536951, 52.178860144149034 ], [ 4.788430612416133, 52.178875872260498 ], [ 4.788434267340655, 52.178875890801443 ], [ 4.788434237180708, 52.178878137674495 ], [ 4.788437892105415, 52.17887815621534 ], [ 4.788437861945647, 52.178880403088407 ], [ 4.788445171795445, 52.178880440169763 ], [ 4.788445141636041, 52.178882687042787 ], [ 4.788456106411315, 52.178882742663973 ], [ 4.78845607625246, 52.178884989537011 ], [ 4.788474350878906, 52.178885082236725 ], [ 4.78847432072097, 52.17888732910977 ], [ 4.788488940422924, 52.178887403267503 ], [ 4.78848891026572, 52.178889650140526 ], [ 4.788499875042777, 52.178889705757683 ], [ 4.788499844886123, 52.178891952630757 ] ] ] } },
{ "type": "Feature", "properties": { "class": "parcel", "raw_confidence": 0.3987, "source_tile_id": "tile-110000-460000", "was_valid": true, "area_m2": 27.429963087939527 }, "geometry": { "type": "Polygon", "coordinates": [ [ [ 4.788630601398252, 52.178681395344775 ], [ 4.78865253085045, 52.178681506551477 ], [ 4.788652560999223, 52.178679259678262 ], [ 4.788663525724817, 52.178679315280078 ], [ 4.788663555873037, 52.178677068406849 ], [ 4.788670865689747, 52.178677105474208 ], [ 4.788670895837597, 52.178674858600949 ], [ 4.788678205653956, 52.178674895667804 ], [ 4.78867823580143, 52.178672648794588 ], [ 4.788681890709431, 52.178672667327859 ], [ 4.788681920856719, 52.178670420454651 ], [ 4.78868557576454, 52.178670438987794 ], [ 4.788685816941251, 52.178652464001949 ], [ 4.788682162034906, 52.178652445468813 ], [ 4.788682192182162, 52.178650198595598 ], [ 4.788678537276003, 52.178650180062384 ], [ 4.788678597570875, 52.178645686315903 ], [ 4.788674942665089, 52.178645667782561 ], [ 4.788674972812704, 52.178643420909296 ], [ 4.788638423756868, 52.178643235569574 ], [ 4.788638453906322, 52.178640988696344 ], [ 4.788623834284825, 52.178640914557256 ], [ 4.788623864435009, 52.178638667684034 ], [ 4.788609244814302, 52.178638593543198 ], [ 4.788609214663381, 52.178640840416378 ], [ 4.788601904852681, 52.178640803345246 ], [ 4.788601874701386, 52.178643050218461 ], [ 4.788598219795856, 52.178643031682761 ], [ 4.788598189644376, 52.178645278555962 ], [ 4.78857260530448, 52.178645148802673 ], [ 4.788572635457248, 52.178642901929472 ], [ 4.788561670740758, 52.178642846319221 ], [ 4.788561610434109, 52.178647340065567 ], [ 4.788557955528248, 52.178647321528565 ], [ 4.788557865067697, 52.178654062148162 ], [ 4.788561519974108, 52.178654080685142 ], [ 4.788561489820766, 52.178656327558322 ], [ 4.788565144727366, 52.17865634609521 ], [ 4.788565114574207, 52.178658592968404 ], [ 4.788583389108173, 52.178658685651065 ], [ 4.788583358955932, 52.178660932524267 ], [ 4.788587013862919, 52.178660951060451 ], [ 4.788586983710861, 52.178663197933659 ], [ 4.788590638618032, 52.178663216469729 ], [ 4.788590608466153, 52.178665463342895 ], [ 4.788594263373516, 52.178665481878888 ], [ 4.788594233221816, 52.178667728752075 ], [ 4.788601543036919, 52.178667765823675 ], [ 4.788601512885582, 52.178670012696855 ], [ 4.788608822701073, 52.17867004976803 ], [ 4.788608792550099, 52.178672296641196 ], [ 4.788612447458034, 52.178672315176627 ], [ 4.788612387156449, 52.178676808923008 ], [ 4.788623351881374, 52.178676864528605 ], [ 4.788623321731128, 52.178679111401784 ], [ 4.788630631548133, 52.178679148471559 ], [ 4.788630601398252, 52.178681395344775 ] ] ] } },
{ "type": "Feature", "properties": { "class": "parcel", "raw_confidence": 0.4031, "source_tile_id": "tile-110000-460000", "was_valid": true, "area_m2": 90.35058664704826 }, "geometry": { "type": "Polygon", "coordinates": [ [ [ 4.797472539103635, 52.165401032634755 ], [ 4.79748350057995, 52.165401087412278 ], [ 4.797483530272291, 52.165398840530955 ], [ 4.797494491748085, 52.165398895307455 ], [ 4.797494521439868, 52.165396648426125 ], [ 4.797498175264955, 52.165396666684714 ], [ 4.797498204956551, 52.165394419803434 ], [ 4.79750185878146, 52.165394438061909 ], [ 4.797501888472868, 52.165392191180615 ], [ 4.797505542297595, 52.16539220943897 ], [ 4.797505601680035, 52.165387715676374 ], [ 4.797509255504397, 52.165387733934637 ], [ 4.797509344577481, 52.165380993290718 ], [ 4.797512998401293, 52.165381011548874 ], [ 4.797513087473794, 52.165374270904941 ], [ 4.797516741297059, 52.165374289162955 ], [ 4.797516770987702, 52.16537204228166 ], [ 4.797520424810783, 52.165372060539539 ], [ 4.797520484191694, 52.165367566776936 ], [ 4.797524138014412, 52.165367585034701 ], [ 4.797524227085194, 52.165360844390783 ], [ 4.797527880907364, 52.165360862648456 ], [ 4.797527969977564, 52.165354122004516 ], [ 4.797531623799186, 52.165354140262039 ], [ 4.797531653489061, 52.165351893380688 ], [ 4.797535307310505, 52.16535191163814 ], [ 4.797535366689876, 52.165347417875502 ], [ 4.797539020510952, 52.165347436132798 ], [ 4.797539079889944, 52.16534294237016 ], [ 4.797542733710658, 52.165342960627342 ], [ 4.797542763399965, 52.165340713746069 ], [ 4.797546417220496, 52.165340732003102 ], [ 4.797546446909614, 52.165338485121808 ], [ 4.797550100729967, 52.165338503378791 ], [ 4.797550130418897, 52.165336256497461 ], [ 4.797553784239069, 52.165336274754289 ], [ 4.797553813927813, 52.165334027872944 ], [ 4.797557467747803, 52.165334046129722 ], [ 4.797557497436359, 52.165331799248342 ], [ 4.797561151256169, 52.16533181750502 ], [ 4.797561180944538, 52.165329570623683 ], [ 4.797564834764171, 52.165329588880212 ], [ 4.797564894140528, 52.165325095117531 ], [ 4.797568547959795, 52.165325113373903 ], [ 4.797568726087686, 52.165311632085853 ], [ 4.797572379905851, 52.165311650342112 ], [ 4.797572498656974, 52.165302662816721 ], [ 4.797576152474405, 52.165302681072859 ], [ 4.797576389975017, 52.165284706021964 ], [ 4.79758004379098, 52.165284724278045 ], [ 4.797580132853101, 52.165277983633942 ], [ 4.797583786668516, 52.165278001889838 ], [ 4.797583905417223, 52.165269014364391 ], [ 4.797587559231905, 52.165269032620188 ], [ 4.797587618605872, 52.165264538857457 ], [ 4.797591272420188, 52.165264557113161 ], [ 4.797591331793774, 52.165260063350416 ], [ 4.797594985607729, 52.165260081605979 ], [ 4.797595074667525, 52.16525334096184 ], [ 4.797598728480931, 52.165253359217282 ], [ 4.797598787853744, 52.165248865454529 ], [ 4.797602441666784, 52.1652488837099 ], [ 4.797602501039217, 52.165244389947091 ], [ 4.797606154851893, 52.165244408202362 ], [ 4.797606184537918, 52.165242161320933 ], [ 4.797609838350414, 52.165242179576076 ], [ 4.797609897722088, 52.165237685813274 ], [ 4.797613551534218, 52.165237704068275 ], [ 4.797613610905513, 52.165233210305495 ], [ 4.797617264717279, 52.165233228560361 ], [ 4.797617324088192, 52.165228734797601 ], [ 4.797620977899591, 52.165228753052354 ], [ 4.797621037270122, 52.165224259289566 ], [ 4.797624691081158, 52.165224277544191 ], [ 4.797624809821441, 52.165215290018622 ], [ 4.797628463631745, 52.165215308273119 ], [ 4.797628582371237, 52.165206320747487 ], [ 4.79763223618081, 52.165206339001905 ], [ 4.797632325234841, 52.165199598357688 ], [ 4.797635979043861, 52.165199616611936 ], [ 4.797636038412832, 52.165195122849127 ], [ 4.797639692221489, 52.165195141103332 ], [ 4.797639781274364, 52.16518840045903 ], [ 4.797643435082474, 52.165188418713129 ], [ 4.797643731923328, 52.165165949898885 ], [ 4.797640078117059, 52.165165931644822 ], [ 4.797640137485553, 52.165161437881963 ], [ 4.797629176067874, 52.165161383119113 ], [ 4.79762914638307, 52.165163630000542 ], [ 4.797625492577001, 52.165163611746031 ], [ 4.797625433207024, 52.165168105508862 ], [ 4.797621779400584, 52.165168087254244 ], [ 4.797621749715409, 52.165170334135674 ], [ 4.797618095908793, 52.165170315880943 ], [ 4.797618066223428, 52.165172562762351 ], [ 4.797614412416628, 52.165172544507513 ], [ 4.797614353045521, 52.165177038270343 ], [ 4.797610699238361, 52.165177020015378 ], [ 4.797610669552616, 52.165179266896786 ], [ 4.797607015745272, 52.165179248641699 ], [ 4.79760695637341, 52.165183742404515 ], [ 4.797603302565701, 52.165183724149315 ], [ 4.797603272879581, 52.165185971030745 ], [ 4.79759961907169, 52.165185952775431 ], [ 4.797599589385383, 52.165188199656839 ], [ 4.797588627961189, 52.165188144890251 ], [ 4.797588598274324, 52.165190391771617 ], [ 4.797584944466081, 52.165190373515856 ], [ 4.797584914779029, 52.165192620397271 ], [ 4.797581260970609, 52.165192602141374 ], [ 4.797581231283369, 52.165194849022782 ], [ 4.797577577474767, 52.165194830766779 ], [ 4.797577518099907, 52.165199324529603 ], [ 4.797573864290942, 52.165199306273472 ], [ 4.797573804915703, 52.165203800036252 ], [ 4.79757015110637, 52.165203781780036 ], [ 4.79757009173075, 52.165208275542795 ], [ 4.797566437921052, 52.165208257286473 ], [ 4.797566378545053, 52.165212751049246 ], [ 4.797562724734989, 52.165212732792739 ], [ 4.797562487229373, 52.16523070784384 ], [ 4.797558833417843, 52.165230689587254 ], [ 4.797558774041036, 52.165235183350021 ], [ 4.797555120229141, 52.165235165093286 ], [ 4.797555001474747, 52.165244152618826 ], [ 4.797551347662123, 52.165244134361998 ], [ 4.797551228906939, 52.165253121887488 ], [ 4.797547575093581, 52.165253103630555 ], [ 4.797547486026605, 52.16525984427463 ], [ 4.797551139840516, 52.165259862531549 ], [ 4.797550991396411, 52.165271096938397 ], [ 4.79754733758158, 52.165271078681421 ], [ 4.797547218825497, 52.165280066206861 ], [ 4.797543565009932, 52.165280047949814 ], [ 4.797543505631502, 52.165284541712523 ], [ 4.797539851815573, 52.165284523455334 ], [ 4.797539792436762, 52.165289017218022 ], [ 4.797536138620469, 52.165288998960747 ], [ 4.797536019862069, 52.165297986486138 ], [ 4.797532366045044, 52.165297968228714 ], [ 4.797532306665452, 52.165302461991395 ], [ 4.797528652848063, 52.165302443733879 ], [ 4.797528623158078, 52.165304690615223 ], [ 4.797524969340508, 52.165304672357621 ], [ 4.797524909960162, 52.165309166120252 ], [ 4.797521256142225, 52.165309147862502 ], [ 4.797521196761496, 52.165313641625154 ], [ 4.7975175429432, 52.165313623367332 ], [ 4.797517513252645, 52.165315870248641 ], [ 4.797513859434164, 52.165315851990641 ], [ 4.797513829743425, 52.165318098871964 ], [ 4.797510175924764, 52.165318080613851 ], [ 4.797510146233834, 52.165320327495174 ], [ 4.797506492414993, 52.165320309237011 ], [ 4.797506462723877, 52.165322556118355 ], [ 4.797502808904855, 52.165322537859993 ], [ 4.797502779213552, 52.165324784741308 ], [ 4.797499125394351, 52.165324766482904 ], [ 4.797499066011365, 52.165329260245521 ], [ 4.797495412191799, 52.165329241986974 ], [ 4.797495382500117, 52.165331488868262 ], [ 4.797491728680369, 52.165331470609601 ], [ 4.797491669296629, 52.165335964372225 ], [ 4.797488015476516, 52.16533594611343 ], [ 4.797487985784458, 52.165338192994753 ], [ 4.797484331964165, 52.165338174735858 ], [ 4.797484272579668, 52.165342668498482 ], [ 4.797480618759011, 52.165342650239452 ], [ 4.797480559374129, 52.165347144002105 ], [ 4.79747690555311, 52.165347125742976 ], [ 4.797476846167847, 52.165351619505557 ], [ 4.797473192346461, 52.165351601246329 ], [ 4.797473132960818, 52.165356095008889 ], [ 4.797469479139068, 52.165356076749561 ], [ 4.797469419753043, 52.165360570512171 ], [ 4.797465765930925, 52.1653605522527 ], [ 4.797465736237728, 52.165362799134002 ], [ 4.797462082415429, 52.165362780874389 ], [ 4.79746205272204, 52.165365027755698 ], [ 4.797458398899563, 52.165365009495979 ], [ 4.797458280125237, 52.165373997021121 ], [ 4.797454626302029, 52.16537397876133 ], [ 4.797454477833123, 52.165385213167738 ], [ 4.797458131657256, 52.165385231427578 ], [ 4.797458012882805, 52.165394218952684 ], [ 4.797461666707672, 52.165394237212425 ], [ 4.797461637014238, 52.165396484093748 ], [ 4.797468944664351, 52.16539652061283 ], [ 4.797468914971282, 52.165398767494089 ], [ 4.797472568796528, 52.165398785753524 ], [ 4.797472539103635, 52.165401032634755 ] ] ] } },
{ "type": "Feature", "properties": { "class": "parcel", "raw_confidence": 0.4014, "source_tile_id": "tile-110000-460000", "was_valid": true, "area_m2": 51.736314986836383 }, "geometry": { "type": "Polygon", "coordinates": [ [ [ 4.810032353549191, 52.180877717380383 ], [ 4.810046973949515, 52.180877788868173 ], [ 4.810047003022265, 52.18087554198884 ], [ 4.810050658122174, 52.180875559860539 ], [ 4.810050687194736, 52.18087331298117 ], [ 4.810054342294463, 52.18087333085272 ], [ 4.810054371366838, 52.1808710839734 ], [ 4.810058026466383, 52.180871101844829 ], [ 4.810058055538571, 52.180868854965482 ], [ 4.810065365737302, 52.180868890708048 ], [ 4.810065394809118, 52.180866643828679 ], [ 4.810069049908305, 52.180866661699774 ], [ 4.81006910805156, 52.180862167941065 ], [ 4.810072763150383, 52.180862185812053 ], [ 4.810072792221822, 52.18085993893272 ], [ 4.810076447320464, 52.180859956803594 ], [ 4.810076505462961, 52.1808554630449 ], [ 4.810080160561236, 52.180855480915618 ], [ 4.810080247774406, 52.180848740277533 ], [ 4.810083902872135, 52.180848758148194 ], [ 4.810083961013862, 52.180844264389478 ], [ 4.810087616111224, 52.180844282259997 ], [ 4.810087674252571, 52.180839788501288 ], [ 4.810091329349569, 52.180839806371672 ], [ 4.81009141656101, 52.180833065733573 ], [ 4.810095071657456, 52.180833083603851 ], [ 4.810095100727747, 52.180830836724496 ], [ 4.810098755824015, 52.180830854594639 ], [ 4.810098784894115, 52.180828607715313 ], [ 4.810102439990203, 52.180828625585342 ], [ 4.810102556269841, 52.180819638067838 ], [ 4.810106211365197, 52.180819655937775 ], [ 4.810106298574335, 52.180812915299612 ], [ 4.810109953669142, 52.180812933169456 ], [ 4.810110128086228, 52.180799451893094 ], [ 4.810113783179929, 52.180799469762881 ], [ 4.810114015734384, 52.180781494727704 ], [ 4.810110360642152, 52.180781476857966 ], [ 4.810110476920038, 52.180772489340349 ], [ 4.810106821828549, 52.180772471470547 ], [ 4.810106850898195, 52.180770224591178 ], [ 4.810103195806893, 52.180770206721235 ], [ 4.810103224876719, 52.180767959841837 ], [ 4.810084949421181, 52.180767870490541 ], [ 4.810084920350432, 52.180770117369946 ], [ 4.810077610167875, 52.18077008162863 ], [ 4.810077581096755, 52.180772328508013 ], [ 4.810073926005296, 52.180772310637181 ], [ 4.810073896933988, 52.180774557516585 ], [ 4.810066586750714, 52.180774521774588 ], [ 4.810066557679034, 52.180776768653963 ], [ 4.810062902587216, 52.18077675078279 ], [ 4.81006287351535, 52.180778997662181 ], [ 4.810059218423353, 52.180778979790908 ], [ 4.810059189351299, 52.180781226670305 ], [ 4.810055534259121, 52.180781208798891 ], [ 4.81005550518688, 52.180783455678281 ], [ 4.81005185009452, 52.180783437806738 ], [ 4.810051821022093, 52.180785684686121 ], [ 4.810048165929549, 52.180785666814501 ], [ 4.810048136856935, 52.180787913693898 ], [ 4.810044481764214, 52.180787895822135 ], [ 4.81004433640016, 52.180799130218979 ], [ 4.810040681306523, 52.180799112347152 ], [ 4.81004062316051, 52.180803606105876 ], [ 4.810036968066504, 52.180803588233879 ], [ 4.810036909920111, 52.180808081992652 ], [ 4.810033254825743, 52.180808064120527 ], [ 4.810033167605574, 52.180814804758604 ], [ 4.810029512510655, 52.180814786886437 ], [ 4.810029454363491, 52.180819280645125 ], [ 4.810025799268208, 52.180819262772815 ], [ 4.810025712046884, 52.180826003410878 ], [ 4.810022056951049, 52.180825985538455 ], [ 4.810021969729142, 52.180832726176483 ], [ 4.810018314632763, 52.180832708303939 ], [ 4.8100181983361, 52.180841695821307 ], [ 4.810014543238989, 52.180841677948628 ], [ 4.810014485090269, 52.180846171707337 ], [ 4.810010829992789, 52.180846153834544 ], [ 4.810010684620011, 52.180857388231225 ], [ 4.810014339718413, 52.180857406104032 ], [ 4.810014281569646, 52.180861899862698 ], [ 4.810017936668416, 52.180861917735356 ], [ 4.810017878520002, 52.18086641149403 ], [ 4.810021533619146, 52.180866429366624 ], [ 4.81002150454512, 52.180868676245971 ], [ 4.810025159644448, 52.180868694118459 ], [ 4.810025130570602, 52.180870940997764 ], [ 4.810028785670122, 52.180870958870116 ], [ 4.810028727522785, 52.180875452628769 ], [ 4.810032382622675, 52.180875470501 ], [ 4.810032353549191, 52.180877717380383 ] ] ] } },
{ "type": "Feature", "properties": { "class": "parcel", "raw_confidence": 0.3996, "source_tile_id": "tile-110000-460000", "was_valid": true, "area_m2": 1111.3967561783443 }, "geometry": { "type": "Polygon", "coordinates": [ [ [ 4.81576684560804, 52.174656650330157 ], [ 4.815788773167503, 52.174656756491181 ], [ 4.815788801945723, 52.174654509607556 ], [ 4.815796111131868, 52.174654544993665 ], [ 4.81579613990972, 52.174652298110054 ], [ 4.815807103688409, 52.174652351188385 ], [ 4.815807132465705, 52.174650104304739 ], [ 4.815810787058424, 52.174650121997274 ], [ 4.81581081583553, 52.174647875113664 ], [ 4.81581812502061, 52.174647910498393 ], [ 4.815818153797346, 52.174645663614783 ], [ 4.815829117574443, 52.174645716691025 ], [ 4.815829146350619, 52.174643469807428 ], [ 4.815847419311591, 52.174643558265537 ], [ 4.815847448086849, 52.174641311381933 ], [ 4.81585475727089, 52.174641346764361 ], [ 4.815854786045774, 52.174639099880764 ], [ 4.815865749821312, 52.174639152953574 ], [ 4.815865778595641, 52.174636906069964 ], [ 4.815876742370655, 52.174636959141786 ], [ 4.81587677114443, 52.174634712258147 ], [ 4.815880425735927, 52.174634729948522 ], [ 4.815880454509513, 52.174632483064869 ], [ 4.815887763692142, 52.174632518445328 ], [ 4.815887792465356, 52.174630271561654 ], [ 4.815909720012225, 52.174630377700197 ], [ 4.815909691240114, 52.174632624583808 ], [ 4.815924309605496, 52.174632695340584 ], [ 4.81592436714824, 52.174628201573292 ], [ 4.815928021739228, 52.174628219262196 ], [ 4.815928108052765, 52.174621478611201 ], [ 4.815931762643198, 52.174621496299963 ], [ 4.815931791414187, 52.17461924941631 ], [ 4.815935446004443, 52.174619267105008 ], [ 4.815935474775245, 52.174617020221341 ], [ 4.81593912936532, 52.174617037909904 ], [ 4.815939158135933, 52.174614791026229 ], [ 4.815942812725827, 52.174614808714644 ], [ 4.815942841496255, 52.174612561830997 ], [ 4.815946496085966, 52.174612579519312 ], [ 4.815946524856207, 52.174610332635666 ], [ 4.815950179445737, 52.174610350323888 ], [ 4.815950208215791, 52.174608103440228 ], [ 4.815964826573219, 52.174608174191938 ], [ 4.81596485534253, 52.174605927308249 ], [ 4.815972164520898, 52.174605962683444 ], [ 4.815972193289837, 52.174603715799741 ], [ 4.815975847878842, 52.174603733487189 ], [ 4.815975905416343, 52.174599239719797 ], [ 4.815979560004984, 52.174599257407117 ], [ 4.815979588773543, 52.174597010523414 ], [ 4.815983243362002, 52.174597028210613 ], [ 4.815983329667115, 52.174590287559568 ], [ 4.815986984255025, 52.17459030524661 ], [ 4.815987070559555, 52.174583564595558 ], [ 4.815983415972197, 52.174583546908451 ], [ 4.815983531045598, 52.174574559373674 ], [ 4.815979876458979, 52.174574541686482 ], [ 4.815979905227505, 52.174572294802807 ], [ 4.815976250641072, 52.174572277115516 ], [ 4.815976279409779, 52.17457003023177 ], [ 4.815972624823536, 52.1745700125444 ], [ 4.815972682361306, 52.17456551877703 ], [ 4.815969027775436, 52.174565501089525 ], [ 4.815969056544501, 52.174563254205786 ], [ 4.815947129030449, 52.174563148078363 ], [ 4.815947157800613, 52.174560901194631 ], [ 4.815943503215133, 52.174560883506352 ], [ 4.815943531985478, 52.174558636622663 ], [ 4.815939877400187, 52.174558618934249 ], [ 4.815939906170715, 52.174556372050574 ], [ 4.81593625158561, 52.174556354362018 ], [ 4.815936280356316, 52.174554107478372 ], [ 4.8159326257714, 52.174554089789716 ], [ 4.815932654542287, 52.17455184290602 ], [ 4.815928999957555, 52.174551825217264 ], [ 4.815929057499692, 52.174547331449908 ], [ 4.815925402915332, 52.174547313761032 ], [ 4.81592554677153, 52.17453607934258 ], [ 4.815929201354969, 52.174536097031414 ], [ 4.815929258897058, 52.174531603264036 ], [ 4.815969459311045, 52.174531797833964 ], [ 4.815969488080061, 52.17452955095024 ], [ 4.815973142662985, 52.174529568637745 ], [ 4.815973171431813, 52.174527321754049 ], [ 4.815980480597306, 52.174527357128682 ], [ 4.815980538134214, 52.174522863361268 ], [ 4.815984192716596, 52.174522881048382 ], [ 4.81598427902138, 52.174516140397259 ], [ 4.815987933603215, 52.174516158084288 ], [ 4.815987991139352, 52.174511664316839 ], [ 4.815991645720823, 52.174511682003754 ], [ 4.815991703256574, 52.174507188236284 ], [ 4.81599535783768, 52.174507205923106 ], [ 4.81599538660537, 52.174504959039382 ], [ 4.815999041186293, 52.174504976726105 ], [ 4.815999069953795, 52.174502729842359 ], [ 4.81600272453454, 52.174502747528933 ], [ 4.816002753301853, 52.174500500645188 ], [ 4.816006407882416, 52.174500518331669 ], [ 4.816006436649542, 52.174498271447902 ], [ 4.816010091229924, 52.174498289134277 ], [ 4.816010119996863, 52.174496042250489 ], [ 4.816013774577062, 52.174496059936736 ], [ 4.816013803343815, 52.174493813053033 ], [ 4.816017457923835, 52.174493830739159 ], [ 4.8160174866904, 52.174491583855385 ], [ 4.816024795850083, 52.174491619227297 ], [ 4.816024824616275, 52.174489372343579 ], [ 4.816028479195936, 52.17448939002935 ], [ 4.816028507961941, 52.174487143145569 ], [ 4.816032162541424, 52.174487160831291 ], [ 4.816032191307243, 52.174484913947474 ], [ 4.816035845886542, 52.174484931633067 ], [ 4.816035960949044, 52.174475944098027 ], [ 4.816032306370478, 52.174475926412491 ], [ 4.81603236390208, 52.174471432645007 ], [ 4.816028709323885, 52.174471414959378 ], [ 4.81602879562181, 52.174464674308105 ], [ 4.816025141044173, 52.174464656622312 ], [ 4.816025198576477, 52.174460162854814 ], [ 4.816017889421949, 52.174460127482973 ], [ 4.816017918188462, 52.174457880599206 ], [ 4.816014263611389, 52.174457862913108 ], [ 4.81601429237808, 52.174455616029327 ], [ 4.816010637801194, 52.174455598343137 ], [ 4.81601072410181, 52.174448857691871 ], [ 4.816007069525479, 52.174448840005539 ], [ 4.816007213360692, 52.174437605586789 ], [ 4.816036449964082, 52.174437747074144 ], [ 4.816036478729641, 52.174435500190356 ], [ 4.816043787880152, 52.174435535561059 ], [ 4.816043816645339, 52.174433288677314 ], [ 4.816051125795498, 52.174433324047556 ], [ 4.816051154560316, 52.174431077163774 ], [ 4.816073082009764, 52.1744311832718 ], [ 4.816073110773471, 52.174428936388011 ], [ 4.816076765348204, 52.17442895407229 ], [ 4.816076794111729, 52.174426707188495 ], [ 4.816084103260841, 52.174426742556712 ], [ 4.816084132023992, 52.174424495672923 ], [ 4.816095095747133, 52.174424548724382 ], [ 4.816095182034906, 52.174417808072995 ], [ 4.816065945444348, 52.174417666600206 ], [ 4.816065916680288, 52.174419913484009 ], [ 4.816054952958329, 52.174419860429836 ], [ 4.816054981722945, 52.174417613546076 ], [ 4.816051327149148, 52.174417595861101 ], [ 4.816051355913943, 52.17441534897732 ], [ 4.816047701340335, 52.17441533129228 ], [ 4.816047730105312, 52.174413084408492 ], [ 4.816044075531889, 52.174413066723325 ], [ 4.816044104297045, 52.17441081983953 ], [ 4.816040449723812, 52.174410802154249 ], [ 4.816040478489148, 52.174408555270475 ], [ 4.816036823916102, 52.174408537585052 ], [ 4.81603685268162, 52.174406290701299 ], [ 4.816033198108761, 52.174406273015791 ], [ 4.816033255640155, 52.174401779248235 ], [ 4.816029601067669, 52.174401761562606 ], [ 4.816029629833543, 52.174399514678832 ], [ 4.816025975261244, 52.174399496993125 ], [ 4.816026090325447, 52.174390509457986 ], [ 4.816022435753888, 52.174390491772137 ], [ 4.816022493286339, 52.174385998004581 ], [ 4.816018838715152, 52.174385980318618 ], [ 4.816018867481555, 52.174383733434858 ], [ 4.816015212910555, 52.174383715748782 ], [ 4.816015558109352, 52.174356753143343 ], [ 4.816011903540563, 52.174356735457181 ], [ 4.816012018607458, 52.174347747922013 ], [ 4.816015673175508, 52.174347765608147 ], [ 4.816015701942041, 52.174345518724351 ], [ 4.816023011077785, 52.174345554096334 ], [ 4.816023039843946, 52.174343307212538 ], [ 4.816034003547035, 52.174343360269624 ], [ 4.816034032312642, 52.17434111338585 ], [ 4.816041341447681, 52.174341148756668 ], [ 4.816041370212912, 52.174338901872851 ], [ 4.816048679347603, 52.174338937243256 ], [ 4.816048708112462, 52.174336690359432 ], [ 4.816056017246795, 52.174336725729354 ], [ 4.816056046011286, 52.174334478845537 ], [ 4.816063355145262, 52.174334514214991 ], [ 4.816063412673494, 52.174330020447378 ], [ 4.81606706724012, 52.174330038131927 ], [ 4.816067297351447, 52.174312063061386 ], [ 4.816070951916602, 52.174312080745807 ], [ 4.816070980680319, 52.174309833861955 ], [ 4.816074635245295, 52.174309851546305 ], [ 4.816074721535872, 52.174303110894797 ], [ 4.816071066971448, 52.174303093210476 ], [ 4.816071124498853, 52.174298599442821 ], [ 4.8160674699348, 52.174298581758393 ], [ 4.816067527462558, 52.174294087990717 ], [ 4.816063872898879, 52.174294070306189 ], [ 4.816063901662938, 52.174291823422365 ], [ 4.816060247099445, 52.174291805737695 ], [ 4.81606030462792, 52.174287311970012 ], [ 4.816056650064796, 52.174287294285222 ], [ 4.816056937708814, 52.174264825446897 ], [ 4.816053283147535, 52.174264807762015 ], [ 4.816053311912101, 52.174262560878169 ], [ 4.816049657351011, 52.174262543193173 ], [ 4.81604968611576, 52.174260296309363 ], [ 4.816042376993958, 52.17426026093905 ], [ 4.816042405759072, 52.174258014055191 ], [ 4.816035096637651, 52.174257978684459 ], [ 4.81603512540313, 52.174255731800621 ], [ 4.816027816282091, 52.174255696429427 ], [ 4.816027845047935, 52.174253449545624 ], [ 4.816009572246316, 52.174253361115625 ], [ 4.816009601013077, 52.174251114231765 ], [ 4.816005946452946, 52.174251096545426 ], [ 4.816005975219887, 52.174248849661645 ], [ 4.815995011540069, 52.174248796601958 ], [ 4.815995040307562, 52.17424654971812 ], [ 4.815987731188068, 52.17424651434446 ], [ 4.815987759955923, 52.174244267460601 ], [ 4.815984105396367, 52.174244249773601 ], [ 4.8159841341644, 52.174242002889777 ], [ 4.815980479605032, 52.17424198520267 ], [ 4.815980508373248, 52.174239738318839 ], [ 4.815973199254885, 52.174239702944284 ], [ 4.815973228023467, 52.174237456060418 ], [ 4.815969573464476, 52.174237438372984 ], [ 4.815969688539498, 52.174228450837674 ], [ 4.815966033981248, 52.174228433150091 ], [ 4.815966091519107, 52.174223939382436 ], [ 4.815955127845479, 52.174223886319083 ], [ 4.815955156614955, 52.174221639435238 ], [ 4.815951502057269, 52.174221621747236 ], [ 4.815951530826929, 52.17421937486337 ], [ 4.815947876269428, 52.174219357175275 ], [ 4.815947933809102, 52.174214863407627 ], [ 4.815944279251975, 52.174214845719362 ], [ 4.815944308021991, 52.174212598835553 ], [ 4.815940653465051, 52.174212581147167 ], [ 4.815940682235249, 52.174210334263371 ], [ 4.81592606400826, 52.174210263508847 ], [ 4.815926092779188, 52.174208016625002 ], [ 4.815915129109535, 52.174207963557926 ], [ 4.815915100338052, 52.174210210441771 ], [ 4.815911445781322, 52.17421019275249 ], [ 4.815911417009656, 52.174212439636314 ], [ 4.815907762452747, 52.174212421946947 ], [ 4.815907733680888, 52.174214668830757 ], [ 4.815885806338398, 52.174214562692143 ], [ 4.81588577756543, 52.174216809575974 ], [ 4.815878468450925, 52.1742167741955 ], [ 4.815878439677589, 52.174219021079331 ], [ 4.815849203218226, 52.174218879553017 ], [ 4.815849174443418, 52.174221126436805 ], [ 4.815841865328242, 52.1742210910541 ], [ 4.815841836553055, 52.174223337937882 ], [ 4.815838181995289, 52.174223320246391 ], [ 4.815838153219919, 52.174225567130151 ], [ 4.81583449866197, 52.174225549438511 ], [ 4.815834441110849, 52.174230043206087 ], [ 4.81583078655254, 52.174230025514305 ], [ 4.815830757776792, 52.174232272398129 ], [ 4.815827103218296, 52.174232254706247 ], [ 4.815827045666419, 52.174236748473803 ], [ 4.815823391107561, 52.174236730781772 ], [ 4.81582324722689, 52.174247965200692 ], [ 4.815819592667115, 52.174247947508576 ], [ 4.815819535114453, 52.174252441276138 ], [ 4.815812225994177, 52.174252405891565 ], [ 4.81581205333391, 52.174265887194167 ], [ 4.815808398772671, 52.174265869501745 ], [ 4.815808312441939, 52.174272610153004 ], [ 4.815815621565522, 52.174272645537812 ], [ 4.815815592788973, 52.174274892421536 ], [ 4.815819247350952, 52.174274910113766 ], [ 4.815819218574585, 52.174277156997547 ], [ 4.815822873136754, 52.174277174689678 ], [ 4.815822815584372, 52.174281668457184 ], [ 4.815826470146912, 52.174281686149207 ], [ 4.815826441370902, 52.174283933032967 ], [ 4.815830095933629, 52.174283950724849 ], [ 4.815830067157799, 52.174286197608609 ], [ 4.815833721720712, 52.174286215300391 ], [ 4.815833692945065, 52.174288462184187 ], [ 4.815837347508166, 52.174288479875848 ], [ 4.815837318732703, 52.174290726759622 ], [ 4.81584462785928, 52.174290762142597 ], [ 4.815844599084178, 52.174293009026378 ], [ 4.81585190821114, 52.17429304440892 ], [ 4.815851879436402, 52.17429529129268 ], [ 4.815855534000072, 52.174295308983808 ], [ 4.815855505225513, 52.174297555867582 ], [ 4.8158664689171, 52.174297608940243 ], [ 4.81586644014309, 52.174299855824003 ], [ 4.815870094707141, 52.174299873514641 ], [ 4.815870065933313, 52.174302120398416 ], [ 4.815888338754546, 52.174302208850051 ], [ 4.815888309981636, 52.174304455733804 ], [ 4.815891964546075, 52.174304473423817 ], [ 4.815891935773345, 52.174306720307577 ], [ 4.815902899467238, 52.174306773376848 ], [ 4.815902870695057, 52.174309020260601 ], [ 4.815924798084038, 52.174309126396103 ], [ 4.815924769312959, 52.174311373279913 ], [ 4.815939387573082, 52.17431144403465 ], [ 4.815939358802737, 52.174313690918396 ], [ 4.815961286194127, 52.174313797047141 ], [ 4.815961257424882, 52.174316043930929 ], [ 4.81596491199031, 52.174316061618661 ], [ 4.815964883221244, 52.174318308502471 ], [ 4.815968537786858, 52.174318326190061 ], [ 4.815968509017972, 52.174320573073835 ], [ 4.815972163583777, 52.174320590761369 ], [ 4.815972134815072, 52.17432283764515 ], [ 4.815975789381064, 52.174322855332541 ], [ 4.815975760612539, 52.174325102216315 ], [ 4.815990378877269, 52.17432517296475 ], [ 4.81599029257389, 52.174331913616157 ], [ 4.815993947140633, 52.174331931303001 ], [ 4.815993774534887, 52.174345412605717 ], [ 4.815979156263517, 52.174345341857688 ], [ 4.815979185031888, 52.174343094973906 ], [ 4.815968221328946, 52.174343041911733 ], [ 4.815968192560026, 52.174345288795514 ], [ 4.815931646881936, 52.17434511191415 ], [ 4.815931618111168, 52.174347358797917 ], [ 4.815909690703373, 52.174347252663665 ], [ 4.815909661931499, 52.174349499547404 ], [ 4.815891389090836, 52.174349411099101 ], [ 4.81589136031804, 52.174351657982847 ], [ 4.815873087476542, 52.174351569531645 ], [ 4.815873116250261, 52.174349322647913 ], [ 4.815858497977859, 52.174349251884941 ], [ 4.815858526752309, 52.174347005001216 ], [ 4.815847563048597, 52.174346951927795 ], [ 4.815847591823594, 52.174344705044057 ], [ 4.81584393725588, 52.174344687352708 ], [ 4.815843966031061, 52.174342440468976 ], [ 4.815840311463536, 52.174342422777478 ], [ 4.815840340238895, 52.174340175893725 ], [ 4.81581841283491, 52.174340069742485 ], [ 4.815818441611373, 52.174337822858782 ], [ 4.815803823342852, 52.174337752089073 ], [ 4.815803852120047, 52.174335505205292 ], [ 4.815800197553111, 52.174335487512607 ], [ 4.815800226330488, 52.174333240628869 ], [ 4.815785608063505, 52.174333169856858 ], [ 4.815785579285394, 52.174335416740625 ], [ 4.815778270151555, 52.174335381353906 ], [ 4.815778241373073, 52.174337628237673 ], [ 4.815770932238879, 52.17433759285052 ], [ 4.815770903460024, 52.17433983973423 ], [ 4.815759939758208, 52.174339786652688 ], [ 4.815759910978797, 52.174342033536384 ], [ 4.815756256411345, 52.174342015842321 ], [ 4.815756083733705, 52.174355497144617 ], [ 4.815752429165156, 52.174355479450398 ], [ 4.815752400385353, 52.174357726334108 ], [ 4.815745091247893, 52.174357690945378 ], [ 4.81574506246772, 52.174359937829095 ], [ 4.815737753329906, 52.174359902439903 ], [ 4.815737724549362, 52.174362149323585 ], [ 4.815715797134891, 52.174362043153288 ], [ 4.815715768353241, 52.174364290036998 ], [ 4.815693840937787, 52.174364183862622 ], [ 4.815693869720543, 52.174361936978912 ], [ 4.815682906013414, 52.174361883890192 ], [ 4.815682877230104, 52.17436413077391 ], [ 4.815679222660886, 52.174364113077424 ], [ 4.815679165093885, 52.17436860684478 ], [ 4.815675510524301, 52.174368589148187 ], [ 4.815675452956924, 52.174373082915565 ], [ 4.815671798386973, 52.17437306521888 ], [ 4.815671769603093, 52.174375312102555 ], [ 4.815668115032962, 52.174375294405728 ], [ 4.815668086248897, 52.17437754128941 ], [ 4.815664431678584, 52.17437752359249 ], [ 4.815664402894331, 52.174379770476165 ], [ 4.815660748323838, 52.174379752779082 ], [ 4.815660719539399, 52.174381999662742 ], [ 4.815657064968724, 52.174381981965631 ], [ 4.815657036184095, 52.174384228849313 ], [ 4.815653381613241, 52.174384211152024 ], [ 4.815653324043607, 52.174388704919345 ], [ 4.815646014901172, 52.174388669524475 ], [ 4.815645986115983, 52.17439091640815 ], [ 4.815638676973194, 52.17439088101284 ], [ 4.815638648187632, 52.174393127896465 ], [ 4.815631339044486, 52.174393092500672 ], [ 4.815631310258554, 52.174395339384333 ], [ 4.815627655686801, 52.174395321686276 ], [ 4.815627626900683, 52.174397568569916 ], [ 4.815620317756819, 52.174397533173476 ], [ 4.815620288970329, 52.17439978005708 ], [ 4.815612979826113, 52.17439974466015 ], [ 4.815612951039249, 52.17440199154381 ], [ 4.815601987322399, 52.174401938447545 ], [ 4.81560195853498, 52.174404185331184 ], [ 4.815580031100265, 52.174404079135641 ], [ 4.815580002311739, 52.174406326019273 ], [ 4.815569038593876, 52.174406272919974 ], [ 4.815569009804791, 52.174408519803613 ], [ 4.815561700659198, 52.174408484403493 ], [ 4.815561671869743, 52.174410731287132 ], [ 4.815558017296768, 52.174410713586887 ], [ 4.815557988507126, 52.174412960470534 ], [ 4.815550679360812, 52.17441292506971 ], [ 4.815550650570802, 52.174415171953349 ], [ 4.815546995997465, 52.174415154252777 ], [ 4.815546938417059, 52.17441964802002 ], [ 4.815539629269667, 52.17441961261855 ], [ 4.815539600479088, 52.174421859502147 ], [ 4.815535945905212, 52.174421841801234 ], [ 4.815535917114451, 52.174424088684866 ], [ 4.815532262540393, 52.174424070983839 ], [ 4.815532233749442, 52.174426317867422 ], [ 4.815528579175202, 52.17442630016631 ], [ 4.815528550384066, 52.174428547049921 ], [ 4.81552124123523, 52.174428511647271 ], [ 4.815521212443722, 52.174430758530939 ], [ 4.815517557869125, 52.174430740829422 ], [ 4.815517529077427, 52.174432987713061 ], [ 4.815510219927877, 52.174432952309715 ], [ 4.815510191135809, 52.17443519919334 ], [ 4.815506536560854, 52.174435181491518 ], [ 4.815506507768599, 52.174437428375121 ], [ 4.815502853193465, 52.174437410673178 ], [ 4.81550282440102, 52.174439657556746 ], [ 4.815495515250392, 52.174439622152555 ], [ 4.815495486457577, 52.174441869036158 ], [ 4.815491831882085, 52.174441851333867 ], [ 4.815491803089081, 52.174444098217457 ], [ 4.815488148513405, 52.174444080515059 ], [ 4.815488119720218, 52.174446327398655 ], [ 4.815484465144362, 52.174446309696137 ], [ 4.815484436350985, 52.174448556579705 ], [ 4.815477127198916, 52.174448521174376 ], [ 4.815477098405169, 52.17445076805798 ], [ 4.815473443828955, 52.174450750355106 ], [ 4.815473386241078, 52.174455244122306 ], [ 4.815469731664501, 52.174455226419312 ], [ 4.815469702870375, 52.174457473302908 ], [ 4.815466048293618, 52.174457455599807 ], [ 4.815465961910662, 52.174464196250526 ], [ 4.815480580219925, 52.174464267062184 ], [ 4.815480522632743, 52.174468760829356 ], [ 4.815484177210437, 52.174468778531995 ], [ 4.815483946863057, 52.174486753600625 ], [ 4.815487601442225, 52.174486771303116 ], [ 4.815487572648971, 52.174489018186684 ], [ 4.815491227228327, 52.174489035889138 ], [ 4.815491140849099, 52.17449577653985 ], [ 4.815487486269189, 52.174495758837409 ], [ 4.815487457475923, 52.174498005721006 ], [ 4.815480148315752, 52.174497970315826 ], [ 4.81548011952211, 52.17450021719938 ], [ 4.815472810361582, 52.174500181793725 ], [ 4.815472781567575, 52.174502428677314 ], [ 4.815469126987131, 52.174502410974291 ], [ 4.815469098192931, 52.174504657857888 ], [ 4.815465443612309, 52.174504640154758 ], [ 4.815465270845951, 52.174518121456124 ], [ 4.815468925427678, 52.174518139159211 ], [ 4.815468839045007, 52.174524879809908 ], [ 4.815472493627293, 52.174524897512875 ], [ 4.815472436039194, 52.174529391279961 ], [ 4.815476090621851, 52.174529408982899 ], [ 4.81547603303411, 52.174533902749992 ], [ 4.815479687617137, 52.174533920452774 ], [ 4.81547963002975, 52.174538414219867 ], [ 4.815483284613149, 52.174538431922514 ], [ 4.815483198232594, 52.174545172573204 ], [ 4.815486852816548, 52.174545190275772 ], [ 4.815486824023211, 52.174547437159326 ], [ 4.815490478607352, 52.174547454861759 ], [ 4.815490449814193, 52.174549701745292 ], [ 4.815494104398522, 52.174549719447647 ], [ 4.815494075605542, 52.174551966331187 ], [ 4.81549773019006, 52.174551984033386 ], [ 4.815497701397263, 52.174554230916982 ], [ 4.815523283490261, 52.174554354829354 ], [ 4.815523254698747, 52.174556601712915 ], [ 4.815530563868577, 52.174556637115423 ], [ 4.815530535077427, 52.174558883998998 ], [ 4.815537844247638, 52.174558919401072 ], [ 4.815537815456851, 52.174561166284612 ], [ 4.815541470042147, 52.174561183985482 ], [ 4.815541441251543, 52.174563430869085 ], [ 4.815548750422508, 52.174563466270484 ], [ 4.815548721632272, 52.174565713154045 ], [ 4.815552376217942, 52.174565730854596 ], [ 4.815552347427886, 52.174567977738107 ], [ 4.815556002013746, 52.174567995438565 ], [ 4.81555597322387, 52.174570242322098 ], [ 4.815559627809916, 52.174570260022421 ], [ 4.815559599020219, 52.174572506905982 ], [ 4.815563253606451, 52.174572524606155 ], [ 4.815563224816941, 52.174574771489716 ], [ 4.815574188576211, 52.174574824589669 ], [ 4.815574159787247, 52.17457707147323 ], [ 4.815585123547103, 52.174577124572089 ], [ 4.815585094758687, 52.174579371455671 ], [ 4.815599713105943, 52.174579442252615 ], [ 4.81559968431826, 52.174581689136211 ], [ 4.815603338905267, 52.174581706835149 ], [ 4.815603310117763, 52.174583953718745 ], [ 4.815614273879357, 52.174584006814953 ], [ 4.815614245092402, 52.174586253698486 ], [ 4.815625208854578, 52.174586306793657 ], [ 4.815625180068172, 52.174588553677232 ], [ 4.815632489243341, 52.174588589073473 ], [ 4.815632460457302, 52.174590835957048 ], [ 4.815636115045073, 52.174590853654976 ], [ 4.815636086259214, 52.174593100538573 ], [ 4.815639740847172, 52.174593118236416 ], [ 4.815639712061493, 52.174595365119984 ], [ 4.815643366649645, 52.174595382817678 ], [ 4.815643337864147, 52.174597629701275 ], [ 4.81564699245248, 52.174597647398876 ], [ 4.815646963667163, 52.174599894282473 ], [ 4.815650618255687, 52.174599911979954 ], [ 4.815650589470549, 52.174602158863536 ], [ 4.815657898647974, 52.174602194258163 ], [ 4.815657869863203, 52.174604441141774 ], [ 4.815672488218827, 52.174604511929715 ], [ 4.815672459434787, 52.174606758813297 ], [ 4.815683423202094, 52.174606811903061 ], [ 4.815683394418603, 52.174609058786665 ], [ 4.815690703597193, 52.17460909417926 ], [ 4.815690674814068, 52.174611341062885 ], [ 4.81569798399304, 52.174611376455061 ], [ 4.815697955210278, 52.174613623338637 ], [ 4.815701609799952, 52.174613641034519 ], [ 4.81570155223479, 52.174618134801726 ], [ 4.815705206824838, 52.174618152497537 ], [ 4.815705178042436, 52.174620399381126 ], [ 4.815708832632667, 52.17462041707681 ], [ 4.815708803850447, 52.174622663960378 ], [ 4.815723422212148, 52.17462273474203 ], [ 4.815723393430662, 52.174624981625612 ], [ 4.815727048021279, 52.174624999320748 ], [ 4.81572701923997, 52.174627246204338 ], [ 4.815730673830776, 52.174627263899382 ], [ 4.815730616268521, 52.17463175766656 ], [ 4.815734270859697, 52.174631775361448 ], [ 4.815734242078746, 52.174634022245087 ], [ 4.81573789667011, 52.17463403993986 ], [ 4.815737867889346, 52.174636286823464 ], [ 4.815741522480894, 52.17463630451816 ], [ 4.815741493700309, 52.174638551401742 ], [ 4.815745148292047, 52.174638569096324 ], [ 4.815745119511639, 52.174640815979892 ], [ 4.815748774103567, 52.174640833674339 ], [ 4.815748745323341, 52.174643080557956 ], [ 4.815752399915453, 52.174643098252282 ], [ 4.815752371135409, 52.174645345135879 ], [ 4.815759680320016, 52.174645380524268 ], [ 4.815759565201272, 52.174654368058633 ], [ 4.815766874387365, 52.174654403446539 ], [ 4.81576684560804, 52.174656650330157 ] ] ] } },
{ "type": "Feature", "properties": { "class": "parcel", "raw_confidence": 0.3995, "source_tile_id": "tile-110000-460000", "was_valid": true, "area_m2": 712.06397607263159 }, "geometry": { "type": "Polygon", "coordinates": [ [ [ 4.816526249325203, 52.174433375258786 ], [ 4.816555485927959, 52.17443351661754 ], [ 4.816555514667369, 52.174431269733624 ], [ 4.816584751268869, 52.174431411085102 ], [ 4.816584780006805, 52.174429164201193 ], [ 4.816588434581819, 52.174429181869577 ], [ 4.816588463319566, 52.17442693498564 ], [ 4.816592117894404, 52.174426952653953 ], [ 4.816592146631961, 52.174424705770029 ], [ 4.816595801206619, 52.174424723438221 ], [ 4.816595829943989, 52.174422476554248 ], [ 4.816599484518466, 52.174422494222362 ], [ 4.81659951325565, 52.174420247338375 ], [ 4.816610476978545, 52.174420300341957 ], [ 4.816610505715174, 52.174418053457984 ], [ 4.816625124011679, 52.174418124127811 ], [ 4.816625152747567, 52.17441587724386 ], [ 4.816636116469429, 52.174415930245075 ], [ 4.816636145204759, 52.174413683361081 ], [ 4.816643454352318, 52.174413718694623 ], [ 4.816643483087281, 52.174411471810679 ], [ 4.816647137660876, 52.174411489477265 ], [ 4.816647166395651, 52.174409242593327 ], [ 4.81665447554249, 52.174409277926181 ], [ 4.816654504276896, 52.174407031042222 ], [ 4.816658158850135, 52.174407048708488 ], [ 4.816658532394676, 52.174377839216703 ], [ 4.816662186965528, 52.174377856882856 ], [ 4.816662244433499, 52.17437336311486 ], [ 4.816665899003986, 52.174373380780864 ], [ 4.816665927737783, 52.174371133896877 ], [ 4.816669582308091, 52.174371151562795 ], [ 4.816669611041699, 52.174368904678815 ], [ 4.816673265611824, 52.174368922344577 ], [ 4.816673294345247, 52.174366675460583 ], [ 4.816676948915191, 52.174366693126288 ], [ 4.816677035114886, 52.174359952474276 ], [ 4.81668068968428, 52.174359970139854 ], [ 4.816680775883391, 52.174353229487814 ], [ 4.816677121314549, 52.174353211822229 ], [ 4.816677150047766, 52.174350964938277 ], [ 4.816673495479111, 52.174350947272551 ], [ 4.816673667879437, 52.174337465968577 ], [ 4.816677322446986, 52.174337483634211 ], [ 4.816677351180179, 52.174335236750217 ], [ 4.816691969449677, 52.174335307411731 ], [ 4.816691998182129, 52.174333060527722 ], [ 4.816702961883736, 52.174333113522671 ], [ 4.816703019347524, 52.174328619754633 ], [ 4.816706673914369, 52.174328637419372 ], [ 4.816706702646075, 52.174326390535327 ], [ 4.816710357212734, 52.174326408199988 ], [ 4.816710385944253, 52.174324161315944 ], [ 4.816721349643698, 52.174324214309159 ], [ 4.816721378374663, 52.174321967425193 ], [ 4.816728687507277, 52.174322002753399 ], [ 4.816728716237868, 52.174319755869405 ], [ 4.816732370803995, 52.174319773533355 ], [ 4.816732399534399, 52.174317526649297 ], [ 4.816739708666296, 52.174317561976878 ], [ 4.816739737396331, 52.174315315092834 ], [ 4.816743391962098, 52.174315332756436 ], [ 4.816743420691944, 52.174313085872441 ], [ 4.816747075257531, 52.174313103535937 ], [ 4.816747103987189, 52.174310856651843 ], [ 4.816750758552598, 52.17431087431526 ], [ 4.816750844740998, 52.174304133663128 ], [ 4.816754499305857, 52.174304151326396 ], [ 4.816754671681466, 52.174290670022096 ], [ 4.816758326245221, 52.174290687685257 ], [ 4.816758383703364, 52.174286193917119 ], [ 4.816765692830153, 52.174286229243087 ], [ 4.816765721558848, 52.174283982359036 ], [ 4.816769376122063, 52.174284000021814 ], [ 4.816769404850574, 52.174281753137763 ], [ 4.816780368539689, 52.174281806125485 ], [ 4.816780397267642, 52.174279559241434 ], [ 4.816795015519109, 52.174279629890179 ], [ 4.816795044246322, 52.174277383006114 ], [ 4.816802353371705, 52.174277418329794 ], [ 4.816802382098549, 52.174275171445714 ], [ 4.816809691223578, 52.174275206768932 ], [ 4.816809719950051, 52.174272959884838 ], [ 4.816813374512386, 52.174272977546288 ], [ 4.816813403238666, 52.174270730662222 ], [ 4.816817057800822, 52.174270748323544 ], [ 4.816817086526918, 52.174268501439457 ], [ 4.816820741088894, 52.174268519100679 ], [ 4.816820798540708, 52.174264025332484 ], [ 4.816824453102317, 52.174264042993606 ], [ 4.816824481828036, 52.174261796109533 ], [ 4.816828136389466, 52.174261813770507 ], [ 4.816828193840522, 52.174257320002347 ], [ 4.816831848401586, 52.174257337663221 ], [ 4.816831905852265, 52.174252843895019 ], [ 4.816835560412962, 52.1742528615558 ], [ 4.816835589138114, 52.174250614671671 ], [ 4.816839243698631, 52.174250632332281 ], [ 4.816839301148549, 52.174246138564122 ], [ 4.816842955708703, 52.174246156224669 ], [ 4.816843013158241, 52.17424166245646 ], [ 4.816846667718031, 52.174241680116864 ], [ 4.816846840065464, 52.17422819881223 ], [ 4.816843185506781, 52.174228181151818 ], [ 4.816843214231525, 52.17422593426771 ], [ 4.816839559673029, 52.174225916607213 ], [ 4.816839588397955, 52.174223669723105 ], [ 4.816835933839645, 52.174223652062473 ], [ 4.816836048740051, 52.174214664526062 ], [ 4.816814121394686, 52.174214558559981 ], [ 4.816814150120882, 52.174212311675852 ], [ 4.816806841006157, 52.174212276352954 ], [ 4.816806869732718, 52.17421002946881 ], [ 4.816788596946878, 52.174209941159518 ], [ 4.816788625674357, 52.17420769427541 ], [ 4.816774007446484, 52.174207623625939 ], [ 4.816774036174696, 52.174205376741838 ], [ 4.81676672706115, 52.174205341416446 ], [ 4.816766755789725, 52.174203094532338 ], [ 4.816755792119977, 52.174203041543393 ], [ 4.816755820849104, 52.174200794659249 ], [ 4.816730238954434, 52.174200671014383 ], [ 4.816730267684848, 52.174198424130296 ], [ 4.816719304016305, 52.174198371137926 ], [ 4.816719332747264, 52.174196124253868 ], [ 4.816708369079306, 52.174196071260511 ], [ 4.816708397810815, 52.174193824376438 ], [ 4.816679161364541, 52.174193683055755 ], [ 4.816679132631561, 52.17419592993982 ], [ 4.816660859851829, 52.174195841610789 ], [ 4.816660831117923, 52.174198088494812 ], [ 4.816649867449572, 52.174198035495998 ], [ 4.816649838715108, 52.174200282380049 ], [ 4.816642529602522, 52.174200247046947 ], [ 4.816642500867691, 52.174202493930977 ], [ 4.816631537198283, 52.174202440930479 ], [ 4.816631508462897, 52.174204687814523 ], [ 4.816616890236331, 52.174204617145584 ], [ 4.816616861500203, 52.174206864029586 ], [ 4.816594934159351, 52.174206758022798 ], [ 4.816594962896587, 52.174204511138775 ], [ 4.816591308339969, 52.174204493470562 ], [ 4.816591337077385, 52.174202246586539 ], [ 4.816584027964537, 52.174202211249806 ], [ 4.816584056702315, 52.174199964365776 ], [ 4.816580402146079, 52.174199946697208 ], [ 4.816580430884039, 52.174197699813213 ], [ 4.816565812659869, 52.174197629137915 ], [ 4.816565841398562, 52.174195382253885 ], [ 4.816558532286863, 52.17419534691556 ], [ 4.816558561025919, 52.174193100031566 ], [ 4.816547597358954, 52.174193047023259 ], [ 4.816547626098558, 52.174190800139208 ], [ 4.816522044210377, 52.1741906764492 ], [ 4.81652201546948, 52.17419292333323 ], [ 4.816511051802612, 52.174192870321512 ], [ 4.816511080544058, 52.174190623437468 ], [ 4.816489153211521, 52.174190517411027 ], [ 4.816489181954068, 52.17418827052704 ], [ 4.816474563733177, 52.174188199840422 ], [ 4.816474592476458, 52.174185952956449 ], [ 4.816452665146326, 52.174185846923187 ], [ 4.816452636401941, 52.174188093807182 ], [ 4.816445327291556, 52.174188058461894 ], [ 4.816445298546799, 52.174190305345896 ], [ 4.816434334880695, 52.174190252327023 ], [ 4.816434306135381, 52.174192499211031 ], [ 4.816416033357688, 52.174192410844036 ], [ 4.81641606210392, 52.174190163960027 ], [ 4.816401443882557, 52.174190093264372 ], [ 4.816401472629524, 52.174187846380448 ], [ 4.816383199853821, 52.174187758008358 ], [ 4.816383171105936, 52.174190004892303 ], [ 4.81637951655062, 52.174189987217588 ], [ 4.816379487802546, 52.174192234101547 ], [ 4.816375833247051, 52.174192216426675 ], [ 4.816375804498789, 52.174194463310656 ], [ 4.816372149943113, 52.174194445635649 ], [ 4.816372121194666, 52.174196692519644 ], [ 4.816368466638806, 52.174196674844524 ], [ 4.816368437890175, 52.174198921728475 ], [ 4.816361128778098, 52.174198886377944 ], [ 4.816361100029092, 52.174201133261931 ], [ 4.816357445472876, 52.174201115586463 ], [ 4.816357416723681, 52.174203362470408 ], [ 4.816350107610893, 52.174203327119201 ], [ 4.816350078861325, 52.174205574003167 ], [ 4.816309878739199, 52.174205379563325 ], [ 4.816309907490791, 52.174203132679388 ], [ 4.816298943821742, 52.174203079647974 ], [ 4.816298972573883, 52.174200832764036 ], [ 4.816280699793122, 52.174200744376044 ], [ 4.816280671040062, 52.174202991259996 ], [ 4.816273361927416, 52.174202955904015 ], [ 4.81627333317398, 52.174205202787959 ], [ 4.81626967861748, 52.174205185109813 ], [ 4.81626964986386, 52.174207431993736 ], [ 4.816262340750495, 52.174207396637051 ], [ 4.816262311996503, 52.174209643521003 ], [ 4.816258657439642, 52.174209625842494 ], [ 4.816258628685463, 52.17421187272641 ], [ 4.816247665014346, 52.174211819690214 ], [ 4.816247636259614, 52.174214066574159 ], [ 4.816236672587972, 52.174214013536961 ], [ 4.816236643832684, 52.17421626042087 ], [ 4.81622568016052, 52.174216207382592 ], [ 4.816225651404675, 52.174218454266523 ], [ 4.816221996847109, 52.174218436586919 ], [ 4.816221968091079, 52.1742206834708 ], [ 4.816218313533332, 52.174220665791054 ], [ 4.816218256020891, 52.174225159558901 ], [ 4.81621460146278, 52.174225141878985 ], [ 4.816214572706369, 52.174227388762901 ], [ 4.816210918148079, 52.174227371082928 ], [ 4.816210889391479, 52.174229617966859 ], [ 4.816207234833008, 52.174229600286708 ], [ 4.816207062292246, 52.174243081590134 ], [ 4.816210716851823, 52.174243099270264 ], [ 4.816210601825317, 52.174252086805801 ], [ 4.816214256385632, 52.174252104485859 ], [ 4.816214227629183, 52.174254351369747 ], [ 4.816217882189687, 52.174254369049592 ], [ 4.816217853433414, 52.17425661593348 ], [ 4.816221507994105, 52.174256633613247 ], [ 4.816221479238018, 52.174258880497156 ], [ 4.816225133798896, 52.174258898176845 ], [ 4.816225076287075, 52.174263391944606 ], [ 4.816228730848326, 52.174263409624174 ], [ 4.816228702092594, 52.174265656508076 ], [ 4.816232356654032, 52.174265674187509 ], [ 4.816232299142927, 52.174270167955264 ], [ 4.816235953704737, 52.174270185634612 ], [ 4.816235924949362, 52.174272432518507 ], [ 4.81623957951136, 52.174272450197719 ], [ 4.816239522000973, 52.174276943965502 ], [ 4.816243176563339, 52.174276961644594 ], [ 4.816243147808327, 52.174279208528532 ], [ 4.81624680237088, 52.174279226207496 ], [ 4.816246744861209, 52.174283719975307 ], [ 4.816250399424136, 52.174283737654179 ], [ 4.816250370669482, 52.174285984538081 ], [ 4.816254025232594, 52.174286002216824 ], [ 4.816253996478118, 52.174288249100712 ], [ 4.816257651041417, 52.174288266779406 ], [ 4.816257622287123, 52.174290513663266 ], [ 4.816261276850612, 52.174290531341818 ], [ 4.816261248096496, 52.174292778225706 ], [ 4.816268557223853, 52.174292813582461 ], [ 4.816268528470107, 52.174295060466363 ], [ 4.816272183033972, 52.174295078144581 ], [ 4.816272154280402, 52.174297325028476 ], [ 4.816279463408513, 52.174297360384557 ], [ 4.816279434655311, 52.174299607268473 ], [ 4.816286743783805, 52.174299642624064 ], [ 4.816286715030965, 52.17430188950798 ], [ 4.816294024159841, 52.174301924863151 ], [ 4.816293995407368, 52.17430417174706 ], [ 4.816301304536625, 52.174304207101784 ], [ 4.816301275784514, 52.174306453985658 ], [ 4.816312239478977, 52.174306507016922 ], [ 4.816312181975852, 52.174311000784719 ], [ 4.816315836541046, 52.174311018461566 ], [ 4.816315807789664, 52.174313265345482 ], [ 4.816319462355048, 52.174313283022258 ], [ 4.816319433603845, 52.174315529906131 ], [ 4.816330397300568, 52.174315582935691 ], [ 4.816330426051217, 52.174313336051775 ], [ 4.816345044312822, 52.174313406756269 ], [ 4.816345015562908, 52.174315653640178 ], [ 4.816352324694099, 52.17431568899174 ], [ 4.816352238445442, 52.17432242964351 ], [ 4.816315692784097, 52.17432225288109 ], [ 4.816315606529893, 52.174328993532782 ], [ 4.816326570229915, 52.174329046562718 ], [ 4.816326541479059, 52.174331293446642 ], [ 4.816330196045923, 52.174331311123019 ], [ 4.816330167295247, 52.174333558006957 ], [ 4.816333821862301, 52.174333575683235 ], [ 4.816333793111807, 52.174335822567159 ], [ 4.816344756813536, 52.174335875595382 ], [ 4.816344785563481, 52.174333628711459 ], [ 4.816370367533014, 52.174333752440027 ], [ 4.816370396281667, 52.174331505556133 ], [ 4.816395978250076, 52.174331629279109 ], [ 4.816395949502713, 52.174333876163047 ], [ 4.816399604069828, 52.174333893837307 ], [ 4.816399546575459, 52.174338387605175 ], [ 4.816403201142944, 52.174338405279336 ], [ 4.81640314364893, 52.17434289904714 ], [ 4.816406798216787, 52.174342916721194 ], [ 4.816406769469959, 52.174345163605103 ], [ 4.816410424038002, 52.174345181279037 ], [ 4.816410366544706, 52.174349675046884 ], [ 4.81641402111312, 52.174349692720718 ], [ 4.816413992366654, 52.174351939604612 ], [ 4.816417646935253, 52.174351957278326 ], [ 4.816417589442675, 52.174356451046215 ], [ 4.816421244011647, 52.174356468719772 ], [ 4.816421215265538, 52.174358715603688 ], [ 4.816424869834696, 52.174358733277188 ], [ 4.816424812342834, 52.174363227044992 ], [ 4.816432121481903, 52.174363262391651 ], [ 4.816432092736334, 52.174365509275582 ], [ 4.816435747306057, 52.174365526948733 ], [ 4.816435718560669, 52.174367773832664 ], [ 4.816443027700493, 52.174367809178634 ], [ 4.816442998955472, 52.174370056062543 ], [ 4.816450308095678, 52.174370091408015 ], [ 4.816450193117024, 52.174379078943751 ], [ 4.816446538546185, 52.174379061271054 ], [ 4.816446423566743, 52.174388048806698 ], [ 4.816450078138317, 52.174388066479402 ], [ 4.816450049393632, 52.174390313363318 ], [ 4.816453703965398, 52.174390331035923 ], [ 4.816453675220893, 52.174392577919839 ], [ 4.816457329792848, 52.174392595592337 ], [ 4.816457272304195, 52.174397089360177 ], [ 4.816460926876521, 52.174397107032547 ], [ 4.816460754411593, 52.174410588336009 ], [ 4.816464408985023, 52.174410606008273 ], [ 4.816464322753069, 52.174417346660015 ], [ 4.816467977327054, 52.174417364332179 ], [ 4.816467948583246, 52.174419611216081 ], [ 4.816475257731602, 52.174419646560054 ], [ 4.816475228988158, 52.174421893443991 ], [ 4.816478883562525, 52.1744219111158 ], [ 4.816478854819262, 52.174424157999724 ], [ 4.816482509393816, 52.174424175671419 ], [ 4.816482480650732, 52.174426422555371 ], [ 4.81650075352447, 52.174426510912205 ], [ 4.816500724782305, 52.174428757796129 ], [ 4.816515343082092, 52.174428828479549 ], [ 4.816515314340662, 52.174431075363486 ], [ 4.816526278066084, 52.174431128374863 ], [ 4.816526249325203, 52.174433375258786 ] ] ] } },
{ "type": "Feature", "properties": { "class": "parcel", "raw_confidence": 0.3997, "source_tile_id": "tile-110000-460000", "was_valid": true, "area_m2": 523.79541158185555 }, "geometry": { "type": "Polygon", "coordinates": [ [ [ 4.795882394229542, 52.17482385253119 ], [ 4.795911631001498, 52.174823999005326 ], [ 4.795911660781194, 52.174821752128189 ], [ 4.795918969973847, 52.174821788745604 ], [ 4.79591899975317, 52.174819541868473 ], [ 4.795922654349321, 52.174819560176999 ], [ 4.795922684128455, 52.174817313299883 ], [ 4.795926338724423, 52.174817331608267 ], [ 4.795926398282318, 52.174812837854034 ], [ 4.795930052877921, 52.174812856162347 ], [ 4.795930261329151, 52.174797128022448 ], [ 4.795933915923471, 52.174797146330604 ], [ 4.795933975480563, 52.174792652576343 ], [ 4.795937630074517, 52.174792670884443 ], [ 4.795937719409583, 52.174785930252987 ], [ 4.795941374002985, 52.174785948560945 ], [ 4.795941463337465, 52.174779207929525 ], [ 4.795945117930322, 52.174779226237312 ], [ 4.79594517748626, 52.174774732483066 ], [ 4.79594883207875, 52.174774750790768 ], [ 4.795948980967607, 52.174763516405037 ], [ 4.795945326376035, 52.17476349809732 ], [ 4.795945475265728, 52.174752263711575 ], [ 4.79596740280968, 52.174752373556053 ], [ 4.795967432586504, 52.174750126678902 ], [ 4.795982050948471, 52.174750199906278 ], [ 4.795982080724555, 52.174747953029133 ], [ 4.795985735314871, 52.17474797133567 ], [ 4.795985765090768, 52.174745724458511 ], [ 4.795989419680903, 52.174745742764991 ], [ 4.795989479232319, 52.174741249010623 ], [ 4.795993133822089, 52.174741267316953 ], [ 4.795993163597603, 52.174739020439752 ], [ 4.795996818187199, 52.174739038746019 ], [ 4.79599687773785, 52.174734544991651 ], [ 4.79600053232708, 52.17473456329774 ], [ 4.796000591877352, 52.174730069543422 ], [ 4.796004246466214, 52.174730087849383 ], [ 4.796004395340921, 52.174718853463496 ], [ 4.796008049928862, 52.174718871769365 ], [ 4.796008198802564, 52.174707637383378 ], [ 4.796004544215539, 52.174707619077545 ], [ 4.796004603765361, 52.174703125323191 ], [ 4.796000949178709, 52.174703107017159 ], [ 4.796000978953799, 52.174700860139964 ], [ 4.795997324367336, 52.174700841833918 ], [ 4.795997354142607, 52.174698594956716 ], [ 4.795990044970055, 52.17469855834419 ], [ 4.795990074745694, 52.174696311467009 ], [ 4.795986420159605, 52.174696293160572 ], [ 4.795986449935422, 52.174694046283371 ], [ 4.795975486177737, 52.174693991363434 ], [ 4.795975515954101, 52.174691744486275 ], [ 4.795968206782697, 52.174691707872377 ], [ 4.795968236559428, 52.174689460995246 ], [ 4.7959572728029, 52.174689406073568 ], [ 4.795957302580178, 52.174687159196381 ], [ 4.795946338824233, 52.174687104273744 ], [ 4.795946368602059, 52.174684857396571 ], [ 4.795931750261585, 52.174684784164796 ], [ 4.795931780040144, 52.174682537287602 ], [ 4.795924470870296, 52.174682500671047 ], [ 4.795924500649221, 52.174680253793838 ], [ 4.795920846064484, 52.174680235485397 ], [ 4.795920875843592, 52.174677988608238 ], [ 4.795913566674498, 52.174677951990986 ], [ 4.795913596453971, 52.174675705113849 ], [ 4.795902632700911, 52.174675650187126 ], [ 4.79590266248093, 52.174673403309953 ], [ 4.795888044144302, 52.17467333007275 ], [ 4.795888073925056, 52.174671083195612 ], [ 4.795884419341088, 52.174671064886034 ], [ 4.795884449122022, 52.174668818008819 ], [ 4.795880794538247, 52.174668799699134 ], [ 4.795880824319357, 52.174666552821975 ], [ 4.795869860568602, 52.17466649789224 ], [ 4.795869890350263, 52.174664251015052 ], [ 4.79585892660009, 52.174664196084287 ], [ 4.795858956382302, 52.174661949207156 ], [ 4.795851647215904, 52.174661912586082 ], [ 4.795851676998478, 52.174659665708923 ], [ 4.795848022415471, 52.174659647398229 ], [ 4.795848052198228, 52.174657400521056 ], [ 4.795840743032588, 52.174657363899307 ], [ 4.795840772815708, 52.174655117022155 ], [ 4.79583346365045, 52.174655080399958 ], [ 4.795833493433936, 52.174652833522828 ], [ 4.795818875104198, 52.174652760277084 ], [ 4.795818904888415, 52.174650513399897 ], [ 4.795811595723934, 52.174650476776321 ], [ 4.795811625508519, 52.174648229899205 ], [ 4.795797007180337, 52.174648156650761 ], [ 4.795797036965652, 52.174645909773581 ], [ 4.795786073220104, 52.174645854836058 ], [ 4.795786103005971, 52.174643607958942 ], [ 4.795782448424309, 52.174643589646188 ], [ 4.795782478210357, 52.174641342769057 ], [ 4.795775169047416, 52.174641306143243 ], [ 4.795775198833828, 52.174639059266077 ], [ 4.795764235089996, 52.174639004326558 ], [ 4.795764264876958, 52.17463675744942 ], [ 4.795753301133711, 52.174636702508813 ], [ 4.795753330921219, 52.17463445563169 ], [ 4.795746021759441, 52.1746344190041 ], [ 4.795746051547313, 52.174632172126969 ], [ 4.795742396966613, 52.174632153813015 ], [ 4.795742426754665, 52.174629906935849 ], [ 4.795738772174153, 52.174629888621752 ], [ 4.795738801962389, 52.174627641744607 ], [ 4.795731492801742, 52.174627605116129 ], [ 4.79573152259034, 52.174625358238984 ], [ 4.795724213430076, 52.174625321610044 ], [ 4.79572424321904, 52.174623074732921 ], [ 4.795720588639098, 52.17462305641827 ], [ 4.795720618428239, 52.174620809541111 ], [ 4.795716963848486, 52.17462079122636 ], [ 4.79571699363781, 52.174618544349251 ], [ 4.795713339058242, 52.174618526034394 ], [ 4.795713398637249, 52.174614032280104 ], [ 4.795709744058054, 52.174614013965147 ], [ 4.795709833427093, 52.174607273333734 ], [ 4.795669633062235, 52.174607071861487 ], [ 4.79566966285393, 52.174604824984357 ], [ 4.795666008275512, 52.174604806668036 ], [ 4.795666038067393, 52.174602559790905 ], [ 4.795662383489161, 52.174602541474492 ], [ 4.795662413281219, 52.174600294597361 ], [ 4.795658758703175, 52.174600276280792 ], [ 4.795658788495412, 52.174598029403676 ], [ 4.795655133917557, 52.174598011086971 ], [ 4.795655253087218, 52.17458902357852 ], [ 4.795636980201669, 52.174588931993455 ], [ 4.795637009994999, 52.174586685116381 ], [ 4.795626046264262, 52.174586630163994 ], [ 4.795626076058139, 52.174584383286877 ], [ 4.795622421481417, 52.174584364969199 ], [ 4.795622451275474, 52.174582118092097 ], [ 4.795607832969361, 52.174582044820227 ], [ 4.795607803174572, 52.174584291697357 ], [ 4.795604148597866, 52.174584273379054 ], [ 4.795604089007904, 52.174588767133272 ], [ 4.795600434430838, 52.174588748814948 ], [ 4.795600374840492, 52.174593242569152 ], [ 4.79559672026306, 52.174593224250671 ], [ 4.795596690467698, 52.174595471127738 ], [ 4.795593035890085, 52.174595452809143 ], [ 4.795593006094535, 52.174597699686267 ], [ 4.795589351516743, 52.174597681367551 ], [ 4.795589291925265, 52.174602175121741 ], [ 4.795585637347107, 52.174602156802919 ], [ 4.795585577755246, 52.174606650557095 ], [ 4.795581923176723, 52.174606632238159 ], [ 4.795581893380606, 52.174608879115254 ], [ 4.7955782388019, 52.174608860796198 ], [ 4.795578179209286, 52.174613354550395 ], [ 4.795574524630215, 52.174613336231182 ], [ 4.79557449483372, 52.174615583108306 ], [ 4.795570840254469, 52.174615564788994 ], [ 4.795570810457784, 52.174617811666103 ], [ 4.795567155878356, 52.174617793346663 ], [ 4.795567126081481, 52.174620040223751 ], [ 4.795563471501873, 52.174620021904232 ], [ 4.795563441704809, 52.174622268781306 ], [ 4.795559787125023, 52.174622250461688 ], [ 4.795559757327774, 52.174624497338776 ], [ 4.795556102747801, 52.174624479019037 ], [ 4.795556072950366, 52.174626725896083 ], [ 4.795552418370214, 52.174626707576266 ], [ 4.795552328977335, 52.174633448207473 ], [ 4.795548674396634, 52.174633429887507 ], [ 4.795548585003172, 52.174640170518707 ], [ 4.795544930421922, 52.174640152198585 ], [ 4.79554484102788, 52.174646892829792 ], [ 4.795541186446079, 52.174646874509598 ], [ 4.795541037455014, 52.174658108894889 ], [ 4.795537382872297, 52.174658090574582 ], [ 4.795537293477066, 52.174664831205725 ], [ 4.7955336388938, 52.174664812885297 ], [ 4.795533549497984, 52.17467155351644 ], [ 4.795529894914173, 52.174671535195891 ], [ 4.795529805517773, 52.17467827582702 ], [ 4.79552615093341, 52.174678257506372 ], [ 4.795526091335423, 52.17468275126042 ], [ 4.795522436750699, 52.174682732939658 ], [ 4.795522377152333, 52.174687226693727 ], [ 4.795518722567242, 52.174687208372823 ], [ 4.795518692767867, 52.17468945524984 ], [ 4.795511383597328, 52.174689418607699 ], [ 4.795511353797583, 52.17469166548473 ], [ 4.795507699212132, 52.174691647163463 ], [ 4.795507669412201, 52.174693894040523 ], [ 4.79550401482657, 52.174693875719164 ], [ 4.795503985026452, 52.174696122596188 ], [ 4.79550033044064, 52.174696104274688 ], [ 4.795500270840023, 52.17470059802875 ], [ 4.795496616253849, 52.174700579707157 ], [ 4.795496526852341, 52.174707320338221 ], [ 4.795500181439071, 52.174707338659822 ], [ 4.79550009203809, 52.174714079290879 ], [ 4.795503746625371, 52.17471409761238 ], [ 4.795503597624584, 52.174725331997507 ], [ 4.795507252212791, 52.174725350318852 ], [ 4.79550719261282, 52.1747298440729 ], [ 4.7955108472014, 52.174729862394202 ], [ 4.795510817401594, 52.174732109271197 ], [ 4.795514471990357, 52.174732127592357 ], [ 4.795514442190732, 52.174734374469374 ], [ 4.795518096779687, 52.174734392790405 ], [ 4.79551806698024, 52.174736639667444 ], [ 4.795521721569384, 52.17473665798839 ], [ 4.795521691770118, 52.1747389048654 ], [ 4.79552900094878, 52.174738941506916 ], [ 4.795528971149878, 52.174741188383948 ], [ 4.795532625739399, 52.174741206704553 ], [ 4.795532595940679, 52.174743453581584 ], [ 4.795536250530389, 52.174743471902055 ], [ 4.795536220731847, 52.174745718779057 ], [ 4.795539875321743, 52.174745737099464 ], [ 4.795539845523385, 52.174747983976481 ], [ 4.795543500113469, 52.17474800229671 ], [ 4.795543470315291, 52.174750249173776 ], [ 4.79554712490556, 52.174750267493899 ], [ 4.795547095107563, 52.174752514370894 ], [ 4.795554404288483, 52.17475255101089 ], [ 4.79555437449085, 52.174754797887907 ], [ 4.795561683672153, 52.174754834527427 ], [ 4.795561653874883, 52.174757081404444 ], [ 4.795572617647413, 52.174757136362885 ], [ 4.795572587850695, 52.174759383239909 ], [ 4.795598169988008, 52.17475951147226 ], [ 4.795598140192574, 52.174761758349277 ], [ 4.795623722331344, 52.174761886576121 ], [ 4.795623692537196, 52.174764133453138 ], [ 4.79563831090302, 52.174764206723125 ], [ 4.795638281109601, 52.174766453600157 ], [ 4.795645590292904, 52.174766490234504 ], [ 4.795645560499853, 52.174768737111556 ], [ 4.795656524275384, 52.17476879206216 ], [ 4.795656494482879, 52.174771038939234 ], [ 4.795663803666954, 52.174771075572437 ], [ 4.795663773874816, 52.174773322449461 ], [ 4.79567108305927, 52.174773359082252 ], [ 4.795671053267497, 52.174775605959262 ], [ 4.795678362452332, 52.174775642591541 ], [ 4.795678332660925, 52.174777889468615 ], [ 4.795685641846145, 52.174777926100461 ], [ 4.795685612055101, 52.174780172977506 ], [ 4.7956929212407, 52.174780209608869 ], [ 4.79569289145002, 52.174782456485929 ], [ 4.795703855228998, 52.174782511432198 ], [ 4.795703825438872, 52.174784758309244 ], [ 4.795711134625241, 52.174784794939491 ], [ 4.795711104835473, 52.174787041816565 ], [ 4.795725723208993, 52.174787115075738 ], [ 4.795725693419962, 52.174789361952804 ], [ 4.795736657200687, 52.174789416895955 ], [ 4.795736627412209, 52.174791663773078 ], [ 4.795751245787297, 52.174791737029061 ], [ 4.795751215999545, 52.174793983906163 ], [ 4.795765834375427, 52.174794057160334 ], [ 4.79576580458841, 52.17479630403745 ], [ 4.795776768370907, 52.17479635897687 ], [ 4.795776738584437, 52.174798605853937 ], [ 4.795784047773155, 52.174798642479715 ], [ 4.795784017987052, 52.174800889356817 ], [ 4.795794981770708, 52.174800944294567 ], [ 4.795794951985153, 52.174803191171641 ], [ 4.79580591576939, 52.174803246108411 ], [ 4.795805885984384, 52.174805492985513 ], [ 4.795816849769206, 52.174805547921252 ], [ 4.795816819984748, 52.17480779479834 ], [ 4.795820474579878, 52.174807813110021 ], [ 4.795820444795604, 52.174810059987109 ], [ 4.795827753986244, 52.174810096610145 ], [ 4.795827724202335, 52.17481234348724 ], [ 4.795835033393356, 52.174812380109842 ], [ 4.795835003609809, 52.174814626986915 ], [ 4.795842312801217, 52.174814663609084 ], [ 4.795842283018034, 52.174816910486172 ], [ 4.795849592209821, 52.17481694710785 ], [ 4.795849562427004, 52.174819193984931 ], [ 4.795860526215263, 52.17481924891667 ], [ 4.795860496432992, 52.174821495793751 ], [ 4.79588242401071, 52.174821605654088 ], [ 4.795882394229542, 52.17482385253119 ] ] ] } },
{ "type": "Feature", "properties": { "class": "parcel", "raw_confidence": 0.3992, "source_tile_id": "tile-110000-460000", "was_valid": true, "area_m2": 29.054617928725396 }, "geometry": { "type": "Polygon", "coordinates": [ [ [ 4.795706268218009, 52.17460051438723 ], [ 4.79572819568659, 52.174600624276074 ], [ 4.795728225475335, 52.174598377398972 ], [ 4.79573188005326, 52.174598395713346 ], [ 4.795731909841812, 52.174596148836187 ], [ 4.795735564419558, 52.17459616715049 ], [ 4.795735594207923, 52.174593920273352 ], [ 4.795739248785487, 52.174593938587549 ], [ 4.795739308361843, 52.174589444833217 ], [ 4.795742962939043, 52.174589463147313 ], [ 4.795743082090973, 52.174580475638685 ], [ 4.795739427514509, 52.17458045732463 ], [ 4.795739546667123, 52.174571469816016 ], [ 4.795735892091399, 52.174571451501869 ], [ 4.795735981456374, 52.174564710870364 ], [ 4.795732326881206, 52.174564692556118 ], [ 4.79573238645821, 52.174560198801785 ], [ 4.795728731883412, 52.174560180487411 ], [ 4.795728761672092, 52.174557933610259 ], [ 4.795725107097482, 52.174557915295729 ], [ 4.795725136886346, 52.174555668418584 ], [ 4.795717827737507, 52.174555631789261 ], [ 4.79571785752673, 52.174553384912073 ], [ 4.795703239229832, 52.174553311652062 ], [ 4.795703358389643, 52.17454432414344 ], [ 4.795707012963127, 52.174544342458624 ], [ 4.795707102332397, 52.174537601827168 ], [ 4.795710756905328, 52.174537620142189 ], [ 4.795710905853123, 52.174526385756387 ], [ 4.795707251281105, 52.174526367441331 ], [ 4.79570731086057, 52.174521873687013 ], [ 4.795703656288926, 52.174521855371879 ], [ 4.795703686078836, 52.174519608494691 ], [ 4.795692722364482, 52.174519553548535 ], [ 4.795692662783556, 52.174524047302853 ], [ 4.795689008211743, 52.17452402898725 ], [ 4.79568897842109, 52.174526275864423 ], [ 4.795685323849098, 52.174526257548663 ], [ 4.795685294058258, 52.174528504425801 ], [ 4.795681639486085, 52.174528486109978 ], [ 4.795681550112993, 52.17453522674144 ], [ 4.795685204685719, 52.174535245057278 ], [ 4.795685115313146, 52.174541985688755 ], [ 4.795688769886426, 52.174542004004472 ], [ 4.795688650723685, 52.174550991513073 ], [ 4.795684996149669, 52.174550973197334 ], [ 4.795684966358788, 52.174553220074465 ], [ 4.795677657210397, 52.174553183442654 ], [ 4.795677627419147, 52.174555430319785 ], [ 4.795673972844771, 52.174555412003734 ], [ 4.795673943053335, 52.174557658880865 ], [ 4.79567028847878, 52.174557640564657 ], [ 4.795670258687152, 52.174559887441774 ], [ 4.795666604112416, 52.174559869125474 ], [ 4.795666574320604, 52.174562116002612 ], [ 4.795655610595861, 52.174562061052981 ], [ 4.795655461633985, 52.17457329543862 ], [ 4.795659116209818, 52.174573313755339 ], [ 4.795658967248778, 52.174584548140942 ], [ 4.79566993097905, 52.174584603090253 ], [ 4.795669901187386, 52.174586849967419 ], [ 4.795673555764335, 52.174586868283598 ], [ 4.795673525972846, 52.1745891151607 ], [ 4.795680835127128, 52.17458915179283 ], [ 4.795680805336006, 52.174591398669961 ], [ 4.795684459913335, 52.17459141698582 ], [ 4.795684430122394, 52.174593663862957 ], [ 4.795688084699908, 52.174593682178724 ], [ 4.795688054909149, 52.17459592905584 ], [ 4.795691709486854, 52.174595947371493 ], [ 4.795691679696272, 52.174598194248652 ], [ 4.795706298007856, 52.174598267510106 ], [ 4.795706268218009, 52.17460051438723 ] ] ] } },
{ "type": "Feature", "properties": { "class": "parcel", "raw_confidence": 0.3964, "source_tile_id": "tile-110000-460000", "was_valid": true, "area_m2": 30.054344988755659 }, "geometry": { "type": "Polygon", "coordinates": [ [ [ 4.795580175554404, 52.17446281378357 ], [ 4.79559844838813, 52.174462905377318 ], [ 4.795598478183289, 52.174460658500166 ], [ 4.795602132749861, 52.174460676818597 ], [ 4.795602192339797, 52.174456183064279 ], [ 4.795609501472216, 52.174456219700772 ], [ 4.795609650445156, 52.174444985314942 ], [ 4.795613305010449, 52.174445003633011 ], [ 4.795613364599233, 52.174440509878679 ], [ 4.795617019164161, 52.174440528196648 ], [ 4.795617048958365, 52.174438281319475 ], [ 4.795620703523112, 52.174438299637302 ], [ 4.795620733317128, 52.174436052760115 ], [ 4.795624387881698, 52.174436071077871 ], [ 4.795624417675524, 52.174433824200662 ], [ 4.795628072239909, 52.174433842518269 ], [ 4.795628221208076, 52.174422608132417 ], [ 4.79562456664461, 52.174422589814803 ], [ 4.795624596438421, 52.174420342937651 ], [ 4.795620941875141, 52.174420324619909 ], [ 4.795620971669126, 52.174418077742715 ], [ 4.795606353416783, 52.174418004470759 ], [ 4.795606383211503, 52.174415757593579 ], [ 4.795599074085719, 52.174415720956944 ], [ 4.795599103880807, 52.174413474079778 ], [ 4.795591794755405, 52.174413437442674 ], [ 4.795591824550854, 52.174411190565479 ], [ 4.795580860863331, 52.174411135608956 ], [ 4.79558089065933, 52.17440888873179 ], [ 4.79556992697239, 52.174408833774315 ], [ 4.795569956768939, 52.174406586897113 ], [ 4.795566302206815, 52.17440656857773 ], [ 4.795566332003544, 52.174404321700557 ], [ 4.795529786384352, 52.174404138500321 ], [ 4.795529756585784, 52.174406385377523 ], [ 4.795526102023699, 52.174406367056839 ], [ 4.79552607222494, 52.174408613933998 ], [ 4.795518763100416, 52.174408577292375 ], [ 4.795518733301286, 52.174410824169499 ], [ 4.79550411505154, 52.174410750884888 ], [ 4.795504025651923, 52.174417491516266 ], [ 4.795507680214907, 52.174417509837639 ], [ 4.795507650415216, 52.174419756714798 ], [ 4.795511304978387, 52.174419775036007 ], [ 4.795511275178872, 52.174422021913145 ], [ 4.795518584305593, 52.17442205855523 ], [ 4.795518554506445, 52.174424305432389 ], [ 4.795555100142101, 52.174424488636092 ], [ 4.79555492135818, 52.174437969899017 ], [ 4.795551266793495, 52.174437951579144 ], [ 4.795551088008343, 52.174451432841963 ], [ 4.795554742574133, 52.174451451161843 ], [ 4.795554712776779, 52.174453698039009 ], [ 4.795558367342758, 52.174453716358784 ], [ 4.795558337545588, 52.174455963235921 ], [ 4.795561992111753, 52.174455981555553 ], [ 4.795561962314759, 52.174458228432712 ], [ 4.79556561688111, 52.174458246752238 ], [ 4.7955655870843, 52.174460493629397 ], [ 4.795580205350484, 52.174460566906426 ], [ 4.795580175554404, 52.17446281378357 ] ] ] } },
{ "type": "Feature", "properties": { "class": "parcel", "raw_confidence": 0.3976, "source_tile_id": "tile-110000-460000", "was_valid": true, "area_m2": 40.23920246267727 }, "geometry": { "type": "Polygon", "coordinates": [ [ [ 4.801772290162686, 52.173282543323154 ], [ 4.801805180422773, 52.173282706462579 ], [ 4.801805209904249, 52.173280459582941 ], [ 4.801812518850602, 52.173280495834895 ], [ 4.801812548331707, 52.17327824895527 ], [ 4.801841784115793, 52.17327839395859 ], [ 4.801841813595421, 52.173276147078923 ], [ 4.801852777013955, 52.173276201453284 ], [ 4.801852806493026, 52.17327395457361 ], [ 4.801856460965694, 52.173273972698219 ], [ 4.801856490444579, 52.173271725818516 ], [ 4.801860144917068, 52.173271743942969 ], [ 4.801860174395764, 52.173269497063288 ], [ 4.801863828868071, 52.17326951518762 ], [ 4.801863858346579, 52.173267268307946 ], [ 4.801867512818705, 52.173267286432178 ], [ 4.801867601253657, 52.173260545793163 ], [ 4.801863946782086, 52.173260527668972 ], [ 4.801864005739069, 52.173256033909645 ], [ 4.801860351267868, 52.173256015785249 ], [ 4.801860380746541, 52.173253768905667 ], [ 4.801842108391499, 52.1732536782823 ], [ 4.801842137871088, 52.173251431402662 ], [ 4.801834828929464, 52.173251395152541 ], [ 4.801834858409419, 52.173249148272866 ], [ 4.801827549468174, 52.17324911202229 ], [ 4.801827578948498, 52.173246865142609 ], [ 4.801787379773931, 52.173246665756416 ], [ 4.80178740925627, 52.173244418876742 ], [ 4.801783754786061, 52.173244400750079 ], [ 4.801783784268582, 52.173242153870412 ], [ 4.801780129798559, 52.173242135743614 ], [ 4.801780159281259, 52.173239888863975 ], [ 4.801754577992484, 52.173239761973143 ], [ 4.80175460747647, 52.173237515093504 ], [ 4.801732680658758, 52.173237406325541 ], [ 4.801732651173666, 52.173239653205165 ], [ 4.801728996703875, 52.173239635076733 ], [ 4.801728937733313, 52.173244128836025 ], [ 4.801725283263158, 52.173244110707529 ], [ 4.801725224292217, 52.173248604466792 ], [ 4.801721569821696, 52.173248586338133 ], [ 4.801721540336038, 52.173250833217807 ], [ 4.801717885865337, 52.173250815089062 ], [ 4.801717856379485, 52.17325306196868 ], [ 4.801714201908606, 52.173253043839821 ], [ 4.801714172422572, 52.17325529071946 ], [ 4.80171051795151, 52.173255272590495 ], [ 4.801710488465286, 52.173257519470113 ], [ 4.801706833994042, 52.173257501341034 ], [ 4.801706775021216, 52.173261995100241 ], [ 4.801703120549613, 52.173261976971069 ], [ 4.801702943629955, 52.173275458248753 ], [ 4.801710252575382, 52.173275494507052 ], [ 4.801710223089126, 52.173277741386656 ], [ 4.80172118650785, 52.173277795773267 ], [ 4.801721157022143, 52.173280042652856 ], [ 4.801772319645818, 52.173280296443522 ], [ 4.801772290162686, 52.173282543323154 ] ] ] } },
{ "type": "Feature", "properties": { "class": "parcel", "raw_confidence": 0.3996, "source_tile_id": "tile-110000-460000", "was_valid": true, "area_m2": 147.27300398849712 }, "geometry": { "type": "Polygon", "coordinates": [ [ [ 4.802080002624965, 52.173227893607795 ], [ 4.802112892846222, 52.173228056661387 ], [ 4.802112922312148, 52.173225809781627 ], [ 4.802116576781009, 52.173225827898136 ], [ 4.80211660624675, 52.17322358101837 ], [ 4.802123915184113, 52.173223617251033 ], [ 4.802123944649481, 52.17322137037123 ], [ 4.802131253586491, 52.173221406603446 ], [ 4.802131283051489, 52.1732191597237 ], [ 4.802134937519815, 52.173219177839627 ], [ 4.802134966984624, 52.17321693095986 ], [ 4.802149584857225, 52.17321700342243 ], [ 4.802149614321295, 52.17321475654262 ], [ 4.802164232193215, 52.17321482900342 ], [ 4.802164261656544, 52.173212582123604 ], [ 4.802189842931251, 52.173212708925639 ], [ 4.80218981346921, 52.173214955805399 ], [ 4.802208085809306, 52.173215046374843 ], [ 4.802208115270426, 52.173212799495033 ], [ 4.802215424206122, 52.173212835722047 ], [ 4.802215453666872, 52.173210588842281 ], [ 4.802230071537566, 52.17321066129481 ], [ 4.802230100997574, 52.173208414415051 ], [ 4.802237409932577, 52.173208450640672 ], [ 4.802237439392212, 52.173206203760849 ], [ 4.802241093859533, 52.173206221873485 ], [ 4.802241123318983, 52.173203974993662 ], [ 4.802244777786123, 52.173203993106227 ], [ 4.802244836704644, 52.17319949934658 ], [ 4.80224849117142, 52.173199517458997 ], [ 4.80224855008956, 52.173195023699357 ], [ 4.802252204555971, 52.173195041811638 ], [ 4.802252410768064, 52.173179313652845 ], [ 4.802245101837821, 52.173179277428183 ], [ 4.802245131297048, 52.173177030548331 ], [ 4.802212241112789, 52.173176867531659 ], [ 4.802212270573667, 52.173174620651864 ], [ 4.802204961644236, 52.173174584424672 ], [ 4.802204991105479, 52.173172337544862 ], [ 4.802201336640953, 52.173172319431082 ], [ 4.802201395563799, 52.173167825671499 ], [ 4.802194086635494, 52.17316778944361 ], [ 4.802194116097279, 52.173165542563829 ], [ 4.802186807169356, 52.173165506335508 ], [ 4.802186836631503, 52.173163259455691 ], [ 4.802179527703962, 52.173163223226965 ], [ 4.802179557166477, 52.17316097634712 ], [ 4.802150321457924, 52.173160831427651 ], [ 4.802150350921908, 52.173158584547856 ], [ 4.80214304199517, 52.173158548316856 ], [ 4.802143071459517, 52.173156301437039 ], [ 4.802139416996339, 52.173156283321383 ], [ 4.802139446460867, 52.173154036441588 ], [ 4.802135791997875, 52.173154018325803 ], [ 4.802135821462585, 52.173151771445987 ], [ 4.802128512536981, 52.17315173521407 ], [ 4.802128542002055, 52.173149488334253 ], [ 4.802121233076833, 52.17314945210196 ], [ 4.802121262542273, 52.173147205222122 ], [ 4.802113953617431, 52.173147168989345 ], [ 4.802113983083234, 52.173144922109529 ], [ 4.802110328621003, 52.173144903992984 ], [ 4.802110358086989, 52.173142657113154 ], [ 4.802106703624945, 52.173142638996509 ], [ 4.802106733091109, 52.173140392116693 ], [ 4.802103078629252, 52.1731403739999 ], [ 4.802103108095599, 52.17313812712009 ], [ 4.802099453633931, 52.173138109003212 ], [ 4.802099483100456, 52.173135862123416 ], [ 4.802095828638976, 52.173135844006396 ], [ 4.80209585810568, 52.173133597126593 ], [ 4.802092203644388, 52.173133579009502 ], [ 4.802092233111273, 52.173131332129678 ], [ 4.80208857865017, 52.173131314012416 ], [ 4.802088608117238, 52.173129067132642 ], [ 4.802084953656318, 52.173129049015287 ], [ 4.802084983123567, 52.173126802135478 ], [ 4.802081328662836, 52.173126784018038 ], [ 4.802081358130263, 52.173124537138207 ], [ 4.80207770366972, 52.173124519020639 ], [ 4.802077733137333, 52.173122272140844 ], [ 4.802074078676974, 52.173122254023163 ], [ 4.802074108144767, 52.173120007143368 ], [ 4.802070453684597, 52.173119989025558 ], [ 4.802070483152569, 52.173117742145756 ], [ 4.802048556392732, 52.173117633436611 ], [ 4.802048585861805, 52.17311538655683 ], [ 4.802030313562955, 52.173115295962724 ], [ 4.802030284092959, 52.173117542842448 ], [ 4.802012011793273, 52.173117452245563 ], [ 4.80201195285144, 52.173121946005132 ], [ 4.802008298391143, 52.173121927885376 ], [ 4.802008209977811, 52.173128668524711 ], [ 4.802004555516969, 52.173128650404834 ], [ 4.80200449657436, 52.173133144164389 ], [ 4.802000842113152, 52.173133126044426 ], [ 4.80200081264166, 52.173135372924172 ], [ 4.801997158180269, 52.173135354804131 ], [ 4.801997099236906, 52.173139848563636 ], [ 4.801993444775152, 52.173139830443446 ], [ 4.801993385831406, 52.173144324202973 ], [ 4.801989731369287, 52.173144306082655 ], [ 4.80198967242516, 52.173148799842146 ], [ 4.801986017962677, 52.173148781721743 ], [ 4.801985959018167, 52.173153275481248 ], [ 4.801982304555318, 52.17315325736071 ], [ 4.801982275082877, 52.173155504240448 ], [ 4.801978620619844, 52.173155486119803 ], [ 4.801978561674579, 52.173159979879308 ], [ 4.801974907211186, 52.173159961758529 ], [ 4.801974818792709, 52.173166702397751 ], [ 4.801971164328768, 52.1731666842769 ], [ 4.801971134855752, 52.173168931156638 ], [ 4.801967480391628, 52.173168913035653 ], [ 4.801967421445217, 52.173173406795108 ], [ 4.801963766980728, 52.173173388674016 ], [ 4.801963678560532, 52.173180129313188 ], [ 4.801960024095494, 52.173180111191947 ], [ 4.801959935674718, 52.173186851831183 ], [ 4.801963590140307, 52.173186869952396 ], [ 4.801963531193472, 52.173191363711858 ], [ 4.801967185659431, 52.173191381832993 ], [ 4.801967126712952, 52.173195875592413 ], [ 4.801974435645618, 52.173195911834327 ], [ 4.80197440617274, 52.173198158714051 ], [ 4.80198171510579, 52.173198194955525 ], [ 4.801981685633277, 52.17320044183527 ], [ 4.801985340099991, 52.173200459955829 ], [ 4.801985310627659, 52.173202706835553 ], [ 4.801992619561463, 52.173202743076359 ], [ 4.801992590089498, 52.173204989956105 ], [ 4.801996244556588, 52.173205008076316 ], [ 4.801996215084805, 52.173207254956047 ], [ 4.802003524019364, 52.173207291196185 ], [ 4.802003494547944, 52.173209538075895 ], [ 4.802014457950365, 52.1732095924352 ], [ 4.802014428479492, 52.173211839314924 ], [ 4.802021737414822, 52.173211875553925 ], [ 4.802021707944315, 52.17321412243367 ], [ 4.802029016880031, 52.173214158672188 ], [ 4.802028987409887, 52.173216405551919 ], [ 4.802036296345984, 52.173216441790046 ], [ 4.802036266876205, 52.173218688669756 ], [ 4.802043575812683, 52.173218724907422 ], [ 4.802043546343271, 52.173220971787167 ], [ 4.802058164217004, 52.173221044261062 ], [ 4.802058134748322, 52.173223291140822 ], [ 4.802065443685579, 52.173223327377109 ], [ 4.802065414217263, 52.17322557425684 ], [ 4.802080032092549, 52.173225646728042 ], [ 4.802080002624965, 52.173227893607795 ] ] ] } },
{ "type": "Feature", "properties": { "class": "parcel", "raw_confidence": 0.4012, "source_tile_id": "tile-110000-460000", "was_valid": true, "area_m2": 25.993023594708145 }, "geometry": { "type": "Polygon", "coordinates": [ [ [ 4.801601532638751, 52.173205297317764 ], [ 4.801616150506411, 52.173205369846421 ], [ 4.801616179997344, 52.173203122966825 ], [ 4.801623488930827, 52.173203159230447 ], [ 4.801623518421383, 52.173200912350822 ], [ 4.801630827354512, 52.17320094861406 ], [ 4.801630856844698, 52.173198701734421 ], [ 4.801641820243867, 52.173198756128372 ], [ 4.801641849733497, 52.173196509248712 ], [ 4.801656467598364, 52.173196581772402 ], [ 4.801656497087253, 52.173194334892777 ], [ 4.801667460485387, 52.173194389284333 ], [ 4.801667430997048, 52.173196636163937 ], [ 4.801689357794513, 52.173196744944036 ], [ 4.801689328307275, 52.173198991823661 ], [ 4.801711255105966, 52.173199100599668 ], [ 4.801711225619829, 52.173201347479321 ], [ 4.801722189019771, 52.173201401865789 ], [ 4.801722218505356, 52.173199154986094 ], [ 4.801725872971829, 52.173199173114718 ], [ 4.801725961428009, 52.173192432475787 ], [ 4.801722306962092, 52.17319241434717 ], [ 4.801722365933231, 52.173187920587864 ], [ 4.801718711467683, 52.173187902459162 ], [ 4.801718740953433, 52.173185655579523 ], [ 4.801711432022716, 52.173185619321785 ], [ 4.801711461508831, 52.173183372442125 ], [ 4.801704152578497, 52.173183336183946 ], [ 4.801704182064976, 52.173181089304286 ], [ 4.801700527599997, 52.173181071175044 ], [ 4.801700557086656, 52.173178824295356 ], [ 4.801696902621867, 52.173178806165993 ], [ 4.801696932108706, 52.173176559286361 ], [ 4.801689623179501, 52.173176523027266 ], [ 4.801689652666706, 52.173174276147606 ], [ 4.801682343737887, 52.17317423988807 ], [ 4.801682373225457, 52.173171993008431 ], [ 4.80163486519085, 52.173171757310342 ], [ 4.801634894680809, 52.173169510430697 ], [ 4.801627585752828, 52.173169474167793 ], [ 4.801627615243151, 52.17316722728814 ], [ 4.801616651851759, 52.173167172892917 ], [ 4.801616622360882, 52.17316941977252 ], [ 4.801609313432935, 52.173169383508473 ], [ 4.801609283941689, 52.173171630388083 ], [ 4.801601975013386, 52.173171594123552 ], [ 4.80160194552177, 52.173173841003177 ], [ 4.801598291057439, 52.17317382287073 ], [ 4.801598261565634, 52.173176069750369 ], [ 4.801590952636616, 52.173176033485156 ], [ 4.801590893652259, 52.173180527244384 ], [ 4.801587239187388, 52.173180509111617 ], [ 4.801587003248345, 52.173198484148493 ], [ 4.801590657714687, 52.173198502281259 ], [ 4.801590628222475, 52.173200749160848 ], [ 4.801594282689006, 52.173200767293544 ], [ 4.801594253196976, 52.173203014173126 ], [ 4.801601562130418, 52.173203050438147 ], [ 4.801601532638751, 52.173205297317764 ] ] ] } },
{ "type": "Feature", "properties": { "class": "parcel", "raw_confidence": 0.4017, "source_tile_id": "tile-110000-460000", "was_valid": true, "area_m2": 62.233123542422504 }, "geometry": { "type": "Polygon", "coordinates": [ [ [ 4.796166945957506, 52.180932691956016 ], [ 4.796177911249294, 52.180932746860456 ], [ 4.796178000564059, 52.180926006236007 ], [ 4.796181655660777, 52.180926024537222 ], [ 4.796181715203566, 52.180921530787607 ], [ 4.796185370299919, 52.180921549088737 ], [ 4.796185429842327, 52.180917055339087 ], [ 4.796189084938315, 52.180917073640074 ], [ 4.796189174251348, 52.180910333015639 ], [ 4.796192829346786, 52.180910351316498 ], [ 4.796193275908735, 52.180876648194008 ], [ 4.796196931001414, 52.180876666494733 ], [ 4.796196990542581, 52.180872172745055 ], [ 4.796200645634893, 52.180872191045708 ], [ 4.796200675405289, 52.180869944170851 ], [ 4.796204330497423, 52.180869962471377 ], [ 4.796204360267628, 52.180867715596534 ], [ 4.79620801535958, 52.18086773389696 ], [ 4.796208074899614, 52.180863240147268 ], [ 4.796211729991201, 52.180863258447566 ], [ 4.79621175976103, 52.180861011572738 ], [ 4.796215414852437, 52.180861029872894 ], [ 4.796215444622075, 52.180858782998044 ], [ 4.796222754804533, 52.1808588195981 ], [ 4.796222814343064, 52.180854325848344 ], [ 4.796226469433931, 52.180854344148187 ], [ 4.796226499203007, 52.180852097273359 ], [ 4.796230154293691, 52.180852115573074 ], [ 4.796230184062581, 52.180849868698246 ], [ 4.796233839153084, 52.180849886997827 ], [ 4.796233928459179, 52.180843146373263 ], [ 4.796237583549133, 52.180843164672744 ], [ 4.796237672854647, 52.18083642404811 ], [ 4.796241327944052, 52.180836442347527 ], [ 4.796241357712365, 52.180834195472627 ], [ 4.796245012801589, 52.180834213771888 ], [ 4.796245042569716, 52.18083196689701 ], [ 4.796248697658759, 52.180831985196178 ], [ 4.79624875719463, 52.180827491446436 ], [ 4.79625241228331, 52.180827509745463 ], [ 4.796252501586541, 52.180820769120814 ], [ 4.796256156674671, 52.180820787419762 ], [ 4.796256305512398, 52.180809553045322 ], [ 4.796259960599609, 52.18080957134412 ], [ 4.796260079668991, 52.180800583844523 ], [ 4.796263734755474, 52.180800602143236 ], [ 4.79626382405692, 52.180793861518531 ], [ 4.796267479142851, 52.180793879817109 ], [ 4.796267508909811, 52.180791632942245 ], [ 4.796271163995561, 52.180791651240682 ], [ 4.796271193762332, 52.180789404365775 ], [ 4.796274848847901, 52.180789422664091 ], [ 4.796274938147639, 52.180782682039371 ], [ 4.79627859323266, 52.180782700337623 ], [ 4.796278742064568, 52.180771465963062 ], [ 4.796264121728187, 52.180771392769508 ], [ 4.796264151495296, 52.180769145894629 ], [ 4.796260496411394, 52.18076912759593 ], [ 4.796260526178683, 52.180766880721016 ], [ 4.796256871094968, 52.180766862422267 ], [ 4.796256930629903, 52.18076236867244 ], [ 4.796253275546561, 52.180762350373527 ], [ 4.796253364849491, 52.180755609748836 ], [ 4.796238744518362, 52.180755536552148 ], [ 4.796238655213225, 52.180762277176868 ], [ 4.796235000129901, 52.180762258877408 ], [ 4.796234970361328, 52.1807645057523 ], [ 4.796231315277821, 52.180764487452734 ], [ 4.796231255740302, 52.180768981202526 ], [ 4.79622760065643, 52.180768962902853 ], [ 4.796227570887481, 52.180771209777717 ], [ 4.796223915803433, 52.180771191477923 ], [ 4.796223856265153, 52.180775685227722 ], [ 4.796220201180734, 52.180775666927758 ], [ 4.796220141642076, 52.180780160677571 ], [ 4.796216486557296, 52.180780142377536 ], [ 4.796216456787778, 52.180782389252407 ], [ 4.796212801702814, 52.180782370952279 ], [ 4.796212771933108, 52.180784617827143 ], [ 4.796209116847965, 52.180784599526895 ], [ 4.796209087078073, 52.180786846401766 ], [ 4.796205431992746, 52.180786828101404 ], [ 4.796205372452581, 52.180791321851167 ], [ 4.796201717366891, 52.180791303550649 ], [ 4.796201657826344, 52.180795797300426 ], [ 4.796198002740291, 52.180795778999837 ], [ 4.79619791342889, 52.180802519624443 ], [ 4.796194258342286, 52.180802501323704 ], [ 4.796194198800967, 52.180806995073453 ], [ 4.796190543714, 52.180806976772622 ], [ 4.796190394859718, 52.180818211146963 ], [ 4.796186739771834, 52.180818192846004 ], [ 4.796186620687609, 52.180827180345446 ], [ 4.796182965598992, 52.180827162044352 ], [ 4.796182578572488, 52.180856371417427 ], [ 4.796178923481481, 52.180856353116233 ], [ 4.796178834167036, 52.180863093740761 ], [ 4.79617517907548, 52.180863075439426 ], [ 4.796175059988768, 52.180872062938768 ], [ 4.796171404896479, 52.180872044637368 ], [ 4.796171256037093, 52.180883279011525 ], [ 4.796167600943887, 52.180883260709969 ], [ 4.79616754139974, 52.18088775445964 ], [ 4.796163886306165, 52.180887736157942 ], [ 4.796163856533902, 52.180889983032763 ], [ 4.79616020144015, 52.180889964730966 ], [ 4.796160141895246, 52.180894458480644 ], [ 4.796156486801129, 52.180894440178704 ], [ 4.796156457028488, 52.180896687053554 ], [ 4.796152801934189, 52.180896668751515 ], [ 4.796152742388527, 52.180901162501151 ], [ 4.796149087293865, 52.180901144199055 ], [ 4.796149027747822, 52.18090563794869 ], [ 4.796145372652791, 52.180905619646389 ], [ 4.796145283333148, 52.180912360270838 ], [ 4.796141628237574, 52.180912341968479 ], [ 4.796141598464167, 52.180914588843308 ], [ 4.796137943368407, 52.1809145705408 ], [ 4.796137883821221, 52.18091906429045 ], [ 4.796134228725097, 52.180919045987849 ], [ 4.796134139403734, 52.180925786612264 ], [ 4.796159725080532, 52.180925914728057 ], [ 4.796159695308025, 52.180928161602871 ], [ 4.796163350404908, 52.180928179904704 ], [ 4.796163320632583, 52.180930426779511 ], [ 4.796166975729651, 52.180930445081216 ], [ 4.796166945957506, 52.180932691956016 ] ] ] } },
{ "type": "Feature", "properties": { "class": "parcel", "raw_confidence": 0.4036, "source_tile_id": "tile-110000-460000", "was_valid": true, "area_m2": 20.869436158834095 }, "geometry": { "type": "Polygon", "coordinates": [ [ [ 4.805297428069039, 52.172288814782384 ], [ 4.805319354431736, 52.172288922887198 ], [ 4.805319383735339, 52.17228667600606 ], [ 4.805326692522561, 52.172286712040098 ], [ 4.805326721825793, 52.172284465158953 ], [ 4.805337685006102, 52.172284519209128 ], [ 4.805337714308775, 52.172282272327976 ], [ 4.805355986275108, 52.172282362409383 ], [ 4.80535601557686, 52.172280115528189 ], [ 4.805377941935466, 52.172280223622167 ], [ 4.805377971236108, 52.172277976740965 ], [ 4.80539989759373, 52.172278084830872 ], [ 4.805399926893267, 52.17227583794967 ], [ 4.805410890071571, 52.172275891993053 ], [ 4.805410977968499, 52.172269151349433 ], [ 4.805403669184065, 52.172269115320645 ], [ 4.805403698483403, 52.172266868439458 ], [ 4.805370808955263, 52.172266706304143 ], [ 4.805370838256256, 52.172264459422955 ], [ 4.80536352947263, 52.172264423391674 ], [ 4.805363558773984, 52.172262176510458 ], [ 4.805359904382365, 52.172262158494632 ], [ 4.8053599336839, 52.172259911613466 ], [ 4.805338007335337, 52.172259803516134 ], [ 4.805338036637973, 52.172257556634946 ], [ 4.80529418394342, 52.172257340428132 ], [ 4.805294154638574, 52.172259587309348 ], [ 4.8052905002472, 52.17225956929137 ], [ 4.805290470942168, 52.172261816172536 ], [ 4.80528316215906, 52.172261780136253 ], [ 4.805283132853655, 52.172264027017427 ], [ 4.805279478461922, 52.1722640089991 ], [ 4.805279419850734, 52.172268502761412 ], [ 4.805275765458635, 52.172268484743022 ], [ 4.805275648235482, 52.172277472267631 ], [ 4.805279302628316, 52.172277490286071 ], [ 4.805279273322704, 52.172279737167273 ], [ 4.805282927715726, 52.172279755185563 ], [ 4.805282898410292, 52.172282002066709 ], [ 4.805286552803501, 52.172282020084928 ], [ 4.805286523498251, 52.172284266966095 ], [ 4.805290177891644, 52.17228428498418 ], [ 4.805290148586576, 52.172286531865346 ], [ 4.805297457373745, 52.172286567901189 ], [ 4.805297428069039, 52.172288814782384 ] ] ] } },
{ "type": "Feature", "properties": { "class": "parcel", "raw_confidence": 0.4013, "source_tile_id": "tile-110000-460000", "was_valid": true, "area_m2": 88.788764264925732 }, "geometry": { "type": "Polygon", "coordinates": [ [ [ 4.803999081735891, 52.173480070870681 ], [ 4.804010045207971, 52.173480125044698 ], [ 4.804010074578547, 52.173477878164412 ], [ 4.804017383559583, 52.173477914279843 ], [ 4.804017412929787, 52.173475667399558 ], [ 4.804024721910466, 52.173475703514512 ], [ 4.804024751280304, 52.173473456634234 ], [ 4.804032060260624, 52.173473492748727 ], [ 4.80403208963009, 52.173471245868477 ], [ 4.80403939861006, 52.173471281982543 ], [ 4.80403942797915, 52.173469035102272 ], [ 4.804043082468956, 52.173469053159089 ], [ 4.804043111837861, 52.173466806278803 ], [ 4.804046766327484, 52.17346682433557 ], [ 4.804046795696199, 52.173464577455263 ], [ 4.804050450185645, 52.173464595511902 ], [ 4.804050479554174, 52.173462348631595 ], [ 4.804054134043436, 52.173462366688128 ], [ 4.804054163411777, 52.173460119807807 ], [ 4.804057817900861, 52.173460137864211 ], [ 4.804057847269013, 52.173457890983904 ], [ 4.804061501757918, 52.173457909040188 ], [ 4.804061589861803, 52.173451168399261 ], [ 4.804057935373452, 52.173451150342956 ], [ 4.80405796474159, 52.173448903462699 ], [ 4.804054310253427, 52.173448885406302 ], [ 4.804054339621748, 52.173446638525959 ], [ 4.804047030645799, 52.173446602412824 ], [ 4.804047060014484, 52.173444355532517 ], [ 4.804036096551135, 52.173444301361982 ], [ 4.80403612592037, 52.17344205448169 ], [ 4.804017853482449, 52.173441964195128 ], [ 4.804017882852599, 52.173439717314864 ], [ 4.80399595592831, 52.173439608967314 ], [ 4.803995985299563, 52.173437362087057 ], [ 4.803981367350842, 52.173437289853062 ], [ 4.803981396722826, 52.173435042972784 ], [ 4.803963124287921, 52.173434952677809 ], [ 4.803963153660822, 52.173432705797531 ], [ 4.803955844687252, 52.173432669678782 ], [ 4.803955874060519, 52.173430422798475 ], [ 4.80394856508733, 52.17343038667925 ], [ 4.803948594460961, 52.173428139798979 ], [ 4.803937631001755, 52.173428085619271 ], [ 4.803937660375935, 52.173425838738986 ], [ 4.803923042431115, 52.173425766497836 ], [ 4.803923071806027, 52.173423519617579 ], [ 4.803915762834006, 52.173423483496279 ], [ 4.803915792209283, 52.173421236616036 ], [ 4.803912137723461, 52.173421218555234 ], [ 4.803912167098918, 52.173418971674941 ], [ 4.803908512613283, 52.17341895361406 ], [ 4.803908541988923, 52.173416706733754 ], [ 4.803904887503474, 52.173416688672745 ], [ 4.803904916879295, 52.173414441792481 ], [ 4.803897607908779, 52.173414405670087 ], [ 4.803897637284963, 52.17341215878983 ], [ 4.803890328314828, 52.173412122666988 ], [ 4.803890357691379, 52.173409875786717 ], [ 4.803879394236756, 52.173409821601616 ], [ 4.803879423613853, 52.173407574721352 ], [ 4.803868460159814, 52.173407520535228 ], [ 4.803868489537458, 52.173405273654986 ], [ 4.803806363301609, 52.173404966581124 ], [ 4.803806392682382, 52.173402719700888 ], [ 4.80379542922965, 52.173402665507972 ], [ 4.803795458610972, 52.173400418627729 ], [ 4.803791804126919, 52.17340040056321 ], [ 4.803791892271411, 52.173393659922503 ], [ 4.803780928820931, 52.173393605728258 ], [ 4.803780958202974, 52.173391358848029 ], [ 4.803773649236372, 52.173391322717933 ], [ 4.803773708001186, 52.17338682895749 ], [ 4.803770053518258, 52.173386810892289 ], [ 4.803770082900845, 52.173384564012053 ], [ 4.803766428418103, 52.173384545946725 ], [ 4.80376645780087, 52.17338229906651 ], [ 4.803762803318316, 52.173382281001082 ], [ 4.803762832701262, 52.173380034120825 ], [ 4.803759178218898, 52.173380016055297 ], [ 4.803759207602027, 52.173377769175055 ], [ 4.803744589673332, 52.173377696911807 ], [ 4.803744619057194, 52.173375450031543 ], [ 4.803675183900153, 52.173375106756417 ], [ 4.803675154512796, 52.173377353636646 ], [ 4.803653227620249, 52.173377245225474 ], [ 4.803653257008711, 52.17337499834526 ], [ 4.803631330117393, 52.173374889929995 ], [ 4.803631241948682, 52.173381630570582 ], [ 4.803634896431115, 52.173381648640095 ], [ 4.803634867041719, 52.173383895520267 ], [ 4.803645830489586, 52.173383949728091 ], [ 4.803645801100739, 52.173386196608305 ], [ 4.803656764549186, 52.173386250815085 ], [ 4.803656735160891, 52.173388497695335 ], [ 4.803664044126906, 52.173388533832579 ], [ 4.803664014738976, 52.173390780712772 ], [ 4.803674978188577, 52.173390834917875 ], [ 4.803674948801195, 52.173393081798082 ], [ 4.803711493635264, 52.17339326247442 ], [ 4.803711464249719, 52.173395509354634 ], [ 4.80371511873333, 52.173395527421683 ], [ 4.803715089347966, 52.173397774301883 ], [ 4.803718743831761, 52.173397792368753 ], [ 4.80371871444658, 52.173400039248996 ], [ 4.803722368930562, 52.173400057315746 ], [ 4.803722339545561, 52.17340230419601 ], [ 4.803729648513909, 52.173402340329247 ], [ 4.803729619129273, 52.173404587209426 ], [ 4.803736928098, 52.173404623342257 ], [ 4.803736898713727, 52.173406870222422 ], [ 4.803751516651962, 52.173406942486665 ], [ 4.803751487268422, 52.173409189366907 ], [ 4.803758796237929, 52.173409225498339 ], [ 4.803758766854754, 52.173411472378547 ], [ 4.803762421339697, 52.173411490444089 ], [ 4.803762391956703, 52.173413737324331 ], [ 4.803780664382385, 52.173413827650386 ], [ 4.803780635000307, 52.1734160745306 ], [ 4.803784289485638, 52.173416092595474 ], [ 4.803784260103741, 52.173418339475731 ], [ 4.803791569074784, 52.173418375605145 ], [ 4.80379153969325, 52.173420622485366 ], [ 4.803798848664672, 52.17342065861429 ], [ 4.803798819283507, 52.173422905494583 ], [ 4.803813437227125, 52.173422977751102 ], [ 4.803813407846691, 52.173425224631345 ], [ 4.803824371304997, 52.173425278822577 ], [ 4.803824341925113, 52.173427525702834 ], [ 4.803860886788186, 52.173427706332909 ], [ 4.80386085741014, 52.173429953213173 ], [ 4.803868166383164, 52.173429989337841 ], [ 4.803868137005478, 52.173432236218048 ], [ 4.803875445978885, 52.173432272342311 ], [ 4.803875416601567, 52.173434519222582 ], [ 4.80387907108846, 52.173434537284493 ], [ 4.803879041711321, 52.173436784164743 ], [ 4.803882696198402, 52.173436802226554 ], [ 4.803882666821443, 52.173439049106811 ], [ 4.803886321308712, 52.173439067168545 ], [ 4.803886291931935, 52.173441314048809 ], [ 4.803889946419387, 52.173441332110414 ], [ 4.803889917042793, 52.173443578990657 ], [ 4.803893571530433, 52.173443597052156 ], [ 4.803893542154019, 52.173445843932399 ], [ 4.80389719664185, 52.173445861993805 ], [ 4.803897137889376, 52.173450355754312 ], [ 4.803900792377577, 52.173450373815591 ], [ 4.803900733625456, 52.173454867576098 ], [ 4.80390438811403, 52.173454885637227 ], [ 4.803904358738149, 52.17345713251752 ], [ 4.803911667715675, 52.173457168639501 ], [ 4.803911638340159, 52.17345941551973 ], [ 4.803915292829109, 52.173459433580568 ], [ 4.803915263453775, 52.173461680460775 ], [ 4.803926226921202, 52.173461734642579 ], [ 4.803926197546414, 52.173463981522836 ], [ 4.803933506525083, 52.173464017643475 ], [ 4.803933477150663, 52.173466264523704 ], [ 4.803940786129712, 52.173466300643909 ], [ 4.803940756755658, 52.173468547524187 ], [ 4.803944411245372, 52.173468565584102 ], [ 4.803944381871494, 52.173470812464352 ], [ 4.803948036361397, 52.17347083052416 ], [ 4.803948006987702, 52.173473077404459 ], [ 4.803955315967887, 52.173473113523734 ], [ 4.803955286594555, 52.173475360403977 ], [ 4.8039699045557, 52.173475432641162 ], [ 4.8039698751831, 52.173477679521426 ], [ 4.803999111107021, 52.173477823990424 ], [ 4.803999081735891, 52.173480070870681 ] ] ] } },
{ "type": "Feature", "properties": { "class": "parcel", "raw_confidence": 0.3993, "source_tile_id": "tile-110000-460000", "was_valid": true, "area_m2": 75.542272052836367 }, "geometry": { "type": "Polygon", "coordinates": [ [ [ 4.802968126964525, 52.173225552197039 ], [ 4.80300101718828, 52.173225715003078 ], [ 4.803001046609467, 52.173223468123005 ], [ 4.803015664486042, 52.173223540478304 ], [ 4.803015693906489, 52.173221293598253 ], [ 4.803023002844432, 52.173221329775224 ], [ 4.803023032264505, 52.17321908289518 ], [ 4.803026686733298, 52.173219100983445 ], [ 4.803026716153184, 52.17321685410338 ], [ 4.803030370621794, 52.173216872191581 ], [ 4.803030400041496, 52.173214625311502 ], [ 4.803034054509923, 52.173214643399618 ], [ 4.803034083929439, 52.17321239651956 ], [ 4.803037738397687, 52.173212414607491 ], [ 4.803037767817012, 52.173210167727433 ], [ 4.803041422285082, 52.173210185815307 ], [ 4.803041451704219, 52.173207938935207 ], [ 4.803045106172107, 52.173207957022974 ], [ 4.803045135591058, 52.173205710142902 ], [ 4.803048790058765, 52.173205728230535 ], [ 4.803048937152545, 52.173194493830131 ], [ 4.803045282685758, 52.173194475742491 ], [ 4.803045312104689, 52.173192228862426 ], [ 4.803041657638089, 52.173192210774708 ], [ 4.803041687057202, 52.173189963894636 ], [ 4.803038032590787, 52.173189945806783 ], [ 4.80303806201008, 52.173187698926675 ], [ 4.803030753077633, 52.173187662750664 ], [ 4.80303078249729, 52.173185415870577 ], [ 4.803023473565225, 52.173185379694118 ], [ 4.803023502985247, 52.173183132814039 ], [ 4.803019848519404, 52.173183114725632 ], [ 4.803019877939606, 52.173180867845566 ], [ 4.803012569008297, 52.173180831668404 ], [ 4.803012598428865, 52.173178584788367 ], [ 4.803001635032482, 52.173178530521767 ], [ 4.803001664453597, 52.173176283641681 ], [ 4.802998009988326, 52.173176265552598 ], [ 4.802998039409622, 52.173174018672498 ], [ 4.802994384944541, 52.173174000583337 ], [ 4.802994414366015, 52.173171753703265 ], [ 4.80299075990112, 52.173171735613977 ], [ 4.802990789322775, 52.173169488733919 ], [ 4.802987134858068, 52.173169470644453 ], [ 4.802987164279908, 52.173167223764416 ], [ 4.802983509815387, 52.173167205674893 ], [ 4.802983539237406, 52.173164958794807 ], [ 4.802979884773074, 52.173164940705163 ], [ 4.802979943617468, 52.173160446945033 ], [ 4.802976289153505, 52.173160428855269 ], [ 4.802976318575882, 52.173158181975197 ], [ 4.802969009648337, 52.173158145795369 ], [ 4.802969039071079, 52.17315589891529 ], [ 4.80295442121677, 52.173155826554257 ], [ 4.802954450640244, 52.173153579674178 ], [ 4.802939832786723, 52.173153507311348 ], [ 4.80293986221093, 52.173151260431283 ], [ 4.8029252443582, 52.173151188066619 ], [ 4.802925214933258, 52.173153434946677 ], [ 4.802910597079851, 52.173153362580216 ], [ 4.802910567654168, 52.173155609460295 ], [ 4.802903258727114, 52.173155573276361 ], [ 4.80290322930106, 52.173157820156419 ], [ 4.802895920373652, 52.173157783972016 ], [ 4.802895890947226, 52.173160030852102 ], [ 4.802892236483342, 52.173160012759752 ], [ 4.80289220705673, 52.173162259639781 ], [ 4.802888552592669, 52.173162241547303 ], [ 4.802888523165867, 52.173164488427332 ], [ 4.802884868701621, 52.173164470334747 ], [ 4.802884839274634, 52.173166717214791 ], [ 4.80288118481021, 52.173166699122078 ], [ 4.802881155383036, 52.173168946002143 ], [ 4.802866537524634, 52.173168873630232 ], [ 4.80286650809672, 52.173171120510226 ], [ 4.802862853631943, 52.173171102416951 ], [ 4.802862794775733, 52.173175596177011 ], [ 4.802859140310594, 52.173175578083637 ], [ 4.802859022597398, 52.173184565603719 ], [ 4.802855368131525, 52.173184547510253 ], [ 4.802855191560525, 52.173198028790345 ], [ 4.802858846027503, 52.173198046883869 ], [ 4.802858816599174, 52.173200293763884 ], [ 4.802862471066339, 52.173200311857251 ], [ 4.802862441638193, 52.173202558737316 ], [ 4.802866096105545, 52.17320257683059 ], [ 4.802866037249607, 52.173207070590607 ], [ 4.802869691717333, 52.173207088683768 ], [ 4.802869662289543, 52.173209335563811 ], [ 4.802873316757456, 52.173209353656866 ], [ 4.802873287329846, 52.173211600536867 ], [ 4.802884250734156, 52.173211654815432 ], [ 4.802884221307094, 52.173213901695426 ], [ 4.802895184711985, 52.173213955972891 ], [ 4.802895155285473, 52.173216202852942 ], [ 4.802906118690948, 52.173216257129404 ], [ 4.802906089264986, 52.173218504009427 ], [ 4.802920707139735, 52.173218576376485 ], [ 4.802920677714505, 52.173220823256528 ], [ 4.802935295590046, 52.173220895621775 ], [ 4.80293526616555, 52.173223142501797 ], [ 4.802968156387371, 52.173223305316995 ], [ 4.802968126964525, 52.173225552197039 ] ] ] } },
{ "type": "Feature", "properties": { "class": "parcel", "raw_confidence": 0.3994, "source_tile_id": "tile-110000-460000", "was_valid": true, "area_m2": 474.62097679284983 }, "geometry": { "type": "Polygon", "coordinates": [ [ [ 4.794511907918617, 52.174542841118054 ], [ 4.794555762791526, 52.174543061335427 ], [ 4.794555792639276, 52.174540814458673 ], [ 4.794559447211859, 52.17454083280937 ], [ 4.794559477059424, 52.174538585932588 ], [ 4.794570440776637, 52.174538640984025 ], [ 4.794570470623647, 52.174536394107257 ], [ 4.794577779768106, 52.174536430807684 ], [ 4.79457780961474, 52.174534183930909 ], [ 4.794585118758842, 52.174534220630839 ], [ 4.794585148605111, 52.17453197375405 ], [ 4.794588803176982, 52.174531992103844 ], [ 4.794588833023065, 52.174529745227048 ], [ 4.794592487594755, 52.174529763576764 ], [ 4.794592547286535, 52.174525269823164 ], [ 4.794596201857862, 52.174525288172703 ], [ 4.794596231703563, 52.17452304129592 ], [ 4.79459988627471, 52.174523059645409 ], [ 4.794599916120223, 52.174520812768606 ], [ 4.794603570691187, 52.174520831117917 ], [ 4.794603630381837, 52.174516337364345 ], [ 4.794607284952438, 52.174516355713536 ], [ 4.794607344642703, 52.174511861959949 ], [ 4.79461099921294, 52.174511880309062 ], [ 4.794611118592694, 52.174502892801812 ], [ 4.794607464023193, 52.174502874452692 ], [ 4.794607583403629, 52.17449388694542 ], [ 4.794611237972394, 52.174493905294568 ], [ 4.794611387196939, 52.174482670910471 ], [ 4.794615041764787, 52.174482689259449 ], [ 4.794615101454211, 52.17447819550582 ], [ 4.794618756021692, 52.174478213854691 ], [ 4.794618815710738, 52.174473720101069 ], [ 4.794622470277854, 52.174473738449805 ], [ 4.794622500122187, 52.174471491572973 ], [ 4.794629809256064, 52.174471528270118 ], [ 4.794629839100025, 52.174469281393307 ], [ 4.794637148233548, 52.174469318090004 ], [ 4.794637178077137, 52.174467071213186 ], [ 4.794655450910083, 52.174467162952958 ], [ 4.794655480752749, 52.174464916076097 ], [ 4.794670099018433, 52.174464989465875 ], [ 4.794670128860356, 52.174462742589064 ], [ 4.794703019956689, 52.174462907709461 ], [ 4.794703049796954, 52.174460660832587 ], [ 4.794710358929141, 52.174460697524779 ], [ 4.794710388769035, 52.174458450647904 ], [ 4.794714043334952, 52.174458468993841 ], [ 4.794714073174658, 52.174456222116945 ], [ 4.794717727740391, 52.174456240462753 ], [ 4.79471775757991, 52.174453993585885 ], [ 4.794721412145465, 52.174454011931594 ], [ 4.794721441984795, 52.174451765054719 ], [ 4.79472509655017, 52.174451783400286 ], [ 4.794725126389314, 52.174449536523404 ], [ 4.7947360900849, 52.174449591559451 ], [ 4.794736119923488, 52.174447344682612 ], [ 4.794739774488508, 52.174447363027703 ], [ 4.794739953518858, 52.174433881766426 ], [ 4.794736298954946, 52.174433863421307 ], [ 4.794736418309181, 52.174424875913765 ], [ 4.794732763746006, 52.174424857568553 ], [ 4.794732853262196, 52.1744181169379 ], [ 4.794729198699576, 52.174418098592568 ], [ 4.794729288216292, 52.174411357961922 ], [ 4.794725633654227, 52.174411339616491 ], [ 4.7947257828496, 52.174400105232053 ], [ 4.794722128288463, 52.174400086886529 ], [ 4.794722217806195, 52.174393346255847 ], [ 4.79471856324561, 52.174393327910217 ], [ 4.794718593085034, 52.174391081033306 ], [ 4.794714938524636, 52.174391062687526 ], [ 4.794714998203838, 52.174386568933777 ], [ 4.794711343643815, 52.174386550587862 ], [ 4.794711522682442, 52.174373069326521 ], [ 4.794700559005701, 52.174373014288214 ], [ 4.794700588846013, 52.174370767411347 ], [ 4.794675006935033, 52.174370638984712 ], [ 4.794675036776627, 52.174368392107823 ], [ 4.794664073101098, 52.174368337066163 ], [ 4.794664102943242, 52.174366090189274 ], [ 4.794660448384921, 52.174366071841824 ], [ 4.794660508069571, 52.174361578088075 ], [ 4.794656853511622, 52.174361559740497 ], [ 4.794656883354127, 52.174359312863608 ], [ 4.794653228796365, 52.174359294515966 ], [ 4.794653258639049, 52.174357047639077 ], [ 4.794649604081476, 52.174357029291272 ], [ 4.794649633924341, 52.17435478241439 ], [ 4.794642324809575, 52.174354745718475 ], [ 4.794642354652803, 52.1743524988416 ], [ 4.794631390981232, 52.17435244379692 ], [ 4.794631361137451, 52.174354690673781 ], [ 4.79462405202272, 52.174354653976749 ], [ 4.794624022178568, 52.174356900853624 ], [ 4.79462036762102, 52.17435688250491 ], [ 4.79462033777668, 52.17435912938177 ], [ 4.794616683218955, 52.174359111032977 ], [ 4.794616653374427, 52.174361357909874 ], [ 4.794602035142825, 52.174361284513488 ], [ 4.794602005297556, 52.17436353139037 ], [ 4.794591041623338, 52.174363476341888 ], [ 4.794591011777515, 52.174365723218777 ], [ 4.794580048102774, 52.174365668169294 ], [ 4.794580018256395, 52.174367915046098 ], [ 4.794554436347505, 52.174367786593379 ], [ 4.794554406499831, 52.174370033470225 ], [ 4.794550751941247, 52.174370015119358 ], [ 4.794550692245529, 52.174374508873058 ], [ 4.794547037686579, 52.174374490522069 ], [ 4.79454700783853, 52.174376737398923 ], [ 4.794532389602034, 52.174376663993939 ], [ 4.794532359753247, 52.174378910870786 ], [ 4.79452505063465, 52.174378874167587 ], [ 4.79452502078549, 52.174381121044419 ], [ 4.794521366226014, 52.174381102692671 ], [ 4.794521306527315, 52.174385596446328 ], [ 4.794517651967473, 52.174385578094451 ], [ 4.794517622117932, 52.174387824971248 ], [ 4.79451396755791, 52.174387806619279 ], [ 4.794513937708182, 52.174390053496069 ], [ 4.794506628587783, 52.17439001679179 ], [ 4.794506598737684, 52.174392263668572 ], [ 4.794499289616929, 52.174392226963825 ], [ 4.794499259766458, 52.174394473840643 ], [ 4.794495605205903, 52.174394455488105 ], [ 4.794495575355244, 52.174396702364888 ], [ 4.794491920794507, 52.174396684012201 ], [ 4.794491890943663, 52.174398930889048 ], [ 4.794488236382742, 52.174398912536212 ], [ 4.794488206531711, 52.174401159413073 ], [ 4.794484551970613, 52.174401141060159 ], [ 4.794484522119391, 52.174403387936948 ], [ 4.794458940190511, 52.174403259463482 ], [ 4.79445897004302, 52.174401012586657 ], [ 4.794451660920882, 52.174400975878918 ], [ 4.794451690773755, 52.174398729002128 ], [ 4.794448036212875, 52.174398710648092 ], [ 4.794448066065931, 52.174396463771295 ], [ 4.794444411505237, 52.174396445417145 ], [ 4.794444441358475, 52.174394198540341 ], [ 4.79444078679797, 52.174394180186091 ], [ 4.794440965918411, 52.17438069892529 ], [ 4.794444620477813, 52.174380717279575 ], [ 4.794444650331021, 52.17437847040275 ], [ 4.794448304890243, 52.174378488756908 ], [ 4.794448334743264, 52.174376241880069 ], [ 4.794466607538494, 52.17437633364905 ], [ 4.794466637390594, 52.174374086772232 ], [ 4.79448491018499, 52.174374178538386 ], [ 4.794484940036165, 52.174371931661568 ], [ 4.794488594594869, 52.174371950014446 ], [ 4.794488654296843, 52.174367456260796 ], [ 4.794492308855185, 52.174367474613589 ], [ 4.794492338705981, 52.174365227736729 ], [ 4.794499647822304, 52.174365264441946 ], [ 4.794499677672728, 52.174363017565099 ], [ 4.794525259578681, 52.174363146029755 ], [ 4.794525289427813, 52.174360899152894 ], [ 4.794528943985637, 52.174360917504529 ], [ 4.794528973834585, 52.174358670627704 ], [ 4.794532628392227, 52.174358688979254 ], [ 4.794532688089737, 52.17435419522554 ], [ 4.794536342647016, 52.174354213576962 ], [ 4.794536372495583, 52.174351966700101 ], [ 4.794543681609782, 52.174352003402589 ], [ 4.794543711457977, 52.174349756525707 ], [ 4.794547366014896, 52.174349774876774 ], [ 4.794547395862906, 52.174347527999942 ], [ 4.794551050419645, 52.174347546350887 ], [ 4.794551110115284, 52.174343052597173 ], [ 4.794558419228033, 52.174343089298716 ], [ 4.79455844907548, 52.174340842421884 ], [ 4.794565758187878, 52.17434087912298 ], [ 4.794565788034952, 52.174338632246105 ], [ 4.794573097146997, 52.174338668946746 ], [ 4.794573126993697, 52.174336422069906 ], [ 4.794580436105389, 52.174336458770107 ], [ 4.794580465951718, 52.174334211893218 ], [ 4.794591429618727, 52.17433426694268 ], [ 4.794591459464502, 52.174332020065769 ], [ 4.794595114019992, 52.174332038415358 ], [ 4.794595173711163, 52.174327544661615 ], [ 4.794598828266293, 52.17432756301109 ], [ 4.794598887957082, 52.174323069257312 ], [ 4.794602542511845, 52.174323087606666 ], [ 4.794602572357046, 52.174320840729806 ], [ 4.794606226911633, 52.17432085907906 ], [ 4.794606256756648, 52.174318612202143 ], [ 4.794609911311051, 52.174318630551291 ], [ 4.79461012022479, 52.174302902413068 ], [ 4.794613774777906, 52.174302920762088 ], [ 4.794613953845586, 52.174289439500754 ], [ 4.794617608397601, 52.174289457849646 ], [ 4.794617638242016, 52.174287210972722 ], [ 4.794621292793854, 52.174287229321486 ], [ 4.794621322638082, 52.174284982444576 ], [ 4.794628631741393, 52.17428501914177 ], [ 4.794628661585252, 52.174282772264903 ], [ 4.79464693434267, 52.174282864005853 ], [ 4.794647023871462, 52.174276123375144 ], [ 4.79460682381133, 52.174275921541259 ], [ 4.794606793966376, 52.174278168418155 ], [ 4.794592175762061, 52.17427809502064 ], [ 4.794592205607747, 52.174275848143722 ], [ 4.794573932853346, 52.174275756394231 ], [ 4.794573962699955, 52.174273509517363 ], [ 4.794555689946563, 52.174273417765079 ], [ 4.794555719794086, 52.174271170888183 ], [ 4.794526483390311, 52.174271024078642 ], [ 4.794526453541313, 52.174273270955503 ], [ 4.794515489889404, 52.174273215900079 ], [ 4.794515460039853, 52.174275462776947 ], [ 4.794511805489038, 52.174275444424943 ], [ 4.794511775639303, 52.174277691301782 ], [ 4.794504466537318, 52.17427765459734 ], [ 4.794504436687206, 52.174279901474236 ], [ 4.794500782136035, 52.174279883121841 ], [ 4.794500752285739, 52.17428212999868 ], [ 4.794497097734385, 52.174282111646171 ], [ 4.794497067883903, 52.17428435852306 ], [ 4.794493413332366, 52.174284340170423 ], [ 4.794493383481696, 52.174286587047277 ], [ 4.794489728929981, 52.174286568694569 ], [ 4.794489699079122, 52.17428881557143 ], [ 4.794486044527229, 52.174288797218566 ], [ 4.794486014676182, 52.17429104409544 ], [ 4.794482360124103, 52.174291025742491 ], [ 4.79448233027287, 52.174293272619316 ], [ 4.794478675720615, 52.17429325426626 ], [ 4.794478645869191, 52.174295501143106 ], [ 4.794474991316753, 52.174295482789901 ], [ 4.794474961465144, 52.174297729666755 ], [ 4.794471306912529, 52.174297711313443 ], [ 4.794471277060731, 52.174299958190289 ], [ 4.79446396795514, 52.174299921483374 ], [ 4.794463908250798, 52.174304415237081 ], [ 4.794460253697641, 52.174304396883414 ], [ 4.794460164140548, 52.174311137513897 ], [ 4.794456509586841, 52.174311119160159 ], [ 4.794456420029164, 52.174317859790669 ], [ 4.794452765474911, 52.174317841436782 ], [ 4.794452705769409, 52.174322335190432 ], [ 4.794449051214787, 52.174322316836459 ], [ 4.794448991508903, 52.174326810590074 ], [ 4.794445336953917, 52.174326792235995 ], [ 4.794445307100788, 52.174329039112841 ], [ 4.794412416104414, 52.174328873920736 ], [ 4.794412386249626, 52.174331120797547 ], [ 4.794408731694306, 52.174331102442288 ], [ 4.794408671984344, 52.174335596195938 ], [ 4.794405017428661, 52.174335577840573 ], [ 4.794404957718318, 52.174340071594166 ], [ 4.794401303162266, 52.174340053238701 ], [ 4.794401153885428, 52.174351287622741 ], [ 4.794386535657587, 52.174351214199646 ], [ 4.794386625225909, 52.174344473569271 ], [ 4.794382970669511, 52.174344455213259 ], [ 4.794383060238358, 52.174337714582833 ], [ 4.794379405682511, 52.174337696226701 ], [ 4.79437943553897, 52.174335449349904 ], [ 4.794375780983317, 52.174335430993651 ], [ 4.794375810839953, 52.174333184116819 ], [ 4.794372156284487, 52.17433316576048 ], [ 4.794372186141306, 52.174330918883648 ], [ 4.794368531586022, 52.174330900527153 ], [ 4.794368561443025, 52.174328653650399 ], [ 4.794364906887932, 52.174328635293769 ], [ 4.794364996459465, 52.174321894663336 ], [ 4.794368651014004, 52.174321913019966 ], [ 4.794368830155872, 52.174308431759144 ], [ 4.794365175602435, 52.174308413402571 ], [ 4.794365205459587, 52.174306166525753 ], [ 4.794361550906336, 52.174306148169023 ], [ 4.794361580763668, 52.174303901292255 ], [ 4.794357926210606, 52.174303882935384 ], [ 4.794357956068117, 52.174301636058615 ], [ 4.794354301515241, 52.174301617701694 ], [ 4.794354331372934, 52.174299370824862 ], [ 4.794332404056868, 52.174299260680975 ], [ 4.794332374198071, 52.174301507557772 ], [ 4.794328719645222, 52.174301489200069 ], [ 4.794328689786237, 52.174303736076851 ], [ 4.794325035233207, 52.17430371771902 ], [ 4.794324975514861, 52.174308211472614 ], [ 4.794321320961466, 52.174308193114641 ], [ 4.794321291102102, 52.174310439991437 ], [ 4.794317636548529, 52.174310421633351 ], [ 4.794317546969868, 52.17431716226374 ], [ 4.794321201523996, 52.174317180621806 ], [ 4.794321171664619, 52.174319427498595 ], [ 4.794324826218936, 52.174319445856547 ], [ 4.794324796359739, 52.174321692733344 ], [ 4.794328450914242, 52.174321711091196 ], [ 4.794328331478161, 52.174330698598311 ], [ 4.794324676922921, 52.174330680240502 ], [ 4.794324617204493, 52.174335173994052 ], [ 4.794317308093287, 52.174335137278035 ], [ 4.794317158795312, 52.17434637166189 ], [ 4.794320813351835, 52.174346390019998 ], [ 4.794320783492414, 52.17434863689676 ], [ 4.794324438049122, 52.17434865525474 ], [ 4.794324378330637, 52.174353149008283 ], [ 4.794328032887718, 52.174353167366156 ], [ 4.794327973169584, 52.174357661119686 ], [ 4.794331627727037, 52.174357679477438 ], [ 4.794331597868153, 52.1743599263542 ], [ 4.794335252425791, 52.174359944711824 ], [ 4.794335222567086, 52.174362191588649 ], [ 4.794338877124916, 52.174362209946146 ], [ 4.794338847266389, 52.174364456822929 ], [ 4.794342501824401, 52.17436447518034 ], [ 4.794342471966058, 52.174366722057108 ], [ 4.794349781082463, 52.174366758771598 ], [ 4.794349751224485, 52.174369005648359 ], [ 4.794360714899677, 52.174369060719265 ], [ 4.794360685042244, 52.174371307596033 ], [ 4.794364339600833, 52.174371325952784 ], [ 4.794364309743582, 52.174373572829566 ], [ 4.794367964302356, 52.174373591186175 ], [ 4.794367934445287, 52.174375838062979 ], [ 4.794371589004251, 52.174375856419452 ], [ 4.794371559147359, 52.174378103296242 ], [ 4.794375213706511, 52.174378121652659 ], [ 4.794375183849803, 52.174380368529427 ], [ 4.794382492968481, 52.174380405241905 ], [ 4.794382463112137, 52.174382652118695 ], [ 4.794389772231199, 52.174382688830704 ], [ 4.794389742375219, 52.174384935707479 ], [ 4.79439339693494, 52.174384954063342 ], [ 4.794393367079141, 52.174387200940089 ], [ 4.794397021639048, 52.174387219295838 ], [ 4.794396961927809, 52.174391713049417 ], [ 4.794400616488089, 52.174391731405024 ], [ 4.794400586632646, 52.174393978281799 ], [ 4.794411550314058, 52.17439403334798 ], [ 4.794411520459164, 52.174396280224741 ], [ 4.794415175019827, 52.174396298579921 ], [ 4.794415085455684, 52.174403039210297 ], [ 4.794389503527261, 52.174402910721739 ], [ 4.794389473671251, 52.174405157598507 ], [ 4.794382164548506, 52.174405120886476 ], [ 4.794381686845982, 52.174441070914732 ], [ 4.794378032281673, 52.174441052558521 ], [ 4.794377912855166, 52.174450040065565 ], [ 4.794381567420213, 52.174450058421748 ], [ 4.794381388281456, 52.174463539682293 ], [ 4.794385042847611, 52.174463558038418 ], [ 4.79438498313503, 52.174468051791905 ], [ 4.794388637701559, 52.17446807014791 ], [ 4.794388488420971, 52.174479304531651 ], [ 4.794392142988421, 52.174479322887535 ], [ 4.794392023564626, 52.17448831039453 ], [ 4.794395678132816, 52.174488328750307 ], [ 4.794395648277042, 52.174490575627061 ], [ 4.794399302845421, 52.174490593982711 ], [ 4.794399243134231, 52.174495087736211 ], [ 4.794402897702985, 52.174495106091761 ], [ 4.794402837992146, 52.174499599845227 ], [ 4.794406492561268, 52.174499618200691 ], [ 4.79440646270603, 52.174501865077445 ], [ 4.794410117275339, 52.174501883432747 ], [ 4.794410087420282, 52.174504130309536 ], [ 4.79441374198978, 52.174504148664745 ], [ 4.794413712134903, 52.174506395541506 ], [ 4.794421021274272, 52.174506432251576 ], [ 4.79442099141976, 52.174508679128323 ], [ 4.794424645989634, 52.174508697483219 ], [ 4.794424616135307, 52.174510944359952 ], [ 4.794428270705368, 52.174510962714763 ], [ 4.794428240851215, 52.174513209591481 ], [ 4.794431895421467, 52.174513227946136 ], [ 4.794431835713521, 52.174517721699644 ], [ 4.794435490284146, 52.174517740054199 ], [ 4.794435460430351, 52.174519986930946 ], [ 4.794439115001158, 52.17452000528538 ], [ 4.794439085147549, 52.174522252162127 ], [ 4.794442739718544, 52.174522270516448 ], [ 4.794442709865112, 52.174524517393216 ], [ 4.794450019007486, 52.174524554101509 ], [ 4.794449989154416, 52.174526800978271 ], [ 4.794471916582726, 52.174526911100514 ], [ 4.794471886730758, 52.174529157977233 ], [ 4.794475541302338, 52.174529176330566 ], [ 4.794475511450552, 52.17453142320732 ], [ 4.794482820594094, 52.174531459913602 ], [ 4.794482790742672, 52.174533706790349 ], [ 4.794486445314631, 52.174533725143348 ], [ 4.79448641546339, 52.174535972020117 ], [ 4.794493724607689, 52.174536008725696 ], [ 4.794493694756811, 52.174538255602428 ], [ 4.794501003901492, 52.174538292307631 ], [ 4.79450097405098, 52.174540539184413 ], [ 4.794511937768578, 52.174540594241272 ], [ 4.794511907918617, 52.174542841118054 ] ] ] } },
{ "type": "Feature", "properties": { "class": "parcel", "raw_confidence": 0.4022, "source_tile_id": "tile-110000-460000", "was_valid": true, "area_m2": 21.306694337715285 }, "geometry": { "type": "Polygon", "coordinates": [ [ [ 4.792749453508822, 52.164181914964864 ], [ 4.792771375847276, 52.164182025395547 ], [ 4.792771405775864, 52.164179778515368 ], [ 4.792778713221675, 52.164179815324665 ], [ 4.792778743149888, 52.164177568444465 ], [ 4.792782396872616, 52.164177586848936 ], [ 4.792782426800644, 52.164175339968743 ], [ 4.792786080523191, 52.164175358373107 ], [ 4.792786110451032, 52.164173111492914 ], [ 4.792789764173397, 52.164173129897186 ], [ 4.792789794101052, 52.164170883016943 ], [ 4.792793447823237, 52.164170901421087 ], [ 4.792793507678167, 52.16416640766063 ], [ 4.792797161399988, 52.164166426064696 ], [ 4.792797191327263, 52.164164179184468 ], [ 4.792800845048901, 52.164164197588384 ], [ 4.792800904903075, 52.16415970382792 ], [ 4.792804558624348, 52.164159722231737 ], [ 4.792804738185676, 52.164146240950309 ], [ 4.792801084465507, 52.164146222546556 ], [ 4.792801383735949, 52.164123753744185 ], [ 4.792797730017623, 52.164123735340318 ], [ 4.792797939508014, 52.164108007178612 ], [ 4.792786978356913, 52.164107951966301 ], [ 4.792786948429173, 52.164110198846537 ], [ 4.792779640994753, 52.16411016203773 ], [ 4.792779611066643, 52.16411240891793 ], [ 4.792775957349255, 52.164112390513388 ], [ 4.792775927420957, 52.164114637393631 ], [ 4.792772273703388, 52.164114618988947 ], [ 4.792772243774902, 52.164116865869161 ], [ 4.792768590057151, 52.164116847464392 ], [ 4.792768530199799, 52.164121341224849 ], [ 4.79276487648169, 52.164121322819952 ], [ 4.79276478669508, 52.164128063460616 ], [ 4.792761132976419, 52.16412804505557 ], [ 4.792760983331088, 52.164139279456684 ], [ 4.79276463705067, 52.164139297861716 ], [ 4.792764547263981, 52.164146038502381 ], [ 4.792760893543845, 52.164146020097363 ], [ 4.792760803756575, 52.164152760737998 ], [ 4.792757150035893, 52.164152742332838 ], [ 4.792757090177326, 52.164157236093295 ], [ 4.792753436456279, 52.164157217688022 ], [ 4.792753406526807, 52.164159464568201 ], [ 4.79274975280558, 52.164159446162827 ], [ 4.792749692946254, 52.164163939923228 ], [ 4.792746039224663, 52.164163921517783 ], [ 4.792745889575373, 52.164175155918763 ], [ 4.792749543297885, 52.164175174324285 ], [ 4.792749453508822, 52.164181914964864 ] ] ] } },
{ "type": "Feature", "properties": { "class": "parcel", "raw_confidence": 0.4002, "source_tile_id": "tile-110000-460000", "was_valid": true, "area_m2": 66.044508224125835 }, "geometry": { "type": "Polygon", "coordinates": [ [ [ 4.792812704008409, 52.164096846392248 ], [ 4.792834626305265, 52.164096956811079 ], [ 4.792834656230593, 52.164094709930836 ], [ 4.792845617378518, 52.164094765138771 ], [ 4.79284564730329, 52.164092518258485 ], [ 4.792849301019088, 52.164092536660888 ], [ 4.792849360868252, 52.164088042900374 ], [ 4.792853014583686, 52.164088061302657 ], [ 4.792853164205622, 52.164076826901287 ], [ 4.792856817920137, 52.164076845303455 ], [ 4.792856907692708, 52.164070104662635 ], [ 4.792853253978742, 52.164070086260473 ], [ 4.792853672919555, 52.164038629936471 ], [ 4.792857326630941, 52.164038648338618 ], [ 4.79285741640333, 52.164031907697748 ], [ 4.792861070114172, 52.164031926099796 ], [ 4.792861100038113, 52.164029679219503 ], [ 4.792864753748772, 52.164029697621416 ], [ 4.792864783672524, 52.164027450741131 ], [ 4.792868437383004, 52.16402746914293 ], [ 4.792868497230128, 52.164022975382316 ], [ 4.792872150940243, 52.164022993784023 ], [ 4.792872210786985, 52.16401850002341 ], [ 4.792875864496738, 52.164018518424975 ], [ 4.792875924343099, 52.164014024664354 ], [ 4.792879578052482, 52.164014043065833 ], [ 4.792879637898465, 52.164009549305227 ], [ 4.792886945316511, 52.164009586107788 ], [ 4.792886975239128, 52.164007339227474 ], [ 4.792894282656822, 52.164007376029602 ], [ 4.792894312579064, 52.164005129149288 ], [ 4.792897966287732, 52.164005147550206 ], [ 4.792897996209788, 52.164002900669864 ], [ 4.79290164991828, 52.16400291907064 ], [ 4.792901679840146, 52.164000672190298 ], [ 4.792905333548453, 52.164000690590974 ], [ 4.792905453235162, 52.163991703069705 ], [ 4.792909106942737, 52.163991721470246 ], [ 4.792909166785703, 52.163987227709583 ], [ 4.792912820492914, 52.163987246110018 ], [ 4.792912880335498, 52.163982752349334 ], [ 4.792916534042342, 52.163982770749641 ], [ 4.792917222226838, 52.163931092501819 ], [ 4.792920875929454, 52.163931110901984 ], [ 4.792920935771129, 52.163926617141236 ], [ 4.792924589473381, 52.16392663554128 ], [ 4.792924619394029, 52.163924388660945 ], [ 4.792928273096102, 52.163924407060897 ], [ 4.792928332937019, 52.163919913300198 ], [ 4.792931986638727, 52.163919931700022 ], [ 4.792932016558996, 52.163917684819644 ], [ 4.792935670260522, 52.163917703219319 ], [ 4.792935730100685, 52.163913209458613 ], [ 4.792939383801845, 52.163913227858231 ], [ 4.79293941372174, 52.163910980977846 ], [ 4.792943067422721, 52.163910999377322 ], [ 4.792943157181822, 52.16390425873621 ], [ 4.792946810882255, 52.163904277135579 ], [ 4.792946900640776, 52.163897536494481 ], [ 4.792954208040548, 52.16389757329285 ], [ 4.792954237959679, 52.163895326412494 ], [ 4.792957891659386, 52.163895344811493 ], [ 4.792957921578331, 52.163893097931101 ], [ 4.792965228977388, 52.163893134728816 ], [ 4.792965318733096, 52.163886394087662 ], [ 4.792968972432078, 52.163886412486328 ], [ 4.79296909210557, 52.16387742496476 ], [ 4.792972745803819, 52.163877443363333 ], [ 4.792972835558349, 52.16387070272215 ], [ 4.792976489256052, 52.163870721120617 ], [ 4.792976728599842, 52.163852746077417 ], [ 4.792980382296075, 52.163852764475713 ], [ 4.792980442131621, 52.163848270714915 ], [ 4.792984095827487, 52.163848289113126 ], [ 4.792984185580226, 52.163841548471908 ], [ 4.792987839275546, 52.163841566869998 ], [ 4.792987958945081, 52.16383257934833 ], [ 4.792984305250498, 52.163832560950269 ], [ 4.792984335168057, 52.163830314069827 ], [ 4.792977027779267, 52.16383027727332 ], [ 4.792977057697191, 52.163828030392906 ], [ 4.792962442920389, 52.163827956798585 ], [ 4.792962472839045, 52.163825709918157 ], [ 4.792951511757031, 52.163825654721215 ], [ 4.792951481837824, 52.163827901601614 ], [ 4.792947828143644, 52.16382788320243 ], [ 4.792947798224249, 52.163830130082815 ], [ 4.792944144529885, 52.163830111683509 ], [ 4.792944114610303, 52.163832358563894 ], [ 4.792940460915762, 52.16383234016444 ], [ 4.79294028139709, 52.16384582144682 ], [ 4.792943935092733, 52.163845839846246 ], [ 4.792943546137572, 52.163875049291278 ], [ 4.792947199835614, 52.163875067690647 ], [ 4.792947020318754, 52.163888548972949 ], [ 4.792943366619609, 52.163888530573594 ], [ 4.792943336699933, 52.163890777454 ], [ 4.792928721902651, 52.163890703855394 ], [ 4.79292869198224, 52.163892950735793 ], [ 4.792925038282744, 52.163892932335855 ], [ 4.792925008362144, 52.163895179216219 ], [ 4.792921354662466, 52.163895160816196 ], [ 4.79292132474168, 52.163897407696567 ], [ 4.792917671041823, 52.163897389296402 ], [ 4.792917611199869, 52.163901883057136 ], [ 4.792913957499649, 52.16390186465685 ], [ 4.792913927578485, 52.163904111537207 ], [ 4.79291027387808, 52.16390409313685 ], [ 4.792910214035373, 52.163908586897513 ], [ 4.792906560334604, 52.16390856849705 ], [ 4.79290653041306, 52.163910815377413 ], [ 4.792899223011172, 52.163910778576074 ], [ 4.792899133245415, 52.163917519217122 ], [ 4.792895479543922, 52.163917500816304 ], [ 4.792895389777581, 52.163924241457366 ], [ 4.79289173607554, 52.163924223056355 ], [ 4.792891646308619, 52.16393096369741 ], [ 4.792887992606028, 52.163930945296308 ], [ 4.792887932761028, 52.163935439057006 ], [ 4.792884279058076, 52.163935420655839 ], [ 4.792884189289997, 52.16394216129688 ], [ 4.792880535586493, 52.163942142895536 ], [ 4.792880475740722, 52.163946636656206 ], [ 4.792876822036854, 52.163946618254784 ], [ 4.792876642498355, 52.163960099536737 ], [ 4.792880296203325, 52.163960117938196 ], [ 4.792880236357497, 52.163964611698859 ], [ 4.792883890062839, 52.163964630100146 ], [ 4.792883620758102, 52.163984852023113 ], [ 4.792887274465104, 52.163984870424308 ], [ 4.79288724454252, 52.163987117304636 ], [ 4.792890898249709, 52.163987135705774 ], [ 4.792890778560084, 52.163996123227051 ], [ 4.79288712485216, 52.163996104825905 ], [ 4.792887065006957, 52.16400059858654 ], [ 4.792868796465546, 52.164000506579264 ], [ 4.79286882638907, 52.163998259698978 ], [ 4.792857865264816, 52.163998204493247 ], [ 4.792857835340742, 52.164000451373582 ], [ 4.792850527924223, 52.164000414569152 ], [ 4.792850468075328, 52.164004908329794 ], [ 4.792846814366703, 52.164004889927384 ], [ 4.792846754517429, 52.164009383688047 ], [ 4.792843100808442, 52.164009365285558 ], [ 4.792843070883614, 52.164011612165837 ], [ 4.792839417174445, 52.16401159376327 ], [ 4.792839357324411, 52.164016087523827 ], [ 4.79283570361488, 52.164016069121153 ], [ 4.792835404362661, 52.164038537924036 ], [ 4.792831750651293, 52.164038519521178 ], [ 4.792831601024132, 52.16404975392259 ], [ 4.792827947311848, 52.164049735519654 ], [ 4.792827648055428, 52.164072204322373 ], [ 4.792823994341306, 52.164072185919302 ], [ 4.792823934489611, 52.164076679679823 ], [ 4.792820280775129, 52.164076661276624 ], [ 4.792820220923052, 52.164081155037145 ], [ 4.792816567208203, 52.164081136633854 ], [ 4.79281647742951, 52.164087877274639 ], [ 4.792812823714113, 52.164087858871206 ], [ 4.792812704008409, 52.164096846392248 ] ] ] } },
{ "type": "Feature", "properties": { "class": "parcel", "raw_confidence": 0.4003, "source_tile_id": "tile-110000-460000", "was_valid": true, "area_m2": 22.931251241739457 }, "geometry": { "type": "Polygon", "coordinates": [ [ [ 4.793054633682083, 52.172546894973685 ], [ 4.793080214541019, 52.172547023750056 ], [ 4.793080244461361, 52.172544776873011 ], [ 4.793091207686118, 52.172544832061142 ], [ 4.793091237605905, 52.17254258518409 ], [ 4.793094892013981, 52.17254260357992 ], [ 4.793094921933579, 52.172540356702868 ], [ 4.793098576341473, 52.172540375098585 ], [ 4.793098606260885, 52.172538128221483 ], [ 4.793102260668597, 52.172538146617065 ], [ 4.793102290587821, 52.172535899740012 ], [ 4.793105944995355, 52.172535918135502 ], [ 4.793106004833422, 52.172531424381333 ], [ 4.793109659240591, 52.172531442776702 ], [ 4.793109838753606, 52.17251796151421 ], [ 4.793106184347542, 52.172517943118827 ], [ 4.793106333942541, 52.172506708733358 ], [ 4.793109988347688, 52.17250672712872 ], [ 4.793110018266494, 52.172504480251639 ], [ 4.793113672671458, 52.172504498646866 ], [ 4.793113792345912, 52.172495511138472 ], [ 4.79310648353746, 52.172495474347919 ], [ 4.793106513456433, 52.172493227470802 ], [ 4.793102859052397, 52.172493209075334 ], [ 4.793102888971551, 52.172490962198239 ], [ 4.793095580163855, 52.172490925406976 ], [ 4.793095610083374, 52.172488678529866 ], [ 4.793091955679717, 52.17248866013405 ], [ 4.793091985599413, 52.172486413256998 ], [ 4.793070059178643, 52.172486302879811 ], [ 4.793069999337034, 52.172490796633994 ], [ 4.793066344933216, 52.172490778237389 ], [ 4.793066315012222, 52.17249302511447 ], [ 4.793062660608222, 52.172493006717772 ], [ 4.793062630687042, 52.172495253594839 ], [ 4.793058976282862, 52.172495235198006 ], [ 4.793058886518745, 52.17250197582927 ], [ 4.793055232114017, 52.172501957432353 ], [ 4.793054992741411, 52.172519932448886 ], [ 4.793051338335213, 52.172519914051847 ], [ 4.793051158804509, 52.172533395314254 ], [ 4.793047504397212, 52.172533376917059 ], [ 4.793047384709269, 52.172542364425304 ], [ 4.793051039117301, 52.172542382822463 ], [ 4.793051009195492, 52.172544629699566 ], [ 4.793054663603715, 52.172544648096618 ], [ 4.793054633682083, 52.172546894973685 ] ] ] } },
{ "type": "Feature", "properties": { "class": "parcel", "raw_confidence": 0.3987, "source_tile_id": "tile-110000-460000", "was_valid": true, "area_m2": 122.27919250202379 }, "geometry": { "type": "Polygon", "coordinates": [ [ [ 4.793314479928295, 52.172244854065461 ], [ 4.793340060614991, 52.172244982785223 ], [ 4.793340180242922, 52.172235995276097 ], [ 4.793336525859835, 52.172235976887961 ], [ 4.793336555766992, 52.17223373001066 ], [ 4.793329247001195, 52.172233693233927 ], [ 4.793329276908719, 52.172231446356641 ], [ 4.79332562252601, 52.172231427968143 ], [ 4.793325652433714, 52.172229181090863 ], [ 4.793321998051192, 52.172229162702209 ], [ 4.793322027959078, 52.172226915824922 ], [ 4.79331471919441, 52.172226879047315 ], [ 4.79331474910266, 52.172224632170014 ], [ 4.793311094720519, 52.172224613781069 ], [ 4.793311274171042, 52.172211132517411 ], [ 4.793314928552081, 52.172211150906392 ], [ 4.793315018276747, 52.172204410274567 ], [ 4.793311363896259, 52.172204391885586 ], [ 4.793311423713052, 52.172199898131069 ], [ 4.793307769332936, 52.172199879741967 ], [ 4.793307799241512, 52.172197632864687 ], [ 4.793304144861586, 52.172197614475493 ], [ 4.79330417477034, 52.172195367598192 ], [ 4.793300520390601, 52.172195349208913 ], [ 4.793300550299537, 52.172193102331612 ], [ 4.793296895919983, 52.172193083942233 ], [ 4.793296925829102, 52.172190837064917 ], [ 4.793293271449738, 52.172190818675396 ], [ 4.79329333126833, 52.172186324920851 ], [ 4.793286022510348, 52.172186288141454 ], [ 4.793286112239313, 52.172179547509607 ], [ 4.793289766617749, 52.172179565899413 ], [ 4.793289796527214, 52.172177319022083 ], [ 4.793300759661998, 52.172177374190653 ], [ 4.793300729753085, 52.172179621067961 ], [ 4.793308038509991, 52.172179657846449 ], [ 4.793308008601441, 52.172181904723708 ], [ 4.793315317358731, 52.172181941501748 ], [ 4.793315287450548, 52.172184188379042 ], [ 4.793318941829382, 52.172184206767859 ], [ 4.79331891192138, 52.172186453645182 ], [ 4.793322566300401, 52.172186472033907 ], [ 4.793322536392579, 52.172188718911194 ], [ 4.793329845151002, 52.172188755688332 ], [ 4.793329815243542, 52.172191002565583 ], [ 4.79340655721166, 52.172191388698181 ], [ 4.793406587115252, 52.17218914182088 ], [ 4.793421204632426, 52.172189215364277 ], [ 4.793421264438128, 52.172184721609639 ], [ 4.793424918817061, 52.17218473999521 ], [ 4.793425008525036, 52.172177999363235 ], [ 4.793428662903417, 52.172178017748671 ], [ 4.793428692805885, 52.172175770871377 ], [ 4.793432347184091, 52.172175789256684 ], [ 4.793432377086369, 52.172173542379348 ], [ 4.793436031464394, 52.172173560764598 ], [ 4.793436061366483, 52.172171313887254 ], [ 4.793439715744331, 52.17217133227237 ], [ 4.793439775548134, 52.172166838517704 ], [ 4.793443429925613, 52.172166856902678 ], [ 4.793443489729036, 52.17216236314804 ], [ 4.79344714410615, 52.172162381532893 ], [ 4.79344720390919, 52.172157887778198 ], [ 4.793450858285938, 52.172157906162944 ], [ 4.793450918088599, 52.172153412408299 ], [ 4.793454572464983, 52.172153430792946 ], [ 4.793454602366125, 52.172151183915602 ], [ 4.793458256742328, 52.172151202300107 ], [ 4.793458286643282, 52.172148955422763 ], [ 4.793465595395332, 52.172148992191481 ], [ 4.793465804699325, 52.172133264050004 ], [ 4.793469459074068, 52.172133282434196 ], [ 4.793469548775176, 52.172126541802115 ], [ 4.793465894400986, 52.172126523417923 ], [ 4.793465924301532, 52.172124276540565 ], [ 4.793454961179534, 52.172124221387385 ], [ 4.793454991080629, 52.172121974510006 ], [ 4.793444027959215, 52.172121919355803 ], [ 4.793443758844266, 52.172142141251918 ], [ 4.79344010446881, 52.172142122866958 ], [ 4.793440044665084, 52.172146616621653 ], [ 4.793436390289265, 52.172146598236587 ], [ 4.793436360387212, 52.172148845113909 ], [ 4.793432706011214, 52.172148826728701 ], [ 4.793432676108971, 52.172151073606045 ], [ 4.793418058604271, 52.17215100006409 ], [ 4.793418028701292, 52.172153246941377 ], [ 4.793407065572252, 52.172153191783742 ], [ 4.793407035668714, 52.172155438661036 ], [ 4.793396072539153, 52.172155383502378 ], [ 4.793396042635061, 52.172157630379722 ], [ 4.793370461998252, 52.172157501672103 ], [ 4.793370491903629, 52.172155254794802 ], [ 4.793359528774173, 52.172155199632748 ], [ 4.793359558680104, 52.172152952755418 ], [ 4.793352249927516, 52.172152915980128 ], [ 4.793352279833812, 52.17215066910282 ], [ 4.793348625457705, 52.172150650714997 ], [ 4.793348655364182, 52.172148403837703 ], [ 4.793341346612355, 52.172148367061745 ], [ 4.793341376519192, 52.172146120184429 ], [ 4.793337722143466, 52.172146101796301 ], [ 4.793337752050485, 52.172143854918986 ], [ 4.793334097674948, 52.172143836530701 ], [ 4.79333412758215, 52.172141589653421 ], [ 4.793326818831451, 52.172141552876553 ], [ 4.793326848739016, 52.172139305999238 ], [ 4.793319539988702, 52.172139269221937 ], [ 4.79331956989663, 52.172137022344643 ], [ 4.793315915521663, 52.172137003955825 ], [ 4.793315945429772, 52.172134757078496 ], [ 4.793308636680215, 52.172134720300491 ], [ 4.793308666588693, 52.172132473423211 ], [ 4.793279431592071, 52.172132326306766 ], [ 4.793279461502015, 52.172130079429493 ], [ 4.793246572132739, 52.172129913914823 ], [ 4.793246542221139, 52.172132160792103 ], [ 4.793242887846607, 52.172132142401026 ], [ 4.793242857934821, 52.172134389278341 ], [ 4.7932355491854, 52.172134352495831 ], [ 4.793235519273242, 52.17213659937309 ], [ 4.793231864898353, 52.172136580981672 ], [ 4.793231745248945, 52.172145568490791 ], [ 4.793235399624569, 52.172145586882195 ], [ 4.793235339800213, 52.17215008063674 ], [ 4.793242648552209, 52.172150117419271 ], [ 4.793242618640391, 52.172152364296558 ], [ 4.793246273016579, 52.172152382687635 ], [ 4.793246243104944, 52.172154629564943 ], [ 4.793253551857697, 52.172154666346771 ], [ 4.793253521946427, 52.172156913224043 ], [ 4.793257176322991, 52.172156931614786 ], [ 4.793257146411902, 52.172159178492095 ], [ 4.793260800788654, 52.172159196882717 ], [ 4.793260770877747, 52.172161443759997 ], [ 4.793264425254686, 52.172161462150534 ], [ 4.793264365433227, 52.172165955905079 ], [ 4.79326801981054, 52.172165974295531 ], [ 4.793267870257746, 52.17217720868188 ], [ 4.793260561501283, 52.172177171900906 ], [ 4.793260531590348, 52.1721794187782 ], [ 4.793227642184782, 52.172179253258193 ], [ 4.793227672097379, 52.172177006380963 ], [ 4.793205745828264, 52.172176896029193 ], [ 4.793205775741956, 52.172174649151962 ], [ 4.793198466985981, 52.172174612367172 ], [ 4.79319849690004, 52.172172365489928 ], [ 4.793191188144446, 52.172172328704661 ], [ 4.79319121805887, 52.172170081827367 ], [ 4.79317660054846, 52.172170008255492 ], [ 4.793176570633298, 52.172172255132736 ], [ 4.793169261877749, 52.172172218346113 ], [ 4.793169231962216, 52.172174465223357 ], [ 4.793165577584261, 52.172174446829878 ], [ 4.793165547668542, 52.172176693707137 ], [ 4.793161893290405, 52.172176675313523 ], [ 4.7931618633745, 52.172178922190781 ], [ 4.793158208996185, 52.172178903797068 ], [ 4.793158119247892, 52.172185644428772 ], [ 4.793154464869024, 52.172185626034917 ], [ 4.793154345203849, 52.172194613543844 ], [ 4.793150690824249, 52.172194595149918 ], [ 4.793150511325278, 52.172208076413234 ], [ 4.793154165705983, 52.172208094807239 ], [ 4.793154135789658, 52.172210341684455 ], [ 4.793157790170546, 52.17221036007831 ], [ 4.793157760254406, 52.172212606955519 ], [ 4.793161414635482, 52.17221262534926 ], [ 4.793161384719519, 52.172214872226441 ], [ 4.793168693482053, 52.172214909013576 ], [ 4.793168663566454, 52.172217155890806 ], [ 4.793186935473766, 52.172217247856629 ], [ 4.793186905559088, 52.172219494733866 ], [ 4.793201523085735, 52.17221956830452 ], [ 4.793201493171789, 52.172221815181743 ], [ 4.793212456317365, 52.172221870358527 ], [ 4.793212426403965, 52.172224117235785 ], [ 4.7932526246067, 52.172224319541982 ], [ 4.793252594695321, 52.172226566419205 ], [ 4.793278175371296, 52.172226695152396 ], [ 4.793278145461202, 52.172228942029648 ], [ 4.793289108608653, 52.172228997199298 ], [ 4.793289078699108, 52.172231244076585 ], [ 4.793292733081783, 52.172231262466205 ], [ 4.793292703172417, 52.172233509343521 ], [ 4.793296357555279, 52.172233527733056 ], [ 4.793296327646098, 52.1722357746103 ], [ 4.793299982029147, 52.172235792999764 ], [ 4.793299952120146, 52.172238039877023 ], [ 4.793303606503382, 52.172238058266331 ], [ 4.793303576594561, 52.17224030514361 ], [ 4.793307230977987, 52.172240323532819 ], [ 4.793307201069343, 52.172242570410084 ], [ 4.793314509836571, 52.172242607188181 ], [ 4.793314479928295, 52.172244854065461 ] ] ] } },
{ "type": "Feature", "properties": { "class": "parcel", "raw_confidence": 0.3996, "source_tile_id": "tile-110000-460000", "was_valid": true, "area_m2": 72.292800812357783 }, "geometry": { "type": "Polygon", "coordinates": [ [ [ 4.793077483552336, 52.17220321475601 ], [ 4.793114027355135, 52.17220339871308 ], [ 4.793114057273475, 52.172201151835893 ], [ 4.793121366033709, 52.172201188625934 ], [ 4.793121395951673, 52.172198941748711 ], [ 4.793125050331611, 52.172198960143554 ], [ 4.793125080249388, 52.17219671326631 ], [ 4.793128734629148, 52.172196731661089 ], [ 4.793128794464326, 52.172192237906621 ], [ 4.793132448843719, 52.172192256301273 ], [ 4.79313247876112, 52.172190009424021 ], [ 4.793143441898766, 52.172190064607229 ], [ 4.793143531649289, 52.172183323975553 ], [ 4.79313987727062, 52.172183305581271 ], [ 4.793140086689673, 52.172167577440632 ], [ 4.793136432312299, 52.172167559046251 ], [ 4.793136581898154, 52.172156324660051 ], [ 4.793140236274609, 52.172156343054453 ], [ 4.793140266191587, 52.172154096177188 ], [ 4.793143920567858, 52.17215411457147 ], [ 4.79314395048465, 52.172151867694225 ], [ 4.793147604860743, 52.172151886088358 ], [ 4.793147634777343, 52.172149639211142 ], [ 4.793151289153258, 52.172149657605168 ], [ 4.793151319069669, 52.172147410727945 ], [ 4.793154973445401, 52.172147429121857 ], [ 4.793155093110289, 52.172138441612844 ], [ 4.793151438735292, 52.172138423218904 ], [ 4.793151468651689, 52.172136176341667 ], [ 4.793147814276878, 52.172136157947669 ], [ 4.793147844193455, 52.172133911070404 ], [ 4.793140535444217, 52.172133874282004 ], [ 4.793140565361159, 52.17213162740476 ], [ 4.793133256612301, 52.172131590615926 ], [ 4.793133286529607, 52.172129343738639 ], [ 4.793125977781137, 52.172129306949365 ], [ 4.793126007698804, 52.1721270600721 ], [ 4.793118698950712, 52.172127023282364 ], [ 4.793118728868747, 52.172124776405141 ], [ 4.793111420121037, 52.172124739614922 ], [ 4.793111450039438, 52.172122492737714 ], [ 4.793107795665773, 52.172122474342444 ], [ 4.793107825584353, 52.172120227465172 ], [ 4.793100516837399, 52.172120190674292 ], [ 4.793100546756346, 52.172117943797076 ], [ 4.793096892383056, 52.172117925401466 ], [ 4.793096922302184, 52.172115678524257 ], [ 4.793089613555987, 52.172115641732702 ], [ 4.793089643475477, 52.172113394855444 ], [ 4.793082334729664, 52.172113358063456 ], [ 4.793082364649519, 52.172111111186211 ], [ 4.793064092785965, 52.172111019204266 ], [ 4.793064062865188, 52.172113266081503 ], [ 4.793060408492305, 52.172113247684756 ], [ 4.793060378571341, 52.172115494562 ], [ 4.793056724198273, 52.172115476165125 ], [ 4.793056694277124, 52.172117723042398 ], [ 4.793053039903881, 52.172117704645402 ], [ 4.793053009982541, 52.172119951522639 ], [ 4.793042046862269, 52.172119896331047 ], [ 4.793042016940375, 52.172122143208277 ], [ 4.793034708193179, 52.172122106413369 ], [ 4.793034618426374, 52.172128847045009 ], [ 4.793030964052228, 52.172128828647324 ], [ 4.793030844362367, 52.172137816156187 ], [ 4.793027189987487, 52.172137797758438 ], [ 4.793027100219505, 52.172144538390071 ], [ 4.793023445844075, 52.17214451999218 ], [ 4.793023385998367, 52.172149013746584 ], [ 4.793019731622576, 52.172148995348586 ], [ 4.793019701699532, 52.172151242225802 ], [ 4.793016047323563, 52.172151223827683 ], [ 4.793016017400329, 52.17215347070487 ], [ 4.793012363024175, 52.172153452306652 ], [ 4.793012153560174, 52.172169180447014 ], [ 4.793008499182737, 52.172169162048675 ], [ 4.793008349564568, 52.172180396434626 ], [ 4.793012003942925, 52.172180414832994 ], [ 4.793011974019465, 52.172182661710188 ], [ 4.793015628398011, 52.172182680108399 ], [ 4.793015598474732, 52.172184926985594 ], [ 4.793026561610938, 52.172184982179623 ], [ 4.79302653168821, 52.172187229056846 ], [ 4.793033840446068, 52.17218726585228 ], [ 4.7930338105237, 52.172189512729467 ], [ 4.793037464902819, 52.172189531127046 ], [ 4.793037405058445, 52.172194024881442 ], [ 4.793044713817427, 52.17219406167623 ], [ 4.793044683895604, 52.172196308553431 ], [ 4.793070264553444, 52.172196437331664 ], [ 4.793070234632906, 52.17219868420888 ], [ 4.793073889012796, 52.172198702605321 ], [ 4.793073859092437, 52.17220094948248 ], [ 4.793077513472514, 52.172200967878844 ], [ 4.793077483552336, 52.17220321475601 ] ] ] } },
{ "type": "Feature", "properties": { "class": "parcel", "raw_confidence": 0.4008, "source_tile_id": "tile-110000-460000", "was_valid": true, "area_m2": 20.994281827691513 }, "geometry": { "type": "Polygon", "coordinates": [ [ [ 4.793385767310921, 52.172105897041391 ], [ 4.793404039173238, 52.172105988973549 ], [ 4.793404158787793, 52.172097001464152 ], [ 4.793400504416059, 52.172096983077935 ], [ 4.793400594127491, 52.172090242445911 ], [ 4.793396939756313, 52.172090224059566 ], [ 4.793396969660301, 52.172087977182251 ], [ 4.793389660918321, 52.172087940409305 ], [ 4.793389690822674, 52.172085693531962 ], [ 4.793382382081076, 52.172085656758576 ], [ 4.793382411985794, 52.172083409881218 ], [ 4.793375103244579, 52.17208337310737 ], [ 4.793375133149661, 52.172081126230019 ], [ 4.793367824408826, 52.172081089455695 ], [ 4.793367854314273, 52.172078842578337 ], [ 4.793364199944045, 52.17207882419104 ], [ 4.793364229849674, 52.172076577313703 ], [ 4.793360575479632, 52.17207655892625 ], [ 4.79336060538544, 52.17207431204892 ], [ 4.793356951015586, 52.172074293661389 ], [ 4.793356980921575, 52.172072046784002 ], [ 4.79335332655191, 52.17207202839635 ], [ 4.793353356458079, 52.172069781519056 ], [ 4.793349702088601, 52.172069763131269 ], [ 4.79334973199495, 52.172067516253939 ], [ 4.793346077625662, 52.172067497866024 ], [ 4.793346107532193, 52.172065250988702 ], [ 4.793342453163088, 52.172065232600708 ], [ 4.793342483069799, 52.172062985723379 ], [ 4.793335174331975, 52.172062948947051 ], [ 4.79333520423905, 52.172060702069707 ], [ 4.793331549870326, 52.172060683681366 ], [ 4.79333157977758, 52.172058436804036 ], [ 4.793327925409045, 52.172058418415595 ], [ 4.793327955316482, 52.172056171538252 ], [ 4.793324300948133, 52.172056153149704 ], [ 4.793324330855751, 52.172053906272346 ], [ 4.793284132806167, 52.172053703990834 ], [ 4.793284102896524, 52.172055950868156 ], [ 4.793280448528216, 52.172055932478251 ], [ 4.793280418618387, 52.172058179355574 ], [ 4.793276764249899, 52.172058160965548 ], [ 4.79327667451984, 52.172064901597516 ], [ 4.793273020150803, 52.172064883207334 ], [ 4.793272930420158, 52.172071623839315 ], [ 4.793280239159341, 52.172071660619487 ], [ 4.793280209249484, 52.172073907496852 ], [ 4.793287517989047, 52.172073944276534 ], [ 4.793287488079558, 52.172076191153856 ], [ 4.793294796819504, 52.17207622793314 ], [ 4.793294766910379, 52.172078474810476 ], [ 4.793302075650708, 52.172078511589298 ], [ 4.793302045741946, 52.172080758466635 ], [ 4.793309354482656, 52.17208079524498 ], [ 4.79330932457426, 52.172083042122338 ], [ 4.793316633315351, 52.172083078900208 ], [ 4.79331660340732, 52.172085325777552 ], [ 4.793323912148795, 52.17208536255503 ], [ 4.793323882241128, 52.172087609432367 ], [ 4.79336042595054, 52.172087793312983 ], [ 4.793360396044712, 52.172090040190277 ], [ 4.793367704787006, 52.172090076965084 ], [ 4.793367585165128, 52.172099064474423 ], [ 4.793371239537016, 52.172099082861664 ], [ 4.793371209631722, 52.172101329738986 ], [ 4.793378518375875, 52.172101366513068 ], [ 4.793378488470946, 52.172103613390412 ], [ 4.793385797215482, 52.172103650164061 ], [ 4.793385767310921, 52.172105897041391 ] ] ] } },
{ "type": "Feature", "properties": { "class": "parcel", "raw_confidence": 0.403, "source_tile_id": "tile-110000-460000", "was_valid": true, "area_m2": 51.673396867533768 }, "geometry": { "type": "Polygon", "coordinates": [ [ [ 4.7922318136533, 52.174778542132564 ], [ 4.792253741198222, 52.1747786526672 ], [ 4.792253771162148, 52.174776405791256 ], [ 4.792261080343448, 52.174776442635235 ], [ 4.792261110307003, 52.174774195759291 ], [ 4.792268419487948, 52.17477423260285 ], [ 4.792268449451129, 52.174771985726871 ], [ 4.792272104041427, 52.174772004148458 ], [ 4.792272134004418, 52.174769757272522 ], [ 4.792275788594531, 52.174769775693981 ], [ 4.792275818557338, 52.174767528818052 ], [ 4.792283127737211, 52.174767565660645 ], [ 4.792283157699644, 52.174765318784722 ], [ 4.792286812289402, 52.174765337205834 ], [ 4.792286842251647, 52.17476309032989 ], [ 4.792294151430803, 52.174763127171808 ], [ 4.792294181392678, 52.174760880295842 ], [ 4.792301490571478, 52.174760917137313 ], [ 4.792301520532984, 52.17475867026139 ], [ 4.792308829711429, 52.17475870710237 ], [ 4.792308859672561, 52.174756460226419 ], [ 4.792312514261607, 52.174756478646756 ], [ 4.79231254422255, 52.174754231770812 ], [ 4.792316198811416, 52.174754250191015 ], [ 4.792316228772174, 52.174752003315085 ], [ 4.79232353794954, 52.174752040155155 ], [ 4.792323567909926, 52.174749793279197 ], [ 4.792327222498432, 52.174749811699073 ], [ 4.792327252458633, 52.174747564823072 ], [ 4.792334561635283, 52.174747601662531 ], [ 4.79233459159511, 52.174745354786552 ], [ 4.792338246183257, 52.174745373206058 ], [ 4.792338276142897, 52.174743126330114 ], [ 4.792341930730864, 52.174743144749542 ], [ 4.792341990649765, 52.17473865099759 ], [ 4.792345645237367, 52.17473866941689 ], [ 4.792345675196628, 52.174736422540938 ], [ 4.792349329784051, 52.17473644096011 ], [ 4.792349359743122, 52.174734194084117 ], [ 4.792353014330362, 52.174734212503203 ], [ 4.792353044289251, 52.174731965627245 ], [ 4.79235669887631, 52.174731984046154 ], [ 4.792356728835009, 52.17472973717021 ], [ 4.792364038008773, 52.174729774007794 ], [ 4.792364157842055, 52.174720786503883 ], [ 4.792360503255908, 52.17472076808513 ], [ 4.792360533214407, 52.174718521209137 ], [ 4.792356878628448, 52.174718502790292 ], [ 4.792356908587124, 52.174716255914319 ], [ 4.792353254001353, 52.174716237495382 ], [ 4.79235328396021, 52.174713990619409 ], [ 4.792345974789045, 52.174713953781158 ], [ 4.792346004748267, 52.174711706905143 ], [ 4.792338695577485, 52.174711670066479 ], [ 4.79233872553707, 52.174709423190492 ], [ 4.79233141636667, 52.174709386351324 ], [ 4.792331446326621, 52.174707139475366 ], [ 4.792320482571597, 52.174707084215797 ], [ 4.792320512532097, 52.174704837339874 ], [ 4.79231685794728, 52.1747048189198 ], [ 4.792316887907962, 52.174702572043792 ], [ 4.792309578738709, 52.174702535203288 ], [ 4.792309608699755, 52.174700288327344 ], [ 4.792294990362022, 52.174700214645 ], [ 4.7922950203238, 52.174697967769021 ], [ 4.79228405657109, 52.17469791250609 ], [ 4.792284026608757, 52.174700159382063 ], [ 4.792280372024344, 52.174700140960837 ], [ 4.792280342061828, 52.174702387836831 ], [ 4.792276687477231, 52.174702369415492 ], [ 4.792276657514526, 52.17470461629145 ], [ 4.792269348344979, 52.174704579448466 ], [ 4.7922693183819, 52.174706826324439 ], [ 4.792265663796948, 52.174706807902766 ], [ 4.792265633833684, 52.174709054778738 ], [ 4.792261979248551, 52.17470903635693 ], [ 4.792261949285098, 52.174711283232938 ], [ 4.792254640114475, 52.174711246389016 ], [ 4.792254610150651, 52.174713493264981 ], [ 4.79225095556516, 52.174713474842846 ], [ 4.792250925601145, 52.174715721718776 ], [ 4.792247271015475, 52.174715703296556 ], [ 4.792247241051275, 52.174717950172479 ], [ 4.792243586465423, 52.174717931750159 ], [ 4.792243526536646, 52.174722425502068 ], [ 4.792239871950428, 52.174722407079607 ], [ 4.792239812021267, 52.174726900831509 ], [ 4.792236157434687, 52.174726882408891 ], [ 4.792236067540369, 52.174733623036701 ], [ 4.792232412953238, 52.174733604613998 ], [ 4.792232263128383, 52.174744838993668 ], [ 4.792228608540337, 52.174744820570879 ], [ 4.792228518644833, 52.174751561198676 ], [ 4.792224864056234, 52.174751542775738 ], [ 4.792224804125511, 52.174756036527569 ], [ 4.792221149536551, 52.174756018104532 ], [ 4.792221029674325, 52.174765005608229 ], [ 4.792224684264024, 52.174765024031295 ], [ 4.79222459436787, 52.174771764659027 ], [ 4.792228248958122, 52.174771783081972 ], [ 4.792228189027708, 52.174776276833839 ], [ 4.792231843618329, 52.174776295256642 ], [ 4.7922318136533, 52.174778542132564 ] ] ] } },
{ "type": "Feature", "properties": { "class": "parcel", "raw_confidence": 0.3992, "source_tile_id": "tile-110000-460000", "was_valid": true, "area_m2": 371.83604585956681 }, "geometry": { "type": "Polygon", "coordinates": [ [ [ 4.7924086119975, 52.174676069999592 ], [ 4.792419575745044, 52.174676125250954 ], [ 4.792419605700526, 52.174673878374918 ], [ 4.792426914865203, 52.174673915208579 ], [ 4.792426944820313, 52.174671668332557 ], [ 4.792434253984635, 52.174671705165771 ], [ 4.792434283939376, 52.174669458289763 ], [ 4.792437938521357, 52.174669476706171 ], [ 4.792437968475907, 52.174667229830128 ], [ 4.792441623057709, 52.174667248246465 ], [ 4.792441653012076, 52.174665001370435 ], [ 4.792445307593693, 52.174665019786644 ], [ 4.792445337547871, 52.174662772910629 ], [ 4.792448992129312, 52.17466279132671 ], [ 4.792449022083302, 52.174660544450667 ], [ 4.792452676664559, 52.174660562866663 ], [ 4.79245270661836, 52.174658315990612 ], [ 4.79245636119944, 52.174658334406494 ], [ 4.792456540921066, 52.174644853150212 ], [ 4.79245288634109, 52.174644834734394 ], [ 4.792452976202409, 52.174638094106228 ], [ 4.792456630781833, 52.174638112522075 ], [ 4.792456690688994, 52.174633618770002 ], [ 4.792460345268048, 52.1746336371857 ], [ 4.792460375221442, 52.174631390309663 ], [ 4.792464029800318, 52.174631408725283 ], [ 4.792464059753521, 52.174629161849253 ], [ 4.792467714332218, 52.174629180264745 ], [ 4.792467744285234, 52.17462693338873 ], [ 4.79248601717785, 52.174627025464531 ], [ 4.792485987225755, 52.174629272340589 ], [ 4.792511569276852, 52.174629401242015 ], [ 4.792511599227659, 52.174627154365936 ], [ 4.792522562963343, 52.174627209607699 ], [ 4.792522533013088, 52.174629456483778 ], [ 4.792529842170597, 52.174629493311066 ], [ 4.792529812220709, 52.174631740187131 ], [ 4.792533466799649, 52.174631758600611 ], [ 4.792533436849941, 52.174634005476697 ], [ 4.792559018903931, 52.174634134367871 ], [ 4.792558988955508, 52.174636381243893 ], [ 4.79256264353485, 52.174636399656492 ], [ 4.792562613586604, 52.17463864653255 ], [ 4.792566268166131, 52.174638664945007 ], [ 4.792566238218068, 52.174640911821122 ], [ 4.792569892797784, 52.174640930233444 ], [ 4.792569862849901, 52.174643177109544 ], [ 4.792573517429805, 52.17464319552176 ], [ 4.7925734575344, 52.174647689273932 ], [ 4.792577112114672, 52.174647707686084 ], [ 4.792577082167147, 52.174649954562149 ], [ 4.792595355069488, 52.174650046621068 ], [ 4.792595385016092, 52.174647799744953 ], [ 4.792599039596385, 52.174647818156416 ], [ 4.792599099489216, 52.174643324404251 ], [ 4.792602754069144, 52.17464334281555 ], [ 4.79260278401537, 52.174641095939442 ], [ 4.792606438595121, 52.174641114350678 ], [ 4.792606498487192, 52.174636620598513 ], [ 4.792610153066578, 52.174636639009599 ], [ 4.792610512416509, 52.174609676496353 ], [ 4.792614166993685, 52.174609694907289 ], [ 4.792614316721757, 52.174598460526745 ], [ 4.79261797129802, 52.174598478937583 ], [ 4.792618091079677, 52.174589491433096 ], [ 4.792621745655204, 52.174589509843862 ], [ 4.79262186543607, 52.174580522339362 ], [ 4.792625520010865, 52.174580540749972 ], [ 4.792625729625959, 52.174564812617099 ], [ 4.792622075052448, 52.174564794206432 ], [ 4.792622104997633, 52.174562547330339 ], [ 4.792618450424313, 52.174562528919651 ], [ 4.792618480369677, 52.17456028204348 ], [ 4.792614825796544, 52.174560263632635 ], [ 4.792614915633169, 52.174553523004242 ], [ 4.792611261060591, 52.174553504593362 ], [ 4.792611291006306, 52.174551257717177 ], [ 4.79260763643392, 52.174551239306126 ], [ 4.792607666379817, 52.17454899242999 ], [ 4.792600357235417, 52.17454895560757 ], [ 4.792600387181682, 52.174546708731448 ], [ 4.792593078037664, 52.174546671908551 ], [ 4.792593107984292, 52.17454442503238 ], [ 4.792585798840655, 52.1745443882091 ], [ 4.792585828787649, 52.17454214133295 ], [ 4.792578519644395, 52.174542104509158 ], [ 4.792578549591751, 52.174539857633 ], [ 4.792574895020314, 52.174539839220941 ], [ 4.792574924967853, 52.174537592344819 ], [ 4.792567615825355, 52.174537555520352 ], [ 4.792567675721157, 52.174533061768138 ], [ 4.792564021150284, 52.174533043355751 ], [ 4.792564081046439, 52.174528549603444 ], [ 4.792560426475934, 52.174528531190937 ], [ 4.792560486372446, 52.174524037438694 ], [ 4.792556831802314, 52.174524019026059 ], [ 4.792556861750749, 52.174521772149944 ], [ 4.792553207180804, 52.174521753737203 ], [ 4.792553237129418, 52.17451950686111 ], [ 4.79254592798991, 52.174519470035271 ], [ 4.792545957938889, 52.174517223159171 ], [ 4.792542303369323, 52.174517204746095 ], [ 4.792542333318484, 52.174514957869953 ], [ 4.792538678749105, 52.174514939456792 ], [ 4.792538738647782, 52.174510445704556 ], [ 4.792527774940775, 52.174510390464334 ], [ 4.792527744990885, 52.174512637340449 ], [ 4.792516781283357, 52.174512582099219 ], [ 4.792516811233797, 52.174510335223076 ], [ 4.792513156664812, 52.174510316809112 ], [ 4.792513456170881, 52.174487848047896 ], [ 4.792509801603739, 52.174487829633826 ], [ 4.79250986150528, 52.174483335881561 ], [ 4.792506206938508, 52.174483317467377 ], [ 4.79250623688946, 52.17448107059127 ], [ 4.792502582322876, 52.174481052176972 ], [ 4.792503031589454, 52.174447349034985 ], [ 4.792506686153276, 52.174447367449254 ], [ 4.792506716104169, 52.174445120573132 ], [ 4.792510370667808, 52.174445138987288 ], [ 4.792510490470613, 52.17443615148273 ], [ 4.792506835907706, 52.174436133068561 ], [ 4.792506895809457, 52.174431639316296 ], [ 4.792474004746792, 52.174431473583795 ], [ 4.792473974794264, 52.174433720459923 ], [ 4.792466665668896, 52.174433683629218 ], [ 4.792466635715994, 52.174435930505339 ], [ 4.79246298115313, 52.17443591208982 ], [ 4.792462921246949, 52.174440405842063 ], [ 4.792459266683728, 52.174440387426465 ], [ 4.792459206777165, 52.174444881178708 ], [ 4.792455552213573, 52.174444862762954 ], [ 4.792455522260101, 52.174447109639054 ], [ 4.792451867696329, 52.174447091223222 ], [ 4.792451837742671, 52.174449338099329 ], [ 4.792448183178719, 52.174449319683369 ], [ 4.792448153224873, 52.174451566559476 ], [ 4.792444498660739, 52.174451548143367 ], [ 4.792444468706705, 52.174453795019495 ], [ 4.792437159578083, 52.174453758186949 ], [ 4.792437129623678, 52.174456005063092 ], [ 4.792422511365732, 52.174455931396658 ], [ 4.79242248141059, 52.174458178272779 ], [ 4.79241517228127, 52.174458141438869 ], [ 4.792415142325755, 52.174460388314955 ], [ 4.79240783319608, 52.17446035148064 ], [ 4.792407803240192, 52.174462598356726 ], [ 4.792400494110165, 52.174462561521942 ], [ 4.792400464153904, 52.174464808398042 ], [ 4.792396809588712, 52.174464789980483 ], [ 4.792396779632266, 52.174467036856562 ], [ 4.792389470501522, 52.174467000021075 ], [ 4.792389410587881, 52.174471493773282 ], [ 4.792385756022145, 52.17447147535534 ], [ 4.792385696108123, 52.174475969107519 ], [ 4.792382041542023, 52.17447595068947 ], [ 4.792382011584823, 52.17447819756557 ], [ 4.792378357018544, 52.174478179147464 ], [ 4.792378327061156, 52.174480426023514 ], [ 4.792374672494695, 52.174480407605266 ], [ 4.792374642537117, 52.174482654481317 ], [ 4.79237098797048, 52.174482636062976 ], [ 4.792370928054948, 52.174487129815134 ], [ 4.792367273487943, 52.174487111396623 ], [ 4.79236721357203, 52.174491605148788 ], [ 4.792363559004658, 52.174491586730149 ], [ 4.792363529046513, 52.174493833606256 ], [ 4.792356219911414, 52.174493796768694 ], [ 4.792356189952898, 52.174496043644758 ], [ 4.792352535385167, 52.174496025225835 ], [ 4.792352505426465, 52.1744982721019 ], [ 4.792348850858556, 52.174498253682849 ], [ 4.792348820899663, 52.174500500558899 ], [ 4.792345166331574, 52.174500482139756 ], [ 4.792345136372496, 52.174502729015785 ], [ 4.792341481804223, 52.174502710596499 ], [ 4.792341391926412, 52.174509451224665 ], [ 4.792337737357591, 52.174509432805259 ], [ 4.792337677438665, 52.174513926557381 ], [ 4.792334022869483, 52.174513908137861 ], [ 4.792333962950171, 52.174518401889983 ], [ 4.792330308380625, 52.174518383470364 ], [ 4.79233027842078, 52.1745206303464 ], [ 4.792326623851051, 52.174520611926674 ], [ 4.792326593891017, 52.174522858802696 ], [ 4.792322939321108, 52.174522840382828 ], [ 4.792322879400668, 52.174527334134936 ], [ 4.792315570260124, 52.174527297294851 ], [ 4.792315540299531, 52.174529544170888 ], [ 4.792311885729079, 52.174529525750692 ], [ 4.792311855768296, 52.174531772626722 ], [ 4.792308201197664, 52.174531754206406 ], [ 4.792308141275723, 52.174536247958443 ], [ 4.792304486704726, 52.174536229538035 ], [ 4.792304426782402, 52.174540723290129 ], [ 4.79230077221104, 52.174540704869564 ], [ 4.792300682326975, 52.174547445497659 ], [ 4.792297027755065, 52.174547427076995 ], [ 4.792296937870416, 52.174554167705089 ], [ 4.792293283297956, 52.174554149284283 ], [ 4.792293193412727, 52.17456088991235 ], [ 4.792296847985738, 52.174560908333156 ], [ 4.792296608293105, 52.174578883341319 ], [ 4.792300262867591, 52.174578901762011 ], [ 4.792300113060506, 52.174590136142101 ], [ 4.792296458485098, 52.174590117721394 ], [ 4.792296368600251, 52.174596858349425 ], [ 4.792292714024293, 52.174596839928604 ], [ 4.792292654100679, 52.174601333680648 ], [ 4.792288999524358, 52.174601315259729 ], [ 4.792288909638353, 52.174608055887731 ], [ 4.792285255061485, 52.174608037466676 ], [ 4.792285105250489, 52.17461927184668 ], [ 4.792288759828277, 52.174619290267742 ], [ 4.792288729866253, 52.174621537143743 ], [ 4.792292384444232, 52.174621555564691 ], [ 4.792292354482389, 52.174623802440678 ], [ 4.792296009060551, 52.174623820861527 ], [ 4.792295979098885, 52.174626067737499 ], [ 4.79229963367724, 52.174626086158248 ], [ 4.792299603715757, 52.174628333034185 ], [ 4.792303258294297, 52.174628351454807 ], [ 4.792303228332995, 52.174630598330815 ], [ 4.792306882911722, 52.17463061675128 ], [ 4.792306852950602, 52.174632863627323 ], [ 4.792314162108434, 52.174632900467927 ], [ 4.792314132147679, 52.174635147343984 ], [ 4.792321441305894, 52.174635184184133 ], [ 4.792321411345501, 52.174637431060155 ], [ 4.7923287205041, 52.174637467899885 ], [ 4.792328690544072, 52.174639714775886 ], [ 4.792343308862048, 52.174639788454016 ], [ 4.792343278902751, 52.174642035330038 ], [ 4.792361551801222, 52.17464212742518 ], [ 4.792361521842844, 52.17464437430116 ], [ 4.792365176422732, 52.174644392719834 ], [ 4.792365116506331, 52.174648886471886 ], [ 4.792368771086594, 52.174648904890482 ], [ 4.792368711170547, 52.174653398642491 ], [ 4.792372365751181, 52.174653417060952 ], [ 4.792372335793334, 52.174655663936981 ], [ 4.792375990374153, 52.174655682355315 ], [ 4.792375930458824, 52.174660176107338 ], [ 4.792379585040016, 52.174660194525593 ], [ 4.792379525125039, 52.174664688277602 ], [ 4.792383179706603, 52.174664706695701 ], [ 4.792383149749296, 52.174666953571744 ], [ 4.792386804331044, 52.17466697198978 ], [ 4.792386774373915, 52.17466921886578 ], [ 4.792394083537795, 52.174669255701488 ], [ 4.792394053581033, 52.174671502577496 ], [ 4.792401362745291, 52.174671539412742 ], [ 4.792401332788893, 52.174673786288764 ], [ 4.792408641953536, 52.17467382312357 ], [ 4.7924086119975, 52.174676069999592 ] ] ] } },
{ "type": "Feature", "properties": { "class": "parcel", "raw_confidence": 0.3988, "source_tile_id": "tile-110000-460000", "was_valid": true, "area_m2": 124.65343061756874 }, "geometry": { "type": "Polygon", "coordinates": [ [ [ 4.79163049078667, 52.174375538500236 ], [ 4.791656072689015, 52.174375667586894 ], [ 4.791656102682697, 52.174373420711049 ], [ 4.791659757240005, 52.174373439151537 ], [ 4.791659847220473, 52.174366698523876 ], [ 4.791663501777231, 52.174366716964251 ], [ 4.791663621750404, 52.17435772946066 ], [ 4.791659967194382, 52.174357711020299 ], [ 4.791659997187851, 52.174355464144405 ], [ 4.791656342632015, 52.174355445703917 ], [ 4.791656402619311, 52.174350951952121 ], [ 4.791649093508388, 52.174350915070796 ], [ 4.791649123502397, 52.174348668194916 ], [ 4.791638159836594, 52.174348612872095 ], [ 4.791638189831152, 52.174346365996222 ], [ 4.791634535276073, 52.174346347555044 ], [ 4.791634565270813, 52.174344100679164 ], [ 4.791630910715923, 52.174344082237873 ], [ 4.791630970705759, 52.174339588486099 ], [ 4.791627316151243, 52.174339570044722 ], [ 4.79162734614634, 52.174337323168793 ], [ 4.791623691592009, 52.174337304727324 ], [ 4.791623721587289, 52.17433505785143 ], [ 4.791620067033143, 52.174335039409812 ], [ 4.791620097028601, 52.174332792533917 ], [ 4.791616442474645, 52.174332774092179 ], [ 4.791616472470285, 52.17433052721632 ], [ 4.791612817916518, 52.174330508774482 ], [ 4.791612847912337, 52.174328261898587 ], [ 4.791605538805179, 52.17432822501457 ], [ 4.791605568801364, 52.174325978138718 ], [ 4.791598259694587, 52.174325941254217 ], [ 4.791598289691139, 52.174323694378366 ], [ 4.791590980584745, 52.174323657493417 ], [ 4.791591010581658, 52.174321410617537 ], [ 4.791569083263663, 52.174321299960098 ], [ 4.79156911326168, 52.174319053084226 ], [ 4.791554495050492, 52.174318979310335 ], [ 4.791554525049238, 52.174316732434463 ], [ 4.79152894318108, 52.174316603325828 ], [ 4.791528913181043, 52.174318850201701 ], [ 4.791517949522762, 52.174318794867737 ], [ 4.791517919522168, 52.174321041743561 ], [ 4.791506955863361, 52.174320986408567 ], [ 4.791506985864511, 52.174318739532737 ], [ 4.791496022206288, 52.174318684196706 ], [ 4.79149605220798, 52.17431643732084 ], [ 4.791477779445271, 52.174316345091889 ], [ 4.791477839450487, 52.1743118513402 ], [ 4.791474184898324, 52.17431183289407 ], [ 4.79147421490111, 52.174309586018211 ], [ 4.791470560349135, 52.174309567571981 ], [ 4.791470590352104, 52.174307320696151 ], [ 4.791466935800316, 52.174307302249758 ], [ 4.79146699580661, 52.174302808498055 ], [ 4.791463341255194, 52.174302790051598 ], [ 4.79146340126184, 52.174298296299874 ], [ 4.791459746710797, 52.17429827785336 ], [ 4.791459806717798, 52.174293784101636 ], [ 4.791456152167124, 52.174293765654959 ], [ 4.791456182170806, 52.174291518779107 ], [ 4.791448873069836, 52.174291481885405 ], [ 4.791448903073881, 52.174289235009518 ], [ 4.791445248523584, 52.174289216562514 ], [ 4.79144527852781, 52.174286969686676 ], [ 4.791437969427601, 52.174286932792306 ], [ 4.791437999432191, 52.17428468591644 ], [ 4.791430690332362, 52.174284649021601 ], [ 4.791430720337315, 52.174282402145778 ], [ 4.79138321119116, 52.174282162318335 ], [ 4.791383241198505, 52.174279915442526 ], [ 4.791372277550029, 52.174279860095005 ], [ 4.791372307557921, 52.174277613219182 ], [ 4.791368653008619, 52.174277594769791 ], [ 4.791368683016692, 52.17427534789396 ], [ 4.791350410271161, 52.174275255645334 ], [ 4.791350380262164, 52.174277502521157 ], [ 4.791346725712887, 52.174277484071069 ], [ 4.791346695703706, 52.174279730946878 ], [ 4.791306495659827, 52.174279527988602 ], [ 4.79130652567103, 52.174277281112829 ], [ 4.791291907474097, 52.17427720730641 ], [ 4.791292027521835, 52.17426821980321 ], [ 4.791288372973346, 52.174268201351325 ], [ 4.791288402985455, 52.174265954475494 ], [ 4.791270130243988, 52.17426586221444 ], [ 4.791270100230956, 52.174268109090264 ], [ 4.791259136585565, 52.174268053732234 ], [ 4.791259046544798, 52.17427479435959 ], [ 4.791233464701808, 52.174274665186957 ], [ 4.791233434686919, 52.174276912062716 ], [ 4.791222471039426, 52.174276856701304 ], [ 4.791222441023985, 52.174279103577085 ], [ 4.791218786474641, 52.174279085123068 ], [ 4.791218696427748, 52.174285825750381 ], [ 4.791222350977643, 52.174285844204434 ], [ 4.79122232096219, 52.174288091080207 ], [ 4.791225975512271, 52.174288109534146 ], [ 4.791225945496999, 52.174290356409898 ], [ 4.791229600047268, 52.174290374863745 ], [ 4.791229570032173, 52.17429262173949 ], [ 4.791291697390426, 52.17429293543703 ], [ 4.791291667378459, 52.174295182312839 ], [ 4.791306285581283, 52.174295256119258 ], [ 4.791306255570049, 52.174297502995053 ], [ 4.791313564671849, 52.174297539897601 ], [ 4.791313534660979, 52.174299786773389 ], [ 4.791320843763163, 52.174299823675476 ], [ 4.791320813752661, 52.174302070551299 ], [ 4.791328122855226, 52.17430210745291 ], [ 4.791328092845085, 52.174304354328754 ], [ 4.791346365602477, 52.174304446580841 ], [ 4.791346335593255, 52.174306693456664 ], [ 4.791349990144929, 52.174306711906766 ], [ 4.79134993012684, 52.174311205658405 ], [ 4.791353584678884, 52.174311224108372 ], [ 4.791353554670019, 52.17431347098416 ], [ 4.791357209222253, 52.174313489434027 ], [ 4.791357179213566, 52.174315736309843 ], [ 4.791360833765987, 52.174315754759576 ], [ 4.791360803757483, 52.174318001635399 ], [ 4.791364458310093, 52.174318020085039 ], [ 4.791364428301766, 52.174320266960862 ], [ 4.791368082854564, 52.174320285410388 ], [ 4.791368052846417, 52.174322532286197 ], [ 4.791375361952388, 52.174322569184902 ], [ 4.79137533194461, 52.174324816060704 ], [ 4.79138264105096, 52.174324852958975 ], [ 4.791382611043547, 52.174327099834805 ], [ 4.791408192917176, 52.174327228975173 ], [ 4.791408162911046, 52.174329475850982 ], [ 4.791419126571779, 52.174329531195191 ], [ 4.791419096566199, 52.174331778071 ], [ 4.791426405673736, 52.174331814966578 ], [ 4.791426375668521, 52.174334061842409 ], [ 4.791481193978274, 52.174334338544689 ], [ 4.79148107396842, 52.174343326048039 ], [ 4.791477419413679, 52.174343307602008 ], [ 4.791477359408364, 52.17434780135369 ], [ 4.791473704853252, 52.174347782907532 ], [ 4.791473614844707, 52.174354523535072 ], [ 4.791477269400366, 52.174354541981202 ], [ 4.791477209395019, 52.17435903573282 ], [ 4.791480863951048, 52.174359054178929 ], [ 4.791480833948552, 52.174361301054752 ], [ 4.791484488504775, 52.17436131950069 ], [ 4.791484458502456, 52.174363566376485 ], [ 4.791488113058866, 52.174363584822316 ], [ 4.791488083056732, 52.174365831698132 ], [ 4.791495392169926, 52.174365868589469 ], [ 4.791495362168154, 52.174368115465256 ], [ 4.791502671281731, 52.174368152356116 ], [ 4.791502641280327, 52.174370399231961 ], [ 4.791623241662418, 52.174371007865552 ], [ 4.791623211667082, 52.174373254741418 ], [ 4.79163052078164, 52.17437329162437 ], [ 4.79163049078667, 52.174375538500236 ] ] ] } },
{ "type": "Feature", "properties": { "class": "parcel", "raw_confidence": 0.3979, "source_tile_id": "tile-110000-460000", "was_valid": true, "area_m2": 24.493525236301814 }, "geometry": { "type": "Polygon", "coordinates": [ [ [ 4.809788462937687, 52.167526954236266 ], [ 4.809803078961909, 52.167527025747972 ], [ 4.80980310803561, 52.167524778863488 ], [ 4.809806762041494, 52.167524796741176 ], [ 4.80980682018852, 52.16752030297225 ], [ 4.809810474194031, 52.167520320849761 ], [ 4.809810561413995, 52.167513580196378 ], [ 4.809814215418963, 52.167513598073818 ], [ 4.809814244492095, 52.167511351189333 ], [ 4.809817898496879, 52.167511369066602 ], [ 4.809817956642761, 52.167506875297676 ], [ 4.809821610647183, 52.167506893174853 ], [ 4.809821668792684, 52.16750239940589 ], [ 4.80982532279674, 52.167502417282996 ], [ 4.809825439086966, 52.167493429745086 ], [ 4.809829093090289, 52.16749344762205 ], [ 4.809829122162653, 52.16749120073753 ], [ 4.809832776165797, 52.167491218614401 ], [ 4.809832805237973, 52.167488971729917 ], [ 4.809836459240935, 52.167488989606618 ], [ 4.809836488312924, 52.167486742722126 ], [ 4.809840142315704, 52.167486760598734 ], [ 4.809840491177106, 52.167459797984812 ], [ 4.809844145177683, 52.167459815861299 ], [ 4.809844290535535, 52.167448581438784 ], [ 4.80984063653588, 52.167448563562303 ], [ 4.809840694679366, 52.167444069793319 ], [ 4.809822424682973, 52.167443980409224 ], [ 4.80982239561031, 52.167446227293702 ], [ 4.809815087611409, 52.167446191539291 ], [ 4.809815058538376, 52.167448438423783 ], [ 4.809807750539122, 52.167448402668875 ], [ 4.80980769239231, 52.167452896437887 ], [ 4.809804038392316, 52.167452878560283 ], [ 4.809803951171524, 52.16745961921373 ], [ 4.809800297170983, 52.167459601336006 ], [ 4.809800209949607, 52.167466341989439 ], [ 4.809796555948519, 52.167466324111622 ], [ 4.80979649780055, 52.167470817880577 ], [ 4.809792843799097, 52.167470800002626 ], [ 4.809792814724922, 52.167473046887089 ], [ 4.80978916072329, 52.167473029009024 ], [ 4.809789073500195, 52.167479769662442 ], [ 4.809785419498012, 52.167479751784271 ], [ 4.809785332274337, 52.167486492437668 ], [ 4.809781678271603, 52.167486474559375 ], [ 4.809781474748286, 52.167502202750633 ], [ 4.809785128752305, 52.167502220628954 ], [ 4.809784925230111, 52.167517948820212 ], [ 4.809788579235422, 52.167517966698419 ], [ 4.809788462937687, 52.167526954236266 ] ] ] } },
{ "type": "Feature", "properties": { "class": "parcel", "raw_confidence": 0.3972, "source_tile_id": "tile-110000-460000", "was_valid": true, "area_m2": 24.181176436158662 }, "geometry": { "type": "Polygon", "coordinates": [ [ [ 4.815934696564134, 52.174106942229564 ], [ 4.815945660208986, 52.174106995294764 ], [ 4.815945688978843, 52.174104748410869 ], [ 4.815949343526952, 52.17410476609907 ], [ 4.815949372296619, 52.174102519215204 ], [ 4.815960335940408, 52.174102572279068 ], [ 4.815960364709522, 52.174100325395194 ], [ 4.815967673805029, 52.174100360770531 ], [ 4.81596770257377, 52.174098113886657 ], [ 4.815975011668921, 52.174098149261518 ], [ 4.815975040437291, 52.174095902377644 ], [ 4.815986004079496, 52.174095955439157 ], [ 4.815986032847308, 52.174093708555255 ], [ 4.815996996488987, 52.17409376161568 ], [ 4.815997025256246, 52.174091514731806 ], [ 4.81600433435035, 52.174091550104897 ], [ 4.816004363117236, 52.174089303221031 ], [ 4.816008017664108, 52.174089320907363 ], [ 4.816008046430809, 52.174087074023475 ], [ 4.816015355524192, 52.174087109395849 ], [ 4.816015384290522, 52.17408486251194 ], [ 4.816022693383553, 52.17408489788388 ], [ 4.816022722149508, 52.174082650999978 ], [ 4.816030031242185, 52.174082686371491 ], [ 4.81603006000777, 52.174080439487561 ], [ 4.816033714553928, 52.17408045717314 ], [ 4.816033772084722, 52.174075963405308 ], [ 4.816037426630515, 52.174075981090773 ], [ 4.816037570456517, 52.174064746671213 ], [ 4.816041225001394, 52.174064764356544 ], [ 4.8160413400614, 52.174055776820865 ], [ 4.816037685517261, 52.174055759135548 ], [ 4.816037714282438, 52.174053512251639 ], [ 4.816023096106644, 52.17405344150918 ], [ 4.816023067340733, 52.174055688393103 ], [ 4.816019412796607, 52.174055670707219 ], [ 4.816019384030506, 52.174057917591142 ], [ 4.816015729486202, 52.174057899905101 ], [ 4.816015700719913, 52.174060146789024 ], [ 4.816012046175428, 52.174060129102891 ], [ 4.816012017408952, 52.174062375986807 ], [ 4.816008362864286, 52.174062358300553 ], [ 4.816008334097623, 52.174064605184498 ], [ 4.815997370463092, 52.174064552125095 ], [ 4.815997341695875, 52.174066799008969 ], [ 4.815990032605835, 52.174066763635487 ], [ 4.815990003838246, 52.174069010519361 ], [ 4.815982694747851, 52.174068975145431 ], [ 4.81598266597989, 52.174071222029319 ], [ 4.815979011434513, 52.174071204342184 ], [ 4.815978982666365, 52.17407345122605 ], [ 4.815971673575254, 52.174073415851431 ], [ 4.815971644806734, 52.174075662735326 ], [ 4.815967990261, 52.174075645047829 ], [ 4.815967961492293, 52.174077891931717 ], [ 4.815949688762752, 52.174077803492544 ], [ 4.815949717532383, 52.174075556608699 ], [ 4.815946062986668, 52.174075538920512 ], [ 4.815946120526284, 52.174071045152743 ], [ 4.815931502344935, 52.174070974398994 ], [ 4.815931473574391, 52.174073221282825 ], [ 4.815920509937863, 52.174073168216303 ], [ 4.815920481166764, 52.174075415100205 ], [ 4.815913172075391, 52.174075379721899 ], [ 4.815913143303923, 52.174077626605786 ], [ 4.815909488758059, 52.174077608916491 ], [ 4.81590940244308, 52.174084349568062 ], [ 4.815913056989495, 52.174084367257365 ], [ 4.815913028218015, 52.174086614141245 ], [ 4.815916682764618, 52.174086631830463 ], [ 4.815916653993318, 52.174088878714301 ], [ 4.815923963086902, 52.174088914092358 ], [ 4.815923934315964, 52.174091160976239 ], [ 4.815927588862946, 52.174091178665066 ], [ 4.81592756009219, 52.174093425548968 ], [ 4.81593121463936, 52.174093443237695 ], [ 4.815931185868785, 52.174095690121554 ], [ 4.815934840416143, 52.174095707810181 ], [ 4.815934696564134, 52.174106942229564 ] ] ] } },
{ "type": "Feature", "properties": { "class": "parcel", "raw_confidence": 0.3989, "source_tile_id": "tile-110000-460000", "was_valid": true, "area_m2": 100.09881652338321 }, "geometry": { "type": "Polygon", "coordinates": [ [ [ 4.815770759910889, 52.174065702220048 ], [ 4.81579634172468, 52.174065826072848 ], [ 4.815796370502023, 52.174063579189038 ], [ 4.815810988680669, 52.17406364995955 ], [ 4.815811017457273, 52.174061403075697 ], [ 4.815829290179736, 52.174061491536328 ], [ 4.815829318955416, 52.174059244652447 ], [ 4.815843937132711, 52.174059315418916 ], [ 4.815843965907651, 52.17405706853507 ], [ 4.815847620451796, 52.174057086226391 ], [ 4.815847649226551, 52.174054839342567 ], [ 4.81585130377052, 52.174054857033731 ], [ 4.815851332545084, 52.174052610149879 ], [ 4.815854987088868, 52.174052627841 ], [ 4.815855015863247, 52.174050380957134 ], [ 4.815858670406852, 52.174050398648099 ], [ 4.815858699181044, 52.174048151764261 ], [ 4.815862353724468, 52.174048169455091 ], [ 4.81586238249847, 52.174045922571224 ], [ 4.815866037041716, 52.17404594026199 ], [ 4.815866065815532, 52.174043693378145 ], [ 4.815869720358594, 52.174043711068784 ], [ 4.815869749132223, 52.174041464184917 ], [ 4.81587705821799, 52.174041499565867 ], [ 4.815877086991249, 52.174039252682 ], [ 4.815880741533952, 52.174039270372297 ], [ 4.815880770307023, 52.174037023488417 ], [ 4.815888079392074, 52.17403705886867 ], [ 4.815888108164772, 52.174034811984789 ], [ 4.815895417249471, 52.174034847364631 ], [ 4.815895474794121, 52.174030353596834 ], [ 4.815899129336104, 52.174030371286541 ], [ 4.815899186880372, 52.174025877518815 ], [ 4.815902841421993, 52.174025895208409 ], [ 4.815902870193938, 52.174023648324507 ], [ 4.815906524735378, 52.174023666014016 ], [ 4.815906553507135, 52.17402141913017 ], [ 4.815910208048395, 52.174021436819508 ], [ 4.81591026559153, 52.174016943051754 ], [ 4.815913920132427, 52.174016960740992 ], [ 4.815913948903805, 52.174014713857105 ], [ 4.815917603444518, 52.174014731546293 ], [ 4.815917632215709, 52.174012484662406 ], [ 4.815921286756243, 52.174012502351395 ], [ 4.815921373069249, 52.174005761699725 ], [ 4.81592502760923, 52.174005779388658 ], [ 4.815925286546402, 52.173985557433511 ], [ 4.815921632008076, 52.173985539744585 ], [ 4.815921660779041, 52.173983292860676 ], [ 4.8159180062409, 52.173983275171643 ], [ 4.815918035012046, 52.17398102828777 ], [ 4.815914380474092, 52.173981010598645 ], [ 4.815914409245422, 52.173978763714743 ], [ 4.815910754707653, 52.173978746025469 ], [ 4.81591078347916, 52.173976499141546 ], [ 4.815903474404007, 52.173976463762713 ], [ 4.815903503175883, 52.17397421687884 ], [ 4.815888885026352, 52.173974146119782 ], [ 4.815888913798958, 52.173971899235902 ], [ 4.815877950187399, 52.173971846165408 ], [ 4.815877978960554, 52.173969599281534 ], [ 4.815870669886564, 52.173969563900648 ], [ 4.815870698660086, 52.173967317016761 ], [ 4.815856080512886, 52.173967246253667 ], [ 4.815856109287138, 52.17396499936978 ], [ 4.81584149114073, 52.173964928604903 ], [ 4.815841519915714, 52.173962681720987 ], [ 4.815834210842897, 52.173962646337877 ], [ 4.815834239618247, 52.173960399453989 ], [ 4.815826930545812, 52.173960364070425 ], [ 4.815826959321526, 52.173958117186537 ], [ 4.8157867594254, 52.173957922568775 ], [ 4.815786673092174, 52.173964663220403 ], [ 4.815783018555632, 52.173964645527199 ], [ 4.815782960999764, 52.17396913929494 ], [ 4.815779306462856, 52.173969121601615 ], [ 4.815779248906605, 52.173973615369349 ], [ 4.815775594369331, 52.173973597675911 ], [ 4.815775565591014, 52.173975844559784 ], [ 4.815771911053562, 52.173975826866219 ], [ 4.815771882275061, 52.173978073750085 ], [ 4.815768227737424, 52.173978056056399 ], [ 4.815768170180044, 52.173982549824139 ], [ 4.815764515642045, 52.173982532130367 ], [ 4.815763882505914, 52.174031963575025 ], [ 4.81576022796387, 52.174031945881126 ], [ 4.815760055288993, 52.174045427184126 ], [ 4.815756400745847, 52.174045409490098 ], [ 4.815756285628461, 52.17405439702538 ], [ 4.815759940172342, 52.174054414719464 ], [ 4.815759882614, 52.174058908487126 ], [ 4.815763537158254, 52.17405892618104 ], [ 4.81576350837926, 52.174061173064878 ], [ 4.815767162923703, 52.174061190758678 ], [ 4.815767134144891, 52.174063437642523 ], [ 4.81577078868952, 52.17406345533621 ], [ 4.815770759910889, 52.174065702220048 ] ] ] } },
{ "type": "Feature", "properties": { "class": "parcel", "raw_confidence": 0.3996, "source_tile_id": "tile-110000-460000", "was_valid": true, "area_m2": 25.493323833175825 }, "geometry": { "type": "Polygon", "coordinates": [ [ [ 4.815225599036251, 52.174112496049617 ], [ 4.815243871778131, 52.174112584600906 ], [ 4.815243900583344, 52.174110337717273 ], [ 4.815258518776171, 52.174110408556288 ], [ 4.815258576385116, 52.174105914788932 ], [ 4.815262230932964, 52.17410593249847 ], [ 4.815262518975642, 52.174083463661866 ], [ 4.815258864429637, 52.174083445952434 ], [ 4.815258922038502, 52.174078952185134 ], [ 4.815251612947233, 52.174078916765872 ], [ 4.815251641752028, 52.174076669882204 ], [ 4.815247987206583, 52.174076652172431 ], [ 4.81524801601156, 52.174074405288749 ], [ 4.815244361466303, 52.17407438757887 ], [ 4.81524439027146, 52.174072140695202 ], [ 4.815226117546147, 52.174072052144027 ], [ 4.815226088740071, 52.174074299027673 ], [ 4.815211470559142, 52.174074228184686 ], [ 4.815211441752326, 52.174076475068304 ], [ 4.815160278116924, 52.174076227103562 ], [ 4.815160249307526, 52.174078473987166 ], [ 4.815152940216444, 52.174078438561821 ], [ 4.815152911406675, 52.174080685445453 ], [ 4.81514925686095, 52.174080667732625 ], [ 4.815149228050995, 52.174082914616235 ], [ 4.815145573505093, 52.1740828969033 ], [ 4.815145400644179, 52.174096378205029 ], [ 4.815149055191188, 52.174096395917971 ], [ 4.81514902638121, 52.174098642801582 ], [ 4.815156335475601, 52.174098678227189 ], [ 4.815156306665988, 52.174100925110814 ], [ 4.815167270308153, 52.174100978248347 ], [ 4.815167241499087, 52.174103225131951 ], [ 4.815181859689425, 52.17410329598048 ], [ 4.815181888497754, 52.174101049096826 ], [ 4.81521112487712, 52.17410119078837 ], [ 4.815211096070266, 52.174103437672002 ], [ 4.815214750617884, 52.174103455382969 ], [ 4.815214721811209, 52.17410570226658 ], [ 4.815218376359017, 52.174105719977383 ], [ 4.815218347552519, 52.174107966861058 ], [ 4.815222002100516, 52.174107984571769 ], [ 4.8152219732942, 52.174110231455401 ], [ 4.815225627842383, 52.174110249165977 ], [ 4.815225599036251, 52.174112496049617 ] ] ] } },
{ "type": "Feature", "properties": { "class": "parcel", "raw_confidence": 0.4003, "source_tile_id": "tile-110000-460000", "was_valid": true, "area_m2": 840.90468198745634 }, "geometry": { "type": "Polygon", "coordinates": [ [ [ 4.81497729148545, 52.174095563286095 ], [ 4.815010182407251, 52.174095722745577 ], [ 4.815010211224223, 52.17409347586203 ], [ 4.815024829411043, 52.174093546729964 ], [ 4.815024858227276, 52.174091299846381 ], [ 4.815032167320336, 52.174091335279662 ], [ 4.815032196136197, 52.174089088396109 ], [ 4.815035850682547, 52.174089106112561 ], [ 4.815035879498221, 52.174086859228993 ], [ 4.815043188590569, 52.17408689466162 ], [ 4.815043246221165, 52.174082400894427 ], [ 4.815046900766974, 52.17408241861051 ], [ 4.815047275363149, 52.174053209123763 ], [ 4.815043620819734, 52.174053191407658 ], [ 4.81504382252642, 52.174037463222419 ], [ 4.81504747706855, 52.174037480938544 ], [ 4.815047592328701, 52.174028493404087 ], [ 4.815051246870097, 52.174028511120056 ], [ 4.815051275684944, 52.174026264236446 ], [ 4.815054930226158, 52.174026281952337 ], [ 4.815054987855472, 52.174021788185129 ], [ 4.815058642396322, 52.174021805900864 ], [ 4.815058728839715, 52.174015065249989 ], [ 4.815062383380017, 52.17401508296566 ], [ 4.815062441008562, 52.174010589198389 ], [ 4.815066095548494, 52.17401060691391 ], [ 4.815066153176658, 52.174006113146667 ], [ 4.81506980771623, 52.174006130862089 ], [ 4.815069894157896, 52.173999390211236 ], [ 4.815073548696918, 52.173999407926502 ], [ 4.815073635138002, 52.173992667275606 ], [ 4.815077289676474, 52.173992684990793 ], [ 4.81507734730348, 52.173988191223508 ], [ 4.815081001841586, 52.173988208938567 ], [ 4.815081117094821, 52.173979221403975 ], [ 4.815084771632198, 52.173979239118943 ], [ 4.815084915697743, 52.173968004700718 ], [ 4.815088570234201, 52.173968022415544 ], [ 4.815088714298743, 52.17395678799727 ], [ 4.815092368834282, 52.173956805711981 ], [ 4.81509248408512, 52.173947818177361 ], [ 4.81509613861993, 52.173947835891958 ], [ 4.815096225057468, 52.173941095240991 ], [ 4.815099879591727, 52.173941112955447 ], [ 4.815099937216369, 52.173936619188133 ], [ 4.815103591750264, 52.173936636902475 ], [ 4.815103620562398, 52.173934390018822 ], [ 4.81510727509611, 52.173934407733064 ], [ 4.815107332719997, 52.173929913965736 ], [ 4.815110987253343, 52.173929931679844 ], [ 4.815111016065099, 52.17392768479619 ], [ 4.815114670598265, 52.173927702510191 ], [ 4.815114728221396, 52.173923208742856 ], [ 4.815118382754199, 52.173923226456751 ], [ 4.815118497999682, 52.173914238922038 ], [ 4.815122152531751, 52.173914256635769 ], [ 4.815122210154105, 52.173909762868483 ], [ 4.815125864685809, 52.173909780582122 ], [ 4.815125922307781, 52.173905286814723 ], [ 4.815129576839122, 52.173905304528304 ], [ 4.815129663271501, 52.173898563877231 ], [ 4.815133317802291, 52.17389858159062 ], [ 4.815133375423494, 52.173894087823278 ], [ 4.81513702995392, 52.173894105536576 ], [ 4.815137087574741, 52.173889611769198 ], [ 4.8151407421048, 52.173889629482375 ], [ 4.815140828535457, 52.173882888831308 ], [ 4.815144483064969, 52.173882906544371 ], [ 4.815144598305056, 52.173873919009594 ], [ 4.815148252833838, 52.173873936722565 ], [ 4.815148339263314, 52.173867196071427 ], [ 4.815151993791546, 52.173867213784277 ], [ 4.815152051410815, 52.173862720016871 ], [ 4.81515570593868, 52.1738627377296 ], [ 4.815155763557565, 52.173858243962151 ], [ 4.815159418085067, 52.173858261674773 ], [ 4.81515944689432, 52.173856014791113 ], [ 4.815163101421641, 52.1738560325036 ], [ 4.815163130230705, 52.173853785619883 ], [ 4.815166784757847, 52.173853803332236 ], [ 4.815166813566726, 52.17385155644854 ], [ 4.815170468093686, 52.173851574160828 ], [ 4.815170496902377, 52.173849327277082 ], [ 4.815174151429155, 52.173849344989264 ], [ 4.815174180237661, 52.173847098105526 ], [ 4.815177834764256, 52.173847115817587 ], [ 4.815177863572574, 52.173844868933863 ], [ 4.815181518098992, 52.173844886645803 ], [ 4.815181575715246, 52.173840392878347 ], [ 4.815185230241299, 52.173840410590152 ], [ 4.815185287857172, 52.173835916822675 ], [ 4.815188942382862, 52.173835934534381 ], [ 4.815189028806092, 52.173829193883179 ], [ 4.81519268333123, 52.1738292115948 ], [ 4.815192942599094, 52.173808989641117 ], [ 4.815189288075613, 52.173808971929525 ], [ 4.815189403306422, 52.173799984394542 ], [ 4.815185748783682, 52.173799966682878 ], [ 4.815185835207304, 52.173793226031627 ], [ 4.815182180685118, 52.173793208319822 ], [ 4.815182209493172, 52.173790961436104 ], [ 4.815174900449176, 52.173790926012146 ], [ 4.815174929257593, 52.173788679128421 ], [ 4.81516031117038, 52.173788608279203 ], [ 4.815160339979531, 52.173786361395486 ], [ 4.815149376414707, 52.173786308257384 ], [ 4.815149405224409, 52.173784061373638 ], [ 4.815138441660168, 52.173784008234541 ], [ 4.815138470470416, 52.173781761350803 ], [ 4.815134815949194, 52.173781743637562 ], [ 4.81513484475962, 52.173779496753816 ], [ 4.815127535717554, 52.173779461326966 ], [ 4.815127564528349, 52.173777214443227 ], [ 4.815116600965826, 52.173777161302098 ], [ 4.815116629777167, 52.173774914418352 ], [ 4.815109320735868, 52.173774878990386 ], [ 4.815109349547581, 52.173772632106633 ], [ 4.815102040506661, 52.173772596678191 ], [ 4.815102069318733, 52.173770349794495 ], [ 4.815098414798464, 52.173770332080103 ], [ 4.815098443610718, 52.173768085196357 ], [ 4.815094789090637, 52.173768067481859 ], [ 4.81509481790307, 52.173765820598149 ], [ 4.815091163383176, 52.17376580288353 ], [ 4.81509119219579, 52.17376355599982 ], [ 4.815083883156379, 52.173763520570226 ], [ 4.815083911969358, 52.173761273686516 ], [ 4.815076602930332, 52.173761238256503 ], [ 4.815076631743675, 52.173758991372793 ], [ 4.815069322705031, 52.17375895594234 ], [ 4.815069351518737, 52.173756709058651 ], [ 4.815054733442222, 52.173756638196338 ], [ 4.815054762256661, 52.17375439131262 ], [ 4.815018217067444, 52.173754214149049 ], [ 4.815018245883724, 52.173751967265353 ], [ 4.814996318771459, 52.173751860961758 ], [ 4.81499634758884, 52.173749614078083 ], [ 4.814989038551809, 52.173749578642614 ], [ 4.814989067369557, 52.173747331758932 ], [ 4.814981758332912, 52.17374729632305 ], [ 4.814981787151021, 52.173745049439354 ], [ 4.81497813263289, 52.173745031721261 ], [ 4.81497816145118, 52.173742784837529 ], [ 4.814974506933233, 52.173742767119329 ], [ 4.814974535751705, 52.173740520235633 ], [ 4.814970881233945, 52.173740502517298 ], [ 4.814970910052597, 52.17373825563358 ], [ 4.814967255535026, 52.173738237915138 ], [ 4.814967284353859, 52.173735991031407 ], [ 4.814963629836476, 52.173735973312894 ], [ 4.81496365865549, 52.173733726429191 ], [ 4.8149563496211, 52.173733690991718 ], [ 4.814956378440478, 52.173731444108057 ], [ 4.814952723923472, 52.173731426389139 ], [ 4.814952752743031, 52.173729179505457 ], [ 4.814949098226212, 52.173729161786433 ], [ 4.814949127045952, 52.173726914902758 ], [ 4.814945472529322, 52.173726897183634 ], [ 4.814945501349243, 52.173724650299903 ], [ 4.814941846832799, 52.173724632580715 ], [ 4.8149418756529, 52.173722385697005 ], [ 4.814930912104142, 52.17372233253861 ], [ 4.814930940924791, 52.173720085654921 ], [ 4.814898050280355, 52.173719926173774 ], [ 4.814898021458048, 52.17372217305747 ], [ 4.814890712425619, 52.173722137615947 ], [ 4.814890683602941, 52.173724384499636 ], [ 4.814883374570157, 52.173724349057629 ], [ 4.814883345747107, 52.173726595941332 ], [ 4.814879691230539, 52.173726578220162 ], [ 4.814879662407297, 52.173728825103851 ], [ 4.814872353373797, 52.17372878966119 ], [ 4.814872324550191, 52.173731036544865 ], [ 4.814868670033262, 52.173731018823368 ], [ 4.814868641209467, 52.173733265707057 ], [ 4.814864986692355, 52.173733247985425 ], [ 4.81486495786837, 52.173735494869113 ], [ 4.81486130335108, 52.17373547714736 ], [ 4.814861245702736, 52.173739970914703 ], [ 4.81485759118508, 52.173739953192865 ], [ 4.814857533536355, 52.173744446960207 ], [ 4.814853879018332, 52.173744429238248 ], [ 4.814853792544665, 52.173751169889222 ], [ 4.814850138026097, 52.173751152167121 ], [ 4.814850022727089, 52.173760139701791 ], [ 4.814846368207786, 52.173760121979583 ], [ 4.814846252907991, 52.173769109514197 ], [ 4.814842598387953, 52.173769091791897 ], [ 4.814842396611891, 52.173784819977392 ], [ 4.814838742090572, 52.173784802254993 ], [ 4.814838425011544, 52.173809517974973 ], [ 4.814834770488203, 52.173809500252425 ], [ 4.814834626360319, 52.173820734670542 ], [ 4.814830971836061, 52.173820716947851 ], [ 4.814830827707172, 52.173831951365976 ], [ 4.814827173181996, 52.173831933643193 ], [ 4.814827115530049, 52.173836427410443 ], [ 4.81482346100451, 52.173836409687532 ], [ 4.814823432178346, 52.173838656571149 ], [ 4.814819777652624, 52.173838638848117 ], [ 4.814819748826276, 52.173840885731735 ], [ 4.814816094300372, 52.17384086800859 ], [ 4.814816065473837, 52.173843114892215 ], [ 4.814812410947752, 52.173843097168962 ], [ 4.814812382121027, 52.173845344052545 ], [ 4.814808727594764, 52.173845326329193 ], [ 4.814808698767853, 52.17384757321279 ], [ 4.814805044241409, 52.173847555489324 ], [ 4.814805015414309, 52.173849802372935 ], [ 4.814801360887684, 52.17384978464932 ], [ 4.814801303233106, 52.173854278416563 ], [ 4.814797648706117, 52.173854260692835 ], [ 4.814797619878639, 52.173856507576403 ], [ 4.814793965351467, 52.173856489852632 ], [ 4.814793907696134, 52.173860983619804 ], [ 4.814790253168598, 52.173860965895884 ], [ 4.814790224340742, 52.173863212779452 ], [ 4.814786569813027, 52.173863195055389 ], [ 4.814786512156936, 52.173867688822583 ], [ 4.814782857628856, 52.173867671098407 ], [ 4.81478282880062, 52.173869917982024 ], [ 4.814779174272362, 52.173869900257742 ], [ 4.814779116615513, 52.173874394024907 ], [ 4.814775462086887, 52.17387437630051 ], [ 4.81477540442966, 52.173878870067689 ], [ 4.814771749900668, 52.173878852343179 ], [ 4.814771721071864, 52.173881099226733 ], [ 4.814768066542691, 52.173881081502103 ], [ 4.814768008884707, 52.173885575269267 ], [ 4.81476435435517, 52.173885557544523 ], [ 4.814764325525989, 52.173887804428119 ], [ 4.814760670996272, 52.173887786703233 ], [ 4.81476061333753, 52.173892280470405 ], [ 4.814756958807447, 52.173892262745454 ], [ 4.814756901148328, 52.173896756512569 ], [ 4.814753246617878, 52.173896738787477 ], [ 4.814753217788128, 52.173898985671052 ], [ 4.814749563257503, 52.173898967945846 ], [ 4.814749476767676, 52.173905708596564 ], [ 4.814745822236501, 52.173905690871202 ], [ 4.814745332123804, 52.173943887891703 ], [ 4.814741677589499, 52.173943870166227 ], [ 4.814741619928752, 52.173948363933356 ], [ 4.814737965394083, 52.173948346207759 ], [ 4.814737936563523, 52.173950593091291 ], [ 4.81473428202867, 52.17395057536563 ], [ 4.81473425319792, 52.173952822249163 ], [ 4.814726944127863, 52.173952786797436 ], [ 4.814726915296743, 52.173955033681004 ], [ 4.814723260761536, 52.173955015954967 ], [ 4.814723231930227, 52.173957262838513 ], [ 4.814715922859456, 52.173957227386111 ], [ 4.81471586519609, 52.173961721153177 ], [ 4.814712210660342, 52.173961703426819 ], [ 4.814712181828469, 52.173963950310345 ], [ 4.814708527292539, 52.173963932583845 ], [ 4.814708498460478, 52.173966179467413 ], [ 4.814704843924369, 52.173966161740822 ], [ 4.814704815092123, 52.173968408624333 ], [ 4.81470116055583, 52.173968390897635 ], [ 4.814700987561173, 52.173981872198752 ], [ 4.814704642098569, 52.173981889925471 ], [ 4.814704584434026, 52.173986383692515 ], [ 4.814708238971792, 52.173986401419121 ], [ 4.814708210139699, 52.173988648302647 ], [ 4.814715519215611, 52.173988683755518 ], [ 4.814715490383883, 52.17399093063905 ], [ 4.814722799460176, 52.173990966091452 ], [ 4.814722770628813, 52.173993212974992 ], [ 4.814726425167148, 52.173993230701036 ], [ 4.814726396335965, 52.173995477584576 ], [ 4.814730050874491, 52.173995495310514 ], [ 4.814729993212481, 52.173999989077558 ], [ 4.814733647751376, 52.174000006803347 ], [ 4.814733618920552, 52.174002253686858 ], [ 4.814737273459636, 52.174002271412583 ], [ 4.814737244628991, 52.174004518296115 ], [ 4.814740899168259, 52.174004536021712 ], [ 4.814740870337799, 52.174006782905217 ], [ 4.814744524877255, 52.174006800630742 ], [ 4.814744496046972, 52.174009047514268 ], [ 4.814748150586618, 52.17400906523963 ], [ 4.814748121756517, 52.174011312123135 ], [ 4.814751776296347, 52.174011329848426 ], [ 4.814751718636502, 52.174015823615456 ], [ 4.814755373176706, 52.174015841340591 ], [ 4.814755315517216, 52.174020335107656 ], [ 4.814758970057792, 52.174020352832706 ], [ 4.814758854739508, 52.174029340366779 ], [ 4.81476250928082, 52.17402935809173 ], [ 4.814762480451424, 52.174031604975248 ], [ 4.814766134992928, 52.174031622700063 ], [ 4.81476610616371, 52.174033869583582 ], [ 4.814769760705402, 52.174033887308305 ], [ 4.814769731876369, 52.174036134191823 ], [ 4.814773386418246, 52.174036151916404 ], [ 4.814773357589393, 52.174038398799908 ], [ 4.814777012131457, 52.174038416524418 ], [ 4.814776983302786, 52.174040663407958 ], [ 4.814784292387291, 52.174040698856579 ], [ 4.814784263558985, 52.174042945740084 ], [ 4.814791572643871, 52.1740429811883 ], [ 4.814791543815929, 52.174045228071812 ], [ 4.8147988529012, 52.174045263519503 ], [ 4.814798824073621, 52.174047510403071 ], [ 4.814802478616446, 52.174047528126749 ], [ 4.81480244978905, 52.174049775010296 ], [ 4.814809758875075, 52.174049810457326 ], [ 4.814809730048041, 52.174052057340866 ], [ 4.81482069367766, 52.17405211051058 ], [ 4.814820664851178, 52.174054357394162 ], [ 4.814831628481374, 52.174054410562839 ], [ 4.814831599655442, 52.174056657446393 ], [ 4.814842563286224, 52.174056710614096 ], [ 4.814842534460835, 52.174058957497621 ], [ 4.814857152635996, 52.174059028386324 ], [ 4.814857123811346, 52.174061275269864 ], [ 4.8148680874433, 52.174061328435201 ], [ 4.814868058619195, 52.174063575318769 ], [ 4.814882676795921, 52.17406364620426 ], [ 4.814882647972552, 52.174065893087857 ], [ 4.814904575238844, 52.174065999412747 ], [ 4.814904546416575, 52.174068246296279 ], [ 4.814915510050317, 52.174068299457254 ], [ 4.814915481228597, 52.174070546340793 ], [ 4.814922790318144, 52.174070581780825 ], [ 4.814922761496788, 52.174072828664414 ], [ 4.814930070586717, 52.174072864104033 ], [ 4.814930041765725, 52.174075110987566 ], [ 4.81493369631088, 52.174075128707216 ], [ 4.814933667490067, 52.174077375590784 ], [ 4.81493732203541, 52.174077393310291 ], [ 4.814937293214778, 52.174079640193845 ], [ 4.814940947760305, 52.174079657913239 ], [ 4.814940918939858, 52.1740819047968 ], [ 4.814944573485573, 52.174081922516116 ], [ 4.814944544665308, 52.174084169399656 ], [ 4.81494819921121, 52.174084187118858 ], [ 4.814948170391122, 52.174086434002412 ], [ 4.814955479483308, 52.174086469440446 ], [ 4.814955450663585, 52.174088716324043 ], [ 4.814962759756151, 52.174088751761602 ], [ 4.814962730936794, 52.174090998645184 ], [ 4.814970040029739, 52.174091034082316 ], [ 4.814970011210748, 52.174093280965877 ], [ 4.814977320304077, 52.174093316402569 ], [ 4.81497729148545, 52.174095563286095 ] ] ] } },
{ "type": "Feature", "properties": { "class": "parcel", "raw_confidence": 0.4016, "source_tile_id": "tile-110000-460000", "was_valid": true, "area_m2": 75.167582696513762 }, "geometry": { "type": "Polygon", "coordinates": [ [ [ 4.808265970480509, 52.163481586355303 ], [ 4.808276931502355, 52.163481640129277 ], [ 4.8082769897966, 52.163477146358211 ], [ 4.80828064347019, 52.163477164282632 ], [ 4.808280701764054, 52.16347267051156 ], [ 4.808284355437277, 52.163472688435924 ], [ 4.808284442877498, 52.163465947779279 ], [ 4.808288096550172, 52.16346596570348 ], [ 4.808288271429417, 52.163452484390213 ], [ 4.808291925100989, 52.163452502314279 ], [ 4.808292012540016, 52.163445761657634 ], [ 4.808295666211041, 52.163445779581593 ], [ 4.80829572450334, 52.163441285810471 ], [ 4.808299378173999, 52.163441303734309 ], [ 4.808299407319959, 52.163439056848766 ], [ 4.80830306099044, 52.163439074772519 ], [ 4.808303090136214, 52.163436827886954 ], [ 4.808306743806511, 52.163436845810551 ], [ 4.80830680209768, 52.163432352039457 ], [ 4.808310455767614, 52.163432369962941 ], [ 4.80831048491301, 52.163430123077426 ], [ 4.808317792252523, 52.163430158924079 ], [ 4.808317821397546, 52.163427912038486 ], [ 4.808321475067122, 52.163427929961657 ], [ 4.808321504211957, 52.163425683076106 ], [ 4.808325157881354, 52.163425700999142 ], [ 4.808325187026003, 52.16342345411357 ], [ 4.808332494364437, 52.1634234899593 ], [ 4.808332552652991, 52.163418996188177 ], [ 4.808336206321845, 52.163419014110879 ], [ 4.808336264610014, 52.163414520339742 ], [ 4.808339918278505, 52.16341453826233 ], [ 4.808339976566289, 52.163410044491165 ], [ 4.808343630234417, 52.163410062413611 ], [ 4.808343688521826, 52.163405568642446 ], [ 4.808347342189584, 52.163405586564807 ], [ 4.808347429620119, 52.163398845908056 ], [ 4.808351083287329, 52.163398863830295 ], [ 4.808351199860593, 52.163389876287923 ], [ 4.808354853527071, 52.163389894210042 ], [ 4.808354911813314, 52.163385400438877 ], [ 4.808358565479429, 52.163385418360882 ], [ 4.80835862376529, 52.163380924589674 ], [ 4.808362277431041, 52.163380942511566 ], [ 4.808362364859253, 52.163374201854751 ], [ 4.808366018524457, 52.163374219776564 ], [ 4.808366135094623, 52.163365232234121 ], [ 4.808369788759093, 52.163365250155763 ], [ 4.808369876186132, 52.163358509498948 ], [ 4.808373529850052, 52.163358527420513 ], [ 4.808373588134361, 52.163354033649242 ], [ 4.808380895461476, 52.163354069492016 ], [ 4.808380924603258, 52.163351822606387 ], [ 4.808384578266635, 52.163351840527611 ], [ 4.80838460740823, 52.163349593641961 ], [ 4.808391914734629, 52.163349629484038 ], [ 4.808391943875852, 52.163347382598431 ], [ 4.808395597538873, 52.163347400519264 ], [ 4.808395626679908, 52.163345153633649 ], [ 4.808399280342749, 52.163345171554397 ], [ 4.808399309483597, 52.163342924668775 ], [ 4.808402963146255, 52.163342942589388 ], [ 4.808402992286917, 52.163340695703752 ], [ 4.808406645949396, 52.163340713624272 ], [ 4.80840667508987, 52.163338466738679 ], [ 4.808410328752169, 52.163338484659064 ], [ 4.808410387032733, 52.163333990887807 ], [ 4.808414040694672, 52.163334008808079 ], [ 4.808414128114944, 52.163327268151178 ], [ 4.808417781776329, 52.16332728607135 ], [ 4.808417869196019, 52.1633205454144 ], [ 4.808421522856857, 52.163320563334416 ], [ 4.808422222208879, 52.163266638078781 ], [ 4.808414914896039, 52.163266602238593 ], [ 4.808414944036032, 52.163264355352972 ], [ 4.808396675754912, 52.163264265750556 ], [ 4.808396646613997, 52.163266512636241 ], [ 4.808392992957601, 52.163266494715387 ], [ 4.808392934675395, 52.163270988486666 ], [ 4.808389281018633, 52.163270970565783 ], [ 4.808389251877343, 52.163273217451426 ], [ 4.808385598220398, 52.163273199530373 ], [ 4.808385569078921, 52.163275446416037 ], [ 4.808381915421797, 52.163275428494849 ], [ 4.80838182799679, 52.163282169151827 ], [ 4.808378174339117, 52.163282151230518 ], [ 4.808378028629783, 52.163293385658747 ], [ 4.808374374971192, 52.163293367737325 ], [ 4.808374316687069, 52.163297861508632 ], [ 4.808370663028115, 52.16329784358711 ], [ 4.808370633885863, 52.163300090472745 ], [ 4.808366980226728, 52.163300072551102 ], [ 4.80836695108429, 52.163302319436745 ], [ 4.808363297424973, 52.163302301514996 ], [ 4.80836326828235, 52.163304548400617 ], [ 4.808359614622854, 52.163304530478769 ], [ 4.808359556337224, 52.163309024250026 ], [ 4.808355902677359, 52.163309006328035 ], [ 4.80835584439135, 52.163313500099335 ], [ 4.808352190731125, 52.163313482177237 ], [ 4.808352103301532, 52.163320222834102 ], [ 4.808348449640758, 52.163320204911869 ], [ 4.80834836221058, 52.163326945568762 ], [ 4.808344708549259, 52.163326927646445 ], [ 4.808344650262088, 52.163331421417624 ], [ 4.808340996600402, 52.163331403495235 ], [ 4.808340938312848, 52.16333589726645 ], [ 4.808337284650798, 52.16333587934389 ], [ 4.808337255506833, 52.163338126229519 ], [ 4.808333601844603, 52.163338108306853 ], [ 4.808333572700453, 52.163340355192432 ], [ 4.808329919038037, 52.163340337269673 ], [ 4.808329889893699, 52.163342584155266 ], [ 4.808326236231109, 52.16334256623238 ], [ 4.808326061363895, 52.163356047545982 ], [ 4.808322407700199, 52.163356029622982 ], [ 4.808322320265996, 52.163362770279754 ], [ 4.808318666601755, 52.16336275235664 ], [ 4.8083186083119, 52.163367246127827 ], [ 4.808314954647295, 52.163367228204578 ], [ 4.808314896357061, 52.163371721975757 ], [ 4.808311242692088, 52.163371704052402 ], [ 4.808311184401473, 52.163376197823581 ], [ 4.808307530736136, 52.163376179900105 ], [ 4.808307501590639, 52.163378426785684 ], [ 4.808303847925123, 52.16337840886208 ], [ 4.808303702196667, 52.163389643289975 ], [ 4.808300048530231, 52.163389625366278 ], [ 4.808299815363049, 52.163407600450839 ], [ 4.808296161695147, 52.163407582527029 ], [ 4.80829610340295, 52.163412076298165 ], [ 4.808292449734687, 52.163412058374249 ], [ 4.808292362295814, 52.163418799030921 ], [ 4.808288708626998, 52.163418781106884 ], [ 4.808288679480516, 52.163421027992442 ], [ 4.808285025811522, 52.163421010068255 ], [ 4.808284996664853, 52.163423256953784 ], [ 4.808281342995678, 52.163423239029477 ], [ 4.808281284701962, 52.163427732800635 ], [ 4.808277631032421, 52.163427714876214 ], [ 4.808277543591269, 52.163434455532879 ], [ 4.80827388992118, 52.163434437608331 ], [ 4.808273802479448, 52.163441178265003 ], [ 4.80827014880881, 52.163441160340355 ], [ 4.808269944776691, 52.163456888539187 ], [ 4.80826629110477, 52.163456870614397 ], [ 4.808265970480509, 52.163481586355303 ] ] ] } },
{ "type": "Feature", "properties": { "class": "parcel", "raw_confidence": 0.4005, "source_tile_id": "tile-110000-460000", "was_valid": true, "area_m2": 106.72175899223701 }, "geometry": { "type": "Polygon", "coordinates": [ [ [ 4.808965015876563, 52.163392885617945 ], [ 4.808975976877714, 52.163392939326961 ], [ 4.808976005989559, 52.163390692441141 ], [ 4.808979659656432, 52.163390710343926 ], [ 4.808979688768093, 52.163388463458148 ], [ 4.808983342434786, 52.163388481360784 ], [ 4.808983371546256, 52.163386234474999 ], [ 4.808987025212769, 52.16338625237757 ], [ 4.808987083435333, 52.163381758605937 ], [ 4.808990737101479, 52.163381776508388 ], [ 4.808990824434751, 52.163375035850983 ], [ 4.80899447810035, 52.163375053753278 ], [ 4.808994652765692, 52.163361572438433 ], [ 4.808998306430191, 52.163361590340642 ], [ 4.808998451983634, 52.163350355911554 ], [ 4.809002105647214, 52.163350373813635 ], [ 4.809002251199652, 52.16333913938454 ], [ 4.809005904862316, 52.163339157286501 ], [ 4.809005992193185, 52.163332416629025 ], [ 4.8090096458553, 52.163332434530851 ], [ 4.809009849625922, 52.163316706330001 ], [ 4.809013503286758, 52.163316724231777 ], [ 4.809013590616421, 52.163309983574244 ], [ 4.809017244276704, 52.16331000147585 ], [ 4.809017302496097, 52.16330550770418 ], [ 4.809020956156015, 52.163305525605658 ], [ 4.809020985265522, 52.163303278719809 ], [ 4.809024638925261, 52.16330329662118 ], [ 4.809024668034579, 52.16330104973536 ], [ 4.809028321694139, 52.16330106763661 ], [ 4.809028350803271, 52.163298820750768 ], [ 4.809032004462646, 52.163298838651912 ], [ 4.809032033571589, 52.163296591766048 ], [ 4.809035687230787, 52.1632966096671 ], [ 4.809035716339545, 52.16329436278123 ], [ 4.809039369998561, 52.163294380682125 ], [ 4.809039399107131, 52.163292133796297 ], [ 4.809043052765966, 52.163292151697114 ], [ 4.809043110982727, 52.163287657925387 ], [ 4.809046764641199, 52.163287675826062 ], [ 4.809046822857578, 52.163283182054343 ], [ 4.809050476515686, 52.163283199954918 ], [ 4.809050505623687, 52.163280953069055 ], [ 4.809054159281613, 52.163280970969552 ], [ 4.809054246605043, 52.163274230311927 ], [ 4.809057900262419, 52.163274248212254 ], [ 4.809058016692878, 52.163265260668815 ], [ 4.809061670349524, 52.163265278569035 ], [ 4.809061815886601, 52.163254044139663 ], [ 4.809065469542326, 52.163254062039748 ], [ 4.809065847935942, 52.1632248525233 ], [ 4.809069501589279, 52.163224870423285 ], [ 4.809069676231188, 52.163211389107943 ], [ 4.809073329883426, 52.163211407007815 ], [ 4.809073388097003, 52.163206913235982 ], [ 4.809077041748878, 52.16320693113574 ], [ 4.809077099962071, 52.163202437363964 ], [ 4.809080753613581, 52.163202455263566 ], [ 4.809080782719988, 52.163200208377674 ], [ 4.809084436371317, 52.163200226277176 ], [ 4.809084494583756, 52.163195732505386 ], [ 4.809088148234721, 52.163195750404768 ], [ 4.809088177340751, 52.163193503518862 ], [ 4.809091830991534, 52.163193521418137 ], [ 4.809091860097376, 52.163191274532224 ], [ 4.809095513747983, 52.163191292431378 ], [ 4.80909565927622, 52.163180058001835 ], [ 4.809099312925909, 52.163180075900861 ], [ 4.809099458453145, 52.163168841471268 ], [ 4.809103112101917, 52.163168859370238 ], [ 4.809103344943846, 52.163150884282821 ], [ 4.809106998591148, 52.163150902181613 ], [ 4.80910705680123, 52.163146408409766 ], [ 4.809110710448167, 52.163146426308423 ], [ 4.809110797762711, 52.163139685650656 ], [ 4.809114451409101, 52.163139703549206 ], [ 4.809114538723061, 52.163132962891403 ], [ 4.809118192368902, 52.163132980789847 ], [ 4.809118337891186, 52.163121746360176 ], [ 4.809121991536111, 52.163121764258484 ], [ 4.809122137057388, 52.163110529828778 ], [ 4.809125790701391, 52.163110547726987 ], [ 4.80912590711762, 52.163101560183179 ], [ 4.809129560760894, 52.163101578081282 ], [ 4.809129735384029, 52.163088096765549 ], [ 4.809133389026203, 52.163088114663481 ], [ 4.80913362185539, 52.163070139575787 ], [ 4.809137275496095, 52.163070157473662 ], [ 4.809137333702988, 52.16306566370168 ], [ 4.809140987343328, 52.163065681599427 ], [ 4.809141045549842, 52.163061187827495 ], [ 4.809144699189821, 52.163061205725121 ], [ 4.80914481560207, 52.163052218181214 ], [ 4.809148469241312, 52.16305223607872 ], [ 4.809148556549912, 52.163045495420768 ], [ 4.809152210188609, 52.163045513318153 ], [ 4.809152326599293, 52.16303652577421 ], [ 4.809155980237256, 52.163036543671488 ], [ 4.80915606754468, 52.163029803013515 ], [ 4.809159721182093, 52.163029820910694 ], [ 4.809159837591211, 52.163020833366716 ], [ 4.809163491227895, 52.163020851263731 ], [ 4.809163549432065, 52.163016357491756 ], [ 4.809167203068381, 52.163016375388672 ], [ 4.809167261272169, 52.163011881616661 ], [ 4.809170914908123, 52.16301189951345 ], [ 4.80917097311153, 52.163007405741446 ], [ 4.809174626747118, 52.163007423638128 ], [ 4.809174801356157, 52.162993942322096 ], [ 4.809178454990644, 52.162993960218692 ], [ 4.809178542294567, 52.162987219560613 ], [ 4.809182195928505, 52.162987237457109 ], [ 4.809182341434051, 52.162976003026991 ], [ 4.809178687801031, 52.162975985130558 ], [ 4.809178746003596, 52.162971491358491 ], [ 4.809167785105662, 52.162971437668482 ], [ 4.809167756003829, 52.16297368455453 ], [ 4.809164102371008, 52.162973666657585 ], [ 4.809164073268988, 52.162975913543598 ], [ 4.809160419635986, 52.162975895646575 ], [ 4.809160390533779, 52.162978142532594 ], [ 4.809156736900595, 52.162978124635487 ], [ 4.809156649593406, 52.16298486529351 ], [ 4.809152995959673, 52.162984847396267 ], [ 4.809152879549299, 52.162993834940288 ], [ 4.809149225914834, 52.162993817042917 ], [ 4.809148934886829, 52.163016285902906 ], [ 4.809145281250527, 52.163016268005393 ], [ 4.809145252147524, 52.163018514891412 ], [ 4.809141598511042, 52.163018496993828 ], [ 4.809141569407852, 52.163020743879784 ], [ 4.80913791577119, 52.163020725982079 ], [ 4.809137886667814, 52.163022972868092 ], [ 4.80913423303097, 52.163022954970238 ], [ 4.809134203927404, 52.163025201856229 ], [ 4.80913055029038, 52.163025183958268 ], [ 4.80913052118663, 52.163027430844267 ], [ 4.809123213912226, 52.163027395048033 ], [ 4.8091231848081, 52.163029641933981 ], [ 4.809115877533346, 52.163029606137314 ], [ 4.809115819324349, 52.163034099909282 ], [ 4.809112165686606, 52.163034082010775 ], [ 4.809112136581921, 52.16303632889673 ], [ 4.809108482943998, 52.163036310998109 ], [ 4.809108424734248, 52.163040804770063 ], [ 4.809104771095957, 52.163040786871292 ], [ 4.809104654675682, 52.163049774415164 ], [ 4.809101001036665, 52.163049756516315 ], [ 4.809100971931402, 52.163052003402278 ], [ 4.809097318292201, 52.163051985503266 ], [ 4.809097230975845, 52.163058726161189 ], [ 4.809093577336095, 52.163058708262085 ], [ 4.809093344490856, 52.163076683349757 ], [ 4.809089690849638, 52.163076665450525 ], [ 4.809089341579165, 52.163103628081892 ], [ 4.809092995222592, 52.163103645981103 ], [ 4.809092471319284, 52.163144089927954 ], [ 4.809096124966023, 52.16314410782708 ], [ 4.809096037649252, 52.163150848484868 ], [ 4.809092384001959, 52.163150830585714 ], [ 4.80909218026142, 52.163166558787168 ], [ 4.809088526612842, 52.163166540887921 ], [ 4.809088439294864, 52.163173281545639 ], [ 4.809084785645739, 52.163173263646293 ], [ 4.809084669220986, 52.16318225118993 ], [ 4.809081015571129, 52.163182233290399 ], [ 4.809080957358365, 52.163186727062246 ], [ 4.809077303708142, 52.163186709162602 ], [ 4.809077274601571, 52.163188956048515 ], [ 4.809073620951169, 52.163188938148814 ], [ 4.80907359184441, 52.163191185034698 ], [ 4.809069938193828, 52.163191167134862 ], [ 4.809069909086878, 52.16319341402076 ], [ 4.809066255436115, 52.163193396120796 ], [ 4.809066226328981, 52.163195643006716 ], [ 4.809062572678036, 52.163195625106617 ], [ 4.809062543570719, 52.163197871992502 ], [ 4.809058889919593, 52.163197854092331 ], [ 4.809058860812085, 52.163200100978244 ], [ 4.809051553509474, 52.163200065177492 ], [ 4.809051524401596, 52.163202312063412 ], [ 4.809044217098633, 52.16320227626224 ], [ 4.809044158882126, 52.163206770034016 ], [ 4.809040505230284, 52.163206752133256 ], [ 4.809040476121844, 52.163208999019133 ], [ 4.809036822469817, 52.163208981118274 ], [ 4.809036735143921, 52.163215721775906 ], [ 4.809033081491347, 52.163215703874904 ], [ 4.809033023273697, 52.163220197646694 ], [ 4.80902936962076, 52.163220179745601 ], [ 4.809029340511746, 52.163222426631457 ], [ 4.809025686858629, 52.163222408730235 ], [ 4.809025657749426, 52.163224655616155 ], [ 4.809022004096126, 52.163224637714798 ], [ 4.809021974986738, 52.16322688460064 ], [ 4.80901832133326, 52.163226866699198 ], [ 4.809018292223684, 52.163229113585089 ], [ 4.809014638570024, 52.163229095683555 ], [ 4.809014551240723, 52.16323583634113 ], [ 4.809010897586512, 52.163235818439453 ], [ 4.809010810256632, 52.163242559097043 ], [ 4.809007156601872, 52.163242541195231 ], [ 4.809007098381568, 52.163247034966972 ], [ 4.809003444726446, 52.163247017065054 ], [ 4.809003386505758, 52.16325151083678 ], [ 4.80899973285027, 52.163251492934734 ], [ 4.808999703739739, 52.16325373982059 ], [ 4.808996050084073, 52.163253721918458 ], [ 4.808996020973352, 52.163255968804307 ], [ 4.808992367317503, 52.163255950902091 ], [ 4.808992309095685, 52.163260444673739 ], [ 4.808988655439472, 52.163260426771394 ], [ 4.808988626328372, 52.163262673657243 ], [ 4.808984972671982, 52.163262655754743 ], [ 4.808984798004218, 52.163276137069857 ], [ 4.808988451661714, 52.163276154972316 ], [ 4.808988393439467, 52.163280648743999 ], [ 4.808992047097335, 52.163280666646401 ], [ 4.80899198887544, 52.163285160418077 ], [ 4.80899564253368, 52.163285178320322 ], [ 4.808995584312144, 52.16328967209202 ], [ 4.808999237970754, 52.163289689994173 ], [ 4.808999150638973, 52.163296430651698 ], [ 4.809002804298138, 52.163296448553737 ], [ 4.809002629635589, 52.163309929868788 ], [ 4.808998975975319, 52.163309911966735 ], [ 4.808998946864699, 52.163312158852534 ], [ 4.808995293204248, 52.163312140950353 ], [ 4.808995264093441, 52.163314387836174 ], [ 4.808991610432808, 52.163314369933921 ], [ 4.808991581321813, 52.163316616819742 ], [ 4.808987927661001, 52.163316598917326 ], [ 4.808987869438633, 52.16332109268901 ], [ 4.808984215777455, 52.16332107478646 ], [ 4.808984157554706, 52.163325568558136 ], [ 4.808980503893165, 52.163325550655514 ], [ 4.808980445670035, 52.163330044427148 ], [ 4.808976792008127, 52.163330026524385 ], [ 4.808976733784613, 52.163334520296011 ], [ 4.808973080122341, 52.163334502393162 ], [ 4.808972905450618, 52.163347983708015 ], [ 4.80896925178725, 52.163347965805059 ], [ 4.808968815104644, 52.163381669092061 ], [ 4.808965161438519, 52.163381651188992 ], [ 4.808965015876563, 52.163392885617945 ] ] ] } },
{ "type": "Feature", "properties": { "class": "parcel", "raw_confidence": 0.4004, "source_tile_id": "tile-110000-460000", "was_valid": true, "area_m2": 27.3052792070621 }, "geometry": { "type": "Polygon", "coordinates": [ [ [ 4.809549094585527, 52.166822463406461 ], [ 4.809560056430207, 52.166822517062393 ], [ 4.80956008551555, 52.166820270177766 ], [ 4.809563739463598, 52.166820288062823 ], [ 4.809563797633911, 52.16681579429352 ], [ 4.809567451581596, 52.166815812178513 ], [ 4.809567480666562, 52.166813565293815 ], [ 4.809571134614067, 52.166813583178694 ], [ 4.809571163698844, 52.166811336294003 ], [ 4.809574817646169, 52.166811354178755 ], [ 4.80957484673076, 52.166809107294135 ], [ 4.809578500677903, 52.166809125178716 ], [ 4.809578558846709, 52.16680463140942 ], [ 4.809582212793485, 52.166804649293908 ], [ 4.809582270961907, 52.166800155524577 ], [ 4.809585924908324, 52.166800173409008 ], [ 4.809585953992346, 52.166797926524346 ], [ 4.809589607938579, 52.166797944408593 ], [ 4.809589666106246, 52.166793450639261 ], [ 4.809593320052113, 52.166793468523416 ], [ 4.809593407303034, 52.166786727869415 ], [ 4.809597061248358, 52.16678674575347 ], [ 4.809597177582138, 52.166777758214714 ], [ 4.809600831526725, 52.166777776098677 ], [ 4.809600947859717, 52.166768788559928 ], [ 4.809604601803571, 52.166768806443734 ], [ 4.809604718135772, 52.16675981890495 ], [ 4.809608372078893, 52.166759836788643 ], [ 4.809608546575989, 52.16674635548047 ], [ 4.809601238691955, 52.166746319712942 ], [ 4.809601355024758, 52.166737332174158 ], [ 4.809597701083486, 52.166737314290252 ], [ 4.80959773016686, 52.166735067405533 ], [ 4.809583114402529, 52.166734995868694 ], [ 4.80958308531842, 52.166737242753435 ], [ 4.809579431377162, 52.166737224868953 ], [ 4.809579402292859, 52.166739471753623 ], [ 4.809572094409987, 52.166739435984319 ], [ 4.809572065325317, 52.166741682869009 ], [ 4.809568411383699, 52.166741664984194 ], [ 4.809568353213981, 52.166746158753561 ], [ 4.809564699272002, 52.166746140868668 ], [ 4.809564612016841, 52.16675288152269 ], [ 4.809560958074315, 52.166752863637605 ], [ 4.809560870818573, 52.166759604291677 ], [ 4.809557216875496, 52.166759586406499 ], [ 4.809557100533727, 52.166768573945191 ], [ 4.809553446589918, 52.166768556059928 ], [ 4.809553359333002, 52.166775296713936 ], [ 4.809549705388644, 52.166775278828524 ], [ 4.809549618131144, 52.166782019482532 ], [ 4.809545964186238, 52.166782001597007 ], [ 4.809545906014189, 52.166786495366331 ], [ 4.809542252068914, 52.166786477480692 ], [ 4.809542193896484, 52.166790971250016 ], [ 4.809538539950847, 52.166790953364284 ], [ 4.809538278173083, 52.166811175326188 ], [ 4.809541932120378, 52.166811193211963 ], [ 4.809541903034129, 52.166813440096611 ], [ 4.809545556981607, 52.166813457982244 ], [ 4.809545469723387, 52.166820198636231 ], [ 4.809549123671421, 52.166820216521785 ], [ 4.809549094585527, 52.166822463406461 ] ] ] } },
{ "type": "Feature", "properties": { "class": "parcel", "raw_confidence": 0.4003, "source_tile_id": "tile-110000-460000", "was_valid": true, "area_m2": 98.349135115746364 }, "geometry": { "type": "Polygon", "coordinates": [ [ [ 4.81291037559655, 52.176235925439812 ], [ 4.81293595864476, 52.176236049914529 ], [ 4.812935987568026, 52.176233803032481 ], [ 4.812939642289026, 52.176233820814083 ], [ 4.812939700135185, 52.176229327049946 ], [ 4.812943354855825, 52.176229344831469 ], [ 4.812943412701602, 52.176224851067289 ], [ 4.812947067421872, 52.176224868848713 ], [ 4.812947096344574, 52.17622262196663 ], [ 4.812950751064662, 52.176222639747927 ], [ 4.812950808909684, 52.176218145983732 ], [ 4.812954463629411, 52.176218163764901 ], [ 4.812954521474049, 52.176213670000756 ], [ 4.812958176193411, 52.176213687781811 ], [ 4.812958205115541, 52.176211440899728 ], [ 4.812961859834721, 52.176211458680697 ], [ 4.812961917678606, 52.176206964916489 ], [ 4.81296557239742, 52.17620698269733 ], [ 4.81296563024092, 52.176202488933143 ], [ 4.812969284959371, 52.176202506713857 ], [ 4.812969342802489, 52.176198012949627 ], [ 4.812972997520577, 52.176198030730241 ], [ 4.812973055363315, 52.176193536966039 ], [ 4.812976710081034, 52.176193554746533 ], [ 4.812976854686902, 52.17618232033599 ], [ 4.812980509403705, 52.176182338116362 ], [ 4.812980654008565, 52.176171103705762 ], [ 4.812984308724452, 52.176171121486007 ], [ 4.812984453328306, 52.176159887075436 ], [ 4.812988108043275, 52.176159904855524 ], [ 4.812988252646126, 52.176148670444917 ], [ 4.812991907360179, 52.176148688224941 ], [ 4.812991965200929, 52.176144194460683 ], [ 4.812995619914616, 52.176144212240544 ], [ 4.812995648834804, 52.176141965358433 ], [ 4.812999303548311, 52.176141983138216 ], [ 4.812999390308292, 52.176135242491817 ], [ 4.81300304502125, 52.176135260271487 ], [ 4.813003102860854, 52.176130766507207 ], [ 4.813006757573449, 52.176130784286777 ], [ 4.813006786493064, 52.176128537404608 ], [ 4.813010441205473, 52.176128555184057 ], [ 4.813010499044323, 52.176124061419777 ], [ 4.81301415375637, 52.176124079199106 ], [ 4.813014182675603, 52.176121832316944 ], [ 4.813017837387471, 52.17612185009618 ], [ 4.813017895225563, 52.176117356331879 ], [ 4.813021549937066, 52.176117374110973 ], [ 4.813021578855918, 52.176115127228805 ], [ 4.813025233567243, 52.176115145007792 ], [ 4.813025407079203, 52.17610166371486 ], [ 4.813029061789425, 52.176101681493719 ], [ 4.813029206381712, 52.176090447082892 ], [ 4.813032861091017, 52.176090464861609 ], [ 4.813033034600548, 52.17607698356862 ], [ 4.81303668930875, 52.176077001347231 ], [ 4.813036747144866, 52.176072507582887 ], [ 4.813040401852701, 52.176072525361398 ], [ 4.813040488606297, 52.176065784714851 ], [ 4.813044143313586, 52.176065802493248 ], [ 4.813044230066598, 52.176059061846729 ], [ 4.813047884773339, 52.176059079624999 ], [ 4.813048000443241, 52.176050092096233 ], [ 4.813051655149245, 52.176050109874431 ], [ 4.813051712983807, 52.176045616110031 ], [ 4.813055367689448, 52.176045633888059 ], [ 4.813055425523628, 52.176041140123687 ], [ 4.813059080228906, 52.176041157901601 ], [ 4.81305919589649, 52.176032170372828 ], [ 4.813062850601034, 52.176032188150643 ], [ 4.813062908434438, 52.176027694386228 ], [ 4.813066563138617, 52.176027712163943 ], [ 4.813066592055129, 52.176025465281739 ], [ 4.813070246759126, 52.176025483059284 ], [ 4.81307027567545, 52.176023236177095 ], [ 4.813073930379269, 52.176023253954547 ], [ 4.813073959295408, 52.176021007072357 ], [ 4.813077613999043, 52.176021024849724 ], [ 4.813077642914993, 52.176018777967521 ], [ 4.813081297618452, 52.176018795744739 ], [ 4.813081355449972, 52.176014301980331 ], [ 4.813085010153062, 52.176014319757414 ], [ 4.813085039068634, 52.176012072875231 ], [ 4.813088693771543, 52.176012090652193 ], [ 4.813088780517688, 52.176005350005553 ], [ 4.813092435220051, 52.176005367782452 ], [ 4.813092608711143, 52.175991886489101 ], [ 4.813096263412403, 52.175991904265871 ], [ 4.813096494732203, 52.175973929208062 ], [ 4.813100149431991, 52.175973946984719 ], [ 4.813100236176309, 52.175967206338008 ], [ 4.813096581477071, 52.175967188561366 ], [ 4.813096668221906, 52.175960447914647 ], [ 4.81308570412587, 52.175960394584031 ], [ 4.813085675210375, 52.175962641466306 ], [ 4.813082020511517, 52.175962623689202 ], [ 4.813081991595834, 52.175964870571434 ], [ 4.813078336896798, 52.175964852794216 ], [ 4.813078279065056, 52.175969346558674 ], [ 4.813074624365655, 52.175969328781349 ], [ 4.81307459544959, 52.175971575663574 ], [ 4.813070940750011, 52.175971557886122 ], [ 4.813070911833762, 52.175973804768354 ], [ 4.813067257133998, 52.175973786990809 ], [ 4.813067199301124, 52.175978280755253 ], [ 4.813063544600996, 52.175978262977587 ], [ 4.81306348676774, 52.17598275674203 ], [ 4.813059832067246, 52.175982738964244 ], [ 4.813059774233608, 52.175987232728652 ], [ 4.813056119532749, 52.17598721495078 ], [ 4.813056090615741, 52.175989461833005 ], [ 4.813052435914702, 52.175989444055006 ], [ 4.813052378080308, 52.175993937819406 ], [ 4.813048723378904, 52.175993920041272 ], [ 4.813048694461519, 52.175996166923483 ], [ 4.813045039759933, 52.175996149145249 ], [ 4.813045010842362, 52.175998396027467 ], [ 4.813034046737076, 52.17599834269204 ], [ 4.813034017818945, 52.176000589574244 ], [ 4.813030363117006, 52.176000571795548 ], [ 4.813030305280372, 52.176005065559941 ], [ 4.813026650578066, 52.176005047781125 ], [ 4.813026534904014, 52.176014035309933 ], [ 4.813022880200978, 52.176014017530996 ], [ 4.813022822363564, 52.176018511295382 ], [ 4.813019167660162, 52.176018493516317 ], [ 4.81301887847105, 52.17604096233822 ], [ 4.81301522376581, 52.176040944559027 ], [ 4.813015137008459, 52.17604768520556 ], [ 4.813011482302671, 52.176047667426275 ], [ 4.813011337706098, 52.176058901837145 ], [ 4.813007682999393, 52.176058884057724 ], [ 4.813007538401815, 52.17607011846858 ], [ 4.813003883694194, 52.176070100689017 ], [ 4.81300382585477, 52.176074594453389 ], [ 4.813000171146781, 52.176074576673741 ], [ 4.813000084387073, 52.176081317320211 ], [ 4.812996429678535, 52.176081299540456 ], [ 4.812996371838342, 52.176085793304786 ], [ 4.812992717129441, 52.176085775524932 ], [ 4.812992659288866, 52.176090269289212 ], [ 4.812985349870337, 52.176090233729113 ], [ 4.812985320949676, 52.176092480611295 ], [ 4.812978011530792, 52.176092445050749 ], [ 4.812977982609762, 52.176094691932889 ], [ 4.812967018480907, 52.176094638591174 ], [ 4.812966989559318, 52.176096885473349 ], [ 4.812959680139735, 52.17609684991168 ], [ 4.812959651217774, 52.176099096793806 ], [ 4.812948687087866, 52.176099043450428 ], [ 4.812948658165351, 52.176101290332568 ], [ 4.812941348745063, 52.176101254769769 ], [ 4.812941319822177, 52.176103501651887 ], [ 4.812926700980901, 52.176103430524897 ], [ 4.81292661421001, 52.17611017117126 ], [ 4.812930268920878, 52.176110188953189 ], [ 4.812930211073971, 52.176114682717447 ], [ 4.812933865785205, 52.176114700499248 ], [ 4.812933807938655, 52.176119194263492 ], [ 4.812937462650265, 52.176119212045236 ], [ 4.812937404804067, 52.176123705809459 ], [ 4.812941059516048, 52.176123723591054 ], [ 4.812941030593129, 52.176125970473194 ], [ 4.812944685305297, 52.176125988254647 ], [ 4.812944627459816, 52.176130482018891 ], [ 4.812948282172354, 52.176130499800259 ], [ 4.812948224327227, 52.176134993564517 ], [ 4.81295187904014, 52.17613501134575 ], [ 4.812951821195367, 52.176139505110008 ], [ 4.812955475908652, 52.17613952289117 ], [ 4.812955244530901, 52.176157497948111 ], [ 4.812951589816144, 52.176157480166957 ], [ 4.812951503048882, 52.176164220813313 ], [ 4.812947848333575, 52.17616420303203 ], [ 4.812947761565729, 52.176170943678358 ], [ 4.812944106849877, 52.176170925896983 ], [ 4.812944020081446, 52.176177666543289 ], [ 4.812940365365045, 52.176177648761765 ], [ 4.812940307519041, 52.176182142526002 ], [ 4.812936652802272, 52.176182124744365 ], [ 4.81293662387908, 52.176184371626483 ], [ 4.812932969162133, 52.176184353844725 ], [ 4.812932940238754, 52.176186600726815 ], [ 4.812929285521625, 52.176186582944958 ], [ 4.812929256598059, 52.176188829827062 ], [ 4.812925601880751, 52.176188812045112 ], [ 4.812925572956997, 52.176191058927209 ], [ 4.812921918239506, 52.176191041145138 ], [ 4.812921889315565, 52.176193288027214 ], [ 4.812918234597894, 52.176193270245008 ], [ 4.812918205673765, 52.17619551712712 ], [ 4.812914550955915, 52.176195499344828 ], [ 4.812914522031598, 52.176197746226876 ], [ 4.812910867313564, 52.176197728444478 ], [ 4.812910635917443, 52.176215703501121 ], [ 4.812906981197941, 52.176215685718596 ], [ 4.812906749800132, 52.176233660775203 ], [ 4.812910404521107, 52.176233678557743 ], [ 4.81291037559655, 52.176235925439812 ] ] ] } },
{ "type": "Feature", "properties": { "class": "parcel", "raw_confidence": 0.4009, "source_tile_id": "tile-110000-460000", "was_valid": true, "area_m2": 68.419518930099755 }, "geometry": { "type": "Polygon", "coordinates": [ [ [ 4.81327970854104, 52.17565349595413 ], [ 4.813294327235573, 52.175653567037216 ], [ 4.813294356140294, 52.175651320154806 ], [ 4.813301665487213, 52.175651355695685 ], [ 4.813301694391563, 52.17564910881319 ], [ 4.813305349064844, 52.175649126583473 ], [ 4.813305377969009, 52.175646879701041 ], [ 4.813309032642108, 52.175646897471204 ], [ 4.813309090450057, 52.175642403706327 ], [ 4.813312745122792, 52.17564242147634 ], [ 4.813312918545455, 52.175628940181717 ], [ 4.813316573217089, 52.175628957951638 ], [ 4.813316688831392, 52.17561997042187 ], [ 4.813320343502293, 52.17561998819167 ], [ 4.813320401309054, 52.175615494426758 ], [ 4.813324055979594, 52.175615512196472 ], [ 4.813324171592346, 52.175606524666662 ], [ 4.813327826262149, 52.175606542436235 ], [ 4.813328028583046, 52.17559081425906 ], [ 4.813331683251561, 52.175590832028476 ], [ 4.813331769959916, 52.175584091381076 ], [ 4.813335424627885, 52.175584109150435 ], [ 4.813335511335653, 52.175577368503028 ], [ 4.813339166003073, 52.175577386272231 ], [ 4.813339194905474, 52.175575139389771 ], [ 4.81334284957271, 52.175575157158832 ], [ 4.813342907377131, 52.17557066339392 ], [ 4.813346562044005, 52.175570681162888 ], [ 4.813346590946027, 52.1755684342804 ], [ 4.813350245612724, 52.175568452049248 ], [ 4.813350303416384, 52.175563958284322 ], [ 4.813353958082711, 52.175563976053056 ], [ 4.813353986984356, 52.175561729170589 ], [ 4.813357641650502, 52.175561746939181 ], [ 4.813357670551959, 52.175559500056735 ], [ 4.813361325217926, 52.175559517825235 ], [ 4.813361383020458, 52.175555024060259 ], [ 4.813365037686059, 52.175555041828687 ], [ 4.813365095488213, 52.175550548063697 ], [ 4.813368750153448, 52.175550565831976 ], [ 4.813368779054335, 52.175548318949488 ], [ 4.813372433719392, 52.175548336717675 ], [ 4.813372462620091, 52.175546089835152 ], [ 4.813376117284967, 52.175546107603211 ], [ 4.813376146185476, 52.175543860720701 ], [ 4.813379800850172, 52.175543878488675 ], [ 4.813379829750499, 52.175541631606194 ], [ 4.813383484415011, 52.175541649373983 ], [ 4.813383513315145, 52.175539402491495 ], [ 4.813387167979482, 52.175539420259192 ], [ 4.813387225779375, 52.175534926494208 ], [ 4.813390880443343, 52.175534944261827 ], [ 4.813390938242859, 52.175530450496836 ], [ 4.813394592906461, 52.175530468264299 ], [ 4.813394650705595, 52.175525974499244 ], [ 4.813398305368833, 52.175525992266635 ], [ 4.813398363167582, 52.175521498501617 ], [ 4.813402017830458, 52.175521516268887 ], [ 4.813402162326353, 52.175510281856333 ], [ 4.813405816988308, 52.175510299623419 ], [ 4.813405990382172, 52.175496818328334 ], [ 4.813409645043026, 52.17549683609537 ], [ 4.813409789536899, 52.17548560168278 ], [ 4.813413444196836, 52.175485619449667 ], [ 4.813413559791138, 52.175476631919537 ], [ 4.813417214450343, 52.17547664968631 ], [ 4.813417301145481, 52.175469909038711 ], [ 4.813420955804139, 52.175469926805377 ], [ 4.813421215887714, 52.17544970486253 ], [ 4.813417561230714, 52.175449687095892 ], [ 4.813417590129056, 52.175447440213361 ], [ 4.813413935472244, 52.175447422446609 ], [ 4.813413964370767, 52.175445175564064 ], [ 4.813410309714142, 52.175445157797185 ], [ 4.813410338612846, 52.175442910914668 ], [ 4.81340668395641, 52.175442893147661 ], [ 4.813406712855295, 52.175440646265152 ], [ 4.813403058199045, 52.175440628498052 ], [ 4.813403087098109, 52.175438381615528 ], [ 4.813392123129932, 52.175438328313568 ], [ 4.813392094230315, 52.175440575196106 ], [ 4.813388439574078, 52.17544055742858 ], [ 4.813388410674274, 52.175442804311061 ], [ 4.813384756017858, 52.175442786543464 ], [ 4.813384669317869, 52.175449527191034 ], [ 4.813381014660901, 52.175449509423245 ], [ 4.813380899060135, 52.175458496953361 ], [ 4.813377244402437, 52.175458479185487 ], [ 4.813377128800879, 52.175467466715574 ], [ 4.813373474142447, 52.175467448947586 ], [ 4.813373416341281, 52.175471942712591 ], [ 4.813369761682483, 52.175471924944439 ], [ 4.813369674980156, 52.175478665592017 ], [ 4.813366020320812, 52.175478647823773 ], [ 4.813365962518871, 52.175483141588813 ], [ 4.813362307859162, 52.175483123820435 ], [ 4.813362250056844, 52.175487617585468 ], [ 4.813358595396767, 52.175487599816982 ], [ 4.813358537594071, 52.17549209358198 ], [ 4.813354882933627, 52.175492075813388 ], [ 4.813354854032087, 52.175494322695918 ], [ 4.813351199371466, 52.17549430492722 ], [ 4.813351141568011, 52.175498798692196 ], [ 4.813347486907025, 52.175498780923398 ], [ 4.813347429103186, 52.175503274688403 ], [ 4.813340119780489, 52.175503239150423 ], [ 4.813340090878198, 52.17550548603289 ], [ 4.813336436216668, 52.175505468263765 ], [ 4.813336407314189, 52.175507715146232 ], [ 4.81333275265248, 52.175507697376943 ], [ 4.813332694847139, 52.175512191141927 ], [ 4.813329040185066, 52.17551217337256 ], [ 4.81332880896211, 52.175530148432408 ], [ 4.813325154298566, 52.175530130662906 ], [ 4.813324836364625, 52.175554846370119 ], [ 4.813321181699059, 52.175554828600468 ], [ 4.813321008279271, 52.175568309895269 ], [ 4.813317353612603, 52.175568292125504 ], [ 4.813317209095101, 52.175579526537824 ], [ 4.813313554427516, 52.175579508767932 ], [ 4.813313467716423, 52.175586249415275 ], [ 4.813309813048292, 52.175586231645305 ], [ 4.813309726336614, 52.175592972292641 ], [ 4.813306071667931, 52.175592954522521 ], [ 4.81330595605158, 52.175601942052339 ], [ 4.813302301382164, 52.175601924282091 ], [ 4.813302272477882, 52.175604171164551 ], [ 4.813298617808288, 52.175604153394168 ], [ 4.813298588903821, 52.175606400276649 ], [ 4.813294934234045, 52.17560638250616 ], [ 4.813294905329389, 52.175608629388655 ], [ 4.813291250659432, 52.175608611618053 ], [ 4.813291192849744, 52.175613105382915 ], [ 4.813287538179423, 52.17561308761222 ], [ 4.813287509274389, 52.175615334494658 ], [ 4.813283854603887, 52.175615316723871 ], [ 4.81328379679344, 52.175619810488733 ], [ 4.813280142122575, 52.175619792717818 ], [ 4.813280055406327, 52.17562653336509 ], [ 4.81327640073491, 52.175626515594082 ], [ 4.813276082773058, 52.175651231300698 ], [ 4.813279737446496, 52.175651249071734 ], [ 4.81327970854104, 52.17565349595413 ] ] ] } },
{ "type": "Feature", "properties": { "class": "parcel", "raw_confidence": 0.4016, "source_tile_id": "tile-110000-460000", "was_valid": true, "area_m2": 424.44752300574186 }, "geometry": { "type": "Polygon", "coordinates": [ [ [ 4.796550381567221, 52.165225646445435 ], [ 4.796572304430748, 52.165225756170599 ], [ 4.796572334168825, 52.16522350928954 ], [ 4.796583295600083, 52.165223564150594 ], [ 4.796583265862558, 52.165225811031625 ], [ 4.796619803968814, 52.165225993894509 ], [ 4.7966198337045, 52.1652237470134 ], [ 4.796627141325425, 52.165223783584651 ], [ 4.796627171060738, 52.165221536703541 ], [ 4.796630824871021, 52.165221554988982 ], [ 4.796630854606149, 52.165219308107922 ], [ 4.796634508416251, 52.165219326393228 ], [ 4.796634597621058, 52.165212585749984 ], [ 4.796630943811507, 52.165212567464678 ], [ 4.796631003281728, 52.165208073702502 ], [ 4.796627349472548, 52.165208055417089 ], [ 4.796627617090034, 52.165187833487337 ], [ 4.796620309474998, 52.16518779691615 ], [ 4.796620339210625, 52.165185550035083 ], [ 4.796613031595969, 52.165185513463456 ], [ 4.796613061331961, 52.165183266582353 ], [ 4.796605753717688, 52.165183230010271 ], [ 4.796605783454046, 52.165180983129211 ], [ 4.796602129647096, 52.165180964843032 ], [ 4.796602159383631, 52.165178717961915 ], [ 4.796591197963364, 52.165178663102594 ], [ 4.796591227700447, 52.165176416221563 ], [ 4.796572958667654, 52.16517632478714 ], [ 4.796572988405655, 52.165174077906073 ], [ 4.79655837318022, 52.16517400475653 ], [ 4.796558402918954, 52.165171757875449 ], [ 4.796540133888157, 52.165171666435967 ], [ 4.796540163627805, 52.165169419554914 ], [ 4.79652920220992, 52.165169364689838 ], [ 4.796529231950118, 52.165167117808785 ], [ 4.796521924338579, 52.165167081231523 ], [ 4.796521954079143, 52.165164834350485 ], [ 4.796518300273565, 52.165164816061676 ], [ 4.796518330014309, 52.165162569180595 ], [ 4.796514676208917, 52.165162550891687 ], [ 4.796514705949841, 52.165160304010634 ], [ 4.796507398339434, 52.165160267432491 ], [ 4.796507428080723, 52.165158020551402 ], [ 4.796500120470698, 52.165157983972804 ], [ 4.796500150212351, 52.165155737091759 ], [ 4.79649649640753, 52.165155718802268 ], [ 4.796496526149362, 52.165153471921222 ], [ 4.796492872344725, 52.165153453631625 ], [ 4.796492902086744, 52.165151206750572 ], [ 4.796485594477849, 52.165151170171072 ], [ 4.796485624220227, 52.165148923290005 ], [ 4.796481970415972, 52.165148905000123 ], [ 4.796482029901088, 52.165144411237982 ], [ 4.796474722293317, 52.165144374657828 ], [ 4.796474752036239, 52.165142127776747 ], [ 4.796467444428851, 52.165142091196117 ], [ 4.796467474172139, 52.165139844315064 ], [ 4.796456512761633, 52.165139789443252 ], [ 4.796456542505468, 52.165137542562242 ], [ 4.796449234898851, 52.165137505980454 ], [ 4.796449264643052, 52.165135259099429 ], [ 4.796438303233705, 52.165135204225969 ], [ 4.79643833297845, 52.165132957344881 ], [ 4.796420063963863, 52.165132865886811 ], [ 4.796420093709524, 52.165130619005801 ], [ 4.796379901879754, 52.165130417788149 ], [ 4.796379931627441, 52.165128170907103 ], [ 4.796372624022441, 52.165128134320625 ], [ 4.796372653770488, 52.165125887439565 ], [ 4.796361692363568, 52.165125832558992 ], [ 4.796361722112166, 52.165123585677989 ], [ 4.796354414507936, 52.165123549090367 ], [ 4.796354444256896, 52.165121302209307 ], [ 4.796350790454971, 52.165121283915354 ], [ 4.796350820204116, 52.16511903703433 ], [ 4.796347166402376, 52.165119018740214 ], [ 4.796347196151698, 52.165116771859211 ], [ 4.796339888548603, 52.165116735270679 ], [ 4.796339918298289, 52.165114488389662 ], [ 4.796336264496929, 52.165114470095233 ], [ 4.796336294246799, 52.165112223214216 ], [ 4.796328986644458, 52.165112186625038 ], [ 4.796329016394689, 52.165109939744013 ], [ 4.796321708792731, 52.165109903154331 ], [ 4.796321738543327, 52.165107656273307 ], [ 4.796288854336337, 52.165107491614322 ], [ 4.796288884088584, 52.165105244733319 ], [ 4.796259653684079, 52.165105098362076 ], [ 4.7962596834378, 52.16510285148108 ], [ 4.796245068236364, 52.165102778292741 ], [ 4.796245097990815, 52.165100531411731 ], [ 4.796234136590327, 52.165100476519306 ], [ 4.796234166345327, 52.165098229638303 ], [ 4.796230512545352, 52.165098211340585 ], [ 4.796230542300536, 52.165095964459638 ], [ 4.796226888500749, 52.165095946161784 ], [ 4.796226918256111, 52.165093699280803 ], [ 4.796223264456517, 52.165093680982899 ], [ 4.796223294212054, 52.165091434101917 ], [ 4.796219640412645, 52.165091415803872 ], [ 4.796219670168367, 52.165089168922847 ], [ 4.796212362569927, 52.165089132326472 ], [ 4.796212392326012, 52.165086885445476 ], [ 4.79620873852698, 52.165086867147089 ], [ 4.796208768283249, 52.165084620266114 ], [ 4.796205114484406, 52.165084601967635 ], [ 4.796205144240853, 52.165082355086575 ], [ 4.796146683462769, 52.165082062295447 ], [ 4.796146713222155, 52.165079815414472 ], [ 4.796132098028509, 52.165079742212129 ], [ 4.79613212778863, 52.165077495331161 ], [ 4.796121166393982, 52.16507744042827 ], [ 4.79612119615465, 52.165075193547338 ], [ 4.796110234760587, 52.16507513864336 ], [ 4.796110264521804, 52.165072891762392 ], [ 4.796088341734873, 52.16507278195153 ], [ 4.79608837149719, 52.165070535070519 ], [ 4.796084717699566, 52.165070516768331 ], [ 4.796084747462062, 52.165068269887378 ], [ 4.796070132272329, 52.165068196677389 ], [ 4.796070162035564, 52.165065949796407 ], [ 4.796055546846622, 52.165065876584634 ], [ 4.796055576610583, 52.165063629703695 ], [ 4.796037307625406, 52.165063538186402 ], [ 4.796037337390286, 52.165061291305477 ], [ 4.796030029796606, 52.165061254697747 ], [ 4.796030059561851, 52.16505900781678 ], [ 4.796022751968552, 52.165058971208637 ], [ 4.796022781734164, 52.165056724327719 ], [ 4.796019127937702, 52.165056706023492 ], [ 4.796019157703492, 52.165054459142546 ], [ 4.796008196314686, 52.165054404229132 ], [ 4.796008226081023, 52.165052157348185 ], [ 4.796000918488872, 52.165052120738707 ], [ 4.796000948255576, 52.165049873857754 ], [ 4.795997294459688, 52.165049855552844 ], [ 4.795997324226572, 52.165047608671891 ], [ 4.795993670430871, 52.165047590366854 ], [ 4.795993700197936, 52.165045343485936 ], [ 4.795990046402424, 52.165045325180778 ], [ 4.795990076169668, 52.165043078299853 ], [ 4.795982768579022, 52.165043041689259 ], [ 4.795982798346631, 52.165040794808291 ], [ 4.795971836961241, 52.165040739891502 ], [ 4.795971866729396, 52.165038493010591 ], [ 4.79596455913952, 52.165038456398825 ], [ 4.795964588908043, 52.165036209517901 ], [ 4.795949973729071, 52.16503613629304 ], [ 4.795950003498325, 52.165033889412115 ], [ 4.795928080731073, 52.16503377957148 ], [ 4.79592811050143, 52.165031532690556 ], [ 4.795917149118401, 52.165031477768707 ], [ 4.795917178889304, 52.165029230887747 ], [ 4.795902563712719, 52.165029157657031 ], [ 4.795902593484354, 52.165026910776142 ], [ 4.795895285896451, 52.165026874160091 ], [ 4.79589531566845, 52.165024627279166 ], [ 4.795888008080929, 52.165024590662682 ], [ 4.795888037853295, 52.165022343781793 ], [ 4.795884384059722, 52.165022325473359 ], [ 4.795884413832267, 52.165020078592462 ], [ 4.795880760038883, 52.165020060283915 ], [ 4.795880789811608, 52.165017813403018 ], [ 4.795873482225217, 52.165017776785625 ], [ 4.795873511998309, 52.165015529904714 ], [ 4.795869858205304, 52.165015511595861 ], [ 4.795869887978573, 52.165013264714958 ], [ 4.795866234185755, 52.165013246405969 ], [ 4.795866263959208, 52.165010999525059 ], [ 4.795862610166576, 52.165010981215985 ], [ 4.795862639940209, 52.165008734335089 ], [ 4.795858986147765, 52.165008716025881 ], [ 4.795859015921576, 52.16500646914497 ], [ 4.795855362129322, 52.165006450835676 ], [ 4.795855391903315, 52.165004203954773 ], [ 4.79584808431918, 52.165004167335816 ], [ 4.795848114093538, 52.165001920454898 ], [ 4.795840806509786, 52.165001883835529 ], [ 4.795840836284509, 52.16499963695459 ], [ 4.795833528701137, 52.164999600334738 ], [ 4.795833558476224, 52.164997353453849 ], [ 4.795826250893236, 52.164997316833528 ], [ 4.795826280668687, 52.164995069952631 ], [ 4.795818973086079, 52.164995033331884 ], [ 4.795819002861897, 52.164992786450973 ], [ 4.795811695279671, 52.164992749829757 ], [ 4.795811725055851, 52.164990502948861 ], [ 4.795804417474007, 52.164990466327197 ], [ 4.795804447250553, 52.164988219446315 ], [ 4.795782524506207, 52.164988109578623 ], [ 4.795782494728559, 52.164990356459519 ], [ 4.795753264401489, 52.164990209962937 ], [ 4.795753294180609, 52.164987963082048 ], [ 4.795742332808569, 52.164987908143978 ], [ 4.795742362588237, 52.164985661263081 ], [ 4.795702170893039, 52.164985459814737 ], [ 4.795702200674728, 52.164983212933883 ], [ 4.795691239303935, 52.164983157991053 ], [ 4.795691269086172, 52.164980911110199 ], [ 4.795687615296101, 52.164980892795676 ], [ 4.79568764507852, 52.164978645914829 ], [ 4.795651107179812, 52.164978462763578 ], [ 4.795651136964066, 52.16497621588276 ], [ 4.795640175595076, 52.164976160935183 ], [ 4.795640205379878, 52.164973914054322 ], [ 4.795632897800937, 52.164973877422028 ], [ 4.795632927586104, 52.164971630541224 ], [ 4.795629273796824, 52.164971612224903 ], [ 4.795629303582174, 52.164969365344056 ], [ 4.795618342214898, 52.164969310394454 ], [ 4.795618312428997, 52.164971557275301 ], [ 4.795607351061202, 52.164971502324683 ], [ 4.795607380847654, 52.164969255443836 ], [ 4.795596419480443, 52.164969200492216 ], [ 4.79559635990643, 52.164973694253852 ], [ 4.795592706116997, 52.164973675936437 ], [ 4.795592616755398, 52.164980416578928 ], [ 4.795585309175442, 52.1649803799437 ], [ 4.795585279387867, 52.164982626824518 ], [ 4.79558162559771, 52.164982608506747 ], [ 4.795581595809947, 52.164984855387551 ], [ 4.795577942019611, 52.16498483706966 ], [ 4.795577912231662, 52.164987083950493 ], [ 4.795566950860116, 52.164987028996102 ], [ 4.79556686149459, 52.164993769638549 ], [ 4.795574169076724, 52.164993806274929 ], [ 4.795574139288574, 52.164996053155733 ], [ 4.795581446871087, 52.164996089791657 ], [ 4.795581387295519, 52.165000583553315 ], [ 4.795585041087148, 52.1650006018711 ], [ 4.795585011299543, 52.165002848751911 ], [ 4.795595972675003, 52.165002903704625 ], [ 4.795595942887948, 52.165005150585451 ], [ 4.795603250471972, 52.165005187220018 ], [ 4.79560322068528, 52.165007434100851 ], [ 4.795610528269684, 52.165007470734977 ], [ 4.795610498483358, 52.165009717615789 ], [ 4.795617806068146, 52.165009754249446 ], [ 4.795617776282187, 52.165012001130293 ], [ 4.79562143007477, 52.165012019446969 ], [ 4.795621400288987, 52.165014266327795 ], [ 4.795628707874529, 52.165014302960813 ], [ 4.795628678089114, 52.165016549841624 ], [ 4.795657908432907, 52.165016696369072 ], [ 4.795657878648958, 52.165018943249947 ], [ 4.79566884002849, 52.165018998195862 ], [ 4.795668810245089, 52.165021245076716 ], [ 4.795687079211965, 52.165021336651023 ], [ 4.795687108994446, 52.16501908977019 ], [ 4.795709031753706, 52.16501919965561 ], [ 4.795709061535079, 52.165016952774778 ], [ 4.795723676707254, 52.165017026029446 ], [ 4.795723646926616, 52.165019272910349 ], [ 4.795749223479339, 52.165019401101674 ], [ 4.795749193699986, 52.165021647982513 ], [ 4.79575650128688, 52.165021684607609 ], [ 4.79575647150789, 52.165023931488498 ], [ 4.795760125301525, 52.165023949800847 ], [ 4.795760095522716, 52.165026196681751 ], [ 4.795767403110364, 52.165026233306158 ], [ 4.795767373331922, 52.165028480187019 ], [ 4.795771027125935, 52.165028498499048 ], [ 4.795770967569405, 52.165032992260755 ], [ 4.79577462136379, 52.165033010572721 ], [ 4.795774561807614, 52.165037504334471 ], [ 4.79579283078143, 52.1650375958924 ], [ 4.795792801004257, 52.165039842773282 ], [ 4.795796454799214, 52.165039861084495 ], [ 4.795796425022223, 52.165042107965377 ], [ 4.795803732612518, 52.165042144587545 ], [ 4.795803702835888, 52.165044391468435 ], [ 4.795807356631224, 52.16504440977937 ], [ 4.795807297078325, 52.165048903541098 ], [ 4.795810950874031, 52.165048921851898 ], [ 4.795810921097763, 52.165051168732809 ], [ 4.795814574893659, 52.165051187043453 ], [ 4.79581454511757, 52.165053433924363 ], [ 4.795818198913649, 52.165053452234908 ], [ 4.795818169137741, 52.165055699115776 ], [ 4.795821822934011, 52.165055717426256 ], [ 4.795821793158281, 52.165057964307117 ], [ 4.795825446954739, 52.165057982617519 ], [ 4.795825417179191, 52.165060229498366 ], [ 4.795829070975834, 52.165060247808597 ], [ 4.795829041200469, 52.165062494689487 ], [ 4.795832694997299, 52.165062512999626 ], [ 4.795832665222113, 52.165064759880487 ], [ 4.795836319019132, 52.165064778190526 ], [ 4.795836289244126, 52.165067025071373 ], [ 4.795843596838544, 52.165067061691083 ], [ 4.795843567063902, 52.165069308571951 ], [ 4.795854528456105, 52.165069363500663 ], [ 4.795854498682012, 52.165071610381538 ], [ 4.795869113872402, 52.165071683618244 ], [ 4.795869084099039, 52.165073930499162 ], [ 4.795887353088024, 52.165074022042468 ], [ 4.795887323315581, 52.16507626892335 ], [ 4.795901938507568, 52.165076342155992 ], [ 4.795901908735853, 52.165078589036916 ], [ 4.795916523928631, 52.165078662267703 ], [ 4.795916494157652, 52.165080909148621 ], [ 4.79592380175443, 52.165080945763357 ], [ 4.795923771983817, 52.165083192644268 ], [ 4.795931079580972, 52.165083229258556 ], [ 4.795931049810721, 52.165085476139431 ], [ 4.795938357408264, 52.165085512753279 ], [ 4.795938327638377, 52.165087759634133 ], [ 4.795949289035268, 52.165087814554084 ], [ 4.795949259265931, 52.165090061434995 ], [ 4.795952913065082, 52.165090079741418 ], [ 4.795952883295927, 52.1650923266223 ], [ 4.795960190894612, 52.165092363234805 ], [ 4.795960161125823, 52.165094610115723 ], [ 4.795967468724888, 52.165094646727773 ], [ 4.795967438956461, 52.16509689360867 ], [ 4.795971092756184, 52.165096911914524 ], [ 4.795971062987939, 52.165099158795428 ], [ 4.795974716787848, 52.165099177101183 ], [ 4.795974687019783, 52.16510142398208 ], [ 4.796007571220791, 52.165101588728589 ], [ 4.796007541454376, 52.165103835609514 ], [ 4.796014849055005, 52.165103872218644 ], [ 4.796014819288955, 52.165106119099555 ], [ 4.796022126889968, 52.165106155708223 ], [ 4.796022097124283, 52.165108402589141 ], [ 4.796025750924978, 52.165108420893283 ], [ 4.796025721159475, 52.165110667774222 ], [ 4.796036682562131, 52.165110722686002 ], [ 4.796036652797175, 52.16511296956692 ], [ 4.796051268001503, 52.165113042781101 ], [ 4.796051238237279, 52.165115289662019 ], [ 4.796058545839835, 52.165115326268428 ], [ 4.796058516075971, 52.165117573149352 ], [ 4.796065823678906, 52.165117609755292 ], [ 4.796065793915414, 52.165119856636238 ], [ 4.796076755320393, 52.165119911544309 ], [ 4.796076725557446, 52.165122158425213 ], [ 4.796084033161153, 52.165122195030051 ], [ 4.79608400339857, 52.165124441911033 ], [ 4.796094964804706, 52.165124496817434 ], [ 4.796094935042673, 52.16512674369833 ], [ 4.796102242647148, 52.16512678030201 ], [ 4.796102212885481, 52.165129027182978 ], [ 4.796113174292771, 52.16512908208766 ], [ 4.796113144531652, 52.165131328968606 ], [ 4.7961204521369, 52.165131365571192 ], [ 4.796120422376144, 52.165133612452124 ], [ 4.79612772998177, 52.165133649054255 ], [ 4.796127700221381, 52.165135895935208 ], [ 4.796131354024382, 52.165135914236103 ], [ 4.796131324264174, 52.165138161117 ], [ 4.796134978067363, 52.165138179417809 ], [ 4.796134948307334, 52.165140426298741 ], [ 4.796142255914093, 52.165140462899984 ], [ 4.796142226154426, 52.165142709780923 ], [ 4.79614953376157, 52.165142746381697 ], [ 4.79614950400227, 52.165144993262665 ], [ 4.796160465413558, 52.165145048162934 ], [ 4.796160435654805, 52.165147295043916 ], [ 4.796171397066679, 52.16514734994319 ], [ 4.796171367308476, 52.165149596824151 ], [ 4.796178674916776, 52.16514963342312 ], [ 4.796178645158937, 52.165151880304073 ], [ 4.796189606571967, 52.165151935201678 ], [ 4.796189576814677, 52.165154182082667 ], [ 4.796200538228288, 52.165154236979234 ], [ 4.796200508471543, 52.165156483860187 ], [ 4.796222431299967, 52.16515659365033 ], [ 4.796222401544324, 52.165158840531326 ], [ 4.796237016764074, 52.165158913722472 ], [ 4.796236987009167, 52.165161160603439 ], [ 4.796251602229709, 52.165161233792794 ], [ 4.796251572475534, 52.165163480673762 ], [ 4.796258880086194, 52.165163517267807 ], [ 4.796258850332382, 52.16516576414876 ], [ 4.79626981174895, 52.16516581903894 ], [ 4.796269781995687, 52.165168065919914 ], [ 4.79628805102429, 52.165168157401254 ], [ 4.796288080776632, 52.165165910520251 ], [ 4.796306349804401, 52.165166001998777 ], [ 4.796306320052976, 52.165168248879766 ], [ 4.796309973858725, 52.165168267175126 ], [ 4.796309944107485, 52.165170514056101 ], [ 4.796317251719358, 52.165170550646501 ], [ 4.796317221968479, 52.165172797527489 ], [ 4.796324529580735, 52.165172834117428 ], [ 4.796324499830225, 52.165175080998424 ], [ 4.796331807442859, 52.165175117587914 ], [ 4.796331777692712, 52.165177364468931 ], [ 4.796382930984141, 52.165177620582682 ], [ 4.796382901236562, 52.165179867463699 ], [ 4.796390208850046, 52.165179904049559 ], [ 4.796390179102837, 52.165182150930569 ], [ 4.796393832909767, 52.165182169223343 ], [ 4.796393803162736, 52.16518441610436 ], [ 4.796397456969855, 52.165184434397034 ], [ 4.796397427223004, 52.165186681278023 ], [ 4.796401081030309, 52.165186699570583 ], [ 4.79640105128364, 52.165188946451607 ], [ 4.796408358898633, 52.165188983036337 ], [ 4.796408329152325, 52.165191229917355 ], [ 4.796415636767701, 52.165191266501679 ], [ 4.79641560702176, 52.165193513382668 ], [ 4.796448491292761, 52.165193678006453 ], [ 4.796448461548474, 52.165195924887463 ], [ 4.796459422972755, 52.165195979760036 ], [ 4.796459393229017, 52.16519822664106 ], [ 4.796466700845588, 52.165198263222194 ], [ 4.796466671102213, 52.165200510103212 ], [ 4.79647032491069, 52.165200528393648 ], [ 4.796470205937888, 52.165209515917745 ], [ 4.796473859747102, 52.165209534208067 ], [ 4.796473800261048, 52.16521402797008 ], [ 4.796495723118623, 52.165214137709526 ], [ 4.796495693376696, 52.165216384590543 ], [ 4.79650665480608, 52.165216439458739 ], [ 4.796506625064699, 52.165218686339735 ], [ 4.796517586494669, 52.165218741206914 ], [ 4.796517556753836, 52.165220988087931 ], [ 4.796532171994577, 52.165221061242569 ], [ 4.796532142254478, 52.165223308123615 ], [ 4.796550411306403, 52.16522339956439 ], [ 4.796550381567221, 52.165225646445435 ] ] ] } }
]
}
